region,year,model,30,60,90,120,180,270,365,ISL,IISL,mid90,-270,-180,-120,-90,-60,-30
11,2015,HBA,0.02606617324846544,0.010387004348431012,0.003061579799542037,0.03397941690212593,0.02013963433988837,0.029327827713043972,0.07052866620514928,0.09602736349297329,0.6074202689509437,0.37320334384042975,0.15251721721843142,0.15916406352518786,0.19689132520672628,0.31762965639173996,0.49527866333927,0.5103283936546542
11,2015,Alaton,0.014535458831117768,0.03107302161764618,0.01864727474693078,0.004482641439679553,0.05587745558416384,0.1099828536579296,0.029541512029623337,0.17765185336857495,0.7422756853205411,0.7405060531213902,0.03371557395157572,0.016783982514440327,0.05327857338453177,0.17047662094161833,0.3333937440607206,0.39013133650616844
11,2015,Benth,0.06072011270301394,0.018226550911181118,0.03715309132790815,0.06079291551293568,0.024599173254863153,0.023205362282551188,0.05927104826853368,0.01646283017357587,0.5818643171627655,0.559305180416237,0.08862720789870819,0.12025962661401489,0.15688543071597477,0.2622004359675996,0.42109693508240076,0.471353386627543
11,2015,XGB,0.02714692315921769,0.08123790217728226,0.0721500246283731,0.051408506343883276,0.08589105525170407,0.1454968406193351,0.046336987109419574,0.13083592770367602,0.8420689416542462,0.6420700252178507,0.013284387085930792,0.023239474585457335,0.05996576712084659,0.19893707691844312,0.3691824755438389,0.40787895804607144
11,2015,WaveletFNN,0.08471318026214399,0.11714113308952108,0.07723543141682122,0.06734675075297944,0.11486792343491746,0.1804948970093327,0.10500909374016276,0.23795822140218661,0.9474325119630328,0.8091899765019173,0.1289011775901317,0.08766719899128596,0.05511980344031602,0.08712295195307362,0.23551190925645316,0.32738147105619364
11,2015,LSTM,0.11098676558287775,0.1339148192770695,0.1159467062332835,0.10621736967209625,0.17193604302497945,0.21401327615556973,0.18589733462332927,0.35506885669476373,0.705741159728223,0.9349234923098338,0.25211511320879293,0.21045554862572607,0.18219234524528888,0.11389441113441827,0.03288366415816221,0.027657521102340585
11,2015,FeedForwardNN,0.007890903636401854,0.08762411010964084,0.05028409524725316,0.04595176943186922,0.10503536058070924,0.13523095413414662,0.07489575210538697,0.2841186261996696,0.48810623148828697,0.8647123622381219,0.09569703505546168,0.021879528665652216,0.0018069998774742674,0.07296876817978445,0.13182186977011406,0.19833007010381343
11,2016,HBA,0.09192081433448887,0.10449044959389912,0.046257683461675206,0.019461697432401892,0.00773716295140538,0.0009038985121204887,0.014554654797106426,0.14017404426844052,0.2580418915806074,0.46621829568968276,0.06689873727704482,0.020552676006544673,0.007877187855595743,0.043171568509250274,0.022708604561740956,0.032562410082524855
11,2016,Alaton,0.0212557770394186,0.048516562553897295,0.006136313899363234,0.037840093824706524,0.09954361331704227,0.10244513551846929,0.11847358330720653,0.3587520546426834,0.2123979941551962,0.7854146725953804,0.22057267059558772,0.1435093307933203,0.1299152973007623,0.15055003733617622,0.12664698449546932,0.10706209381075805
11,2016,Benth,0.06860507413946641,0.10353042939145056,0.06534884367332623,0.027620644654510577,0.019733512626658095,0.011348004717031169,0.034532531607448805,0.22842087210667258,0.30641987771755597,0.6281110928228524,0.11807924564446662,0.05285631784720855,0.04068839396131237,0.08123509936485344,0.0668943647909011,0.05284750944532345
11,2016,XGB,0.024786827178730448,0.01822267038765874,0.032628185649965044,0.07074067974973323,0.11764506806542495,0.1275529157192473,0.12829705582448261,0.3261718352361695,0.5030096921448127,0.7065698142874688,0.20708860313623653,0.14068724606856842,0.1270484210614659,0.13380050292875095,0.1085696824649541,0.10074499154328082
11,2016,WaveletFNN,0.09787853766811726,0.1574796342669762,0.08739086522134572,0.04617631838515511,0.0043020783226967625,0.0037209869982073444,0.04483572960361698,0.19949551608266416,0.018299403617864134,0.48917474009191064,0.15098201515787418,0.1158466109842968,0.10495844951643889,0.12988667169021417,0.12567159689778715,0.13101524372934328
11,2016,LSTM,0.2563596843142749,0.16808693900349397,0.13454596769425217,0.12007308191623739,0.13411724142494194,0.15182846996755744,0.11375905670456367,0.13306567495484317,0.8229934906147477,0.5492783404170795,0.10733005628319484,0.07854570452756765,0.06392058249779028,0.05069268921192639,0.009393198702703004,0.026731570360220617
11,2016,FeedForwardNN,0.21788325503738135,0.13403028190582492,0.10282062082741411,0.08067428846312415,0.10251208282523672,0.12325362496319635,0.10711320196740591,0.10175531040174367,0.9092520396853871,0.5040401913262132,0.11983119789113233,0.11013183065818506,0.09600803674785748,0.07654932896793779,0.008530740821383042,0.020244191680292126
11,2017,HBA,0.15546452657022408,0.0014553103476163069,0.07954945186171421,0.06329021335895119,0.0792803892926518,0.025906185789314744,0.05072012063299347,0.07848061316477051,0.594548842496489,0.2530680496683105,0.01681514259509181,0.012822893709184038,0.043158673207175924,0.08718060761656499,0.03169169796199934,0.04620803157692806
11,2017,Alaton,0.11588285579649142,0.006563174463850568,0.08411089505275594,0.04123425690981486,0.014310170399408084,0.0452434824279468,0.03904507301604822,0.19316927752625868,0.7375322834628723,0.49183126775915714,0.1495669293568182,0.113432481475684,0.08461955122434926,0.03571277076302977,0.07831120748616202,0.034676451765888454
11,2017,Benth,0.07407449227672452,0.059078904360862466,0.147041705300689,0.1107392587024133,0.10197047279286735,0.04888012660220908,0.05019450913970749,0.032001695612173,0.5682751672537186,0.12846666784237382,0.039843324827858,0.021569519510534235,0.007330827449304785,0.041343724765779695,0.01655653664256274,0.022736409511929134
11,2017,XGB,0.18783883784550612,0.05996446474685191,0.018753215274521538,0.009434173455379205,0.014373462708778947,0.0773985796639677,0.04572071368747887,0.11284099143030009,0.8100418446956007,0.21623195536825154,0.10798272774975169,0.08802880189408255,0.05839026678737226,0.004578210286534541,0.04240969774193659,0.013548964818581304
11,2017,WaveletFNN,0.142407682079755,0.003039543952256425,0.056514843263097074,0.011786268230525964,0.012863865735026429,0.07657105586457455,0.05627736993909842,0.21908889150967945,0.8171431648491424,0.36781980385326424,0.15447572814670882,0.1162244134714722,0.08750221939102158,0.025828355341036804,0.08168753015160456,0.0812633371154534
11,2017,LSTM,0.17491580267405543,0.11145547418571883,0.087125381170514,0.14110418527718194,0.18048010183569857,0.22533149983842,0.19308910937586463,0.45797272101781705,0.7467121217468383,0.8461880553066391,0.28389530175237776,0.2085914723606835,0.18287115413253763,0.14491581255869618,0.2035559711943938,0.1824022060852366
11,2017,FeedForwardNN,0.08729094919595591,0.000573511513115686,0.004516140886518411,0.06587145861918413,0.10665605870484561,0.15547168623582044,0.11886098867588732,0.4102622729005467,0.7229349844680216,0.8381987312804594,0.2151570857864521,0.13350802232780792,0.10534753551280904,0.06444780738244374,0.16008025437660237,0.19017187663968338
11,2018,HBA,0.3304311361627839,0.013691323555596395,0.0007351446885676632,0.06754378651892934,0.09791959676622591,0.09502679316994135,0.10498348567197764,0.5470606923114142,0.013598157164821456,0.8493291914280571,0.2141784727192227,0.11612874384368235,0.1278955141412508,0.14008392394977304,0.11016535005058753,0.16468381961036768
11,2018,Alaton,0.20577437003320792,0.05061471354637417,0.046460742602254905,0.0012975653646066052,0.0112968285612297,0.023286579850302032,0.016249119809974195,0.15121434003004341,0.3607823900614236,0.2517595498945242,0.013372085411959944,0.024062742765424916,0.011515880107686914,0.011159893505909447,0.00910497502129937,0.07395418844619987
11,2018,Benth,0.2612057775492984,0.0008737550012086507,0.009717034446179731,0.06684988269626466,0.07663478274924877,0.0761349786486097,0.07752969389332146,0.3858973256942948,0.06206614720872548,0.3030363748788642,0.1464632995107565,0.07894166623242516,0.08976330402653768,0.09353949554533454,0.05855508200762881,0.13902551814157885
11,2018,XGB,0.2547060408682529,0.05671926635109562,0.06449143361461887,0.014799449105494534,0.006822579354077346,0.02527557125204391,0.004419487372638219,0.25969589996726505,0.5447031474603792,0.13662642006658157,0.05785448616835856,0.000627938425473788,0.01222020719823838,0.04900051651996509,0.026988568509552422,0.09709944259082179
11,2018,WaveletFNN,0.2647947962441122,0.03995926717914777,0.07047700197469171,0.013059813815306985,0.0018437649917349317,0.01514698930201188,0.025224609450931437,0.3360765338302437,0.49341449028784146,0.365036282659701,0.020078122779354696,0.06793253216560707,0.05662825442813902,0.021102669881039995,0.015943467190308567,0.028501626356908578
11,2018,LSTM,0.046559319894925476,0.13333799916393396,0.1151260757415399,0.09230369348871877,0.14191078727497633,0.1696589906222136,0.14477550900117517,0.2656971998626236,0.9507346063536469,1.0,0.17892753596458055,0.14929540783517065,0.13835856368758254,0.07862443396823608,0.058401590275897766,0.014750293905276646
11,2018,FeedForwardNN,0.27168327074587406,0.0049561898442825715,0.01134928483106324,0.004417856045119195,0.028721285070714572,0.05763571064172689,0.06496717708879524,0.10900654729777766,0.8715389559719411,0.7732203846403104,0.12012221734728107,0.12215519768129389,0.11086943306081866,0.05150610613473674,0.02395512692184553,0.04478315101212104
11,2019,HBA,0.005922355673211486,0.09751488047775758,0.12082528163282868,0.11850190273352987,0.06925607113797334,0.0698409459117106,0.09119247780680148,0.0612229572712996,0.08815275135926301,0.17618864016436278,0.06961754584485275,0.12709222626147285,0.1355386197540478,0.12636045414192068,0.10263614963033278,0.16939285332456797
11,2019,Alaton,0.06654989124157322,0.04133563270357621,0.07558440216544837,0.05215690731277141,0.03335749277247781,0.04332859344800456,0.02926312455479355,0.3089993431743534,0.3555131222855767,0.6840414205879651,0.11503696677575069,0.022562538113508897,0.012965759848932619,0.006673448335612198,0.02037621614101841,0.07542765773902738
11,2019,Benth,0.01963409149760042,0.10039519756158816,0.14397406540665184,0.12954171964833408,0.0587916801729206,0.060834498351044285,0.07027329654209474,0.1567344982623785,0.12479295701987492,0.42116393497030624,0.010500658230110435,0.08906339036781231,0.0970725574854565,0.08123980650432568,0.052126932292414815,0.1459257879202103
11,2019,XGB,0.06031979901402722,0.01866268448267175,0.04446298032639008,0.02890469907224253,0.0376471326727954,0.053056104070944236,0.02261592335433101,0.24539993059042495,0.5354945662168151,0.5167887484605811,0.07608987225759489,0.0019832118481166103,0.011820987750807433,0.030421293813967274,0.013914998954864363,0.09587081991594502
11,2019,WaveletFNN,0.0828842877390223,0.04467500276416215,0.12429901634383596,0.10841444102860733,0.03260227540522762,0.0112106370982763,0.032050373186707955,0.19940635050072944,0.6585387459673647,0.4478305079998151,0.04148648911098452,0.031065230345783075,0.040517654005301926,0.06476875458999583,0.008703055802069194,0.0009070464398768977
11,2019,LSTM,0.2152609883530647,0.14597980190968185,0.12015298811840545,0.11630478802957812,0.17483106033422297,0.19349016743904182,0.17386841615231985,0.31317604699489104,0.7776869125731969,0.6824678960106636,0.21841050366072198,0.17229301301071132,0.1641663340855494,0.1384847495092844,0.15190155140624578,0.104325405542095
11,2019,FeedForwardNN,0.08906361557295656,0.048738917199164115,0.011172457269543698,0.014872229759697403,0.06341599926920748,0.07889492791776476,0.004113063101199392,0.19560120310232101,0.5635236769705878,0.5006253797513097,0.005514061255893207,0.09293840586523822,0.10366920752459423,0.1260864657599472,0.034321461788090445,0.06713805034231245
11,2020,HBA,0.15267393909111668,0.25067374175140367,0.19209024946970144,0.263576113589677,0.22350753886692423,0.2075026942381458,0.17021716178415902,0.3291491783603825,0.14214037191288498,0.0729219768045431,0.15897986267597494,0.09720339936130766,0.12349157396938866,0.12129468429212431,0.14998183643247512,0.10019627880840296
11,2020,Alaton,0.14783365153135528,0.22273875680897293,0.16827090688220242,0.20895421504582748,0.12204559479635178,0.09451234013542399,0.04839743404881585,0.03338849415715427,0.506981257837656,0.6570793404650567,0.047573238338304534,0.05312753307108338,0.028508806175240195,0.015117065954525465,0.01821720578982811,0.010075796372397146
11,2020,Benth,0.20928421884919549,0.29561083713603387,0.2459756059691916,0.30171307839412986,0.23305016044515248,0.2179371821447169,0.16032809453567295,0.18958793685613948,0.11222210363409078,0.3519329833513044,0.09388872240482704,0.06021585191374517,0.0852853224520338,0.07642098449000598,0.09725004589381109,0.07943732123280582
11,2020,XGB,0.09359651795403236,0.16304903941817192,0.11205612531197205,0.16345581601548456,0.10170042462428709,0.06948592457732941,0.048306217921184884,0.06687905016009617,0.6342745199750461,0.45638884856015366,0.0004583634082855579,0.024984889318101795,0.00036554758608989155,0.025086282828609502,0.05678011141663102,0.03209394808939747
11,2020,WaveletFNN,0.21008466995388944,0.20529255378468259,0.13089097881717954,0.19847287716012485,0.11845778744322237,0.08198184149653036,0.042356369317369816,0.07665078416314855,0.7148744777849755,0.7512024134089301,0.02249548481414862,0.06259500325528398,0.03822243101173082,0.0007491810393969064,0.03544593363356905,0.03043152565472957
11,2020,LSTM,0.07868542449094762,0.04145514552127424,0.09593733641464947,0.0611120109423806,0.12198434655591332,0.1581254971339251,0.1331186403071641,0.20956825045148783,0.947667851053467,0.6937891774757052,0.15815265919826157,0.14769688100384026,0.1255369614244942,0.07872549862868572,0.020527455204214493,0.041356724357966404
11,2020,FeedForwardNN,0.05750879607572933,0.07234006818938367,0.005640250441686552,0.05392949536939506,0.012824109934708432,0.013806817019224921,0.03048390384148263,0.07491111170300321,0.5955880945378191,0.44851539504695065,0.07521429762147992,0.05622250216172967,0.08368433491128799,0.11193961489728257,0.14324755425738359,0.06211706432179199
11,2021,HBA,0.003245789605278298,0.060746420369130374,0.04863456600931181,0.00039536733046920786,0.03754930533692693,0.04075736512492934,0.019822835830299323,0.22917012188185718,0.13235148091742066,0.41201335559848395,0.07327787251130631,0.012416600324340115,0.03967389712679263,0.02858464521226368,0.03708082065307301,0.1431087233843603
11,2021,Alaton,0.02259444813605643,0.027906796431686042,0.018951521982708126,0.050289727924326996,0.12561724931231188,0.13898178914412063,0.12984164337182721,0.44705077938844695,0.5205561018941773,0.7947092660311007,0.24583091451711503,0.13382611009185305,0.10846158139890358,0.10331302042634738,0.08700649125077062,0.04347883134780642
11,2021,Benth,0.03316042909313713,0.09335202017624605,0.09144556290639348,0.027758199428365323,0.03304928068753042,0.03517179755697346,0.03043770723078908,0.30985053378118327,0.09577230651205901,0.5916238243240112,0.12590173505025137,0.022922995356363426,0.003511485833722724,0.013983273511282724,0.011155047811346177,0.12010938193395146
11,2021,XGB,0.054580570600832046,0.011876447177545088,0.02083315095758869,0.07715758493031716,0.13152148651778314,0.1481756580105027,0.11994115802506106,0.37762541421015794,0.6236730654581651,0.6495737454635875,0.19710025579391846,0.09807650958931664,0.07166511054126559,0.05799967848010503,0.04537294581337005,0.07255389064182378
11,2021,WaveletFNN,0.028782508259655552,0.053910492039990876,0.03480702242101487,0.027191898572147013,0.09582920119651347,0.11004789423005859,0.10132693729430793,0.38628516991680656,0.5160093482537796,0.7719559884506879,0.205731965642347,0.10729577239068343,0.08115434483285786,0.07569721038451506,0.09802929227208283,0.031282425690256764
11,2021,LSTM,0.18200051186356309,0.12603629154064566,0.1007309325800406,0.12131432473243443,0.15520184309665258,0.16751155953688213,0.14773239352243991,0.2763122108266642,0.518969346332448,0.5636378144372213,0.18795541743785593,0.1326757113496282,0.10727749505394031,0.10267493723061669,0.09224163765900441,0.008982287259238395
11,2021,FeedForwardNN,0.05027400917850198,0.0328912946792523,0.00508600400962703,0.018657094236597206,0.048094633331926366,0.04176279768240209,0.02337748923163606,0.14371981865352898,0.13901902247897488,0.3925841935067604,0.04221338615916683,0.020268827421510933,0.05014578197898336,0.011556768014013735,0.011622722160164089,0.10080055490478045
11,2022,HBA,0.01819754038584741,0.10255669190497788,0.1250290175528231,0.11405059579852259,0.1487911546187425,0.12741995556320918,0.15282482076269815,0.2268493379233487,0.29566701168058807,0.34312484629493817,0.20884840121010467,0.16666997613328363,0.16399424595842188,0.2134754898380125,0.08258425620118491,0.004232429766504223
11,2022,Alaton,0.07678589049544228,0.029071763880036662,0.0653086237159294,0.03492837626741391,0.023726120662853626,0.005819333170513685,0.013436013990341507,0.11287163721460106,0.5907325346113352,0.5087086042723882,0.010238492437950436,0.003757506257531567,0.003757506257531152,0.06194534088059928,0.04381605628673415,0.08680580381625375
11,2022,Benth,0.027468219147125925,0.09136471393954337,0.1377009693269918,0.11639581792748692,0.12809262350837544,0.1098503002865852,0.12460337363656761,0.0965293841800694,0.2512941159594459,0.056888122261447294,0.13991356450514175,0.12638548983433068,0.12391731150926326,0.16277792958921927,0.031953801867027176,0.022811717283176776
11,2022,XGB,0.05612324135913269,0.007538274827844664,0.03140308016262767,0.008514584418136552,0.014651213786903773,0.020911701042431046,0.015011785814478396,0.04037835921080358,0.7249529549933623,0.2610971549430261,0.025688456719445602,0.022162840570097923,0.022162840570097778,0.09555179610950837,0.014754090600947171,0.0736242025531131
11,2022,WaveletFNN,0.01101793082510582,0.10110133478733802,0.12054829744223208,0.0982714856939459,0.10244565431597329,0.05652264995279175,0.027875072007407964,0.042978804531907826,0.852617945867522,0.3046363614929989,0.035744192583451434,0.08322028566550936,0.08339530011226336,0.005673857150782272,0.07504216255534547,0.10200858962987713
11,2022,LSTM,0.25853271244497356,0.20321244049049345,0.192723374908798,0.2269140448706607,0.2559856244358868,0.2909918872666215,0.25797817078833196,0.4638009508161783,0.9840130667104601,0.9605987823032324,0.29965605821514874,0.25631326507682556,0.2563132650768256,0.17968711731002684,0.23366317575103948,0.2672755675030511
11,2022,FeedForwardNN,0.049166790430711864,0.003584708650141248,0.0003854336383383394,0.038869766992100624,0.039295564590795834,0.08363006890447708,0.05496718546456448,0.16711462925940807,0.9613230296780539,0.5532335185346882,0.07986528696964697,0.07358762301818336,0.07358762301818349,0.015947773392097055,0.10122208626150267,0.15980515075750323
11,2023,HBA,0.13700751134598388,0.11605199976459027,0.12704047232907179,0.09483339652537723,0.11220380433093151,0.11280292731952236,0.16901664816433223,0.0695923121036519,0.132679407831964,0.15906305240686774,0.22070349641767845,0.27012103884845773,0.30808520303474,0.2596227225855702,0.2040961923830492,0.26354949502935376
11,2023,Alaton,0.008984321964963456,0.020049528004043884,0.04993696665163418,0.0012929901624595666,0.02435065276236833,0.0348315734507831,0.014535598181996947,0.23770760849121916,0.3825461826093083,0.5984526446359425,0.009846706687168265,0.0837709354400973,0.11828183745866072,0.09571520299989546,0.056967516393665436,0.1511451009050676
11,2023,Benth,0.04731448804810553,0.08603595684619393,0.1262979790340018,0.08579428861142073,0.08214789351867414,0.08532452369315167,0.13382588814294277,0.04465288317902705,0.19071228039859764,0.18659320867591586,0.15109599757501613,0.22580318790504375,0.2624045548809728,0.20771199518189676,0.14694045461875932,0.23765820548126348
11,2023,XGB,0.06898581891014974,0.03695535187580827,0.05168566098932528,0.009739718906534446,0.005317331422894208,0.009303120870976123,0.05300809634624738,0.12785432916556067,0.4943506664271015,0.28523184762019205,0.06514692617596893,0.1378898941202379,0.17412412532145596,0.1591784452515503,0.11237443300548793,0.19031687877054793
11,2023,WaveletFNN,0.006384792924639618,0.06321077388915725,0.09559636652933348,0.05647629679887959,0.04272902053801711,0.021693632992759226,0.0765521054936979,0.10910807004514217,0.6761755500917268,0.5141367449334046,0.06462380410633821,0.13680274081226695,0.1730023534053793,0.16530237795253686,0.09969050953582796,0.24502950404444662
11,2023,LSTM,0.10151625973357709,0.06854797193779835,0.038706516215401075,0.08819972945766899,0.1276883403583168,0.15321247050084186,0.14787427312549042,0.383247628219331,1.0,0.86558091012455,0.2470199786159251,0.18360101824511058,0.1576041361124883,0.1337021279741161,0.08187934353818731,0.030333341681009904
11,2023,FeedForwardNN,0.0975745479222627,0.0638120424964554,0.04179005273534156,0.0819207310870419,0.10862945651151056,0.133959281169839,0.07576126014180842,0.30059484488855276,0.9743005396301014,0.8218064055610363,0.09964860885152241,0.01723048791645581,0.014064189980192064,0.030066703775365886,0.04705165832245811,0.20010496993959848
11,2024,HBA,0.0007744809330390025,0.1657867591539476,0.1817513070345784,0.17875138877946523,0.14944039623877475,0.11755679345448104,0.10396076213898153,0.06141687858398296,0.42443881460439686,0.3798519168718862,0.03213511855217487,0.04329200458656759,0.05760155041826448,0.09940820390429025,0.06264519019633007,0.0722610299777663
11,2024,Alaton,0.08038264926882557,0.09232265818657488,0.11916907755080984,0.09121430396316758,0.01917573633289382,0.02071537040405551,0.03833808926988067,0.25323272939194014,0.6988321064049563,0.7936436994953434,0.17026057260208738,0.11654240915165041,0.10270505818499281,0.05050248839284283,0.07273344914682908,0.02688994903382846
11,2024,Benth,0.02374582584069877,0.16798412896568335,0.20598670537976707,0.18922397464250995,0.13697510481750275,0.10802009615684202,0.08188080478128272,0.05103085635357216,0.3841917668361189,0.5595244762018148,0.02592249119312214,0.007514658117988973,0.021576268531648932,0.05384136552029402,0.011930790843158293,0.051406596648039336
11,2024,XGB,0.08289304530625884,0.054354998574872436,0.07186372768481468,0.05328839489341657,0.0003065066782161361,0.04512607632359625,0.04358076725829611,0.19691742670928292,0.8070227185327875,0.6894195098957598,0.14247470057846046,0.10162837028539233,0.08755742486863272,0.022251496054179015,0.04547178579657698,0.013821618478472446
11,2024,WaveletFNN,0.10786974963906189,0.06970493213246293,0.13775574836764556,0.15799368146129325,0.13736815263520552,0.10344590064890674,0.10296050575228674,0.13631223873624496,0.47320510445951197,0.3865848960308226,0.053917522711041145,0.057975118486903766,0.07362984387814221,0.11040793735038193,0.02654475108069527,0.06797602604934408
11,2024,LSTM,0.23615240475782187,0.1293444892797857,0.12076782823420112,0.11519296764684052,0.12052130463259161,0.15392648313176305,0.11620586840563009,0.1198497087516912,0.7217876547648776,0.44383478721760883,0.12074654418524276,0.1070762241002151,0.09309060690524185,0.03859461570482184,0.07172693627894493,0.043893942241425093
11,2024,FeedForwardNN,0.19674227428116,0.10459515495453789,0.0941390745710273,0.10558144080166208,0.12115022814158347,0.1432428261888778,0.08061085981848724,0.1947357970603938,0.5187992271782393,0.5144950538973463,0.07962947907581173,0.02003772418985149,0.00483746432401256,0.033748996090736665,0.02311609737874667,0.03708855876488762
24,2015,HBA,0.027685870158493928,0.023691467520189878,0.01476561142312035,0.025584668204175796,0.0279581803517423,0.02431904675093627,0.05502559181461548,0.17336110936329277,0.6415547558572465,0.27923945940002615,0.12791803264710935,0.10019394656631085,0.1284930003734784,0.24369601794329868,0.38935520437343685,0.3649108751266357
24,2015,Alaton,0.04251948724770288,0.018749046531998034,0.004458719216446364,0.009672990298527192,0.02931442737287282,0.08437104756450535,0.027439050677452538,0.11390646891369706,0.7344229705219458,0.6818297604814014,0.04642919874671536,0.02430954270850663,0.00369417466646811,0.11004836803406098,0.2381693876248634,0.2536605576076854
24,2015,Benth,0.08121759812828883,0.021997426311576827,0.041748771164642366,0.06366876650295691,0.038240073705717685,0.011830652849742615,0.044959235512574185,0.02629883753849146,0.6030142737833012,0.5123738250251437,0.05172755338801481,0.05617174042987705,0.08400122238890725,0.18081775056658164,0.3044473096947784,0.3133149242349929
24,2015,XGB,0.024958321811849194,0.09523493606724456,0.08566976458422254,0.062183427299298336,0.08215130897896122,0.14349151418342698,0.06347197881395282,0.07017686267283724,0.8677335437337106,0.578950647156145,0.03801078466776687,0.03230111444909067,0.004526766660271642,0.12688119501986853,0.268734796055634,0.27067552759247976
24,2015,WaveletFNN,0.05167436166735139,0.1639352103329274,0.14926666402922015,0.15961355921633813,0.2011643092655454,0.25706700130210935,0.15760964352117132,0.3777888388936457,0.9171084700733604,0.8419222961733729,0.15706700286152686,0.08492841960244402,0.058664551052924105,0.07563693585227664,0.1981057175882769,0.22800454052938948
24,2015,LSTM,0.05799820883999476,0.050032795798738365,0.05385930933452916,0.05857940596632926,0.09663893544694138,0.11977218954175671,0.09197683267811683,0.24223188682967728,0.39290585187439986,0.7192849469428862,0.12237125568444318,0.08419701553380055,0.06005440805433815,0.030976941524240544,0.02128689584815607,0.029478522423060236
24,2015,FeedForwardNN,0.010492940813832372,0.05470721933603756,0.03265966642180464,0.03240691200351762,0.052870589500018786,0.06707561886798648,0.021806346806430472,0.12165491999871111,0.23479398995894865,0.558142469829369,0.0032880186183495146,0.030031662749870628,0.051029154457125206,0.07436182259201866,0.08495222395197097,0.08128183033000075
24,2016,HBA,0.11314831037013684,0.10489834725544957,0.04500996992271172,0.011121019869264562,0.02629211312239205,0.031567466174500174,0.041850287962162086,0.18579067946808117,0.17920636937247458,0.5050906750030696,0.10966768471546323,0.061193136530640686,0.042058928425583314,0.0628005286409148,0.025682179745871905,0.0499672948762265
24,2016,Alaton,0.055386480448563244,0.06997903884076802,0.027008197609400465,0.02778260519919318,0.10123897207754415,0.11218171307372617,0.12998358048453457,0.3881203481801261,0.4184312214379486,0.7872777178006167,0.24954613454091756,0.16956628425841386,0.15053859693465316,0.16373018406572454,0.12981098514674178,0.12543372525394467
24,2016,Benth,0.09575709953572892,0.11610003272584969,0.07659845953796893,0.02641181217288584,0.0359080127747456,0.03863002426489452,0.06237570126822462,0.28757837459485747,0.1148097200934494,0.6681023013778028,0.1692319619484928,0.09823975418621102,0.07961438513204705,0.10814910633198029,0.0812958073491833,0.08213061037551801
24,2016,XGB,0.07712816038707135,0.05064157765931651,0.0009427754302850902,0.043110035497136996,0.09140248582928492,0.10765922720396126,0.10901567488823646,0.29375553786508324,0.5626292438877111,0.6397528648665807,0.19222114866766435,0.1317410168750813,0.11184664104016714,0.11476749762063626,0.07878601176765163,0.08725127488244798
24,2016,WaveletFNN,0.03194760584451643,0.02395757964946769,0.03702963705815386,0.0681295181080673,0.12227616936824935,0.1380829472913234,0.11972423912901396,0.31296764861719045,0.5804600417919441,0.7175254136159587,0.1805546273632861,0.1121196467038304,0.0917756873688665,0.09233413366118025,0.06184383915839916,0.07265414094936419
24,2016,LSTM,0.08642730828003888,0.026216967357591665,0.042567715924622766,0.06423902440086852,0.09070085459205862,0.11646680475301384,0.09199892812634781,0.19837185497949342,0.8375667167478751,0.5277858572924169,0.13387739045039285,0.09007533872615238,0.06922627923506913,0.05324354854686716,0.04164559934905395,0.03475492457272336
24,2016,FeedForwardNN,0.15424503912072016,0.057693859529636925,0.054103405808519286,0.07392266408908042,0.08707565924324524,0.11235031312951013,0.08474606158329681,0.16083265100881228,0.8197005400466082,0.4495568270253134,0.10957215748061046,0.07732695413481235,0.056185791527864466,0.03835577737393107,0.04412956781176358,0.04583921875647305
24,2017,HBA,0.1581361782195489,0.012864054997717098,0.054735915571123,0.038238301231628115,0.04760062644391435,0.010347897332802189,0.015646477919613495,0.02773026955051027,0.6583197342466498,0.000808444883778907,0.02359511904587544,0.02111929212098725,0.013682543254269229,0.05438032322282068,0.006715658103363956,0.048070421812695156
24,2017,Alaton,0.1078797525000926,0.014501074732009562,0.08226988463781253,0.035727120960296316,0.0014121852235643062,0.06003967061006292,0.05662529067613826,0.22376037839604274,0.747185249325905,0.5620112559380386,0.17478604872933518,0.13219330896831497,0.09951844032857476,0.05902637713540756,0.10011928867972311,0.03492036178413523
24,2017,Benth,0.074644322660592,0.056612649577421445,0.1324200627355255,0.09096626287325979,0.07078205008243545,0.013941522050326775,0.013283970674028428,0.10086751979227176,0.6216408700401721,0.3287296754551112,0.08993486133138537,0.06081431972076379,0.02756313286222116,0.0008410016178231042,0.052069843999839896,0.010880409779621052
24,2017,XGB,0.1985819511758727,0.08364591081025173,0.020982656297728327,0.05096969390104591,0.0655091513036069,0.13167795980932653,0.09989792239282715,0.18950655788456403,0.8715678068580132,0.42592850972639856,0.169958939973869,0.1413467071284634,0.10901648446297169,0.04801707674116774,0.08272982867763938,0.027768787111932636
24,2017,WaveletFNN,0.16354483874976455,0.046655946600538054,0.012050154561637886,0.01841428089552542,0.029069676952376864,0.09080042395583443,0.05368214497511294,0.14358020525941242,0.7810645225551202,0.35553788364474725,0.11362209232837626,0.0804008748923936,0.04850219973279286,0.006970958270852239,0.07800442189107452,0.031442935244096734
24,2017,LSTM,0.07764004545583571,0.03706145628180317,0.04932327188104381,0.05477044507347277,0.08740004643399868,0.14455032475828802,0.11409998140352592,0.19343626812427178,0.783596298882078,0.815411047671389,0.17303396040259092,0.1444569735835632,0.11297569587624896,0.06096687748810434,0.0629871411534518,0.06377474429394371
24,2017,FeedForwardNN,0.013452331871773469,0.022474303075094744,0.0518799967225113,0.04157732935514117,0.06978272495819406,0.10614340821790254,0.06120460107481132,0.11963825191254449,0.5127231998622649,0.6849996940712157,0.07701960368213766,0.03951851070228911,0.010953924069490818,0.013476432343904172,0.008438308070642338,0.03622221311043211
24,2018,HBA,0.3378330252946309,0.01619027872214342,0.009220140222931456,0.07306857261096844,0.10320382740073888,0.09952763285349159,0.10932697541679078,0.50573222450577,0.011472374889416328,0.9714361355386539,0.20869804286981938,0.11901928772449218,0.132401838041973,0.14170883899376102,0.11461194004682525,0.15545665572880454
24,2018,Alaton,0.22506403507014172,0.030136133948576137,0.017514348102481033,0.022965655859799036,0.01128198020751679,0.0018377692770656893,0.0037937667195514376,0.13461550994235347,0.28332327781463085,0.12950771955603713,0.020933801674398622,0.008059303557671682,0.005708416856382744,0.019573013054386332,0.0039666641437430495,0.06440352192949032
24,2018,Benth,0.27034885226123706,0.010440273730480782,0.028619160584153508,0.0785013319762721,0.08297441409279727,0.08274664655670662,0.07954796294479378,0.3157758046966606,0.07586937225996017,0.34282534351489397,0.12661080009595335,0.07412424387962142,0.08672421652053583,0.08495184134505109,0.049624699229042106,0.11529403219166343
24,2018,XGB,0.2892858085559453,0.03434145026906182,0.03515665394459678,0.015474994645654565,0.030947999409188832,0.015061438944552896,0.03366824490713862,0.31407160260791817,0.4646216441782694,0.47627271971272905,0.1005981328039878,0.037974113204072284,0.05238075811628702,0.08053651832036296,0.056027461464968224,0.11242644201197512
24,2018,WaveletFNN,0.3208641820035345,0.009687427290946701,0.03022733856754823,0.08400698934491711,0.1539710071463414,0.2140869058539728,0.2054202207725352,0.6839602218776367,2.029242533843269,2.440031828164765,0.3950520761698076,0.2865952947365561,0.24449476511885537,0.1957432256960145,0.11998466623324808,0.09483519389182155
24,2018,LSTM,0.00515633644265783,0.06820382247038909,0.034939795742090204,0.048566089570221724,0.07951868458938911,0.10776213434283624,0.09260003362457714,0.27044829387868946,0.9605524589644698,0.5198632369561165,0.15060493695812582,0.11330646109010868,0.10099952703604284,0.04467952932415321,0.04153201870693615,0.03503767550885069
24,2018,FeedForwardNN,0.06502653395128907,0.05245745602755759,0.02401010414053187,0.0360480939655762,0.059655598418746014,0.08404512002745838,0.07838453228034827,0.21232383379751485,0.8204689008200906,0.304064286787475,0.1314285285489012,0.10803050453204965,0.09565034241599527,0.04972357789354375,0.057571478661452846,0.01429083490316723
24,2019,HBA,0.036269992240563445,0.07067984555950478,0.08858156478796866,0.08320176094153904,0.03294486837107222,0.030897197447519502,0.07635441703161013,0.10025480109606698,0.03446434968847009,0.2730896199040196,0.06977614929227276,0.15194713938523452,0.16168897262876375,0.15825247410845397,0.12134803491700628,0.19732238884279552
24,2019,Alaton,0.06472177009426124,0.04705987168993289,0.07614898660933617,0.04553639459185854,0.04341335715970703,0.0524143780322259,0.023033516772190215,0.3296572518622066,0.3397264862739264,0.6944270006158618,0.10466536635435945,0.012455624754527076,0.022984796459836927,0.02804498896545718,0.002878761212500959,0.09950565843122192
24,2019,Benth,0.02636211673995005,0.09528419427157588,0.13161683715396122,0.1077389503662167,0.030457118730027453,0.030796840594615134,0.05777843073562896,0.21172909873497558,0.0416407444709427,0.5055312594727353,0.0023514744703095744,0.10535534449086616,0.11480273526696336,0.10133536393603393,0.0566238096763734,0.15768018975214235
24,2019,XGB,0.09317563631919468,0.015760954103978687,0.003040486995139824,0.016168758827561143,0.08436385358536316,0.10166165375794488,0.05126285682727244,0.29361835690955035,0.6538065166480692,0.5863310858935289,0.09429332847194626,0.006378711324695531,0.016844685331877475,0.04293440525318668,0.018274988935233733,0.11050832390506514
24,2019,WaveletFNN,0.13264336813752828,0.00454208014348759,0.06056001742448351,0.04970945228008232,0.007819844680510116,0.015926453891338493,0.045394617246637604,0.11844526503228825,0.2746889893905757,0.3531706220688348,0.034621611338837954,0.11082674998553305,0.10977738047099107,0.09562657364134315,0.058094580973833396,0.11241365546704818
24,2019,LSTM,0.13527405634036263,0.06261899255011524,0.07843248438043511,0.07086835951375466,0.11531866985920604,0.1413938580700551,0.12721528485247022,0.20362779009992074,0.9737124810088339,0.5615197730113323,0.16650874026493068,0.14793186776758585,0.1390706678793707,0.09273664338694854,0.07365948385878812,0.04231796528531522
24,2019,FeedForwardNN,0.0917229532778715,0.02161673305810069,0.027108396830912818,0.02846775496821946,0.06423303756353145,0.08659928030658812,0.06327061575503203,0.15311304290420252,0.8005285608810608,0.4744554752096707,0.08697662672743244,0.06159466917641415,0.05183559370106668,0.01633750326404898,0.01437645055587577,0.010945929120926364
24,2020,HBA,0.18598796780258475,0.27353736677532453,0.2119954148748147,0.27384069056002974,0.22888129550028005,0.20650952904366035,0.15760828707824162,0.2804302979860587,0.25981274626440637,0.21955495615601006,0.12360739349423219,0.06326783358781694,0.08881462766487334,0.09258854081060212,0.1469945817581309,0.12095552687930755
24,2020,Alaton,0.21032808361334476,0.27785327231974494,0.2196664339476148,0.24698447815659463,0.1509960763492824,0.12061842935451497,0.05600753193122119,0.05863992150310634,0.512580271900191,0.6848448970332796,0.06681900614326182,0.07064216666955318,0.04665917853557998,0.034389643667344656,0.0162250388042271,0.027665742226622544
24,2020,Benth,0.2631801230188658,0.34022015047313464,0.28614951405351136,0.32532508375287944,0.24445989980926175,0.22395012799845032,0.14832196336270115,0.11719037351242058,0.20356030017503968,0.4738004509392641,0.04665718715923615,0.020289787663361772,0.044865079127178784,0.03917841317480243,0.08092531070255017,0.08558881447919311
24,2020,XGB,0.1154231965873735,0.16901669955802887,0.11365446164871373,0.15266838267547964,0.08287178489603308,0.04489541555609921,0.014062742065179382,0.011101180780971645,0.7466928120823719,0.5758601063989806,0.057600790349698915,0.07721156111969942,0.05339810263673307,0.022109468490387005,0.03640442246574934,0.03720937596313668
24,2020,WaveletFNN,0.11347477429994886,0.16217255425649882,0.12263081051979022,0.16107919416326918,0.09100893413372567,0.05160385256842455,0.008580761050218884,0.005525929554220864,0.7697647832012321,0.5809606398421493,0.10675115391456363,0.14158355971159936,0.11943128363117161,0.09248489584802426,0.034448680782390266,0.05985315256910838
24,2020,LSTM,0.20414559124034345,0.06911980008405987,0.09223408491501432,0.071289638036912,0.11937117782761332,0.13855609590121215,0.0941127303208645,0.2022149513349737,0.5384509662963138,0.5213002706409182,0.08510181734856823,0.058196861729555315,0.033892710325638745,0.02298942375283721,0.01184802399461792,0.0701976928070431
24,2020,FeedForwardNN,0.09831079560640651,0.007912684919253708,0.02525395231296824,0.003283264206577158,0.027254287237081766,0.04508068878160894,0.02490275759919135,0.03336088435586052,0.4166583263775599,0.14825563829519908,0.010109589246800464,0.019878843671752175,0.005414141676894051,0.007218068208876656,0.03289228082324135,0.05218597302613193
24,2021,HBA,0.02094889145200555,0.06067775699270874,0.035703562880800864,0.003797698298938075,0.028349864442014715,0.035733116167614216,0.03302903399262577,0.175888565335691,0.23904871107803105,0.3633876832954364,0.08921232384409408,0.0387719756853179,0.008419278055173608,0.018705177635693564,0.010518008575822808,0.08625254703966524
24,2021,Alaton,0.027242279357124997,0.04865845149848456,0.029077159966061084,0.028512248441044222,0.10151543228840028,0.11596960655876953,0.12766002448257457,0.40231840588194223,0.514000061152319,0.7567265662455432,0.2506696902658415,0.1667335750892909,0.13870896787792214,0.13906122470827698,0.12802329737337276,0.009267563050256755
24,2021,Benth,0.0185344030161174,0.10391826209780046,0.0897024394413532,0.037534526178533284,0.02259275656412141,0.027818988667599995,0.045218384869481175,0.2812500685569649,0.17173586008815608,0.5751112030188046,0.1522469760435822,0.07872464618061224,0.049278620995539514,0.06814652620539811,0.06807336078650031,0.05098803638150023
24,2021,XGB,0.0852671727786322,0.029152956466312652,0.051626372414710985,0.09405559914374778,0.14627348866022094,0.16711717325466938,0.15537883088930363,0.36428075474793786,0.7410981630605246,0.6562850817720506,0.23761401539169422,0.16815310157067728,0.14017623619898656,0.12431510426288539,0.1075298787016052,0.0014681967953825653
24,2021,WaveletFNN,0.09272310428065579,0.05557244289964541,0.062349101192633316,0.11553257904811251,0.17214076286876193,0.1862071667955752,0.1747289635144157,0.4250315106349502,0.5735594322905004,0.7618815481482458,0.26611341998823346,0.17745782114636185,0.14979389423411793,0.14330751217877347,0.1310822733526729,0.00601552181563904
24,2021,LSTM,0.0885169836278946,0.037507763085457814,0.041556700119785274,0.03720129867649126,0.06759323862126122,0.09540459655065651,0.07064440123657072,0.12756500323763548,0.8612572307059015,0.5481244126472017,0.0998084494768003,0.07392850285691908,0.042782654204898456,0.013989613399255847,0.030366961703059026,0.030412618459853262
24,2021,FeedForwardNN,0.031940197858740006,0.012294108262620418,0.013972986325677382,0.015197794073709562,0.048310018210929416,0.07636517294881806,0.057321464069626606,0.12740088483018255,0.8489313386208325,0.5368039112665426,0.09616613950447768,0.06979939014533804,0.038933573010742316,0.012312209842289713,0.041841882328414695,0.008411046186286455
24,2022,HBA,0.03031136313318126,0.053797545075931534,0.08476157804280306,0.08800127597141666,0.13566966692487095,0.11309241362147746,0.149274437449447,0.3137158313618762,0.3519307165091776,0.6244292332093688,0.24622735698461154,0.17933912546354996,0.1770756742184062,0.22999317754284374,0.09112495324280527,0.011940240022705936
24,2022,Alaton,0.09235684546393456,0.013131254953037722,0.057277677051283095,0.03635874436886421,0.03573609270313476,0.00810212796915133,0.030071203355467924,0.03960353511061015,0.5610739629322877,0.35381603323019667,0.031539976871918424,0.02801974506137226,0.02801974506137226,0.0828613208037635,0.03571196942409467,0.07322326918684367
24,2022,Benth,0.05179190236702551,0.06399803909231414,0.11669063570809052,0.10363467134201577,0.12290093133660476,0.10452444089289309,0.1229818379786957,0.14462084542016715,0.27397568009686385,0.09493705282295596,0.15997622589147562,0.13090474581626985,0.1290399629025081,0.16729303637307885,0.027095639148744816,0.01979160906425205
24,2022,XGB,0.07571404155771141,0.010699619034131283,0.02232605253924936,0.01467042881488023,0.040406962120102176,0.006732633157632966,0.04950307662706248,0.10364321142933737,0.6868566909619239,0.10305552173499292,0.10611049208023822,0.07155460136149755,0.07155460136149755,0.1429659173492317,0.01785568902035179,0.03671783597716353
24,2022,WaveletFNN,0.07251458772264788,0.018712398151498787,0.04674842276900032,0.028395725160137594,0.04355031952670732,0.001511760354235434,0.012568955048763287,0.03236525977946626,0.86435540735953,0.2858846610262331,0.006688722765452806,0.030711530010837783,0.030711530010837644,0.050099215866293144,0.0440788468530913,0.06934977673815795
24,2022,LSTM,0.1282221162064461,0.06605619223752385,0.03043786343705001,0.04836412217114783,0.08450225351393134,0.11152531908412601,0.07109102567899385,0.2735872790412889,0.6681187349576604,0.9559461819059089,0.08856469993518656,0.04286955439931929,0.04286955439931929,0.01995527096859138,0.020033186554154155,0.027164825808697925
24,2022,FeedForwardNN,0.07906311332600192,0.06018809195039149,0.024983398989273556,0.04977032096312276,0.08671295130448223,0.11370515887828457,0.06484062547251823,0.3026061475232023,0.6696629933602717,0.9878493753971362,0.07786851673636619,0.02283709107615001,0.02283709107615015,0.03982044749764888,0.02363470807665474,0.036380758486229306
24,2023,HBA,0.11332998847230547,0.08220174510977431,0.09529730297646928,0.07594486018955876,0.107640157705676,0.10823104225059042,0.1724441335493964,0.14519210166171162,0.1301712168395008,0.5194856362629514,0.26358042839881907,0.2905487211520888,0.3215926876659636,0.2760817320807923,0.2163080975037314,0.26110975612915105
24,2023,Alaton,0.016203976172039173,0.009193143360580549,0.04294026587385189,0.0029674799922597772,0.010964086705661888,0.018215921517046884,0.03364585471549037,0.1749628755970501,0.2874842975833046,0.42591478695063334,0.035681086530631734,0.11494701974325305,0.14358726570142902,0.11636646240313847,0.06809060334072177,0.1474440017843719
24,2023,Benth,0.031991184461520036,0.06477319295449732,0.1072482941922077,0.07450707432469733,0.0803510366463074,0.08475561246934064,0.13601195085488918,0.001481272822962876,0.24830221963514204,0.029268650456627597,0.17696233939376838,0.2374534015159815,0.26747732336801855,0.21231039734205315,0.14458799055086316,0.22004076845157508
24,2023,XGB,0.02968012328524642,0.014357228556289039,0.0004514769728304307,0.0322623873511188,0.028830342114496563,0.04447630440790044,0.0233466928136708,0.11517029966208117,0.6254276040878805,0.16889115661243248,0.05971015224452102,0.11843880888049126,0.1471687503111459,0.14060924057437055,0.09750043618474631,0.16405873481034955
24,2023,WaveletFNN,0.023179448939159113,0.05168890317654938,0.03396572488654745,0.06195979781041902,0.06806862066664555,0.06838878246245725,0.0060617507995212976,0.17182338884376744,0.08027673207505652,0.3355133392410668,0.05179146593209846,0.14116359967311043,0.17047728507197513,0.12954046481950798,0.0937828995070051,0.19984129158773672
24,2023,LSTM,0.10508160979496207,0.04523031126523257,0.01908963814499613,0.052415983270241016,0.06531752295477998,0.0898298828402116,0.06764510696462775,0.20596139972951794,1.0,0.7035439223019769,0.10441878437931038,0.07188710517561125,0.04804616823957049,0.023676615229789824,0.01213198859199158,0.06701280482576837
24,2023,FeedForwardNN,0.0806949117487611,0.03660099274350487,0.007118634101001865,0.03326800528516897,0.03052007031350565,0.05594500500716051,0.03062963828655767,0.10171668085638481,1.0,0.6021237548992776,0.045318994981778084,0.030829324804295087,0.005933714500364714,0.008846949285390166,0.00507749871759157,0.07726839250185533
24,2024,HBA,0.0340342304495016,0.16708776766093586,0.17519732421592238,0.18161301709598693,0.14878621352427113,0.11062716961764543,0.10837911250926181,0.07800555995118555,0.5101441279625306,0.36303405175898673,0.03927458157046789,0.05259905456895226,0.06996193306372481,0.1269444606090187,0.07661582244973329,0.05650530329962731
24,2024,Alaton,0.03946283124022363,0.11262884851503238,0.1349470843121325,0.11258446087612939,0.03460484446144086,0.008246563638675722,0.020874117752169383,0.23430809148200532,0.7053532383902504,0.7699035953890497,0.15677611018492055,0.0986119168071286,0.08234981527492156,0.02202673152408436,0.06076715218496981,0.043006130813148344
24,2024,Benth,0.011879150793528581,0.17925396221022624,0.21092174886579906,0.19865490149367676,0.13772661527411098,0.10377701328661677,0.08441005183819093,0.05843323027250887,0.4485150863183189,0.5631574060582826,0.030877318293666394,0.010006680072964912,0.027046245493511957,0.07051893790067087,0.013097023349604359,0.02332631543499939
24,2024,XGB,0.023463957800368695,0.08625855210548927,0.09865910812818462,0.0910244324507374,0.04091070841713616,0.007003010563107476,0.0012809782478545165,0.11385254717134918,0.7864633549061005,0.5869787773702543,0.08942210939974493,0.053608001594917506,0.03653397648376137,0.03776136908523493,0.0039912868006032436,0.0017107885449427849
24,2024,WaveletFNN,0.024111872934032486,0.047809509290356676,0.05640295188636034,0.029408874442374094,0.045702916921858905,0.09491902085221346,0.06249251720100654,0.31934230347662557,0.8955665625843101,0.8373999034703005,0.1784509772821772,0.08465746189206164,0.06814360557533193,0.006055461953975927,0.025274855743921062,0.007801486127234534
24,2024,LSTM,0.11318037243919193,0.04600092443790426,0.06277744834849004,0.06516755343225389,0.08830426346609133,0.11152074551665592,0.09710533350261717,0.15671504250365342,0.48920645805814467,0.43821334896199693,0.1363345066606,0.10785088875759735,0.09175546914931763,0.05452748453078731,0.044405307543728,0.01197609531314542
24,2024,FeedForwardNN,0.10172852080123541,0.07869099310810265,0.07967493158722413,0.08360154664171325,0.10590841801914865,0.11476362119663462,0.06030824048330673,0.1762130461292885,0.2588200598295106,0.4139628396016605,0.05909766201644128,0.007289686855349135,0.025462377914191984,0.035071116249021365,0.015276337832930496,0.04733584382554571
27,2015,HBA,0.05611390890150771,0.00530736336211896,0.011459064192952634,0.03128787618845452,0.0250348152881909,0.0124662202061226,0.04766780810868931,0.07404033722847028,0.5479489880840753,0.3806936449951832,0.09264882944831226,0.08305608095186849,0.09683142485813875,0.17938268613102495,0.290863801514364,0.3120594642510081
27,2015,Alaton,0.3471743774450885,0.5375693973839347,0.5671305257856856,0.5388805536118392,0.3355210172518173,0.10967016796422675,0.0002901523273829882,0.5005391588967292,6.466620181531297,6.26217485452721,0.5687736007155174,0.48419693631408944,0.04170606639224968,0.23261358131293253,0.3644185909965162,0.4832538079350299
27,2015,Benth,0.08904339091497858,0.03303442239992986,0.05704767756870038,0.06441615200800749,0.037740279297023546,0.0013254863350645554,0.04191264358826658,0.03195524789515013,0.5186466656320262,0.6089487519947586,0.035761314284892654,0.04843642800823559,0.06419821720961465,0.1337460908404603,0.22963166187160644,0.2744091646896664
27,2015,XGB,0.05308490693158599,0.011441438728073714,0.003517115708883777,0.015453322411156383,0.00912587799479758,0.03514668916285361,0.026420466901756177,0.029372295399767226,0.6673211475517845,0.4168858598469178,0.05790623364285538,0.05346177053331845,0.07065010061626524,0.16025923041382986,0.2632073040585441,0.30016745721578475
27,2015,WaveletFNN,0.29235700373985074,0.21879690250794506,0.3224313074442677,0.40195847385571715,0.4756255420680423,0.5572590407919181,0.4461421820162679,1.0286235584071064,1.7229157025886626,1.6502262165296666,0.5595356300227375,0.3886167335675093,0.27398117804945565,0.2432904390134012,0.2764497632447315,0.2973354902618698
27,2015,LSTM,0.06590463539049057,0.007289896360553467,0.00429261128455146,0.0015922197822764125,0.0513650603516146,0.08492863876954669,0.06758677610911351,0.2522772035823249,0.5641878814602778,0.8756924707314777,0.12937897985427904,0.09295056726849364,0.07815110753732009,0.025229676868250138,0.0036615100156904513,0.02927077986598444
27,2015,FeedForwardNN,0.19330652539532658,0.10796416529834821,0.13514569971053764,0.14355617067667478,0.1274417084368332,0.12086106485734993,0.13835050759925507,0.0996319680591046,0.02689509320053428,0.47116513176077174,0.14808799891185973,0.15540718075834284,0.15481382920424638,0.17814842047045282,0.210313142813353,0.20307406510727705
27,2016,HBA,0.1599270981894273,0.15856889742259048,0.08082845616764106,0.04725571722477833,0.007166219902136278,0.01436386634756848,0.036222105753757,0.2233362261471554,0.20039998006505508,0.6000730199721961,0.12567037446876736,0.07429505784404461,0.05748236705522428,0.07693730081959736,0.049351983092508205,0.08060831742819112
27,2016,Alaton,0.4817308416925426,0.5866698610220484,0.6233414355069626,0.6022804327555016,0.41483488744105707,0.05516893755850034,0.11572769107132713,0.09738771295572923,12.203262859393258,3.7778593018698667,0.2577864789302733,0.26548416263769314,0.18684431597465126,0.4098039041716739,0.5425227117933947,0.6489559146593914
27,2016,Benth,0.14546227562712866,0.16203599282061884,0.10939360566359731,0.06447849616458352,0.009123678557836702,0.014939555573593355,0.049353570274056784,0.30027631658759857,0.16526135396601502,0.7504343504645048,0.17027428987844573,0.10291347328981648,0.08518003673201029,0.1103312373822429,0.0896297323541673,0.1017299112073148
27,2016,XGB,0.13970392915370308,0.1250872437942944,0.05935185124388219,0.018030135923712838,0.03747869929530214,0.05276127973652745,0.0691393075775016,0.27535514420846574,0.44776704924952054,0.6518758493261412,0.16682841590546654,0.1108881117414176,0.09225606086598664,0.10105852885484526,0.07655124407599746,0.09458983882489694
27,2016,WaveletFNN,0.09436550883876868,0.10129293910899802,0.07233833035578538,0.03543543139767467,0.01649736520690597,0.015281069194468378,0.038878240490785816,0.2347334417774887,0.016156288141631982,0.6344174732751626,0.12144346005757245,0.07001459448254842,0.06064182667271954,0.08569959679613665,0.05940774708180853,0.09548556750024424
27,2016,LSTM,0.06267314040779039,0.035159259815313315,0.03444565400379594,0.0316449411761247,0.06148748947056785,0.08873950098727737,0.06689595460220715,0.12791916469025283,0.7931167376283235,0.5322326955419971,0.09985340405163891,0.07232281645830159,0.052882598969387754,0.0348158824541365,0.01754646752927112,0.008032388222185913
27,2016,FeedForwardNN,0.11485577148360282,0.11527193793519196,0.12607191215558794,0.14735210609610208,0.1502563214602886,0.12708365796333668,0.12914826993102135,0.20966836936968328,0.4718554944580444,0.14951450027358498,0.11930609805360108,0.10243451601145431,0.1255369132017422,0.1242456909342713,0.15474744401372462,0.10699233002585647
27,2017,HBA,0.17756636800885853,0.017525253024145152,0.05124571091102893,0.02814346505900039,0.02049619689828681,0.030985273273487084,0.00586170225891485,0.07141952305472535,0.6383908821227491,0.023924904370532338,0.05969274698108839,0.034108512072701366,0.011162204287104502,0.03249868073559438,0.004157857223888742,0.04906216737015761
27,2017,Alaton,0.4644978314279712,0.5365692170823249,0.5446234222466049,0.5347993664527828,0.3230933689233028,0.1178640901547937,0.04033531043775981,0.339099026507814,5.320513373756778,10.678729997999248,0.3657192798481197,0.3277590757986897,0.15094369852059975,0.3481916141992159,0.5257750394096349,0.6101325487963122
27,2017,Benth,0.14133397879058757,0.016290314169756633,0.10279946510381159,0.06435742081185934,0.03540358626099941,0.01496289515194905,0.010466076790598541,0.16605458062697293,0.609213277010711,0.39730226083631653,0.11024789810750733,0.06613000809383708,0.042877305873495836,0.00914175016555234,0.041465139419580285,0.02071995526575315
27,2017,XGB,0.17754166665224802,0.0315532173267111,0.044564766962227755,0.013935347965153005,0.005965083969958844,0.050962447625696544,0.02438177037128118,0.10941617541261987,0.7226235690694103,0.09414198516938378,0.08782237292982614,0.05838816034658631,0.03381552401169068,0.01622118164008056,0.015426294880755639,0.039127707335070025
27,2017,WaveletFNN,0.21388357957054524,0.05348409110158344,0.024647971489126633,0.001951705112278213,0.017333018380705986,0.029896388843390794,0.00013978171558693444,0.004532666426682708,0.5871339105152379,0.40850902372979137,0.021015044790911444,0.015869763725395492,0.008861437338855445,0.04455510982222925,0.01334781796947518,0.0012578345163079638
27,2017,LSTM,0.1255774463283954,0.04543260501396458,0.012402667436222628,0.058579709645336035,0.08496698702932745,0.1270479229463239,0.10182723680819816,0.30187453475632,0.6235410575892424,0.5097168259816613,0.17833676243619911,0.11759129339785415,0.09456364300843105,0.06812848164506877,0.14289955426447523,0.14151556493738998
27,2017,FeedForwardNN,0.1803038480109377,0.02599038173657637,0.0051024806579254645,0.024204993263502592,0.04710735539732243,0.06924907808385193,0.031711939222483936,0.17266733340568566,0.3304888310378519,0.5304437410431355,0.05868890434439976,0.001602447943392925,0.02047935147414241,0.020991235869391115,0.04562635051368503,0.06656488757930196
27,2018,HBA,0.43037046064525875,0.08676438492934202,0.04618658392533953,0.10952901513276093,0.12563277866953065,0.12503696737783596,0.1373879753101682,0.5150416162983995,0.10605835698906445,0.5808854770496991,0.23300188296986274,0.15524498585535385,0.17412165833848145,0.1677583089620283,0.1398445731569983,0.14500625160717762
27,2018,Alaton,0.5914608770987987,0.7174281045966454,0.7114932377969523,0.6432809743909292,0.3809235258137251,0.18162904961378595,0.02027597810386445,1.239377707155153,18.100836525298654,19.00947847668162,0.7997101851591447,0.5842958902549901,0.0057990037405999725,0.2776693548502486,0.47732866328204,0.5897324975806895
27,2018,Benth,0.3504214674341084,0.07004447621940774,0.060319254937829775,0.11427901007064178,0.10981327619642886,0.11155139004568874,0.11282450251222531,0.35241028603369157,0.16691621111609714,0.01376816046802436,0.16522563301344848,0.11739877733883494,0.13691478960098327,0.12220469502546735,0.08848307439087226,0.1157662273398575
27,2018,XGB,0.4025781151658109,0.06001485158520172,0.03093333444861383,0.08485996093040195,0.09968537900580295,0.09089211383438647,0.10789009029803885,0.4366763933876555,0.18920320503529858,0.4589196154382523,0.18785575621777947,0.12035365178021508,0.14124520625105882,0.1453574105444842,0.1144443600916919,0.13429591099760602
27,2018,WaveletFNN,0.4069836143193758,0.05296332521793314,0.02543158275298726,0.09468825929581119,0.13255404655886133,0.14429056096260837,0.19112739235940068,0.6576192715064161,0.5181383501799612,1.1869741070679307,0.3653162784757313,0.2729911012562456,0.28771297722292244,0.2809587059215015,0.22864268964673345,0.1352090091383331
27,2018,LSTM,0.22096010983148326,0.02966157286038815,0.029848438949213255,0.004322406937238069,0.0374846386034298,0.06534086261525884,0.05124931739741218,0.07491378975189106,0.9526560743139884,0.9106366112118236,0.07776945500137512,0.07215887951613745,0.054857161189895844,0.00850348019570552,0.009420690605073594,0.03614294348055923
27,2018,FeedForwardNN,0.17794895235986108,0.04454934578556855,0.05033626481412346,0.019944992554243667,0.05541023479738652,0.08080593459421649,0.01833764145855208,0.08028051033051,0.8897451049531481,0.9843385416745768,0.011844931244746993,0.03797836161879344,0.05733384053106316,0.1056295506535677,0.10277870003625636,0.1294627786693941
27,2019,HBA,0.029627438052700353,0.06954027067128968,0.0832872532526139,0.0739004665703961,0.013900801546533274,0.012219060277781494,0.07300270281647887,0.1684356332739817,0.040544690873907455,0.3737276083982274,0.06951467594188601,0.17446477723570453,0.1808236573258726,0.18201078680044155,0.1306645965170451,0.20430261199797353
27,2019,Alaton,0.5420726772190071,0.6160593325874678,0.6266543128065645,0.5941289745869857,0.38766133443043577,0.11921768748839802,0.009190037516393001,0.24037377260791812,16.022281418798634,7.214410803873173,0.5538719507817252,0.593784118313729,0.022362708167993163,0.29227277065055035,0.5041786852738394,0.5926831146147954
27,2019,Benth,0.029930259368961095,0.08078025259651464,0.11747574011577161,0.09595828130333763,0.015249162663650204,0.014963495723405237,0.05944750586522033,0.2533858405424527,0.006000845149604822,0.6074662083752882,0.011792007933232622,0.1353241780325275,0.1430844764154614,0.13613194190082356,0.08027208999857857,0.17523039883880653
27,2019,XGB,0.045602411176190835,0.03907888526524746,0.06176407517741711,0.044224308916482734,0.01746529607447217,0.02742175640249347,0.035817720516618225,0.2256673403054574,0.33980048246494693,0.45319724805245065,0.017713777432440476,0.1272903344001111,0.1360329290330841,0.1499173430991561,0.09714241758021303,0.1844502908208988
27,2019,WaveletFNN,0.10188175531325817,0.034881198615721316,0.1136421070017528,0.09239303525376992,0.11318685062490381,0.20168098924322816,0.2896398305485907,0.11199051009093972,2.9781382215174146,1.1883111754288758,0.4499164614234626,0.5805666874103362,0.5338141692304386,0.43000816867060543,0.26564792321801706,0.17068758384516058
27,2019,LSTM,0.11207343574232422,0.06108982956148935,0.03825479479119302,0.041509354327390904,0.10035675249511815,0.12106783977338528,0.09487789300138401,0.2635507087313296,0.7708673514678273,0.5970589109993469,0.14365792342775122,0.0854721642897694,0.07837962929305996,0.045854470679100146,0.09539110198658353,0.053081642127928104
27,2019,FeedForwardNN,0.020938087895115892,0.017732460604019742,0.07288767298940062,0.08144904918907808,0.05176170752480955,0.039195312181111115,0.11257314588138932,0.003753931771344976,0.3550687575117977,0.009842556153223795,0.14945321401858014,0.21697003585442007,0.22640813301473256,0.24559975782417712,0.14628757044896076,0.21632512670640347
27,2020,HBA,0.15001986317231367,0.2735687176935779,0.20743853962965528,0.25667660173589757,0.20044037540420065,0.18794730670534324,0.14507082071016322,0.17723177499753234,0.12169528741282247,0.39935136146782824,0.10522542565980068,0.07149080660358559,0.09021584757072364,0.09693042169756183,0.14433511532409102,0.1355122177129772
27,2020,Alaton,0.3405153855053923,0.47233676765979776,0.5372651418007511,0.4852958521475808,0.23771618970533512,0.3538792415582006,0.07620231060851834,0.7557031853547301,15.016661334611554,6.9159535001681505,0.6037393343245236,0.4499966443528339,0.10944244799030184,0.3572301824838378,0.5141438651508242,0.6317948383603097
27,2020,Benth,0.17705570803667833,0.3046417026322825,0.2584241651874005,0.29351109707260153,0.21012711933384665,0.1989183103495232,0.13539470310082302,0.049955565491115156,0.07889371282444325,0.628336771486809,0.0440728267595127,0.036083587614524064,0.055279252286097084,0.05477111601476665,0.09331269885143838,0.11031260518346689
27,2020,XGB,0.1339482920832391,0.24034466433539908,0.18583365652842695,0.22460575492858248,0.1650147930419004,0.14370684921390012,0.10759416226790715,0.09597144567055624,0.38441375600053357,0.475365528736339,0.053899740255177714,0.03128849490782652,0.05121872866142843,0.06921897928993194,0.11195288264471025,0.12108389114422725
27,2020,WaveletFNN,0.07398829488279106,0.16327046011205307,0.1547709817781803,0.21277031626507656,0.20103737276476433,0.2740842614642152,0.1992202653518398,0.3544744951404635,2.084562427747485,0.7035276849371098,0.2524494219768269,0.18075375542445013,0.13902557221923997,0.09937922264411794,0.1309420407559365,0.16170807551366323
27,2020,LSTM,0.02854383741945491,0.019848278915142795,0.03624015442221921,0.012383904546263922,0.06744944978018287,0.09786730250706675,0.07521969342169263,0.17095145996480735,0.8517783753500354,0.6416389502582087,0.09719451957024923,0.08554548780297533,0.0678731368797242,0.022901587851597634,0.023557677045833347,0.0016121078911899985
27,2020,FeedForwardNN,0.07955628667638859,0.013840577917026822,0.04372735463221067,0.012639908429340138,0.021841280806801713,0.04543191314090577,0.002355200395714223,0.05074134593939596,0.6301292976584331,0.4487665638854591,0.05000616140062823,0.03450964769168312,0.0545021320456314,0.08936784244189193,0.1266117296168915,0.11451919481293746
27,2021,HBA,0.0028200122993575793,0.08778204313465435,0.04948875067223476,0.005876893871045138,0.04410960812044522,0.056168149857615805,0.05096934321970382,0.26656962801539313,0.3419698649550086,0.5444659858021427,0.12972524759338305,0.05809258883407341,0.023633489530462563,0.03798499788338979,0.033551928957012506,0.04507974003465756
27,2021,Alaton,0.4936588846951005,0.5949382293660914,0.6334644139060581,0.6170351829768215,0.41651172451252383,0.05551962800826073,0.12691103658357553,0.0991308596234981,11.243221513579291,4.965966794942421,0.25571699929578073,0.2614099206565106,0.21817655745358042,0.45189551921790694,0.6042657013315171,0.6767347053461781
27,2021,Benth,0.0049984788553909705,0.1078494442318315,0.08836882800568437,0.03172318296289265,0.04052583166579777,0.051130295257923,0.062132091800653294,0.34687638016615185,0.30246863685646563,0.72450402122077,0.1791290987413493,0.09088358276508882,0.056337474794464895,0.0768278105820989,0.07738429405093947,0.020964441202612552
27,2021,XGB,0.02570383465377157,0.05214478539003824,0.021505454219336237,0.029024726966994895,0.08401781601413494,0.10377649618520834,0.09392760722009172,0.3348203845454314,0.5720806082443336,0.632991025275816,0.18367120911372367,0.10564941496966129,0.07097830586061488,0.07265005502237178,0.06891948035407043,0.02304798133460012
27,2021,WaveletFNN,0.11766594182839095,0.04016503675840024,0.04888575205692401,0.021362289900884453,0.009018290859687078,0.012551263759193743,0.01306734921772581,0.14664179949149275,0.09628690411105328,0.36679207056285007,0.020812776902570797,0.047990303468513976,0.07331505823736938,0.046195549831618526,0.04034165948243896,0.07006259399281245
27,2021,LSTM,0.10595487118575563,0.03794253068380699,0.03239052906352848,0.04718716985719112,0.07468630847452408,0.09033146738007261,0.07915799883948293,0.17521285670261383,0.4611402555102144,0.4443270520731889,0.1217706948171507,0.08287112518034048,0.047316974695997,0.05593709657203289,0.0625266094214378,0.00864090002873039
27,2021,FeedForwardNN,0.03435402278163483,0.17967325101898432,0.1924835153705092,0.17183066812840364,0.18855006010854794,0.20650968595147023,0.14519223108670956,0.17920121524503885,0.6321740805600151,0.13175125509833424,0.11100616017130105,0.08202037693131699,0.10024937363664665,0.047815453357189446,0.041298482460826784,0.08017042453517113
27,2022,HBA,0.03591845217811107,0.045207445263819514,0.06763468949359873,0.054493796216971854,0.08632962351580845,0.06339834424421911,0.13002143195983473,0.15456002176900802,0.38976452124917854,0.4618134804188522,0.22728905588100026,0.2044028329551881,0.2025320512572395,0.2795867139195553,0.12759528359245262,0.06135600354537653
27,2022,Alaton,0.635681471431341,0.6894149694248187,0.6857758127016439,0.6450310977072713,0.37324800220036514,0.16543702768869614,0.02341312179470485,0.7673763482450475,10.810811359044187,18.62501305537362,0.7942054391574225,0.6288196562578403,0.034174318112043155,0.2726715491597384,0.5416108190963207,0.6750062583706544
27,2022,Benth,0.06135680133489874,0.04803636798858522,0.09459045125401752,0.07041106075597986,0.07962011087075185,0.05972991017567257,0.1100432805991196,0.024983261918908282,0.33333583358282165,0.1025520065191834,0.15653354919077853,0.16251767032448008,0.16232620232880646,0.2263433843678085,0.07486829988925986,0.037415011494136
27,2022,XGB,0.061985538176905774,0.011487376217896767,0.040776622346112235,0.0203629118051604,0.0447842606596819,0.014627205097258289,0.08421103832672017,0.05941083050287073,0.5813298521456389,0.2255949094633712,0.1602647751100455,0.15146764043419464,0.15221169189598058,0.23982917752465877,0.0914792762129677,0.04518244026790339
27,2022,WaveletFNN,0.022692091066449743,0.10376440117658982,0.21986897576086908,0.22714498195211097,0.2725574354318051,0.33417367075136833,0.3972424032422483,0.4648530906304164,1.5518200753687734,1.3301883183745786,0.605330066433667,0.5961383606885354,0.4913486230114197,0.5357043530109311,0.31883419342347946,0.2750912775619657
27,2022,LSTM,0.09454579937107907,0.04107506369553848,0.027081361555780826,0.06951001806431834,0.08795109742884345,0.12679485524180362,0.1042223460409884,0.3101057365012332,0.8944165996972511,0.8073127289917339,0.15781117391980573,0.1291457905160687,0.12858306489112215,0.037847803574308454,0.14802229086030647,0.18394032636534213
27,2022,FeedForwardNN,0.04329632802151159,0.07426874367191941,0.10426506719910679,0.09069368306658666,0.11704315091457779,0.08498473035404724,0.12137560861734516,0.16367897962536965,0.548546681144723,0.09623142632779808,0.1771153148424631,0.13088002816074532,0.1307573126821928,0.2101470465377096,0.06034480565883893,0.03764767138100475
27,2023,HBA,0.16259633424173078,0.11521392247906707,0.11227070098644792,0.07868446376665379,0.09460209903079685,0.09583903524973635,0.15013369012178007,0.038594068642311456,0.1411446460110463,0.2027689751927517,0.20153421519829653,0.2447565376249279,0.27220273767264036,0.22661875974039986,0.15721987021177297,0.19056001191142988
27,2023,Alaton,0.7543124397591342,0.7852477232061458,0.7634157916997815,0.7126899519215487,0.437321530611027,0.13566571633980282,0.007433387060441326,0.5963707405948542,21.12263075469208,15.766575043433662,0.749510584318679,0.6685884650407844,0.001106257491003859,0.3224971684804977,0.5495422647452978,0.656611670669884
27,2023,Benth,0.08183943813918053,0.09396340444980228,0.12270012022209481,0.07982129632717755,0.07444408362360472,0.07810828244565768,0.12148270161810254,0.07852362548094485,0.21231792320332293,0.2586171590546471,0.13299689552569116,0.20170567714825796,0.22972626800347876,0.1780903315025194,0.10340738970206248,0.16291605047967123
27,2023,XGB,0.12213220296682754,0.0736689826972283,0.0788191526775632,0.03746347345097908,0.04579387116622869,0.037680702431318325,0.09659536332582762,0.05889358373925232,0.2594826105323187,0.018018900072363852,0.1281424623004697,0.18318000913971919,0.21151497952728254,0.18433916576509266,0.11521450235501367,0.1673451045799155
27,2023,WaveletFNN,0.03121436471017638,0.023664512850147878,0.013556706141315811,0.00044170837047441646,0.04726549325123302,0.06188853167365281,0.035185404932622566,0.240066915821221,0.5974906724873437,0.9336821968479564,0.0644010727474065,0.17534986461530294,0.20349731754016734,0.18905138270239535,0.12147528133461495,0.3073309250351567
27,2023,LSTM,0.03271740208694468,0.026755116433085625,0.005238552987616694,0.04412605503771286,0.07260274198433514,0.09724967972651047,0.07830761086987074,0.31935331258472927,1.0,0.7891737684787731,0.15108871369302146,0.08752208562263092,0.0656699291599916,0.043588575121535245,0.0382081318036901,0.016342773926209458
27,2023,FeedForwardNN,0.10578352221584511,0.039681343380120894,0.011589691193057588,0.05590910741058261,0.093196837218763,0.11729645677694302,0.09073540446503835,0.3518848492073632,1.0,0.872687134443094,0.15898825635421168,0.08612334528639679,0.06423769158267756,0.04146541774375204,0.00599615039559864,0.027736718114858495
27,2024,HBA,0.07593643708973984,0.20679408748272018,0.22091222492319373,0.19678308680537662,0.16338631053983677,0.12748028788021934,0.1058633146607966,0.002814201590017908,0.4715945171088327,0.42870314248052294,0.010590421374996196,0.03390602416883101,0.037475585061948806,0.08718751864632987,0.012308895119492435,0.015179962929764037
27,2024,Alaton,0.6141189505865983,0.6681129389417265,0.6696267784468543,0.6254174709940321,0.35133444013277654,0.21901925888935078,0.02096344044878511,0.5371150973238126,9.73509778018832,7.187957232165543,0.46568928953211985,0.37801360168714104,0.19633679750676936,0.415184745507937,0.6212054081256377,0.730961730835888
27,2024,Benth,0.04292599531754328,0.20830798281440852,0.2508611735981282,0.2125781996403222,0.15570211730330794,0.12250676970198036,0.08621476297576505,0.10991539645071113,0.4313417191526394,0.6430997095780525,0.04673454926423962,0.0017259266067015113,0.003071066445533,0.04361965982473108,0.03542559691664286,0.037273618117150305
27,2024,XGB,0.027911016525189063,0.1471357505830034,0.1678628196971968,0.1319942249692517,0.08824623300127934,0.04345811544285801,0.03176015387539546,0.1339875788414083,0.7038101923420158,0.5892964387323698,0.07804592796276144,0.039120643609695374,0.03406318700825561,0.02974467295398822,0.03996730026384708,0.04727150927365417
27,2024,WaveletFNN,0.05600200541213902,0.10145398728783532,0.16026426057789792,0.12157060272653497,0.10739543537886453,0.22193604164402814,0.4260782441879122,0.04017733857714856,2.1329912429432514,0.30859267031594034,0.6155883007445958,0.8554888628236847,0.7739569833383768,0.7381646758329796,0.5852469438778781,0.6066499471362311
27,2024,LSTM,0.11319390273413828,0.06163643677400905,0.0581170431146734,0.07823519179068981,0.09805897565395565,0.1422291010228578,0.10036886763823334,0.20954890870610152,0.8791865048702334,0.5491870062688528,0.138615626242678,0.09977522993288365,0.09503702042106822,0.01681577077600464,0.06838812893549549,0.05998804991136418
27,2024,FeedForwardNN,0.0996416763077686,0.003048392505161756,0.032078765342386364,0.026780790446850937,0.07089162328061699,0.03208337248952549,0.12324225752814202,0.17922996992521253,0.6154137199909185,0.10196709359298094,0.18149122121630776,0.19740298492911354,0.20370535118398134,0.2787307276361541,0.17858532952052447,0.1906900788655152
28,2015,HBA,0.04650795626653582,0.0719281759605798,0.05385604058163772,0.015908766272896224,0.00600466927223766,0.04548227237544638,0.021955741256728344,0.10663944642418095,0.398106305308934,0.06152837451390443,0.09091988517688356,0.0654419339140054,0.10675514028974392,0.21743897021949876,0.37215742504007127,0.41500419807650296
28,2015,Alaton,0.0008912020021939935,0.050392091851723365,0.03315383550762268,0.013152024109992708,0.029882945532667723,0.06563461422062936,0.016151294448046926,0.022183134666501292,0.3849776494067307,0.19963610370837656,0.0010818429684245358,0.002330000990931036,0.029193216642105474,0.12886399134393411,0.271798743932696,0.34188204764814567
28,2015,Benth,0.019683731214604327,0.029290206105066083,0.009814275432580568,0.013365082969168088,0.004234190023913801,0.02049628624548474,0.02697338618996141,0.037304861248912705,0.24139521609394946,0.06792420740895488,0.06193059108468261,0.06040772117894615,0.07028596810361848,0.16617213199748704,0.3078107243339724,0.3759510190989968
28,2015,XGB,0.06339076934433807,0.10632603437680134,0.08419747383097397,0.05387271616829535,0.054707951620864816,0.1117755749719645,0.042983844930353024,0.014711608587540795,0.6215181609993965,0.23492684550036264,0.005294842007771395,0.02756669857298001,0.03512381101886595,0.15461174271875713,0.3006622255739752,0.3490617357722906
28,2015,WaveletFNN,0.01999774254359947,0.07380787419358271,0.04885379329122079,0.03958678822564228,0.05101092431325685,0.09946790786475433,0.042009057461141815,0.05608890034130931,0.5322980601677937,0.29147950076766094,0.03171689337751481,0.03130910412060546,0.00949581270457249,0.11797819529394976,0.21474543960732398,0.2494358395612963
28,2015,LSTM,0.04212869002606721,0.05560808096078219,0.07175582098449272,0.07724810854763427,0.1047703395879569,0.1360868301536714,0.1158088829528301,0.1824878877264292,0.4158137216707567,0.48134547383134446,0.14860628565833556,0.13629525553344027,0.08427063443928165,0.06407240842037355,0.031166196594356377,0.011638129674061876
28,2015,FeedForwardNN,0.025563919336868236,0.017938585268608816,0.007817395144833723,0.00036503320387742613,0.011712501543797368,0.03805587983587718,0.021233287267287022,0.057686689575084805,0.27336166246305604,0.31810925814654106,0.038023593570139735,0.039864309672154624,0.005625574516691698,0.02043081720818518,0.007285692095483478,0.053011062396261494
28,2016,HBA,0.0013349428333913915,0.020734772962933596,0.015803833948078074,0.027756859079961543,0.011324037786997164,0.008551455499379659,0.03492715753771772,0.0021503056374536146,0.4322082571736311,0.07111591757812363,0.053035878607683114,0.07005393469142498,0.07120501561360183,0.11997667409841067,0.10043419914242353,0.08800222673946281
28,2016,Alaton,0.012966337237656089,0.01073932548826586,0.01761904336253292,0.0432670031922087,0.05079644346495364,0.028504466143670797,0.08068055345815688,0.1187371646526817,0.4466609890655795,0.2094027925151692,0.13122807646820936,0.12585455609298477,0.13662847822095248,0.1826498933300223,0.16299796007086714,0.13124998566339724
28,2016,Benth,0.006716657860938312,0.03325120742540339,0.006389625258900513,0.0171090454200687,0.016617758176117103,0.019834674815476322,0.03918854900430913,0.06373230658534099,0.7968378390614017,0.07526937982032168,0.07683212768087853,0.07356857787136319,0.10102392274233485,0.15475418739488672,0.13853570406963392,0.10850362931836421
28,2016,XGB,0.02511804788275239,0.0215899523721098,0.05085566902909558,0.06839630732230959,0.063202789043511,0.06547080281914516,0.09870697092239641,0.08848723676337954,0.11381473313039543,0.25137798329255323,0.13820013030373304,0.15247830726864245,0.13159216397688217,0.16489114044829334,0.14547598768111958,0.12621075931984815
28,2016,WaveletFNN,0.014703991381143627,0.036098654138697645,0.08424032820288753,0.1110472933671984,0.1211895762977229,0.1120570254752839,0.13362718818918212,0.19685429249482653,0.08260819449256754,0.3616195435588877,0.17190770684874052,0.1525433156449898,0.1410301603038554,0.17906176853441932,0.151921675761106,0.1430678249393924
28,2016,LSTM,0.09654144187617672,0.06019547658793585,0.06710792596467383,0.07742017377655477,0.08522220092178588,0.11399632047461836,0.09719320778563197,0.12231663570509502,0.7273321147163225,0.385089237677112,0.12457687998884805,0.11032153485412523,0.07632827860007509,0.06767036711562634,0.06342910491965058,0.05247784612836861
28,2016,FeedForwardNN,0.1259923560938748,0.05866694228254379,0.06394114682979966,0.07556119224977893,0.07945593398713843,0.10911369300750141,0.07709404154189266,0.11122713442145991,0.7412847365309817,0.3247378809819484,0.09101423593863224,0.06705808070370724,0.03294139475073437,0.021595669543354273,0.009625053906877064,0.03741334763647431
28,2017,HBA,0.1798440916392044,0.05165039911149075,0.02759268675012414,0.022755738805815176,0.08943367962871403,0.04096736094884279,0.03235149200618153,0.24027479636209928,0.3766979391553578,0.5895755732108989,0.02972983697038512,0.0506935749348593,0.02502610798641622,0.0051769510937334385,0.03605171956825254,0.017284937381207878
28,2017,Alaton,0.10589617468521938,0.010163808475037492,0.06422243554333901,0.03724061371322773,0.07392597383056816,0.029273511778372327,0.0010171473472672522,0.09759461955209514,0.35552534382704365,0.3565776033672991,0.05327070888136949,0.10550126765469137,0.0926809907696989,0.06693767732723928,0.10309403530395089,0.06356497240833865
28,2017,Benth,0.08696773174028342,0.011970785657491026,0.08990681851174252,0.06501753009089976,0.11142245559571934,0.07843525311547554,0.04434757052335358,0.16390289897005142,0.20583659171996033,0.5787939332501281,0.003564245339340525,0.05447126777689508,0.057109363821536765,0.03667857210317677,0.0781741434778089,0.04022257441212123
28,2017,XGB,0.18856873204487096,0.08255857825115974,0.0015113339607081638,0.01332760255912365,0.04021427938610091,0.025936641029128536,0.028416746703461605,0.1419904285170629,0.5960014773929159,0.30686034828789605,0.05551547944813698,0.1282310232332099,0.08377725831020334,0.04307918424094826,0.08184303516145522,0.05720916979894792
28,2017,WaveletFNN,0.20457065238865968,0.10213247098170973,0.03690502384953806,0.04964141741938175,0.031237248435034913,0.10482230262049241,0.13028876384612534,0.017412541988355623,0.738951829613375,0.10315667365267982,0.2082766407866296,0.27331638614960785,0.231977756085965,0.18599557016234822,0.19610041706102407,0.17939418696060605
28,2017,LSTM,0.05973458214230649,0.054505530159498265,0.06546135653143172,0.07590095245529777,0.10155922134587216,0.1445237987320414,0.11403835907899981,0.18960829667347942,0.5147770714506331,0.7083432183205983,0.15496375976217386,0.124072702226775,0.0878536865290819,0.05886531601451394,0.05298346915150398,0.04505610733818431
28,2017,FeedForwardNN,0.06374146481665983,0.05617327239713133,0.058438082521286815,0.07009629766930413,0.09580287921223396,0.13274016486995058,0.10595697743066257,0.1869422254132822,0.45105240560698023,0.6953705019924284,0.14333344812214058,0.11239269255534402,0.08745997536712123,0.05746717019058015,0.04629607997198411,0.05411595303949986
28,2018,HBA,0.14022132949901991,0.0575895181438316,0.05844302374110778,0.007629763799280471,0.06538920773434624,0.07809172144670265,0.05373862102808837,0.45377152136372784,0.3128030458409485,1.072027313089978,0.15613499191709443,0.026662575816796905,0.015644415112677633,0.02144142389604294,0.005300382049411374,0.06970651695209103
28,2018,Alaton,0.10499031646110725,0.07313079972513399,0.06431273058903936,0.013024924296971382,0.019191264909932462,0.034626706100575735,0.0009649818989333402,0.2810897592095906,0.3198358329320002,0.7514242873251651,0.05876799086151165,0.03590595388356231,0.05635282558941251,0.052256891994325226,0.06570503982373786,0.018493231297395416
28,2018,Benth,0.1270020729754688,0.052323204022326236,0.04118285878507736,0.014334714332769453,0.05652807787600062,0.08708448329678142,0.04684275844427236,0.3629846376517618,0.6516919733924227,1.0605423120223518,0.12615987022667846,0.02246033326817162,0.01711542201157062,0.019671981544312798,0.03820264287386073,0.045363234677481115
28,2018,XGB,0.10345963549905314,0.09869957008174919,0.09398430092224774,0.03733038247543045,0.007487303453540019,0.0023829858943964304,0.016452645952013407,0.32573866665347984,0.18476174473447413,0.6664923979254374,0.05312627726148483,0.06206805418936265,0.04923508219227764,0.0299647801252879,0.04397808896782279,0.027087474078566393
28,2018,WaveletFNN,0.09177080082808074,0.09065632002273286,0.08531868466539788,0.030871279770633663,0.00886659334464326,0.006294948059688802,0.022374844301273827,0.3042654224501109,0.04122275468577296,0.7003369517019817,0.03243484017641453,0.08075675818302291,0.08797417868606322,0.0621573275896485,0.08618807042987084,0.03279150306643046
28,2018,LSTM,0.009348933181204338,0.07942621885437551,0.05408905087325419,0.05433695582988438,0.07674001741183199,0.10252374333885787,0.0831087414249492,0.1477815765065517,0.5789438124046937,0.2709055629851405,0.10941606411304138,0.09374259253938787,0.06775277941594604,0.02857287151952721,0.044285385118558986,0.011750112823798906
28,2018,FeedForwardNN,0.008755450754293423,0.09035628640737206,0.06210930953338525,0.07913316539108835,0.09846232680522583,0.13448680772098834,0.12968875933001958,0.21247843381727619,0.8001309327990779,0.22670508517259233,0.1874119243789696,0.18182749757959835,0.1589688430666753,0.0979491272020265,0.1097486239675402,0.08255825268765277
28,2019,HBA,0.05963064525588218,0.03060295827733506,0.06363960387764978,0.06756358076827983,0.05897748537593044,0.0650396847636279,0.04146615898295716,0.04955617964537715,0.16765633513177938,0.21781286829689564,0.03031239109301671,0.01084998565542064,0.005494192718399767,0.008909835313361706,0.03440035751819095,0.04093131550478005
28,2019,Alaton,0.07190696570313354,0.01921965859736622,0.059519151226241,0.04771569101184909,0.013365644256108158,0.02033846840392215,0.012993115196489134,0.07990231955529953,0.1383695346712138,0.010755240481374837,0.06252011951740591,0.05752682289832475,0.07009624373742446,0.08320188062410057,0.10471809398698809,0.009433108251721103
28,2019,Benth,0.05101657288778418,0.04470578521101584,0.08854138575505906,0.07981399230389798,0.05435662451887932,0.07771160737711455,0.03726666947453374,0.0147246497587373,0.47304834195920065,0.21471857302331712,0.004113834101183517,0.006414455749872252,0.026843694880111527,0.04798968663632269,0.07532967699085637,0.019645143932483084
28,2019,XGB,0.08434484463887429,0.014352726525409273,0.02376381877398732,0.02090432391851506,0.0008939177984291499,0.015462991274974337,0.030066682600452886,0.045322052267273386,0.2923412514812408,0.027553749664648314,0.06602513705626324,0.08155329600591757,0.0635801809549388,0.06278124555847081,0.08609342274782802,0.0044205943377310835
28,2019,WaveletFNN,0.1212642549270262,0.015527094920628594,0.027847702124405044,0.021704158125918974,0.004182181107694668,0.03973072041073984,0.03061508115086989,0.043641594433198205,0.6414714081489556,0.1781456665085904,0.03820583809329572,0.0718564714246981,0.03551223837129495,0.0012988124310856421,0.030132649308822798,0.06917538698984185
28,2019,LSTM,0.06759412857749045,0.06775464381731724,0.08411939280705913,0.08269255372129902,0.1181373711517974,0.14793634136291958,0.12334522506836977,0.18688160710438756,0.6523523646450657,0.4141692544146217,0.14661115747314998,0.12747223326035748,0.09942893456893227,0.07391805948965274,0.06755406616568063,0.04218763230854173
28,2019,FeedForwardNN,0.04769320152842824,0.0066609718745552805,0.022153943960944212,0.03295472221706972,0.0035295524833968725,0.023129977417995235,0.023405101661139863,0.03410700396423074,0.47440376171852,0.18393262763823373,0.050650021976766796,0.06299121008350794,0.04524852224009555,0.023138939256156586,0.034358751221341154,0.002175316160618606
28,2020,HBA,0.05792950110529144,0.14037920352889977,0.10285070394366044,0.15984613751777862,0.15463807120542966,0.13749874977479568,0.08771689032137836,0.2776021527631673,0.07649256797546712,0.14854537316738403,0.07904117358070074,0.011808067026061228,0.018014835213415452,0.0035965614597292398,0.04713753735004486,0.006861367436823547
28,2020,Alaton,0.0996313840983954,0.15773992487193203,0.11870561374139149,0.15456761087460968,0.1169582159402512,0.09981649392459618,0.0363246814010761,0.11280918931282766,0.1142047960946474,0.05863906952024871,0.023284603996907186,0.08272780182960462,0.06179803557111852,0.07435076976178523,0.031926444007210196,0.04290405624451731
28,2020,Benth,0.12732414241078818,0.18924318448102795,0.15174356377549783,0.19251503741823164,0.16520263921622536,0.1658320641318443,0.09280011270465606,0.197159908675781,0.17369068722046735,0.14861490023137933,0.051343883356902834,0.015688357642554565,0.014833401925467565,0.03611824805195712,0.0022114174452433086,0.012762743808763726
28,2020,XGB,0.03515414709660418,0.09366711122204702,0.06295261508810439,0.10986968321859493,0.09072683224480195,0.05028539822354399,0.01160790653189706,0.1566740175186843,0.45464216223700993,0.09017726492251753,0.02523013253239256,0.10451940376092653,0.05429424234527714,0.05276068949671029,0.010426245983645041,0.036639577456155335
28,2020,WaveletFNN,0.0055994465941096305,0.04546110400490404,0.03856831219499919,0.0902827855691211,0.07751482039844629,0.042878425673186865,0.009771419401867596,0.16998952734600659,0.389570885658878,0.07661603090051161,0.04517226522868702,0.135339947361794,0.1123087885819317,0.09944705347609,0.07383517042079811,0.0808593573174968
28,2020,LSTM,0.1290324644046428,0.06404668722080845,0.09969650021861405,0.07835593682973964,0.1115107540297421,0.14829503452773998,0.11970983336168761,0.13956255403402232,0.6075615631426196,0.3801005774199219,0.12981776669851783,0.12839362781455127,0.0690507525123068,0.06731765279989267,0.04929904810305628,0.02524402296880193
28,2020,FeedForwardNN,0.1033145774114934,0.03746523938750416,0.0810554530327923,0.05681938768214938,0.10541452098271123,0.15297494451098878,0.13074384126156552,0.16325276564427232,0.746785950668204,0.3877451566151336,0.16514422292731473,0.1653754750471879,0.10839994921255695,0.08765736006951917,0.07015841663257352,0.018121791420847317
28,2021,HBA,0.0720034122433455,0.011151841535205837,0.004597706258814028,0.04414855739883756,0.04130192606288095,0.036475142972835536,0.02264939548591201,0.10885395383719469,0.04691110043810378,0.06498215754242156,0.03656322388578315,0.011793263723558947,0.044869531773505056,0.01458832824210071,0.007236615168039962,0.07664685369274235
28,2021,Alaton,0.03980533871288508,0.0011028219074617042,0.0060967474988647815,0.05152903244972114,0.0768652087953094,0.07396978085127234,0.0743558675514324,0.22955196813011788,0.023949124273966078,0.2506759760620152,0.13489698035009673,0.06835999547359377,0.04269317850534086,0.06931883310943289,0.07251264464615671,0.018974600357899416
28,2021,Benth,0.013163183377123334,0.03117995647376365,0.03892199544897144,0.017073126154223173,0.032726045845197595,0.012258196731259899,0.01837449750010072,0.16459018847826382,0.34133901625167806,0.06316072120318679,0.06130982180871027,0.007440022967379302,0.010523959697791073,0.02667137300932377,0.03625555757346164,0.05452259453858755
28,2021,XGB,0.08142915231253434,0.037678715451190364,0.02628801569117428,0.06978397970139454,0.07459684559777897,0.08476304772441358,0.06657694337496174,0.16350649786707958,0.26039169920549743,0.19290134996129538,0.09742214743450318,0.05085191691037033,0.002171283234858414,0.020808891019338433,0.029720889286407644,0.04664852340168538
28,2021,WaveletFNN,0.11037757251871304,0.08129675474827923,0.04769685951944787,0.10191872623553089,0.10636298427983437,0.10318090317684409,0.08848077114020111,0.21433464831138765,0.04820810152877904,0.1782533972769341,0.12160387436367943,0.05203821389543914,0.030845755963385187,0.05438999128147758,0.07006906388424984,0.0020069994535674585
28,2021,LSTM,0.04619906977888549,0.05822027205216824,0.06067108361128744,0.07776648199549699,0.09774521419041544,0.14016974584480127,0.12015401142647197,0.16597804169523284,0.8730848690504942,0.45906350450450417,0.16840670907778427,0.15464532595163558,0.09611669919767164,0.06323208118989192,0.07043796614452551,0.03614601241219229
28,2021,FeedForwardNN,0.06907418886412735,0.033079293745240004,0.04196822055689202,0.01903218713599556,0.013825336492208955,0.019353548125076232,0.018512494810015732,0.037970040064906334,0.11485748775645713,0.02018700440186053,0.0029017283084891935,0.03271237098650192,0.014398365193721169,0.02671207352489104,0.014024344036492817,0.01920635564291496
28,2022,HBA,0.006475694310447535,0.0767087149445324,0.10614804330520305,0.09850435563218302,0.14729899435236138,0.15252408233710862,0.13771461667979365,0.24209442511339485,0.24311169445741715,0.44896075860105517,0.18509020538912424,0.13246576072428273,0.10488708395142708,0.11986440460715014,0.00711117427912682,0.0880747145299701
28,2022,Alaton,0.05729460433310842,0.045463121056655016,0.08680493366542784,0.06486180192966454,0.08361990977320656,0.0891365254177459,0.06586439072340497,0.07628288100074171,0.18477836717871973,0.17572975093128335,0.0677917458175448,0.0469637417293787,0.015532539946498536,0.029311481094436743,0.07100235531577909,0.13435266905981266
28,2022,Benth,0.03396281657698495,0.07459013469954001,0.12007656099793938,0.10138840632807213,0.13290369605992922,0.15848552224439086,0.12726569512221725,0.16245231553746792,0.6019989242180995,0.4532868467320102,0.15396251992590892,0.12774965309102973,0.06908340075842877,0.07405791401798009,0.03654399852088988,0.10569091088467215
28,2022,XGB,0.044680135104584254,0.022285308849509675,0.05837080594350618,0.04504505805830796,0.07894706560005718,0.060707923994105364,0.05659639683463685,0.1263465873111925,0.2555049876411658,0.15874083337583042,0.07404689132025168,0.03048320599806469,0.03015408686106541,0.059548541941065715,0.046132269957165066,0.1256150320085693
28,2022,WaveletFNN,0.02794064867019093,0.10697831378224304,0.1395733402445646,0.11306611896869433,0.14527951371294598,0.14083012693086033,0.11435017289965016,0.15842426877127982,0.06369088541657161,0.24508324253173103,0.11069879917677933,0.07589262205005588,0.05196674073889272,0.07006812751541948,0.03255975995379663,0.10249665235942279
28,2022,LSTM,0.07076651748384688,0.07281829401232437,0.058547049882924286,0.08296745646037841,0.10832976109777843,0.13533714994723264,0.1188867974985868,0.22300933554202684,0.6035656032514752,0.4636088692471057,0.15473986643315996,0.12232921444455885,0.11291330198443524,0.07144107527102522,0.08121068181688972,0.10871708040102852
28,2022,FeedForwardNN,0.14946577851986406,0.08446310973833626,0.04908389275349787,0.07349678534677738,0.09923185608651282,0.12830640777459823,0.11363791698307667,0.2147528261971157,0.6323733667579932,0.4509329065365171,0.14910867443127768,0.1240791928553379,0.1146820546825599,0.06804129036333754,0.08016158456684921,0.08731369748771105
28,2023,HBA,0.06912496202884966,0.05934015866711955,0.08649621608466862,0.07427842689306449,0.12630306458185647,0.14746360824132532,0.1636482691356747,0.21808501860181603,0.660821572435421,0.4677210785718591,0.24290457079947606,0.2344068162227444,0.2543630809307218,0.18201277004184468,0.13147676088066346,0.2034926066982657
28,2023,Alaton,0.013955106438023215,0.012930538403041796,0.054823342627824574,0.029500867538467982,0.0505946015801133,0.06782088963279992,0.07617223484210839,0.0408444673430168,0.48573322249439443,0.14060612361641647,0.10455347146223636,0.1264084095378955,0.14195587918433822,0.0786396623686164,0.03605490791275791,0.13306078074945557
28,2023,Benth,0.014233261313651324,0.04560885059118919,0.09219590039294329,0.07036435840468616,0.10604076883334494,0.14739687866257395,0.14877552385807705,0.1379626397319942,1.1507023083612198,0.4691484827861473,0.20952200706080928,0.22922625282079967,0.21293800270383248,0.1337920173605935,0.08114442715085418,0.1769567929767697
28,2023,XGB,0.02553885687232161,0.0053587043141734,0.03760248017232807,0.018943374715569658,0.05420733398170979,0.049569910387170575,0.07251678004254093,0.09249285485002207,0.0629346818345371,0.14891552808883585,0.11331067621513218,0.10972204975746713,0.15527025444389156,0.10730242244335221,0.06090050752973287,0.13787518084311243
28,2023,WaveletFNN,0.03956994761769246,0.027238562275084838,0.00487139060607967,0.009121270946042271,0.00994042230905566,0.015150478286147597,0.05491471851907622,0.021628000006172914,0.14154721802871872,0.005519632755682107,0.10269950182352049,0.14783891043960315,0.17847775482288256,0.127403031579632,0.09503866815676562,0.23441834146163332
28,2023,LSTM,0.06381046770729898,0.06627676817659633,0.04881633989960961,0.08581473351070644,0.10069381374186408,0.1362955890554313,0.1138736835752567,0.22030679740214523,1.0,0.5472028061774019,0.16204396430140178,0.1328111042433,0.08978236619265477,0.05797725491789565,0.04907179200635527,0.01728317676896444
28,2023,FeedForwardNN,0.11971980046693076,0.05759117106646544,0.00787811056328996,0.04027179460151793,0.024534942475770323,0.043845488058988205,0.004544397830709548,0.06294030834685817,0.5123222213418744,0.04423714452339405,0.025901762716416765,0.0670798569141796,0.0803180992475343,0.11243105926805928,0.10471533029930317,0.1778947638613141
28,2024,HBA,0.055723028778602114,0.10640128387975403,0.1258772646722549,0.14023060184440173,0.14041763887489106,0.12057657687177875,0.09671072276641361,0.1716209874522392,0.13391355527161125,0.03704883983194571,0.0626978231749965,0.032181880760922335,0.03676235982170047,0.0642360151100059,0.03898175330142164,0.043054643526359127
28,2024,Alaton,0.08518569158475497,0.08100959030073031,0.1080951978095434,0.10311993217023259,0.07035908063266849,0.045124527864594345,0.013231869675597717,0.010621862623399488,0.2785448738800856,0.28449816734797156,0.0681904499101599,0.07081278038091494,0.06387762885742353,0.03632480444961622,0.05489940870564323,0.022221153062002282
28,2024,Benth,0.054156014559284774,0.1213462674184387,0.15313175987567218,0.1531317927469588,0.13468215369716702,0.1341290116382785,0.09161706871697935,0.09508967246664156,0.1270341698582105,0.037925419125986494,0.03427554422004402,0.02777189184279236,0.003484430064089051,0.02058304228703901,0.007512377078976135,0.021307942888240713
28,2024,XGB,0.0987294803835796,0.043319637714818664,0.06855533936551757,0.0737385108678227,0.05728350992218931,0.013038610369751655,5.860210421166055e-05,0.03309439220602936,0.5544658070855493,0.2722407446981089,0.0620040533504297,0.08347095424628327,0.05519620174239924,0.011373238170117464,0.03178849473777099,0.013560616527763423
28,2024,WaveletFNN,0.0657843406315938,0.03896808451352959,0.043407634711814275,0.04164899371041449,0.011907477684139349,0.04812234362643699,0.05582979093476438,0.13061258868280895,0.5126300407328096,0.5477128407848735,0.1438391952292553,0.11508463369925434,0.09079846958511097,0.05324551973371878,0.07279550041485339,0.06193709991997441
28,2024,LSTM,0.0907085372018864,0.064847602918989,0.08698202846779189,0.08870965070880901,0.09604467381162027,0.1208103382445683,0.11013813643075955,0.11549292718910836,0.43846557329051006,0.2968296659731365,0.13607515738649478,0.1266876726555852,0.09732327817585194,0.07954078368323753,0.07403318076365993,0.05392143036190285
28,2024,FeedForwardNN,0.08187225389075883,0.04583938682674733,0.041718633910771574,0.04494425501642806,0.048204402212272415,0.0682282118296051,0.061640821785677605,0.06212272964204044,0.32506234473689216,0.23906834486545436,0.0938388694898536,0.07939663280334405,0.060956366957077034,0.03978520331736399,0.05609073997056954,0.026366995564952644
32,2015,HBA,0.024188584050485774,0.003980731691741734,0.004372570802545089,0.013147687600764667,0.00017283993112807136,0.043160763644828064,0.05823466099203795,0.01125573208219023,0.45509386780186745,0.24722401657114493,0.12304573138744643,0.16112127822173283,0.21012611702063472,0.3359943249614804,0.5177677478163555,0.5877281433425834
32,2015,Alaton,0.17696324428743979,0.2421987021107291,0.2128560440877014,0.1602667005930938,0.05442363427249064,0.04526907995901696,0.019256312849787637,0.33187573757678984,0.9929569214108166,1.2556344384311224,0.15906073486422423,0.019162139566438696,0.18588640689363048,0.17915181390599919,0.1153572075872889,0.07184389972587127
32,2015,Benth,0.06960292147631159,0.024404661985611215,0.033194650374291,0.04057219337080982,0.007039788350258705,0.028185851573026968,0.05500521802795468,0.056732559633797607,0.3630439294174556,0.34781737246951305,0.0813861753442561,0.13929854314192958,0.17277237997023592,0.2819049109896279,0.44171054852956465,0.5290396154713496
32,2015,XGB,0.0036720840861561334,0.04707245207748521,0.042484704207186856,0.03337690084241448,0.059145863079158346,0.11981660266098496,0.015546268060280626,0.09977009655531704,0.6965580694452596,0.4273821520291819,0.015147963342051466,0.0625208766309666,0.12803650231710098,0.2688189565497974,0.441527047162061,0.5211157805357676
32,2015,WaveletFNN,0.046724095902754136,0.03967302952578713,0.14639929995270323,0.16169502819165565,0.14053991218716425,0.09746886372318127,0.1613244270228917,0.1262532026945221,0.31196836810009626,0.06258416350572908,0.1620895006136484,0.1969533336393963,0.2269575519256006,0.34512553670311213,0.49840117260771205,0.5919990108484717
32,2015,LSTM,0.01977877355495068,0.050136008701628224,0.04565785559742712,0.039218397391920616,0.09844397608166619,0.13758727514776534,0.11604174982550136,0.22715025031687833,0.5096869705488714,0.6800787690093065,0.17554332433916112,0.14837209492623324,0.10828422726975691,0.05477712729251844,0.018513284780442823,0.04995183611448001
32,2015,FeedForwardNN,0.08472429080626531,0.011481927092862955,0.03496374723622218,0.034374770711737515,0.030256416078068858,0.07766883301801288,0.057164400495195375,0.18928011678175707,0.5283755011450953,0.6838840675128949,0.1321361741275604,0.10678930631647564,0.06007948720880993,0.0036399580582869855,0.08510191204327168,0.1579625066663608
32,2016,HBA,0.1051193922717093,0.11283858488901621,0.058896854723366754,0.02973634690830433,0.02758055093670508,0.039305905316520486,0.012123783097658776,0.04060341073053476,0.299510346920393,0.24258668513932616,0.026066648967012482,0.004531451249159782,0.011514716542950663,0.04134017788887147,0.025958425918502857,0.0043184834075986915
32,2016,Alaton,0.25389504282198977,0.22660340601340406,0.2124874312846526,0.18661563013722873,0.06714477481442468,0.0930993658587823,0.0851806686687822,0.24930502669764731,3.6491741584417356,1.2287875221761373,0.0013861191410595019,0.12623616245800645,0.31451470277308635,0.403155266613162,0.4217331988198626,0.40570162478415656
32,2016,Benth,0.09860230243637108,0.11427916710332954,0.07753416017767087,0.040885429466507923,0.020340084975434103,0.042042438205953346,0.001652757950582785,0.10418670010587361,0.5236525048115583,0.33635243695212586,0.05963241044494718,0.020968672260480523,0.018596482473403585,0.07687482322376636,0.0687233587838236,0.033430200175529244
32,2016,XGB,0.07298774120345622,0.058798621988263404,0.013437540759130617,0.021887430993660133,0.037982800380022524,0.047908737929971815,0.06185944972430886,0.1499386235522877,0.26818123067658545,0.4249920321315666,0.12191028131653683,0.09144273943481963,0.06040758751755047,0.09183035710360811,0.07605803022092691,0.04882598690128218
32,2016,WaveletFNN,0.12592249160901398,0.14373443987610293,0.08022290265347279,0.06212487573202712,0.0006810105381385916,0.030225957133385408,0.07679392012790696,0.17683044865082223,0.6858757636984002,0.6818234504698618,0.1950434104300149,0.18561361389021283,0.1649460264047222,0.15861824657528534,0.13132519272892143,0.09972438747429362
32,2016,LSTM,0.20372972270949707,0.12052659144295004,0.10492980088038506,0.1052161341086101,0.11938891069832001,0.1483297174381598,0.1279998065475914,0.15087025652650787,0.7905726905178373,0.5291734600007386,0.15366386639639454,0.13296401588704412,0.10080617975450891,0.09150113509934543,0.036420511160206774,0.005782441314398683
32,2016,FeedForwardNN,0.09285853189249862,0.03388714841750294,0.032452452923825696,0.01685075632687286,0.0060948618885014886,0.029591665928069343,0.018347084864747655,0.05129265705486679,0.5510234774148223,0.20824666775189765,0.015066971184189,0.028556855461322455,0.00013553580459688014,0.003588142599383814,0.06358098813937271,0.09634168037256759
32,2017,HBA,0.1386079271374327,0.005087490309000291,0.07190615028010612,0.05190086734590898,0.10202764016281615,0.058972200644414344,0.07585677300249542,0.18164079379487164,0.3814806350710591,0.7512816279189892,0.07469113118640908,0.039604015483873274,0.06981553121829642,0.09722306208177864,0.036578281630410873,0.06276832986640211
32,2017,Alaton,0.22429493616662796,0.18630921474891898,0.10739176508352971,0.09291812963999739,0.06609337345272345,0.17124661919379866,0.012370723898249131,0.5246264354276297,1.2469537955552827,4.041985231720478,0.10193622871891919,0.08530896428820052,0.26811122051207975,0.3094364142756152,0.3761718358173721,0.35592355529935166
32,2017,Benth,0.07445764580614482,0.03794472800145448,0.12249844157338872,0.08843148036640794,0.1172740899392381,0.0842312287033753,0.07840893969248794,0.10346577199423937,0.25379393360552194,0.5312643901612286,0.03729274629111062,0.022368791892121844,0.03666224411623263,0.05331267754602453,0.011099910221514953,0.030486229070303166
32,2017,XGB,0.15612107627836758,0.0486143402127578,0.02957994178214829,0.00250824403030152,0.03634183072501273,0.02373841115603497,0.0012701408420825898,0.054213964717965524,0.6383532705785943,0.3502612233719654,0.026901019969115782,0.047843522964754574,0.004527288089855564,0.039115772139918126,0.017753842937723398,0.011777680312061653
32,2017,WaveletFNN,0.08424812522879205,0.1978852128726659,0.27656090217618473,0.2139155146800346,0.26329396075921396,0.22144582080177094,0.16754273499683645,0.2282285290900103,0.2066564612756437,0.8972053742506614,0.07676258202615492,0.028560522070775068,0.04822276172946364,0.056760796995714666,0.020118777037041836,0.015827758864569656
32,2017,LSTM,0.1051942499596759,0.04727306129107362,0.02093710886511736,0.07533723395889849,0.09740387926213265,0.14457940901495311,0.12253305769282326,0.29951077248254826,0.627180355339721,0.5160261711588434,0.2055292631981626,0.15551660567216619,0.11617763482712203,0.09189726795643041,0.15478984314814986,0.12460368859147451
32,2017,FeedForwardNN,0.048614643667680035,0.01175770959203686,0.025431772117742512,0.027423678716240338,0.05725990099606168,0.10507959669408173,0.08067465368019867,0.2758196369631699,0.5942702961466323,0.5477220655828821,0.1660643518221117,0.11084654853966536,0.07134778159917435,0.044738614105144285,0.09882716243495986,0.0742766213087912
32,2018,HBA,0.22347981816960297,0.004709095965146947,0.014866660443621584,0.05011741575084013,0.0893595959123846,0.08673545346437567,0.09217788567209435,0.4622880356154272,0.04095733713478446,0.6324645032512624,0.19492454420653604,0.09366923468713308,0.10726730841438598,0.12161859565111441,0.09913273514334726,0.15455761493764758
32,2018,Alaton,0.21836948109002566,0.3133512285638441,0.2734563263990018,0.17826198671538102,0.025116675448375595,0.12086103741670061,0.022759028637557167,0.8634590230692492,2.66743953056827,3.675650616291166,0.21486445197189102,0.04167596512335806,0.23847137512330688,0.28706193990552953,0.3314224010864759,0.2917631644474146
32,2018,Benth,0.19145271424648796,0.0016660657149234225,0.002322620941846222,0.055854140767939556,0.07762829018885306,0.0863651353308119,0.07843743848472068,0.363697938886257,0.23877923677020635,0.4348446021455823,0.15321703898579464,0.07624313193639105,0.07402816338101141,0.07879131666802669,0.04904147624780981,0.12065344301607106
32,2018,XGB,0.17872774097075064,0.04788486329496257,0.060445005605769556,0.0071600900807072205,0.015741656374779527,0.008036083261801271,0.008074483945647023,0.2883425726116785,0.4228383101622918,0.23813953799525542,0.07169458911499363,0.005458621862507757,0.022400533511138,0.05665110033633834,0.03715641641049859,0.09928474398417377
32,2018,WaveletFNN,0.19829949211307735,0.02425478940497013,0.03605624185884014,0.07998559660393476,0.1368318286166767,0.1224842455121197,0.09611937162856488,0.49741354423917106,0.12780907560971747,0.8526916348043587,0.14935509561497032,0.025757467557406277,0.025110529736123703,0.06351293618007176,0.015537093199919982,0.06855090185830767
32,2018,LSTM,0.07285370616401585,0.05951844259816598,0.05971706290611584,0.027731016326535643,0.08504247643852686,0.11970622449871207,0.09196051269312468,0.175658481307938,0.7244146664215012,0.8194296960550569,0.1273046124024661,0.10304004579009048,0.07581799441028829,0.01847047493806994,0.015495714045217452,0.04532404392062701
32,2018,FeedForwardNN,0.3058225140184515,0.06111849243450097,0.041921264955551714,0.09744554056752769,0.04292572187923818,0.01344338455941202,0.012334943417474547,0.04651973519599542,0.500875443109181,0.7057148275630675,0.022405644090772392,0.036968193927598335,0.013108737327194512,0.04115401191898041,0.0664084724868427,0.1179169286911372
32,2019,HBA,0.012021961773915915,0.08839083150772473,0.1164886415632657,0.11584096682604744,0.0859236553814368,0.07561769999399726,0.0842779442671993,0.018106496823612386,0.08599161579331392,0.014488931795208555,0.06536222938435718,0.08309450859462598,0.1037931103543418,0.09603881061364179,0.06889828835646193,0.14361262751909606
32,2019,Alaton,0.3110016605663307,0.22336452332086681,0.15366078858624704,0.10901444871404417,0.018752373739221048,0.11045112083138113,0.028410839548299902,0.2805805068987168,2.1365115460814605,1.8547411166630379,0.06928327284492872,0.06188977657257003,0.24150851672571041,0.30025734531320003,0.3450689715568868,0.2911239819391743
32,2019,Benth,0.015202616654587253,0.09117893514964234,0.1367351826971981,0.1278764279307365,0.07904512589986748,0.07861928687177784,0.07311627729125603,0.04895675526441796,0.07194163774775676,0.11470635897627866,0.02791761150303675,0.0641807941184531,0.07088627190255078,0.055600166380633004,0.02162764074216653,0.11355093306893158
32,2019,XGB,0.04473904473902044,0.03129125520329143,0.06435913593599155,0.05518487211434995,0.010909615028330934,0.019449226203612006,0.0008103977121027232,0.10768342514747548,0.49551101525127034,0.24125355572190085,0.04415729152895054,0.012778945030783091,0.021195242753782213,0.03548689018137978,0.011448386120177184,0.0962180467059405
32,2019,WaveletFNN,0.02226128467563039,0.11021627194068413,0.14983568360652083,0.1715431875591201,0.12438936127665035,0.10990270382196837,0.12914080964059943,0.06792942159624958,0.11726486204481167,0.18774523330237722,0.11488803982537481,0.14041227663469114,0.1439598803669036,0.16532338188690915,0.11344809745692618,0.2543280382867637
32,2019,LSTM,0.19807721076879842,0.12417655976214377,0.10090026834653391,0.09944991824203094,0.14925595541620454,0.1843683080942345,0.15490960392933803,0.2565468691980017,0.7349706616513715,0.5254567305804638,0.19403141840137222,0.16097875614335233,0.1305690444613856,0.10095911756909215,0.1265833191448522,0.07786766100576376
32,2019,FeedForwardNN,0.10548483095325664,0.006967389793200115,0.05487756653702175,0.04137463148208371,0.04259347655534599,0.019066006517424572,0.04729342180796722,0.015337711639569283,0.34987197080672894,0.028527253138066706,0.04663096159973499,0.05834647283918176,0.08500508145175142,0.08894343742798462,0.035357369049946914,0.09322789976660775
32,2020,HBA,0.14857775053066755,0.2279376293391866,0.1670859463868474,0.2139761559106473,0.19705715630660875,0.17092772152488367,0.14834251483608968,0.27680015318274326,0.17023526254225593,0.00581873972785565,0.14029075728332013,0.08423207459195643,0.130389794186893,0.11609514355196854,0.1424788028059086,0.09486875202346229
32,2020,Alaton,0.06213564188046667,0.0437099860402046,0.060270623527597364,0.01489364701190128,0.1152096105613841,0.23372499930212104,0.04592264958178946,0.5821016645106171,1.781139400663205,1.7643430615993727,0.13270087526696245,0.06721930845342694,0.22208354613367032,0.2838971027043948,0.2951945585888313,0.31476655150236665
32,2020,Benth,0.1912961924201241,0.25775106874847525,0.20699396901969078,0.24291419378734203,0.20237219105105878,0.18589610491844757,0.14399978446845427,0.19007524250939203,0.029226447777571576,0.12590795219943485,0.09934186956919203,0.06501385515415778,0.09662106860658833,0.07502317311000727,0.09172719988756087,0.06783346820105256
32,2020,XGB,0.1109424501989808,0.16224357787681742,0.11023462982457798,0.14480618181794033,0.10925613532028995,0.06171930214604358,0.05338783158798028,0.10665270074398668,0.5589526715994589,0.26424298947693836,0.01333878258582132,0.020082370756664747,0.03660490619466832,0.04642801907386723,0.07276024524763884,0.041295818071438256
32,2020,WaveletFNN,0.28711346160613493,0.35655706982874436,0.29302417695309335,0.3377746155406023,0.2860788251592279,0.24475270252151585,0.17930248434222257,0.26759965238360023,0.2948281738649584,0.011640559301872638,0.0979284761279683,0.021863390211886644,0.0608869692554336,0.07397697501210444,0.09293956481807972,0.0752665596983303
32,2020,LSTM,0.057207535115278776,0.0253247312963827,0.08136982631390594,0.05507356372672209,0.10185952010615575,0.15422316646153758,0.12478531920680062,0.15637549034701737,0.8379171688948716,0.5587061760186696,0.15462424752142429,0.1513399349574599,0.1010415061280852,0.06160460835987913,0.016057638779171504,0.04130557066466765
32,2020,FeedForwardNN,0.13682904196097417,0.12277690957973052,0.03307032878506192,0.07876507334164008,0.05741108422990333,0.031498643737911336,0.06030072090461875,0.12217339414655934,0.30683112101050386,0.1476214147122852,0.09204657547217726,0.07167419879612222,0.11303126444762517,0.12202397755149913,0.14817115050593735,0.12220962619458071
32,2021,HBA,0.030858933576823313,0.02055172016652322,0.022004595980524896,0.03300710269457697,0.04382104331830583,0.04236017803643073,0.009340676323449655,0.17357551955155703,0.013887353043598264,0.20830259715774438,0.029950423486364966,0.05537743923715352,0.10006194542073618,0.06517346596230102,0.06973510888528275,0.14031582519324104
32,2021,Alaton,0.20161574001721455,0.199865799082367,0.17468633745727005,0.19082456672197515,0.11332806113760148,0.0013431994279217284,0.10534035856461649,0.007620418683317544,2.1812847327070872,1.1052243527320516,0.051553659137971726,0.10490819670083715,0.24655612387836054,0.3176977597576727,0.3390316748003629,0.284849863336853
32,2021,Benth,0.0072698622305787325,0.048008745990277324,0.05808634892634432,0.00846006836439803,0.03855203567764955,0.029693924558604003,0.013376141627312038,0.2290441161479024,0.1429540607066497,0.31643945047174765,0.0660263172812654,0.03429835649642872,0.06612825305167508,0.024499922627513913,0.021595964935298088,0.11067186610329292
32,2021,XGB,0.04948960892214504,0.018205505034130313,0.011924707237640714,0.07119077664730598,0.09251526413199103,0.1073988067454244,0.06786592008035414,0.25137411625343503,0.3974847642690357,0.3628884172543636,0.10857720544930166,0.01995968603867588,0.03555049116574319,0.01990854716746895,0.02312802641212545,0.10167111451663537
32,2021,WaveletFNN,0.11447287581962805,0.14082323237013888,0.12124882291950352,0.07792930151411542,0.04359520598254565,0.06211041025032988,0.054652171828380385,0.10947439578053904,0.42297884717190587,0.17247145321914928,0.0048995179821530975,0.07689036696613755,0.08561018455809379,0.047935998359845855,0.038420413610785034,0.10980631437990626
32,2021,LSTM,0.11429154137663848,0.06455084992830751,0.03950705243062121,0.07598001682233226,0.0920812402794503,0.11618623056253714,0.10961178184142975,0.1957146615477883,0.5860017421636058,0.38838953627211725,0.1649333719236817,0.13484389625843948,0.08353073288606293,0.0875957339582332,0.0780145173843496,0.011737635140278146
32,2021,FeedForwardNN,0.02043692264076069,0.027658461098933107,0.052934874354252676,0.03863260227968354,0.022959708519561084,0.013879982167983843,0.00967007585039454,0.03612687209423819,0.16308736903053783,0.21292649328569388,0.025970827255837995,0.011039420105885331,0.03629743966262201,0.007999537939847994,0.011924374626563936,0.07361841442029309
32,2022,HBA,0.03706024093946809,0.120309790306175,0.1345575150781987,0.1212236497237182,0.15378270171438566,0.1474236848571182,0.1525210542787258,0.20326922590832966,0.03760508157141674,0.28483009254061326,0.19099742762730723,0.16103401376680712,0.15055308897828285,0.1784282618971901,0.06293882632195313,0.02893203032994316
32,2022,Alaton,0.34196091937294665,0.2283077572533215,0.1585434368227422,0.12245083656403499,0.014773139478637938,0.14352116916566274,0.010337432464155926,0.460898064487475,2.366966886227408,2.3913120610603396,0.16922354635976,0.006273639296823416,0.20063156667385126,0.23382125519949554,0.3326474280071653,0.38009936124415544
32,2022,Benth,0.0015565026626596853,0.10966699730900703,0.14545797228861104,0.12499146252773614,0.1384757176263836,0.1427333901254053,0.1347759399811717,0.12050306951589841,0.21626231096103957,0.11613077063761774,0.14647440907376488,0.138525519005036,0.11591154733157394,0.1332323007980067,0.015315112785773593,0.05232399046082219
32,2022,XGB,0.009422175752625477,0.0542690739101045,0.07365274578046836,0.05222823046279197,0.06370200410161389,0.035027276321201894,0.0534030053287319,0.03808833240328957,0.4601779771203892,0.0678591780313827,0.05614780208867097,0.0484879492948165,0.055105257583068445,0.10454704615031035,0.0002626357588995252,0.07271439655693375
32,2022,WaveletFNN,0.02634518271957616,0.16074719198179946,0.20525550875409923,0.1647325089432392,0.2062551603781234,0.1859932788645559,0.13952110250698632,0.2088283101328669,0.16392425991619178,0.3112450853868471,0.10256027246688247,0.04469464200152615,0.04912651548935283,0.07532482817973865,0.013531157752957648,0.047196033402427284
32,2022,LSTM,0.16014979841926474,0.08495125815235806,0.07581816267579544,0.0967713084436723,0.11691467349781887,0.15913933571382216,0.14028568265254723,0.2226990029592934,0.8883485095301205,0.5654748859122536,0.17979543991529562,0.16809596421938774,0.1620000807744615,0.08478164537203887,0.15114137085990081,0.20782796260974262
32,2022,FeedForwardNN,0.0762610992458088,0.01231374407570166,0.023649631218989487,0.012054100251064332,0.016837360094856757,0.05773043778294487,0.043252108991048324,0.12105275800529397,0.7639434855793237,0.43984373089682993,0.07683143038486419,0.07485580402321612,0.06807669135412982,0.0034684110834201716,0.08430518369401993,0.161423689238962
32,2023,HBA,0.14021725318246697,0.12814863378463112,0.12324049828339562,0.0855410453478537,0.11168737432413818,0.12356337312516845,0.17348002739405557,0.08455560435929745,0.42037135184976615,0.192365320638891,0.23405241740856791,0.2920125693259787,0.33464839686139675,0.2592744797517523,0.20400698560215405,0.29095720450749035
32,2023,Alaton,0.32246739303217575,0.24602941977163195,0.18425831162392983,0.16637811455571708,0.04214999354022133,0.09213078050251855,0.009087880481947684,0.29158226882748445,3.4481099947932394,2.0447406786382216,0.1899289980486309,0.08797272713600608,0.07932472394388015,0.18305822956728188,0.24490735037007516,0.17701399922844616
32,2023,Benth,0.08192046911271061,0.10915373591152826,0.1284835473818112,0.08429921217934253,0.09237651500917193,0.11330192289895262,0.15146229672618827,0.007581467375106948,0.6362750322608874,0.018682704499533048,0.18560439105314022,0.26462302965956774,0.29322690831513476,0.21116541710665865,0.1484047446717816,0.2558087548447334
32,2023,XGB,0.08330688021781511,0.05732366292224639,0.058227929150333285,0.013378967349991147,0.017914064167221837,0.005823628633077734,0.0644935752386239,0.07676045979466876,0.2963436073957737,0.15898274352098304,0.0835478289638955,0.15714855714897258,0.21243834384187826,0.17227769118126937,0.12374115948429011,0.22007535105737117
32,2023,WaveletFNN,0.09106514742196536,0.18074121758393338,0.1985886532338037,0.19707549727734258,0.26172876420971225,0.30321677431233734,0.296745657035793,0.4100092615534755,1.3400956613999098,1.1922501868591826,0.3969794089401758,0.3512825237113085,0.302610827036653,0.28078604315282735,0.19315137970239418,0.2803179101303951
32,2023,LSTM,0.0934670058440296,0.053557970570822254,0.035991947933862026,0.07598845402836864,0.10397547256453407,0.13759719431048514,0.11547334854943822,0.26363041595328324,0.9778798046279096,0.585659787888035,0.17878638744935735,0.13200949575770207,0.09001059823371933,0.06766282555609737,0.041126837312053015,0.07658853452629483
32,2023,FeedForwardNN,0.014781080614222468,0.032459615671973516,0.04908876548928389,0.01948649802339802,0.019404001525102042,0.012913185457390232,0.010373330118072581,0.05030876102960102,0.8205925315942376,0.26369699657763573,0.021740709118111365,0.0008620472406061115,0.04698304492879494,0.04926881827459087,0.09398379020083153,0.23149408538518862
32,2024,HBA,0.01244456199570168,0.16327904092968767,0.18310356649301524,0.18181899862556794,0.16431528182135613,0.14819563433881092,0.13161239448760922,0.1209585616016168,0.10271784360807676,0.2110831977796726,0.0827770293544554,0.09046234033978293,0.10252114399098128,0.11635755333528168,0.0931198939128955,0.11813176263040169
32,2024,Alaton,0.3065982125891256,0.15600896242566925,0.09320941774914274,0.055946899609749266,0.029639871797050184,0.1334517202377648,0.016774392585528614,0.3131326104440406,1.7493550439649377,0.9639790123382775,0.027827714186976833,0.09531094000349986,0.24386357694970046,0.2783139139806994,0.31505127519394727,0.28509338967653425
32,2024,Benth,0.023477719709138343,0.16749505676408974,0.20614542409445052,0.19415230810240114,0.1566694885184903,0.1493742090622016,0.11778491491690418,0.04249651669778519,0.0358181314275063,0.3244776390714339,0.04051434345517398,0.0671575674066611,0.06942839962701576,0.0734318231514934,0.042357846606013015,0.08981975325482594
32,2024,XGB,0.06380736664349751,0.08626952099738125,0.11045821089519685,0.097859583465469,0.058892329762239806,0.020496033648627596,0.019714903729032493,0.060103497703497585,0.5771689096187231,0.45958177999416217,0.05793239777811228,0.029506481185442586,0.004815339375153888,0.033584128237025314,0.01617718411134349,0.05575411099531245
32,2024,WaveletFNN,0.059321756026388756,0.16065993997714326,0.20006177785575466,0.18170863683397054,0.13275392035591757,0.102039727565788,0.0827244116219365,0.02256882449329437,0.3760479566498582,0.4257343151819278,0.02246536947298524,0.011912790604366482,0.03138802049687506,0.06443594443838674,0.038579380152279866,0.10950958391371934
32,2024,LSTM,0.23171381601509178,0.11669392206932731,0.12110609321731741,0.12683137112003592,0.13878615315050657,0.1772474235948264,0.1391906510758442,0.17958548238079977,0.775923737322532,0.47944363621635994,0.15959626904752688,0.13139414017673637,0.10908593580051298,0.05505523190714512,0.056668308314786135,0.006722098131332616
32,2024,FeedForwardNN,0.19445235194096844,0.07664307279521758,0.08435199012595632,0.0894066437752415,0.0929313101704543,0.12959026644458072,0.09837739474429517,0.11272934843447899,0.7002123117842299,0.4115929467374745,0.1166706129983822,0.0977977689783084,0.07462671673326368,0.026870737276210845,0.04315536020501472,0.0012176427368175583
44,2015,HBA,0.07961365876102439,0.024190422038249608,0.021092938681470892,0.03565111407580119,0.024187511345545254,0.01053571268191816,0.07250789870792566,0.034143673687152265,0.4523627340762934,0.3728645006824881,0.13636957347206818,0.1527559347490789,0.17474376857228419,0.26317921840530345,0.40782726117435103,0.43808281286543804
44,2015,Alaton,0.06284535446013184,0.0007457909551332339,0.006690896335033759,0.003067365753735482,0.041090188015259,0.08171671966870214,0.010980420702699601,0.19481617356803052,0.5986589095940404,0.7251507638716702,0.016504682066603684,0.03902434590581819,0.06420645608897751,0.15248186780206932,0.2867816774156367,0.3463189690575718
44,2015,Benth,0.10364512981454523,0.04276549841308271,0.05607457285614818,0.06010318829065325,0.029854084821984705,0.0030136602934727422,0.066666234273792,0.05450503803039814,0.42123110210781417,0.5536020719340836,0.08884602119224674,0.12780197546325203,0.14903246922436156,0.22669559718940735,0.35718712437302863,0.4124566418200501
44,2015,XGB,0.028545001660044245,0.03834870619118678,0.036920158693932933,0.036953441428352475,0.06502432092013655,0.11238031414438293,0.02523880671902052,0.15544378492151437,0.7149498628387162,0.6074720321277561,0.0018375868951730006,0.04083494706906776,0.06738501887248174,0.17441631736936886,0.3154712564946339,0.3672016277590762
44,2015,WaveletFNN,0.02192016579536999,0.06723346380344046,0.06364852821000005,0.06403723865172646,0.09421815579967417,0.13911428872287676,0.04917067808723313,0.19256975650324998,0.7103839572852048,0.6144039823417156,0.023572505853631305,0.025641876454608394,0.05180439678613507,0.15369513476328847,0.2682829524439318,0.3158343902473936
44,2015,LSTM,0.0346384580480221,0.04870090069603176,0.049807564021952924,0.059505285623567286,0.09237318896360877,0.11085438482603696,0.0958832649302839,0.22931948756274406,0.34601376153726754,0.6671506678815968,0.12806398399983224,0.1017126201580989,0.08051448047437924,0.06348106734877619,0.01904206304095774,0.005768938077016427
44,2015,FeedForwardNN,0.019540420409990485,0.024893735759888368,0.034909611560257715,0.03953330686477609,0.06504201268109162,0.08253822167746065,0.0595269316818767,0.16198692555524336,0.30516437817851155,0.6225602446553218,0.07160611399236438,0.050367766307729656,0.03137531506681044,0.006459251086969809,0.04593743357604726,0.04589060109678384
44,2016,HBA,0.1313162906352587,0.15066097071148454,0.07831266147631398,0.04823595056878427,0.012700481389290932,0.014704975825771132,0.0076183883638638724,0.15151587198626787,0.06465407793011087,0.49526691012574886,0.07612377705822639,0.03280826324018107,0.014987277631518543,0.049594897367932655,0.025871365475845447,0.0405788607106726
44,2016,Alaton,0.05444688580074089,0.08879373131428536,0.03855366768441876,0.005355664250167812,0.07096072387707077,0.07778775379107329,0.09749768998847823,0.3450569968635519,0.24790746479540834,0.7867812648300385,0.2043960868937869,0.1317968383096767,0.1115938238583212,0.13447291095592936,0.10889706471524202,0.10024235257082037
44,2016,Benth,0.09527323084101333,0.1378314931777862,0.09164249868150934,0.05383040726058325,0.0011959072148693029,0.0053489678968364224,0.022921292918211825,0.22517683952515533,0.10883723320393103,0.644846338890831,0.11465936536029044,0.053534660873502414,0.036673183108352735,0.07558281471110172,0.057445953741870066,0.05365704440397844
44,2016,XGB,0.06849198762485412,0.07227308013343063,0.0092497780589187,0.033375917680339984,0.08513664680222216,0.09989673716212846,0.1071958135945863,0.32137014000874253,0.46769684028970326,0.70360344093162,0.19840048587413098,0.13519998766141136,0.11420313431855088,0.12354133755921202,0.09565500729355865,0.09280543731631515
44,2016,WaveletFNN,0.011110527027981387,0.018408364618686602,0.039454701536990114,0.08022826675998662,0.12249600206550111,0.1314389654324826,0.127325550852553,0.3303345395789504,0.35428467764956995,0.6430763746448342,0.19713289802930636,0.13106850603964404,0.11338220054268147,0.12760870174321276,0.12301785605187392,0.14556712594367527
44,2016,LSTM,0.19315180773457888,0.10573587480606367,0.11589282483743289,0.12293755151017953,0.14864082001578985,0.17503600050804852,0.13992579072922498,0.23060359493681085,0.8327657210180711,0.6299696257744816,0.16486010132309079,0.12454631379606952,0.10329079529996944,0.08779645495411365,0.07665097082568091,0.06693745671348587
44,2016,FeedForwardNN,0.08033287813269101,0.020617137255854408,0.02181796516537038,0.028127432264345793,0.028451213462266093,0.05034783089749459,0.03402471018996798,0.045053128608296994,0.5959798666402176,0.32018210803647307,0.05132070892759063,0.03846558632709537,0.015120076637048625,0.010272326630129823,0.019877300791599394,0.005017430260497688
44,2017,HBA,0.15547815653275077,0.002123023594327418,0.06277549704542773,0.03694099557988319,0.050076628163824286,0.0017418127257811048,0.028402333590244366,0.011780648781988015,0.5272744517644068,0.2659703844717567,0.006362752812850141,0.004432118912413302,0.027998666245305014,0.06838604757100349,0.02811985966375093,0.06716034852171626
44,2017,Alaton,0.138695512805047,0.008649968651804377,0.06024818605119258,0.01395712768777696,0.008787497490886058,0.06294009816393677,0.04801700356803942,0.21697841104291263,0.6556310241737291,0.45918314088233153,0.14326223025024673,0.0973436672516679,0.07226263240649027,0.027944541806942835,0.05993675693112781,3.914818163298869e-05
44,2017,Benth,0.10380071152394864,0.0362530067547138,0.11408822772346716,0.0734791450672729,0.06666897386688139,0.019508268630073013,0.028874414742943038,0.07633327183900374,0.4966575610932116,0.10893026785811749,0.04868453935476814,0.017918060356387915,0.004083736694761364,0.036599477291825284,0.006950812852381735,0.0506126516180697
44,2017,XGB,0.19512450888354832,0.06454442392024887,0.0008336483941770998,0.039732185832792866,0.04701346813205974,0.10663832650899539,0.0713134170729814,0.1862779523178018,0.7592221744757898,0.24517648783617477,0.13527123596996135,0.09965292004794919,0.07367646117738812,0.013718702390380746,0.044381207909731143,0.00867248930094681
44,2017,WaveletFNN,0.18735267765467695,0.06486976697700728,0.029640613964386577,0.0727924565749513,0.10217410079026798,0.1593080226254181,0.12846553145178444,0.3209133398417641,0.7846289973925273,0.6823091600874637,0.21153195646998985,0.1599982720498355,0.13611214104933336,0.07692756499574278,0.0868258333361615,0.028624906862046606
44,2017,LSTM,0.08116550751100161,0.046645201118651974,0.06078169701260003,0.0708625196407945,0.09250675370183438,0.14159288985061458,0.12697330280534658,0.18818000839765692,0.6788322306518694,0.7704115870071956,0.18764088306116292,0.17007177965053816,0.14715480747945,0.10415123498722915,0.10419892654277771,0.10616310282082032
44,2017,FeedForwardNN,0.05005423074569715,0.04889305801116259,0.04934769378675212,0.05978011478639919,0.08246706415597085,0.13124245483354383,0.09921644953758528,0.18234515067093723,0.6650807397520867,0.6977823093942985,0.1441308053482615,0.11704711040694096,0.09200538489220104,0.04534723423878394,0.04744437905289571,0.051205610418579905
44,2018,HBA,0.38797555755897717,0.0714264165989072,0.027346982064526022,0.09502384308324319,0.12714509302572244,0.13139475098629536,0.1370233055375049,0.6302380767872798,0.244088142746292,0.935609449164203,0.2531004005298539,0.1519507628324555,0.16648659011786132,0.16197756228859883,0.13225161795535675,0.15332554960891284
44,2018,Alaton,0.22601063990315293,0.010295450156996847,0.026984687587693987,0.023473317023579354,0.0201085264835976,0.015460474432249132,0.02605854621803862,0.25751047080757383,0.10779762200826824,0.1669941570751207,0.07950231481924318,0.03504991640612092,0.05242803005844883,0.057897129473492806,0.03520452632464641,0.08143971314154459
44,2018,Benth,0.2707338551621298,0.03297341296106635,0.021720784893577844,0.08339846499816099,0.09837454546983544,0.10596894129055481,0.10963319200210349,0.48479437599997294,0.30735884874782504,0.3807800626839858,0.19925485509096963,0.12664669167210074,0.13960695053259672,0.1285859039428792,0.09390923208463126,0.13645072666499186
44,2018,XGB,0.30562431937761675,0.0009203360871839972,0.03701612452158352,0.011656889739110027,0.022290984673168528,0.008550638451972202,0.02795201542135485,0.32126448462911034,0.3558189729354302,0.192783137117355,0.09574739894185018,0.0365066800064871,0.05494351989199151,0.0763564554961468,0.055592332936780585,0.09531784944922247
44,2018,WaveletFNN,0.26728944437015323,0.04375701172689256,0.07358178134825742,0.0317047897712247,0.041381831861993665,0.05645270634197434,0.058296189717341323,0.12094156792975781,0.4561055672769988,0.592864569726535,0.03506192461490665,0.08385631552512676,0.0675604297883617,0.04091144266571234,0.05021071522908835,0.032139953402317366
44,2018,LSTM,0.05969134307705999,0.11048408411902601,0.0698556492071347,0.06815316609101217,0.10304375186051913,0.12482394248756987,0.0980964371836425,0.27034853777743745,0.7023959677455447,0.7257706903823871,0.12762171188827354,0.09062030438373869,0.07444473295075858,0.03667526753401765,0.04306803565766084,0.007360441438659026
44,2018,FeedForwardNN,0.07040377333771568,0.1204454635910906,0.06802428926497611,0.06927230081479066,0.10183266624962377,0.12122263716067984,0.10623019747777485,0.2722643216138731,0.6354102749347382,0.8764317975537658,0.14336680662828702,0.11287552521628344,0.09709581803678188,0.06329186247862208,0.06010392487368466,0.0066323312576257116
44,2019,HBA,0.006482889893261701,0.09430262488334623,0.10991475604725194,0.09917537428044046,0.04690581672572043,0.04591033513392374,0.0859757702448327,0.11442184631943127,0.02230661079516163,0.2129879736932425,0.0717022219327977,0.14942543939846512,0.15713758899852573,0.15386623642182115,0.10741399654296656,0.19090558600427748
44,2019,Alaton,0.07318652099661234,0.03442513200050297,0.06597929730324269,0.038949933841009546,0.04369185339312219,0.0542398720589776,0.01812056203914015,0.32449312755885196,0.30434246256452585,0.6788776334367955,0.08544825652996989,0.023407257425697606,0.034959538525773465,0.043727476996681745,0.00719275951827632,0.11241501515145852
44,2019,Benth,0.034135862520662565,0.08499101632224675,0.12508409930583653,0.10603028678441731,0.036570186402898504,0.037745437617927424,0.06968579301155182,0.19006023888873,0.06561165426816995,0.43720383567811694,0.02634908495162974,0.12346559293153553,0.13028188216412673,0.12106174264352297,0.07038089854384758,0.1748863903978397
44,2019,XGB,0.0611101312552642,0.0207949797353421,0.0400777201122966,0.015466950736995642,0.051488075066233395,0.06895447707666044,0.020108974758855112,0.2859325191417315,0.48309788428923034,0.5275236574266979,0.06628949106636293,0.030850736054925425,0.04307356752907308,0.06621637880355523,0.029366861422849916,0.12738278126166291
44,2019,WaveletFNN,0.17359459866519447,0.057774965343185616,0.0005231202812634509,0.016217332061381047,0.07548888766643765,0.08204857876678084,0.023447539134301473,0.2674307325992854,0.23758449400200465,0.6748154923161813,0.036517038133413456,0.0606065988023457,0.06698595577349381,0.07755973272898509,0.052095885955700055,0.1455991436685465
44,2019,LSTM,0.10055955369138339,0.059506438467759964,0.07802220378091773,0.06290194598324927,0.1028167430382902,0.13185067307340634,0.12056038377007489,0.16630051403562654,0.8202701141429694,0.5049132702941115,0.1540036315581379,0.1493760856741465,0.139290209621446,0.09632551112005638,0.08879526239248149,0.03382631737307877
44,2019,FeedForwardNN,0.10275914560840904,0.05914252273233189,0.09754835763902703,0.08264531239759865,0.12105325666795297,0.1525790665687416,0.1325770860523591,0.18123504152705908,0.9000831214767955,0.48966319996049334,0.1591054965253557,0.15129180403803047,0.14122864272170724,0.09144516868823642,0.08447706526025821,0.03866382493961027
44,2020,HBA,0.1733940195712076,0.2789509489635113,0.21418033911122478,0.2634418545719606,0.20069728410154733,0.19877517077036433,0.1619643636561162,0.15950421373480037,0.15349589522360607,0.3219140952003508,0.13173938061484472,0.11018916436400582,0.1282067348645885,0.11822864900224737,0.14059897669639085,0.13864926033433556
44,2020,Alaton,0.14552071272727585,0.23757960098110753,0.18538774897106752,0.20993091253126211,0.10859100979344054,0.0945586103695421,0.055471308433695146,0.12603634124904078,0.23600300105522237,0.7323241176632793,0.04045467808237562,0.01614014875228206,0.004134558537198807,0.007863723928095959,0.03390131235574238,0.062106179982860305
44,2020,Benth,0.19787167666670655,0.3018055593855387,0.2546842523458024,0.2919884633292139,0.20580934048485655,0.20556859755241497,0.15433180064429736,0.0564880121945372,0.1998974098044706,0.5167656024254995,0.08280762949568762,0.08508203377713375,0.10179284015740085,0.08659841948296361,0.10219757039651843,0.12483035244012818
44,2020,XGB,0.10446457232838638,0.18711383042260527,0.13094915654523553,0.15933021486166685,0.07804818170062129,0.05656911460418767,0.0385861310912215,0.08357346693016722,0.44941384788230127,0.6136487223965156,0.026272151624527246,0.014327057716343789,0.0063715583043872405,0.024660630612461668,0.05257097927543245,0.0731230881019191
44,2020,WaveletFNN,0.14603082338549683,0.20657560319964693,0.15503086458416235,0.18194312078383293,0.08773458694128825,0.06140448112666122,0.0008167872846003095,0.11786720719018483,0.5588545311876935,0.7568607291113217,0.11594944280962975,0.12104921530021336,0.10294450189520904,0.08035509945749071,0.03986168312013925,0.034192367272914234
44,2020,LSTM,0.16976192724036163,0.08059209725333799,0.1104322304760888,0.0896015179081588,0.14315732211763685,0.16176208674135087,0.14080201494857988,0.24313815003689992,0.6000350284108491,0.5488259283675933,0.15677432137962016,0.13660794257272801,0.11847716114878899,0.09999906827250553,0.0719394717946047,0.008969539081863247
44,2020,FeedForwardNN,0.16074891644725572,0.08927713204035607,0.10982578639054087,0.10548909145462788,0.14542017202222643,0.16524887617731365,0.14576638538431233,0.2541671904787069,0.6323541943745365,0.43822748098577485,0.16529743517682757,0.1452802201261254,0.12733155199291632,0.10378160440909485,0.0755341952308533,0.023118136774198928
44,2021,HBA,0.01638561323810748,0.09629671418032651,0.06873860972905244,0.019766116501682668,0.023009077929525702,0.029221471204106963,0.014724798875938486,0.2334797047984265,0.16140768870802283,0.4491148194952142,0.07837703014458391,0.0023509185492156565,0.03698245020361264,0.015373342666181908,0.02186023957346411,0.11940579989502648
44,2021,Alaton,0.026951192625789065,0.049607585768561537,0.03344386239396228,0.031910038016213726,0.10728072577626535,0.12310883471978283,0.11336434537495478,0.4301051265205645,0.4598965683689434,0.7945492581935947,0.22561039814803072,0.11856862776765911,0.08389610294523271,0.09087010634922238,0.07859713736948078,0.039263760992908854
44,2021,Benth,0.020107702790566992,0.10761814618227218,0.0979338542829758,0.03830003041937539,0.02357061860029425,0.02802843123166,0.024552030912913716,0.30230377501817235,0.12288098869811546,0.6121588471811105,0.11917734359237458,0.021599405639133557,0.011665550152065251,0.01481836975998463,0.013492200385518889,0.10486826920526388
44,2021,XGB,0.04600552044582169,0.016658743998318154,0.006266133199987376,0.06535684586672406,0.12429760041387322,0.14580631155232088,0.12068342284765315,0.39506362764289754,0.603464905126698,0.6879078200986731,0.20789549293185233,0.11118618242959129,0.07600850352245725,0.07058365466410335,0.05773102488094955,0.05354860682519874
44,2021,WaveletFNN,0.05966748546242089,0.005847432417107647,0.0024332541750889444,0.06501503611532358,0.11487013119950054,0.12850852414932096,0.10969446301388593,0.3728020812511786,0.4187038638817968,0.6677303272197201,0.18974327582213046,0.09777462675089077,0.06957348226578676,0.0760806882257391,0.06870046400930503,0.006566135779214839
44,2021,LSTM,0.09921395571265577,0.06509245804700517,0.07181359094941328,0.06929930827013996,0.09630932567405916,0.12832022848825086,0.10956996233162487,0.1525029232968818,0.8094426196296459,0.5698962137248956,0.1442912266940827,0.1256617429286625,0.09105698110401578,0.06831490167258371,0.0788319472509696,0.03642534558387655
44,2021,FeedForwardNN,0.0710528904015913,0.037338649823648644,0.039835926848484166,0.04783590153487064,0.06595055489676557,0.10330863240150168,0.0800892052985491,0.12585791906079358,0.8982072713486823,0.4904589171689081,0.11835681838481439,0.0973807393375624,0.06165666540971433,0.030193542826183237,0.04868065585832106,0.014445283237449869
44,2022,HBA,0.04430322439589862,0.12041852412896319,0.12433662425158391,0.10307702237375983,0.1421482299591534,0.12845539465022202,0.17247793076836057,0.20279743619601365,0.13223750644276358,0.6822570399595442,0.2518381079033181,0.22219368029754558,0.21702070726898157,0.2735473569255718,0.13202170429851617,0.05039118126808056
44,2022,Alaton,0.06672365370161966,0.03826468546955533,0.06289774721982197,0.027459372326039594,0.026048399282511583,0.00378072265244578,0.04628545447927927,0.09942505546581384,0.42016545725273813,0.344476284102619,0.05723056348058173,0.07982102287495872,0.08021993034731768,0.14372182577622017,0.023266542993080657,0.021126956408795843
44,2022,Benth,0.025464519058769213,0.09223350014892717,0.12579641546680734,0.09843152073762752,0.11828734728671342,0.10837927604756906,0.1466037851907918,0.09271867974611024,0.08025688127799162,0.19749431317111232,0.19580790219317834,0.19309097523067562,0.18741794999356887,0.2348358678049886,0.09216872540177722,0.03778666451175989
44,2022,XGB,0.023281805243947434,0.03929825589921174,0.04714111730722936,0.013676346362668854,0.028119977262622328,0.001755590052568394,0.0521787539118653,0.036647740166430194,0.5705456280161202,0.001846970774038034,0.0856509900580333,0.0917834947442491,0.09254509144931548,0.17246732221303884,0.04935888532633867,0.0053385574195828804
44,2022,WaveletFNN,0.0881074715066388,0.005397686585825511,0.024421753810370626,0.020275661233985606,0.011991916552669972,0.03025375336779386,0.03487758297940866,0.13598187231227582,0.3779342089645997,0.11597039181547653,0.07347631681028371,0.11063516140956323,0.111409908494065,0.17456749294223162,0.051405537559571245,0.0012017625046147054
44,2022,LSTM,0.0662145135471647,0.033830094423042384,0.015938407100436428,0.04293784962081059,0.07287455848266043,0.09631837429376477,0.08926957381524746,0.2667443557489486,0.5426566394228233,0.9259246285667995,0.14177377477415623,0.11401727098855034,0.11339923496729798,0.05867272564821186,0.09464397707864428,0.09923873320412345
44,2022,FeedForwardNN,0.11779105025828986,0.10170841043612656,0.07258151774015441,0.11063077948328692,0.13879580186276896,0.16815055913301027,0.1549969346136982,0.3642579999099576,0.7270250844599879,0.8261673303054196,0.21201777262025323,0.17952764289417872,0.17895530502061868,0.11263312528920502,0.1316499539628847,0.14031493449305754
44,2023,HBA,0.19897445058000768,0.15456958594807016,0.1525175755816054,0.11416426790079687,0.13587121666694718,0.14554353360580782,0.19364768223923196,0.08573525830542841,0.45830785070322116,0.3163711098167581,0.25015472368468167,0.2911245571910876,0.32370640299253933,0.2594909532540092,0.19918981075366696,0.24781679997747771
44,2023,Alaton,0.0170091142580532,0.04083870911932846,0.06645333365106958,0.01699911959031686,0.00010440632370166823,0.0024022944305102027,0.048602963183843405,0.19972710487164805,0.08345904169327104,0.5140033528066853,0.04510663180136863,0.13042871995830568,0.16415307687799843,0.12418381838736667,0.07725078643704066,0.15543375422006694
44,2023,Benth,0.06472368911790888,0.09919000773422676,0.13480942639367513,0.09332065824916629,0.09776209098932442,0.11056659289425005,0.15804837564229585,0.01381808547810516,0.5246133326135096,0.058383977935644024,0.19422874311913352,0.25975592103984807,0.2909293458305196,0.22219101108669673,0.15645724543179365,0.2312259275021571
44,2023,XGB,0.11524520432671179,0.06595469474059339,0.06778897251153009,0.017367796745061326,0.015069238167597176,0.00500766366368628,0.06292091873744456,0.14371349741130784,0.3203436971873067,0.2506628650491402,0.07369657064898351,0.14365649004793696,0.17789776697825396,0.15230382496080766,0.10472232118765662,0.1743654544976355
44,2023,WaveletFNN,0.022059870077305036,0.02045744331471396,0.039642442937713074,0.014541791239962888,0.0009610447297017752,0.015796281709773888,0.05119738206645983,0.11554064671313152,0.5576616686021018,0.1257225059404394,0.07278194541594202,0.13595358965694535,0.16996424039159097,0.1487933413814084,0.09581242036586354,0.2123240621931114
44,2023,LSTM,0.11277174098634984,0.0869905676251762,0.059376399303668316,0.0948158020109129,0.1048351961862628,0.13168796904465183,0.11944237575282748,0.24174924203586637,1.0,0.6797474267188278,0.16565278913915676,0.14403612804910057,0.11840841882271523,0.09384792537702942,0.08372135866408484,0.02451943066205578
44,2023,FeedForwardNN,0.06508642956761874,0.07434526315800184,0.052676357640069046,0.09296669985296127,0.10250868952016383,0.12943125193550625,0.10746610718728532,0.2525950675086736,1.0,0.6798564258512468,0.14868279507500376,0.11578739449150988,0.08931391320236484,0.06649490898638281,0.04555561996317887,0.009440424308618
44,2024,HBA,0.06033269176477827,0.22673888731576122,0.23931189385808274,0.2272139327359762,0.20242392490596095,0.18201309598541388,0.148961759923118,0.09779181607673985,0.1782568846098298,0.35721361269165,0.07145740252850691,0.08457379626446025,0.08847731812964985,0.11375841079914673,0.05014783178720748,0.04207634575607897
44,2024,Alaton,0.04030142369634959,0.13952947259510975,0.16984913506129443,0.1371000153428909,0.07276179035638436,0.04171412890098397,0.013868127282089825,0.2026248439765947,0.5063057694385957,0.7732835669913005,0.1132498269076433,0.058671299350635656,0.05090099369929051,0.013325140854077468,0.06264124488415568,0.03940341465404988
44,2024,Benth,0.01047468595422137,0.20948459117817989,0.25127455687912076,0.22937064591816314,0.18524805715762388,0.16799682696385076,0.12793620931970817,0.0020350083166226023,0.13650331809875882,0.5345448459182813,0.0239143297494323,0.058248464902690186,0.0620081655439305,0.08037594786782051,0.012262613099171827,0.028945910893890796
44,2024,XGB,0.01627223164184263,0.12810854019495777,0.14364987938461993,0.11485235099943183,0.06759609594936654,0.029739228964782934,0.015927096534305303,0.14812919257492166,0.6384694355154196,0.6503785645786647,0.08886060696840262,0.04690538432178525,0.03903795557626627,0.011926739836888979,0.038094577089572305,0.023624510951092692
44,2024,WaveletFNN,0.055486174801971,0.2414062068364321,0.2606607756588328,0.23131789089812133,0.1962618010827037,0.18198167853651637,0.13800242715353528,0.013595183544461716,0.07007567261954772,0.4136884907763727,0.02492356103337843,0.06710768332620258,0.06118999139249822,0.07925521215257912,0.0037304364673858203,0.019351853898811135
44,2024,LSTM,0.12970557441298194,0.10332330407971257,0.12034981462123343,0.12484647930091122,0.15411438257316984,0.1782237935096105,0.14994848155792317,0.24988701654778797,0.6037771624612452,0.6428580577584551,0.18043607778330842,0.13892426865194768,0.13181642033401778,0.0919239769058189,0.08750684043794077,0.002169742218134034
44,2024,FeedForwardNN,0.15109128388651055,0.1029528147824545,0.13208956402325947,0.12295761382305322,0.13515401791251666,0.16048890113402575,0.14810392133327313,0.1438462902699092,0.6076729876856282,0.42058804199572447,0.16708587686824303,0.16003325927904635,0.1530996575436872,0.11480283517630503,0.11172745333683813,0.053100064477774905
52,2015,HBA,0.02465690705741625,0.0303351961552212,0.023073806584584453,0.02919343309976726,0.01646424837291168,0.04255885288720105,0.06054201991571873,0.14322418731060532,0.7403302067675276,0.36858257943636297,0.1483998717408846,0.1425380731463168,0.1870928798883021,0.3347028323201179,0.5162233967997265,0.48992851039143476
52,2015,Alaton,0.10156682019571993,0.011497669396779774,0.014042408137957462,0.03770385802605061,0.01141618948174742,0.07146326911526986,0.0021590480962165714,0.09303705533319796,0.7813400996768246,0.6466483571035245,0.007252551361060833,0.027412500439644067,0.06857816380019147,0.20080927421144243,0.36416559155091005,0.3753401769068869
52,2015,Benth,0.13372548530413184,0.043878728076658186,0.05000619582391403,0.07979225196962815,0.04105526569421512,0.016185089829360667,0.058943592527393014,0.012358372083847012,0.6928808160376358,0.5229822486436614,0.07108787805193048,0.09222050621607851,0.13525034144179338,0.2601942474835391,0.4204675884241915,0.42556868845701634
52,2015,XGB,0.005645023717944826,0.0796953420493634,0.06864123470199089,0.02923011757797983,0.05651989442885667,0.12042760336271212,0.021366209049626037,0.01765859094497865,0.875944809916234,0.5452737257489073,0.029462159971209628,0.044028736219050936,0.08586016758234456,0.2425408854075314,0.4197895218477561,0.4093139327929283
52,2015,WaveletFNN,0.002847417733134854,0.11893263940663712,0.11214281037120384,0.08779939302989181,0.14125648918215705,0.1951120728832908,0.069500418147161,0.23459563174481693,0.8317930122250998,0.7737552776427592,0.02553002587764079,0.0639844295269103,0.10661543199965265,0.24821998526240324,0.378834747557447,0.3501373688379687
52,2015,LSTM,0.036279217111745934,0.05291453231332095,0.052096245473982436,0.040404889815184426,0.10642794300468818,0.14442276235233106,0.10902502329383155,0.28061664977787537,0.5935976781163641,0.8497155067914391,0.16553441109256115,0.1138562642159349,0.0794074758638298,0.013607215359754244,0.04843972759928,0.0015345391913534068
52,2015,FeedForwardNN,0.18637086097118702,0.09084603204531523,0.10445882353365303,0.11776215080403675,0.05359639713185344,0.005474424784785989,0.017424066778416687,0.10946974438284589,0.5634237367677079,0.7438452225775439,0.0750286056294783,0.04986582155576697,0.030912144635778526,0.05564169087563414,0.11538040133972341,0.14211911320342704
52,2016,HBA,0.1255260188512159,0.11391985293899788,0.05038082191439862,0.01394337172765967,0.008362950745499724,0.012234801444926379,0.030649018152434083,0.1405310037448056,0.1598463375199584,0.44020338808173953,0.09250674716926133,0.06013004474197143,0.04357334099849006,0.06211928133487615,0.019882062803782376,0.012683953761226772
52,2016,Alaton,0.09810432811424633,0.1024186442539846,0.048897495616142095,0.010032340729067061,0.06455534093103375,0.07120908425168299,0.1020894406317486,0.31981372551764436,0.3248782849663244,0.6925249155768558,0.21677195325230209,0.15598479076673122,0.14026518447489272,0.15558489042663776,0.11541675759464104,0.08573441176724275
52,2016,Benth,0.13055211372114867,0.13879128792959836,0.0874496697639404,0.031731358107061146,0.012647607573489284,0.013272998027062199,0.04888127666293696,0.2378572197108272,0.03711556135529946,0.5803994153878088,0.15243686563298112,0.1004223030942625,0.08425242504566106,0.11197627283752944,0.07732247489098483,0.05093006372938505
52,2016,XGB,0.08400705605114984,0.0599624950760857,0.005477908608115673,0.03845442003720626,0.07257563182338943,0.08489220037186403,0.09871111587772129,0.24818887560092104,0.5544525589060658,0.578429568866309,0.17745262849715407,0.1346445810191647,0.11852751779557065,0.12202863036117811,0.07907879658912491,0.06463136437330458
52,2016,WaveletFNN,0.24947669747183032,0.19972528262419528,0.11393215043814865,0.05207984027718197,0.02790033299177227,0.028360274006034022,0.0020609492629102134,0.16566329584954556,0.04589519590504358,0.35947377024168375,0.08897349023795041,0.04345827538251235,0.029473160354512046,0.05645457254740283,0.07903233338467033,0.047661497450646684
52,2016,LSTM,0.20480588382799558,0.16248238173423332,0.14024078889770145,0.13864955907176804,0.15164395395659833,0.1696995731488883,0.13493732238607056,0.17730002021897107,0.8580571289178393,0.5529404104159714,0.13468126221009413,0.1036429732007793,0.08694851153224288,0.07204395692312246,0.015417493267393145,0.0065779800110944055
52,2016,FeedForwardNN,0.1139266442866864,0.04258014252967628,0.027866832781193004,0.049774208153968186,0.07261699485211004,0.09508632507345535,0.10013083847460144,0.17330071883693512,0.9517134540691286,0.5431401581314762,0.15856942171799243,0.13824215699934345,0.12219209787401056,0.10173832574111145,0.03674821142228651,0.023273484596177528
52,2017,HBA,0.16102723587507708,0.0261834207562854,0.041126466806533674,0.032966690891209585,0.055893354097004765,0.0008368730634824682,0.021885631230697297,0.09858817665915662,0.7133854020756976,0.19853272379248108,0.0016068434927790011,0.024374425766263242,0.007371657052426255,0.05609085065083009,0.004629636268183379,0.05103922549092047
52,2017,Alaton,0.08201946759355419,0.023985379369770694,0.08568789969297518,0.045848686636078655,0.0305570050583729,0.02794791362991595,0.03262069351981787,0.12884041687738787,0.762787096159313,0.33751563519148736,0.13798326473553638,0.12394220555090299,0.09474103538199491,0.05031865132587876,0.09347277089951825,0.026655219824608643
52,2017,Benth,0.05468823511102365,0.0573505619791737,0.12485385650271634,0.08897520744304233,0.08614554867198547,0.030788009375670736,0.02304663594679309,0.02577000279163581,0.6645191517209508,0.1015454714299169,0.06879584778500444,0.06783221622616491,0.03734427602922928,0.0026036003120442908,0.055482461222474355,0.009429551148839034
52,2017,XGB,0.16708821565804205,0.05347875627165628,0.016365484650180187,0.00020602693761101636,0.011822015978921291,0.0497505191301354,0.025389487098801868,0.001314306180269401,0.8231198764463918,0.015657131628643215,0.0668691829357603,0.0768373906929926,0.04606610069505446,0.01222331978329548,0.03512383183026268,0.015861868500728845
52,2017,WaveletFNN,0.12081813321013526,0.022367538758207156,0.1236154084809486,0.11800049457914964,0.14375743539984168,0.08516089818214381,0.06544383323273603,0.20199315213746086,0.6508290403309374,0.37024665349045827,0.008521248470571879,0.048529063588050037,0.026050914443592057,0.016974110266562113,0.1069791561897208,0.13054513358901904
52,2017,LSTM,0.11297157536681778,0.07073028832606425,0.05154988519686009,0.10317133660135547,0.13290522490098539,0.17431397833709023,0.13857824921605744,0.36812417963578614,0.6944202396015751,0.7115246733809233,0.21299569833260118,0.14230086175076914,0.11371163093924318,0.08449659771528896,0.1723687233240535,0.15792144693905347
52,2017,FeedForwardNN,0.09089812276119165,0.03687820716904494,0.02957229356887087,0.08213650270116858,0.12640913937348808,0.1783190043417428,0.1426201173801467,0.40638906119320006,0.830322350277839,0.8187253401117361,0.23928189459659063,0.16253117912569673,0.13461627476155746,0.0865746273598334,0.1825298992098767,0.15003921488087377
52,2018,HBA,0.29401844613141304,0.008994887346648432,0.004529355717667158,0.048785651051974306,0.08080075052201033,0.0748187386722497,0.0819656239704755,0.41502013732176646,0.13909928586024803,1.5094102053451293,0.1716434287141704,0.08390104726243991,0.09494567124991056,0.11049764182017986,0.11222447514146454,0.19822937834271326
52,2018,Alaton,0.2282234083495293,0.013305259409497118,0.014192773427022574,0.015694593655522716,0.012618630455843076,0.003697746641257162,0.0025951163061209153,0.11763304283454562,0.3153149685837228,0.38989706458328294,0.009722706503032228,0.02787257445400111,0.016981896655008127,0.0012884477362817988,0.0028374451954124836,0.10974262075108134
52,2018,Benth,0.26452113158918567,0.019400503508622487,0.02228141118904272,0.05889877455644721,0.06930226694067869,0.06681800403301492,0.05684883078332799,0.25347268777632176,0.02201976944080283,0.9043548799853702,0.09292217540244681,0.03615759566616816,0.0471614721661629,0.0503621808105313,0.04607694726810364,0.15204807626700376
52,2018,XGB,0.23692964384841145,0.04832530106548198,0.055174476749263686,0.01449182803067844,0.000536832978834046,0.015335199333646214,0.0029711381137033344,0.21874586371455454,0.5829224731264231,0.8211934440786344,0.0516605186161826,0.008799590096174722,0.00230476105658647,0.034718060498671814,0.04315167208590435,0.13691542910416402
52,2018,WaveletFNN,0.2659083757619088,0.06549170415194065,0.07779588235871869,0.15182346961273846,0.26593039773987126,0.4156812886918723,0.42983592277836125,1.0028121987532685,5.770805211710381,5.380205973110912,0.8034584396000405,0.702162990803772,0.5905905550934709,0.45700453104793126,0.39134741675789075,0.40243949994970185
52,2018,LSTM,0.1282653909036163,0.08095297183926242,0.06476091249673228,0.047261557088114005,0.09024960315383458,0.11025303152639122,0.08020601574098539,0.19008323675810437,0.8255799129844731,0.8596760775652348,0.09730445376647208,0.06351871546873515,0.05302737897661945,0.008056942988447516,0.0016422770476672815,0.06655323326408245
52,2018,FeedForwardNN,0.2589039046421006,0.0037261319742888477,0.009322824431942805,0.03531800378017435,0.0027644728042587646,0.026453733821654203,0.03132172394685277,0.0501077757529562,0.8735867798183272,0.6897812297717569,0.07366824887107265,0.07876925491142321,0.06861254951195013,0.013129432487504259,0.03811152199107959,0.10963055524837488
52,2019,HBA,0.037065981694764105,0.050495361708349756,0.07049467925584578,0.06879534032651917,0.017290991590046413,0.009851307691771977,0.041395972002217396,0.10610143278164605,0.24135832818677125,0.34191402128131737,0.022491219725281966,0.08395496041004623,0.09862403342074134,0.09836805324434432,0.05601771257421884,0.1623069779996947
52,2019,Alaton,0.05186718881261463,0.041810859200144504,0.06863022153885215,0.04148204213225597,0.04274906214578814,0.053905601195136495,0.03996650916819267,0.3010649880071611,0.43061920227994566,0.6482541439526485,0.1259398127667129,0.03505372193946458,0.021023894283904644,0.01735801835085818,0.05136747790432965,0.07493137925392188
52,2019,Benth,0.020462360778636807,0.0801786944228549,0.11241040168654463,0.09044598057264377,0.016162116104872688,0.011449208708340396,0.02331018151608361,0.20706130731913786,0.14768762656591083,0.5005146476156415,0.045886757059077396,0.03593057895148363,0.0505081195693865,0.03958590687383906,0.005641056175416034,0.12063541683964882
52,2019,XGB,0.07550271068274561,0.009406835484509497,0.015297175823027852,0.0036481842790533625,0.06011561214850722,0.0767360470688332,0.04262433872221275,0.23501639712582095,0.6379444883907358,0.5324935296075877,0.085931096544359,0.011742301472683734,0.0026264623692644497,0.020774131964894967,0.012406682024478755,0.10052530668564254
52,2019,WaveletFNN,0.09914584265333942,0.04535971135382454,0.11861565129557239,0.11649813763642512,0.06847739485958107,0.08120193802487072,0.13273013833216668,0.04780554128327478,0.5108610336236448,0.308461253660566,0.15054405025583567,0.2460787344627599,0.2364772846736952,0.2216507181684536,0.1259764952744646,0.2271264326455869
52,2019,LSTM,0.204295148653275,0.16034929217339197,0.13032162420947432,0.12614233707365954,0.1803358121095531,0.19654099477951223,0.15350774285626112,0.29633100283275593,0.7437279577645876,0.6469624219793061,0.1693753868919704,0.10614095521187944,0.09314469973955768,0.07314454098383155,0.1296485190596306,0.06901435601309695
52,2019,FeedForwardNN,0.04986470418281466,0.01367783679344452,0.0034153594357189685,0.002000130384662647,0.06436968364584128,0.08735531469520148,0.09377299949387556,0.22157985401059324,0.8634920545488458,0.6484426269878512,0.16846580668593483,0.1456865607966001,0.13326527829790716,0.10631789645005077,0.11893345396755942,0.0273994315024715
52,2020,HBA,0.1514739827567562,0.2278044794418132,0.1791871687666614,0.24007212193077568,0.19011275110220272,0.15372589276874798,0.11631493760887332,0.22145600100601595,0.5224922032180906,0.3332101851395717,0.06908607705858244,0.016244885004114452,0.048180592302045695,0.06873727741029695,0.1163658585460242,0.07914849928917138
52,2020,Alaton,0.18048489286324162,0.2429942217130639,0.1941726905127526,0.22229748534778218,0.12986200919240398,0.09022427245317771,0.03379105341560001,0.05463211608190736,0.6464085695853742,0.6544879301163382,0.09085908892308531,0.09819639921310873,0.06893907999288448,0.04659374950892282,0.0001116267261810015,0.002425967629332873
52,2020,Benth,0.22185262507367703,0.2911027724569576,0.24545013576061547,0.2824202553045019,0.20235680515114726,0.16866671949768283,0.10510234898425146,0.07873089771677931,0.4574342031333133,0.5003524035290418,0.0032930789097588274,0.02827156335297373,0.002846077088335094,0.011737093118607675,0.050944584248131954,0.04224135541288242
52,2020,XGB,0.13118999858905686,0.18371994751920614,0.14429823362728594,0.1938909415887729,0.1334385786015273,0.09026345487855174,0.0568126475116545,0.10228446059774002,0.7121086457955971,0.46145017508888336,0.00979849274807229,0.04751053752400054,0.016608810991478738,0.014988496033550963,0.05982392402112319,0.029747704586149743
52,2020,WaveletFNN,0.125853688790151,0.17167977501092843,0.1586019820357255,0.21195487885729888,0.13646245071902874,0.08362074562291534,0.010344287307111406,0.07294868628057344,0.8983963574018481,0.5301006363120554,0.11050879598192515,0.1643414829634149,0.13723011639678664,0.09219844030494019,0.0725576888694995,0.12776548121480236
52,2020,LSTM,0.07722127824565213,0.07633077365678465,0.12977355308878719,0.11490677478407096,0.17831902372187974,0.21438160424506653,0.1520346517647758,0.31758600016500266,0.8845732793350863,0.7369776180500097,0.1624320068582425,0.1113003036772325,0.08246811595526758,0.03636140393469233,0.008152771725530045,0.029091879623663813
52,2020,FeedForwardNN,0.017807928437481475,0.08163526181371164,0.019433835850829074,0.05356291479956275,0.018444715191132745,0.029106607120382575,0.032648908961084806,0.015607131337955306,0.912806550118357,0.251999804278547,0.06740662678369572,0.10180079628312813,0.07266041493671795,0.02409608347859327,0.014110715855897583,0.044053080929384494
52,2021,HBA,0.08637446967459506,0.0007755891674462059,0.006509235650903047,0.02171065298716966,0.058048156212273556,0.06607035806071307,0.057393262359127104,0.1766049285103097,0.3333602127719776,0.4396573765970107,0.10579643522331325,0.05551046220376897,0.026424111526849568,0.03263467517806329,0.038881453293833045,0.07304393126759785
52,2021,Alaton,0.07090057831390278,0.006651038405217842,0.0008247773071297554,0.04035339781476225,0.11129447283748142,0.12307323723266089,0.1326105207888699,0.3692062852083484,0.515527115026585,0.7207671596614609,0.24519384749848236,0.16730212747448286,0.1407226781145178,0.14206584112168524,0.14269007294985056,0.012577175059898364
52,2021,Benth,0.035791445948247326,0.04871855608358163,0.04725424802005875,0.010679770084506563,0.049698501955327,0.05492849980069739,0.06795309411180392,0.2727222862585537,0.22918556670573179,0.5832813096601466,0.16658203743983876,0.09750271724967514,0.06907114754121464,0.08527145160361208,0.09558087277969851,0.03519530315415114
52,2021,XGB,0.12526669745322472,0.0620836192543131,0.06441065936046489,0.08854093686377477,0.139580773384448,0.15628174563029276,0.14380358618833716,0.31249720226748573,0.7127375079590661,0.6280799263345207,0.21355817077064318,0.1500993253035091,0.1229707680086742,0.11127066522505437,0.10947021823217397,0.00863413517986356
52,2021,WaveletFNN,0.04193571540957623,0.041265771208685124,0.05029709923797836,0.035787022472874415,0.02601225851346328,0.023890424067072806,0.026959869114364047,0.029851005612180348,0.04680647830609824,0.13112888186725816,0.0010898012805517735,0.029097875602085016,0.05876396023400852,0.03626248095078294,0.0064189292432886,0.07721668861977732
52,2021,LSTM,0.16406773212957004,0.10509145584382035,0.09300038586253352,0.10535314707721156,0.14181680818382336,0.1565879462788091,0.12768357266619787,0.2541109230490807,0.6487440188783512,0.5379297396738563,0.1625054477207514,0.1034618970127703,0.07484468794586699,0.06511705120151215,0.07487001004752852,0.026861265577478362
52,2021,FeedForwardNN,0.034749048794905604,0.0012628086020188105,0.011613923077992673,0.010423837112856695,0.016755525583394732,0.02328300149463238,0.029478928921814706,0.08201475547285138,0.24077043460944203,0.28768494642652337,0.0714101777475765,0.05136842364719794,0.021419991096653785,0.034462037722208454,0.059222888932550115,0.030857345401177523
52,2022,HBA,0.03999282651418374,0.049325718632053074,0.0868945792698751,0.09702755512243062,0.14024988675143413,0.11899959237027594,0.15614541030363627,0.31985723678031347,0.41006052254735087,0.33881040238973836,0.2591950016218143,0.19418738730517027,0.19355852392863215,0.24015407841011285,0.09311979923743227,0.029015701793977555
52,2022,Alaton,0.07874560947712424,0.028986537090358606,0.07516962149548566,0.06047475069732409,0.06254034022931924,0.03908588217750242,0.057823901758171856,0.02002701122696134,0.5448504176992323,0.3086078455810282,0.07000404768943522,0.05918687087987133,0.05964439880049449,0.10455505690255101,0.02176039141651961,0.10216374319500286
52,2022,Benth,0.046495225070819164,0.06907065677092303,0.12177061998024495,0.11324928670830833,0.13171734368708646,0.11501063353231573,0.1315935150817566,0.16520051098159977,0.30092967467421533,0.003497218953870828,0.17359425845637588,0.14159738232922756,0.14161306785603395,0.17234938871124422,0.028129174693210794,0.06181201619865837
52,2022,XGB,0.08665671428997994,0.015937344238735194,0.024645167760398556,0.024572513130004473,0.045984985779089896,0.01621937810957757,0.05619921440095751,0.11782016667014546,0.7248430999795765,0.07494968810548398,0.11843617191550682,0.0834734856724747,0.08394150447499121,0.14678431678156387,0.01839959425850097,0.08108609470359567
52,2022,WaveletFNN,0.05953640449053032,0.037377154394217224,0.06380887083654178,0.04509786810945226,0.03741634063491092,0.006588276716247364,0.029941813919896337,0.05142753701888109,0.7609257514168123,0.3855387044493212,0.020804906939641425,0.026263781491252417,0.02670708790569668,0.08748819089904929,0.07845417485908261,0.15323141728082418
52,2022,LSTM,0.12296274659785104,0.08761445463566492,0.07815923230748358,0.10798649443399433,0.13065682063879538,0.16411605681460759,0.13742997651474678,0.30737687283515513,0.9971373326011101,0.8274240880548992,0.17163205035805199,0.14140158707951692,0.14103070564460288,0.06598023789412669,0.1486043410097859,0.21397496854016737
52,2022,FeedForwardNN,0.017718337246341316,0.04125226262715061,0.056442257206323995,0.040292466265050536,0.022221229625705313,0.017095795450395503,0.03320374650520249,0.09297533411154732,0.9959561082479731,0.594882474012079,0.0977708092638842,0.12071434470826649,0.12033452718167141,0.041507281946431815,0.11215425680828274,0.15946020408259182
52,2023,HBA,0.08616845464496677,0.05670895565641289,0.08451284833086935,0.08131341946795717,0.12313634805140868,0.11943172793632187,0.17957584832011744,0.24714500288192126,0.035058847408163285,0.5150709821601117,0.29377459453030796,0.2919358162345898,0.3193846949189018,0.28180067246528834,0.2192084876275215,0.27580331689638343
52,2023,Alaton,0.015267710303867671,0.005039904013030278,0.04784074108554419,0.022607597405419885,0.023574101905010886,0.015329181206074636,0.0594648134374806,0.05433891229124306,0.3285016308280935,0.26467814422887415,0.0845434850844029,0.13213850867265836,0.1569933986906276,0.1317377740389032,0.08207988480717932,0.16929408401368962
52,2023,Benth,0.024525874692420926,0.050221933679188764,0.1002277668091313,0.08135839395271047,0.10030605981284808,0.10070165291490002,0.1448479973032245,0.10055743553342687,0.11719873062860724,0.1331680617246819,0.2058184613824691,0.23436753576999458,0.2611390181338515,0.2127714649427747,0.14624279750114508,0.23020930626237973
52,2023,XGB,0.022204020007829738,0.0166978069577142,0.01427995690236223,0.0008599361366882623,0.01978228381120234,0.005181398371161139,0.06632608340104171,0.0374486310697377,0.6037067256729015,0.00109089020685473,0.13476937860070165,0.15935536465052078,0.18480777163022447,0.175460483522254,0.12733720251993147,0.19761555329074873
52,2023,WaveletFNN,0.11824884693531852,0.04613942508777333,0.09968180782569493,0.11102803595058777,0.11958404266960056,0.11392016286613575,0.16481390287430134,0.18348424303909827,0.12227572830118982,0.07510838607420818,0.2319800296330574,0.2546356681209135,0.2821798522511109,0.24135984195638918,0.14562615611930704,0.25076744306363324
52,2023,LSTM,0.08826640637757521,0.0828173496669642,0.053442186058400204,0.10435292542210925,0.1393931343531763,0.15954685328499735,0.13649904469278612,0.4153562541264503,1.0,0.9171205335932532,0.21335066863646412,0.12756458469904572,0.10841119831657063,0.0887114801374454,0.05944757484192267,0.02718010446657926
52,2023,FeedForwardNN,0.07495522536700083,0.005426812124628536,0.01363538823147721,0.03185438140744472,0.05743089095892176,0.07947327540784538,0.06367725821081965,0.2856037326220654,0.9986878101480996,0.7288537687445431,0.13066179363621036,0.07189709961997025,0.05152159314475182,0.03422230617273117,0.010267516321930605,0.12155742456123142
52,2024,HBA,0.015243578551963961,0.16717749014607391,0.16356309722844914,0.16269007819233022,0.13387263878323502,0.08272195109595927,0.09083189797797751,0.05803328166535663,0.6674034001905824,0.36803827271034695,0.020222558580201902,0.03137324010817758,0.05542060599253871,0.12613385161489815,0.09672348531869308,0.06984653844362827
52,2024,Alaton,0.03463832675600536,0.1329029703236962,0.13857477892080688,0.10924649436834326,0.04079924769028991,0.011958839919467876,0.01941549059573403,0.20895214783175328,0.7856567272954849,0.7050553939381993,0.15432863169562117,0.10542637900376454,0.08402351139083518,0.01418292660498821,0.03343495745196884,0.024095325976106835
52,2024,Benth,0.009199612516995108,0.18983402745117017,0.2020604558796535,0.18022463534118274,0.12726002098378067,0.07989167656434051,0.06870653237781256,0.06380529736111433,0.6147655725176381,0.5201142669847538,0.04803280167481263,0.014334505332650464,0.009081466689302977,0.06576516256132885,0.031283750463635594,0.0331617585547305
52,2024,XGB,0.04815682913189736,0.0792952707856715,0.08174618263076015,0.06848498402793739,0.020380279028890863,0.037065359755152245,0.023767388284670732,0.13636875489765118,0.8795062324216579,0.6009473516765346,0.1176361832099344,0.08549453935832185,0.06361479816539767,0.021799252374085344,0.005187127896416806,0.002473900940626024
52,2024,WaveletFNN,0.07389653525130785,0.023898292438049553,0.020728193859911054,0.0009915134085802105,0.0609097654921649,0.11557979885830119,0.07344112518265268,0.2694404072504073,0.9173163900521997,0.7549698914636254,0.16657591747101896,0.08759651684949087,0.0657670659232509,0.019512550578261557,0.022811839146752513,0.0019975133248142317
52,2024,LSTM,0.2110167460643931,0.1443046004249696,0.1579576833218061,0.1640749567704114,0.18241589747660814,0.22145133214160767,0.17657993690025658,0.24489035340911933,0.7939063755561999,0.5587139376043292,0.1983968677263971,0.16348375250208425,0.14346992012311918,0.08027371023679217,0.13045388140194017,0.15652171871031187
52,2024,FeedForwardNN,0.1435037098118744,0.058485680478692126,0.08576599493322049,0.09770412994870635,0.11950609977371313,0.1449830267320805,0.1036651747311948,0.2056896076812932,0.5186024177593656,0.5093454726043563,0.12522512487592105,0.0750555684940527,0.05292607266251699,0.01836628776135456,0.0506112958171988,0.03813300179727697
53,2015,HBA,0.042905437467879844,0.02206125681080406,0.01779785050026434,0.03166403927176339,0.008635710033336606,0.059879029505174174,0.04184043115828078,0.06953778851455096,0.6215468316384402,0.3173983876306546,0.0947780676175651,0.10034710971379794,0.20535918279276533,0.3526677958746889,0.536330648573016,0.6275801342024523
53,2015,Alaton,0.09186737639981507,0.0006234948462785583,0.0005788050872968302,0.02291660723225471,0.03182583713414269,0.10438191037021378,0.02461618866758383,0.10381800011207427,0.6991796204748879,0.5065829941347129,0.045103713600803716,0.01310557884226565,0.08700338454234556,0.2203531470165746,0.39042270143125685,0.5113874965936942
53,2015,Benth,0.12720799434213415,0.03454362890171465,0.03768060842405403,0.0666504724674943,0.02336413734908287,0.03406701568522099,0.04542010830218281,0.00962055436029231,0.5048741692412164,0.3363316948208979,0.05371168073497871,0.08270994947526154,0.16150931734758697,0.28845714790999516,0.4560023386887847,0.5745583275360716
53,2015,XGB,0.022668194477719922,0.05772521678407162,0.047603415879972244,0.007701904878059035,0.04047805453996262,0.12023158914516167,0.020011530855948468,0.024061449785386588,0.7740324033317676,0.4380428047476859,0.004663773006764506,0.017304935370196284,0.13042479301673335,0.28573771246719004,0.46368794838983207,0.5629431421049751
53,2015,WaveletFNN,0.00870728453949915,0.048031184185216055,0.013808059460226573,0.032689563990849047,0.006985999166121346,0.05080601731597427,0.05316577478720117,0.008731809674161015,0.41003227212547455,0.2876355162642245,0.1113825825088863,0.163365764262884,0.22119652895796563,0.3723116531867181,0.4586927921918305,0.5494548872044647
53,2015,LSTM,0.03173866198789733,0.0016918811230312851,0.022617875673265075,0.007456854434029923,0.024460027424674465,0.056685930501176415,0.047947375088011626,0.028704286172792536,0.32086634298840294,0.3092564397789617,0.06574192240587985,0.09483603893417446,0.039483716898210175,0.027897874855485203,0.007573289652349831,0.07875099553166491
53,2015,FeedForwardNN,0.2818353422751325,0.189733777299136,0.17804642163832804,0.17385666341385234,0.16681999654169294,0.16326116773117436,0.16675301204557555,0.1409546719884741,0.134086721916505,0.02167291639075743,0.16633281348208356,0.15666035419704183,0.143701810874868,0.16562237197621488,0.11898526452858772,0.24448250163130675
53,2016,HBA,0.10296273842477478,0.09170419834053917,0.029571555159947874,0.0018947451543890718,0.004383891047393545,0.0028758458714897195,0.022397894144348052,0.04513666514520596,0.13749524096740698,0.23318521614690496,0.062290426398751306,0.06042031795074667,0.031072005305036416,0.05644156167076318,0.01534614057773168,0.04686881647220628
53,2016,Alaton,0.08350056622109255,0.07773406957179788,0.021814717062989524,0.02598194683674891,0.05243934952571592,0.06603705815009475,0.09452678343854592,0.19842758648978748,0.31818329019096725,0.44339474734103385,0.18076754178014232,0.1565595986664585,0.12568610366890937,0.14669851197178466,0.10504175232103598,0.022884686114837367
53,2016,Benth,0.11772346036642804,0.1154874215879659,0.06098312211771741,0.01584488602663291,0.0020374849075984794,0.00844333095798953,0.028636222302323985,0.11385340226352886,0.12722878145250383,0.24953192219301318,0.09507865089208654,0.07346241813877083,0.06515773841031712,0.09859262508740464,0.062405341345093596,0.018352048978320816
53,2016,XGB,0.05561712738847663,0.02891099259348315,0.023840074592213305,0.05855796549275947,0.07243215246685841,0.09837568443400295,0.10976339131078319,0.1679672807802123,0.5794540787466461,0.42828267407767645,0.17415181897011106,0.16265679676367012,0.12203580891608785,0.12765543534287527,0.08338766446961826,0.01395587716239299
53,2016,WaveletFNN,0.03605453352618252,0.011404867327488483,0.007870065998529241,0.04800058276427575,0.07894708052244707,0.10548261449297357,0.1302539725602836,0.218689030232644,0.5975386726633204,0.4956482467540001,0.21970611894937517,0.20521809452541537,0.17726550062088234,0.17136994234901692,0.16109801466160337,0.09356226986314017
53,2016,LSTM,0.06004846937808135,0.029224459057162346,0.03494278838600556,0.041977200592478114,0.048393450137576746,0.08103879232354771,0.06861951256345449,0.07483831013411452,0.6863907860498799,0.3251427296155438,0.09886234289923428,0.09577155129798871,0.0577160265670925,0.041345343841090315,0.042784883903486524,0.0011934865655723727
53,2016,FeedForwardNN,0.0940961175528963,0.04992206059666554,0.04290456378113774,0.0497604825459355,0.05061353402696173,0.07170406939166848,0.05973570040208306,0.06576986184439985,0.4627919483010064,0.25826344177140687,0.07701659057755976,0.06728468185881117,0.0359464128504023,0.03402312865895103,0.08054167461926495,0.05305700190552605
53,2017,HBA,0.13439313545684464,0.020481031992715674,0.044325226064417175,0.03849556369619477,0.07373929999478976,0.01343530177445031,0.0009569734448528466,0.14181558981256842,0.6457719276607164,0.0235250179016728,0.03679508676501615,0.10191175079937198,0.0349351206867799,0.027920668615556397,0.0045115306690105585,0.04938255915784026
53,2017,Alaton,0.0836808555481628,0.005772934754176317,0.06531246445034246,0.0325921027751475,0.03400676490546591,0.05623388115530665,0.05954583473140014,0.03844752620055793,0.7108106098097808,0.28578384419069447,0.1561739556545914,0.19168728860211084,0.12784236562894666,0.07031827954271953,0.08621847454995919,0.01852782813658511
53,2017,Benth,0.0544820058212681,0.04047101739192379,0.10524900541068971,0.07579465308777554,0.09158747555861886,0.016403640985113585,0.006537701708602043,0.05996906500572087,0.5289558021385704,0.044368743126064134,0.07071478389461425,0.1146485757101172,0.0697272842012784,0.0198703210182992,0.044299475731869584,0.021389325996143006
53,2017,XGB,0.15016406165444057,0.055406747569841465,0.012635107309498145,0.0011499946572275665,0.02130986468004922,0.07617131938237173,0.058381345090271555,0.04138682845781267,0.7832685904499141,0.19593932264069347,0.11598328395654586,0.1696404246099216,0.09536606635124974,0.0238845563468645,0.04330985091586479,0.008488140058478028
53,2017,WaveletFNN,0.20770372188877684,0.10104844346251791,0.010008975494193724,0.003258206112296137,0.01643097711542361,0.014672881726767844,0.001786416151078939,0.07762392443993696,0.24029030644844793,0.03337429546210976,0.009371139702437513,0.013083177888776748,0.00935433420562546,0.02043618169011392,0.059832761368113184,0.05743891699902098
53,2017,LSTM,0.07830283234778718,0.024353935603854,0.02811873655949679,0.02722539321265555,0.05048894212940492,0.09724048017936113,0.07401909298870833,0.10226281749482452,0.4363611555310896,0.5780506227945186,0.11218094469227641,0.09932510750575486,0.05942544572580569,0.030960319206408512,0.028052613819816014,0.008570139745190043
53,2017,FeedForwardNN,0.029242629030923728,0.018332339519812356,0.011198470818446122,0.0024821080685952187,0.04838486655118077,0.08146139795582479,0.06869753337091337,0.18628526595477443,0.3213879572970329,0.6491941806558054,0.12525720598625942,0.08950669517221402,0.06720854169598044,0.04917929796276619,0.057762267162057276,0.05360292809948857
53,2018,HBA,0.18615366670492073,0.018839614728344185,0.03863892240710811,0.00499399650667692,0.03879083541181618,0.026901675897319878,0.03941004620490002,0.25312013083810003,0.17640855256219787,0.7062660871692451,0.1106078476387894,0.03454514293886174,0.06080940630127062,0.0802310084452825,0.12024497774046433,0.21527034735033082
53,2018,Alaton,0.13703464771073684,0.041023322773744104,0.05195772559623103,0.028465267708567023,0.023231028948069693,0.0401965222122336,0.03777963470569542,0.05628584965206201,0.33031444915735414,0.25599847969817363,0.025235331474745524,0.06669305410346954,0.03944369211512567,0.02040450752098412,0.020682620176139616,0.13881654357731527
53,2018,Benth,0.1707897008139971,0.009155589898247185,0.01736036625065646,0.011341919738418749,0.030467760107141157,0.03319770213928464,0.02905835611216863,0.16285831527068306,0.07988099691378879,0.6766689323356153,0.07182462266009254,0.020659889764442736,0.023309741390972968,0.031740990983858755,0.06663840654725726,0.1842945577269184
53,2018,XGB,0.13020568902957705,0.07627801437652122,0.08885040035198546,0.05620578500578186,0.04022617915348372,0.07068562972577062,0.05237844220795127,0.09436800483580889,0.5915565833917759,0.27670473081411306,0.019568106708798844,0.07537800320006649,0.036706906916050275,0.00042438021810213116,0.04475565591949304,0.14864092977748616
53,2018,WaveletFNN,0.14579847890749859,0.03726247624785065,0.027855148412666623,0.01832489355728392,0.06480213805106723,0.11209936041551549,0.12422769192221855,0.32128196548802856,0.9209041436881883,1.3499431355670801,0.2657269188673027,0.2258979888645519,0.18318939213611396,0.1556473957275617,0.14547804397765918,0.18945853109421423
53,2018,LSTM,0.0386017400759011,0.07245062214792777,0.03925166086218186,0.0266054946627489,0.040821608979456685,0.06146079717862985,0.038005312690972626,0.0451673009112106,0.4144006381216753,0.14069527964160794,0.03594573103720339,0.033028666134146456,0.0006941497754952579,0.021926013944278084,0.022079794413000484,0.09273882082364446
53,2018,FeedForwardNN,0.04516602828807093,0.03579142835122001,0.014493908883735916,0.01819480699791271,0.040220987683490604,0.06388690814997568,0.07032748582617057,0.11143477974290769,0.46858529670125776,0.15873046381208855,0.12327978973881489,0.12352835142135993,0.09511265703537922,0.0706689737355906,0.07007434016710289,0.025378799984973024
53,2019,HBA,0.008999307077840704,0.09224992878609314,0.1042230820925071,0.10184970677686611,0.054545736775131574,0.036467112336824765,0.03524813712440603,0.0379042911908051,0.24576192974838643,0.16315700545376569,0.007693221808353158,0.0021261138357436997,0.029778062642709366,0.03149247808271393,0.01764633994668358,0.09884667564629278
53,2019,Alaton,0.028754747986933886,0.076438319488639,0.09395086243158624,0.06936042047900312,0.005381350296284754,0.029075132053994927,0.04062457533115344,0.19023957462249536,0.398963524374666,0.38456651025754085,0.13103618034487752,0.09858187121344854,0.06955952988005101,0.0655691033675215,0.07257908795848221,0.03181887677138979
53,2019,Benth,0.0014693215247497564,0.1136249886291315,0.1353380919910825,0.11471843782991298,0.05117181658696092,0.04720938929407126,0.028065936234407687,0.10546244929797848,0.014648860099888994,0.17280945506685633,0.041731544653053,0.011802218259383263,0.006335054685107777,0.013877945686448062,0.02922449988482178,0.07455995703042688
53,2019,XGB,0.05442110739913331,0.026590282346888143,0.044710122231369276,0.033277391957960964,0.02842574808454897,0.06475225376724443,0.05908545330727354,0.1645323216710166,0.6318526399783904,0.3805277192544537,0.12789584642054883,0.10763294198151133,0.0685347133725003,0.047759632386379806,0.05377098752279925,0.03643571110977272
53,2019,WaveletFNN,0.07869161826204119,0.03192770759713062,0.08785940009728278,0.07410312203822342,0.028354816358472517,0.026573159506175694,0.021316833470365892,0.08238379891190277,0.0012406439424298738,0.1899777100723611,0.019125034070491993,0.012380992998941904,0.024518594983204443,0.00497042634525502,0.04687931404657588,0.0007801987395721296
53,2019,LSTM,0.07013202593613947,0.02855231152591933,0.03801912542455212,0.02601706229580807,0.05392109712025664,0.07436560293745016,0.05587621814293602,0.08351482276298348,0.39352889505528876,0.28057854774968666,0.06090354098179733,0.05482273993930669,0.02423918633707377,0.018005210849234416,0.015072079809311289,0.010763041162670772
53,2019,FeedForwardNN,0.027943878646317036,0.10246052155772839,0.10693339223098021,0.10914157480755252,0.09031732547489386,0.0871831828579975,0.0643549366353435,0.05939466190521343,0.038255452125849757,0.08567903454630846,0.04155005828926453,0.021563145068380925,0.01914505725775646,0.01482571204287237,0.014594147395067253,0.04992266526634894
53,2020,HBA,0.10998585593530778,0.17600810976872489,0.1288144170138825,0.1701463106076442,0.14540319252005648,0.09495210788772979,0.06784364930781146,0.182450067052343,0.44414709395361873,0.22547344660098723,0.024582046407764218,0.04044445099127597,0.014801679005271197,0.03591452668553074,0.09826958623136833,0.019439974779815652
53,2020,Alaton,0.11490481498878148,0.17415968168676915,0.128496736814414,0.1438332151250453,0.08602606385935806,0.03105476626791162,0.0073451311984984195,0.008821545096599935,0.5563455418067997,0.4327354211104165,0.10449663705399938,0.13768971489333096,0.0842964924339522,0.06273137546398865,0.0005559564795979045,0.04274413497946048
53,2020,Benth,0.15088608163963177,0.21579908987918128,0.17217659097348453,0.1933765561879921,0.14895179954014937,0.11342545389059007,0.0650465642840148,0.09708504578553451,0.2661942257177518,0.23350517810825636,0.010615113520922113,0.053034629805596305,0.020688506462649876,0.009736758953422898,0.047185335361309366,0.002243403797453675
53,2020,XGB,0.0767342014336887,0.12411978700063989,0.08657625353462825,0.11814354306587864,0.08081594923638082,0.016590964628283106,0.002693193888286412,0.06795175256764242,0.6696903748677008,0.3736527194661312,0.06644409930252197,0.11766466844089786,0.054340341090329175,0.020667888257964607,0.04159475432357991,0.019872471665579674
53,2020,WaveletFNN,0.01635067826602694,0.05210302847338253,0.031004341466631665,0.06323908824857687,0.01502565345579589,0.04025852949413423,0.06429706750932361,0.02065874348523754,0.6310021997236072,0.46080796749936803,0.1354714578416465,0.17275962628660416,0.12094379013001505,0.08981167008461385,0.049760978445299454,0.12190082182018423
53,2020,LSTM,0.13101335870689873,0.0430571103738716,0.07317954157298771,0.05821399877240736,0.08372151166020136,0.10882065360700219,0.08499380745403783,0.10726436104042106,0.37701959301598886,0.2766754185987482,0.08915688913311584,0.08575870693200902,0.03591830706239101,0.03352827508271571,0.014003845053060458,0.0013088842881418083
53,2020,FeedForwardNN,0.022053330788612806,0.08477803683741768,0.05747921590223238,0.06232167741942911,0.06611521525859392,0.060236959088848914,0.04464053769306819,0.08540155646545143,0.002575629231561452,0.10329162574915417,0.040315384401910126,0.012365753935423277,0.04033861915336995,0.02192556959887759,0.028200944711237602,3.226242972125769e-05
53,2021,HBA,0.047441702609528166,0.00453610375791099,0.00907327737814592,0.01046279202901852,0.05021084950457987,0.07493957300683834,0.044669519352359764,0.15606558227262654,0.4108374984491022,0.38519573119604356,0.09007292800708028,0.032715576903354054,0.044111932286314194,0.03150580487703846,0.01707503986731529,0.08421611190283389
53,2021,Alaton,0.020350696847264843,0.015022394750185672,0.016083799968006834,0.026927936484710695,0.09552307289118521,0.12571544307285504,0.11062986699250398,0.2948026494455895,0.5358277769052677,0.5549772906959457,0.20749186883793874,0.13387169814541608,0.060550283241165855,0.06926335228482401,0.07597526993055706,0.01492060252388504
53,2021,Benth,0.01294318030007229,0.052676356020408925,0.05714591972182618,0.017033232931436496,0.040934108058233255,0.053128980159346195,0.04319778749349493,0.21606083550550878,0.2187757123662632,0.3913509666982127,0.12098882077653479,0.04552794963658136,0.0073077601516427886,0.01454878588964157,0.030082559196023574,0.05957520242381851
53,2021,XGB,0.07626141709556736,0.04017587554889533,0.030497914948401622,0.056321239205712074,0.1062773359481593,0.144151044177645,0.11110991638459064,0.24158523000072402,0.6586013764775631,0.5082882071488739,0.1752176394518647,0.11516026790665349,0.031357353174728694,0.02858914755690861,0.03828809667626846,0.03745914321486341
53,2021,WaveletFNN,0.10223275084554208,0.10177397056160024,0.07562244757718219,0.10168749373591714,0.14993556216503637,0.18442126707392054,0.13894524909725242,0.28262529379285684,0.6528512988646945,0.5426019824688031,0.19247859407087628,0.1126541545800709,0.030234641840973787,0.03213398936649873,0.057919116478523866,0.015016879723057003
53,2021,LSTM,0.0454129443331693,0.04871891512477133,0.04502188088231481,0.05136973649299552,0.07291392451067318,0.12216489662788908,0.09754231654460793,0.12271654419798242,0.7911561350424615,0.35784161851185076,0.14209935453593767,0.13770033994478853,0.06637601565384335,0.02748202352049801,0.03783025317699165,0.001351391045407483
53,2021,FeedForwardNN,0.03461884067050791,0.022446834246234386,0.030429006430414216,0.022635292471088277,0.009120540215436804,0.018132264065666176,0.026612145495263636,0.028926777262062105,0.3883155620296869,0.21172892297237367,0.07356327285082478,0.08701407873699898,0.04843273942010785,0.03017908543120943,0.07020421039595304,0.0701160102777909
53,2022,HBA,0.016473526979715204,0.09239741156176998,0.10966618499347117,0.11137318808908496,0.14098585712696016,0.12791663182854174,0.1339216714127419,0.2138722813606576,0.09875489395560481,0.14666441537461541,0.17459684440759965,0.1434527801308467,0.13672945405748152,0.1552113034631529,0.05400257737462621,0.0728021154536017
53,2022,Alaton,0.046167779023085796,0.05629787277745438,0.08477062066240484,0.06730313898667328,0.065323461795403,0.04746764663253296,0.04446591115221155,0.02006647873124191,0.26222208437066863,0.15655348982802875,0.029077793763297215,0.030032609565498313,0.028165913955050165,0.04625038031775958,0.03966487780515653,0.12881018733909044
53,2022,Benth,0.017385133490761956,0.09222157301319121,0.1253501176442363,0.112170190709459,0.12551528031987652,0.12972987393586546,0.11895054484305438,0.12589964311885415,0.20282742514358296,0.13356924524532587,0.13415256949868018,0.12872689882381175,0.09719367409171394,0.1034645554224433,0.004735082360045937,0.09310469510967728
53,2022,XGB,0.02813419536880976,0.034321836284754485,0.05807191633988827,0.05225931746364354,0.06491220315435663,0.03410605678566151,0.046874263953258916,0.08083076208800541,0.5001931110285824,0.1015541019723935,0.056012219637260476,0.03878405277656927,0.04839387951243152,0.08266933399749996,0.007110494215840212,0.11448964241568886
53,2022,WaveletFNN,0.1759297723388133,0.08510246396140901,0.07566229395293074,0.07793294645153709,0.10667278967971797,0.12936792148949983,0.07151201269640711,0.17883970565528734,0.5229903465170994,0.5281353329028372,0.0518920296727612,0.013947475564533131,0.024852596258428537,0.054836068218583424,0.04766656257784168,0.13870339286789798
53,2022,LSTM,0.056963278321197484,0.029750881998758548,0.016077496906950945,0.03452336026649471,0.054592844300400595,0.08710701254127776,0.07460891332305081,0.1442248793249792,0.6510299656220463,0.3635740177369424,0.10880622519656064,0.08719761163822462,0.07737285428166071,0.036011709106724604,0.031958351230385346,0.08040239571160404
53,2022,FeedForwardNN,0.05350487403985484,0.008353245771325265,0.019848693638060817,0.0026516533492565043,0.0346702790951915,0.06630788278860368,0.08414361608164062,0.16154558476521122,0.6150277753294168,0.4696741517175986,0.16250539690296967,0.14994447566249058,0.1407950810369883,0.10615626787311519,0.10782903238160703,0.14506640155532896
53,2023,HBA,0.07349454744899217,0.058466979468713556,0.08609076755329471,0.08483776336352956,0.14215784352078867,0.12586804816351135,0.1651963858312406,0.2833928758756835,0.14683678953348717,0.28080985399829234,0.24518538227112577,0.2151936691847323,0.2915677172490131,0.23741289429271697,0.20017468405680774,0.29606134824972985
53,2023,Alaton,0.013510208602213074,0.011613377874346433,0.05172457522961325,0.03226697325391068,0.05510622669756274,0.03250401556202943,0.06167938174971984,0.06362473147505007,0.3458759569374613,0.091200694544389,0.07778427120277688,0.08330808365298818,0.15750945788082002,0.11304202700377355,0.0861928076600278,0.2079898814986352
53,2023,Benth,0.019999516367793273,0.0503102974925295,0.09593174743815658,0.08101359897126312,0.122232796263176,0.12267312004945956,0.1463197841302617,0.18848610834820273,0.13004450956288893,0.2548796000585717,0.20079215292182437,0.19840275149484102,0.24600554914959774,0.1821948703028852,0.14312009577696416,0.26398489760199967
53,2023,XGB,0.018143495109458424,0.004564849677668317,0.02828918768968743,0.019210074005719183,0.055545805891719494,0.020648173343424076,0.06433185626307278,0.12420623248291345,0.563567466654834,0.029999363094366176,0.10441396852510819,0.09166039238509066,0.17690694909782048,0.14947066819477617,0.12152200112364027,0.22679460255019346
53,2023,WaveletFNN,0.03921783935950737,0.02461638723855462,0.019943604186141793,0.011134980488776902,0.03584284324058459,0.007171600304765388,0.014550036613392017,0.07589361285044151,0.7272694645434964,0.11567784036687949,0.012347510668939582,0.014005653044607116,0.05972974656465461,0.054475527074797706,0.04616144073532816,0.18553784608318766
53,2023,LSTM,0.09790522022416871,0.07081037515581809,0.04995114171802896,0.077778561931118,0.08549241246172523,0.13143914974435433,0.09419519939244635,0.17502218437867498,0.9006260706695709,0.5290933326795882,0.12600665728597185,0.10019783259353546,0.04140761345025127,0.004698645042431254,0.0039112230578955305,0.10329996670138605
53,2023,FeedForwardNN,0.07119909242344838,0.017839480726454124,0.0016584793199029967,0.020757957035457665,0.027939337075978784,0.059161620262392765,0.037143694588687576,0.09414178711360359,0.5818488291644393,0.29580875546358604,0.06584796840068623,0.04343633673962928,0.015307477929614153,0.011127313915289391,0.017422534546487678,0.16909475839242574
53,2024,HBA,0.018910496520217087,0.1378046371564655,0.13691278703696333,0.1332320492888653,0.11227271626718771,0.05683821447877671,0.0741017215109644,0.06299395185040473,0.5063418593405732,0.2801131120827817,0.018833982726278443,0.019863044123144324,0.06922737747908857,0.1293189701408857,0.1264725862610051,0.0961214553616314
53,2024,Alaton,0.05217932278310128,0.11162557541683987,0.11654454965119376,0.0893695582216015,0.03519396718279545,0.025406465006265092,0.019729187487170678,0.12750265110556022,0.6410691799700831,0.5019762875668238,0.1264851343599759,0.0987724167844241,0.04826010824905775,0.0093507778712583,0.014094529955214005,0.01853226977708451
53,2024,Benth,0.01555266684453018,0.15906631988401598,0.1685779858169524,0.14621325351312595,0.10776983746960564,0.06718229406703376,0.06592512269066036,0.013843060684296766,0.3451619130993611,0.2947400538780423,0.016751650488612418,0.006019515091891624,0.03306929932639062,0.07929261627487585,0.07325022647893463,0.07097474163934762
53,2024,XGB,0.07143481347960783,0.06525059013670965,0.07125409300872676,0.05825583415943751,0.01935105669214084,0.05118591907878203,0.02844383067417339,0.08445211510305296,0.7677977391559119,0.4734306228470784,0.10909328228479849,0.09461201172936072,0.03683610587496416,0.0389356181137534,0.044381134193473164,0.031599198213534685
53,2024,WaveletFNN,0.012681869833362336,0.1082829747422072,0.13318211705702837,0.12840121530407328,0.11403655401161185,0.09305803469454675,0.09363693550007574,0.07574649795791624,0.12007067894846873,0.12754670461703393,0.0491706434111145,0.07083130608437727,0.0743547500521089,0.10136172072477816,0.06618809148089279,0.020394748165981875
53,2024,LSTM,0.07479037801919286,0.03587893239838675,0.04818199900040205,0.045107423435979906,0.04000644004635651,0.06918876308284805,0.05023253368975466,0.023655779066675927,0.36566302210374113,0.19283316433334405,0.059473983634454816,0.06354383951528028,0.02050980566813759,0.0009427279821457605,0.008197959092862384,0.030867661930392535
53,2024,FeedForwardNN,0.11944724139901777,0.04164177542033213,0.03449791059759016,0.02512993812885911,0.01448274654034283,0.034340748535614106,0.020979528397351444,0.025546462935395465,0.23608570282940008,0.14123013876284488,0.0236300217133783,0.025596390142974088,0.017127996222735413,0.007988462934175393,0.00040054822492409197,0.043083853761069164
