region,year,model,30,60,90,120,180,270,365,ISL,IISL,mid90,-270,-180,-120,-90,-60,-30
11,2015,HBA,0.08077678929567776,0.03409515891364201,0.007156961241163544,0.05328134435502749,0.03654709253928241,0.030178941255224745,0.07053813880362268,0.05272938528756168,0.023430972464534447,0.05043114118248854,0.08234045489556766,0.08294535727407931,0.11885051840100741,0.23604754974880182,0.4040250145939296,0.4921368322340624
11,2015,Alaton,0.045044114612655534,0.10199664642873668,0.04359116252239433,0.00702899531371134,0.034231254239666276,0.014946265485285815,0.01249593347672665,0.030765562551452377,0.005488943484884248,0.008216591693323018,0.02179125683881099,0.032729476613236566,0.03216081795259008,0.1266902754605969,0.2719669193933904,0.3762244125364389
11,2015,Benth,0.18816631436722173,0.059828332493011754,0.0868516426268008,0.0953261874716915,0.03882546570565834,0.041017269242818025,0.0709468546124634,0.021042821138570242,0.04333979915838486,0.04720305673236676,0.07104534912624345,0.08249340766815935,0.09470155554380899,0.19485513776108793,0.3435110533432831,0.4545511585127548
11,2015,XGB,0.08412593866985187,0.26666198372812777,0.16866290073233478,0.08061098685641889,0.057197207735616276,0.043388194442514676,0.005608044107116644,0.015924824067862324,0.028755566137129086,0.002857069230844708,0.017014037885781392,0.01728282779452856,0.03381162920975811,0.14784075924847612,0.3011616815143265,0.3933393886046675
11,2015,WaveletFNN,0.26251873059291236,0.3845137071319843,0.18055090028273618,0.10560291332830951,0.09159719985356851,0.0864672670853108,0.05698193406218425,0.058660327941892944,0.08103136823893708,0.053311838969367226,0.03997398282494733,0.045753669870887255,0.052405975276583604,0.06474571540020851,0.19211952708167088,0.31571137742093164
11,2015,LSTM,0.34393827174554026,0.4395730367469178,0.2710450606828347,0.1665538954445724,0.15427553520871315,0.09783191630323311,0.09571147442252527,0.11103930236879024,0.038021814152971754,0.07049473098286553,0.07179352188208131,0.06920547377088487,0.10997769789178152,0.08464101552660064,0.026824944975072575,0.026671619670771377
11,2015,FeedForwardNN,0.024453219669584313,0.28762459883882674,0.11754758794313011,0.07205456343981792,0.09642710289334652,0.0465336389684814,0.026530699849139715,0.08860682439519559,0.0063356353949099685,0.04592514793179341,0.01361189705144089,0.01259126371282897,0.0010907685849687202,0.05422698602105208,0.10753407485512106,0.19126024272069253
11,2016,HBA,0.22509510768844002,0.22927885188812838,0.09283305864150738,0.031599986044785984,0.0034428967114138926,0.03707515634534257,0.02258310114024306,0.036717516331452656,0.0698996847245827,0.021309640153964016,0.010718478339741329,0.039615242488341064,0.02309476267551795,0.0606087244928122,0.04879997398198984,0.1035606899334488
11,2016,Alaton,0.05205101212744836,0.10645778444966741,0.012314771199778399,0.06144101463643795,0.08550945653921346,0.016192053452698297,0.04543246882663684,0.12945905129069965,0.051460583912564535,0.06737454927573373,0.05556970157012044,0.014285138472571028,0.07479440730750506,0.21135775350241853,0.27215981199870404,0.3404976558142425
11,2016,Benth,0.1679996708384517,0.22717232128497525,0.13114649465546158,0.04484768035584526,0.008378765106689612,0.04075979644685365,0.017656246947790846,0.07106342682979143,0.08871821868150347,0.024138771317844834,0.000799609015659717,0.03953330694933833,0.003223751651136838,0.11404625605612807,0.14375358258858248,0.16807492214341022
11,2016,XGB,0.06069782533418792,0.03998521358704335,0.06548045741025293,0.11486174320892134,0.09978077899329436,0.04011029737107108,0.06174185877491549,0.11519092092094146,0.018127104419074155,0.07517689723668755,0.06264573535312672,0.03234724076951898,0.07522832643782487,0.18784302028013594,0.23331234048827987,0.3204068987866718
11,2016,WaveletFNN,0.2396843428368692,0.34555071665231724,0.1753819194717509,0.07497655441611822,0.011653652740345785,0.02898202859032571,0.0036275981477577263,0.06190471964372065,0.045894236424258744,0.04076857949772921,0.030968444867206152,0.010746751784205198,0.05656335226155294,0.18234837814784904,0.2700637391528437,0.41667766599657485
11,2016,LSTM,0.6277719705323035,0.368825864391353,0.2700159794920809,0.19496283538918935,0.1102956210289391,0.059309299516458976,0.060104653933696135,0.03853788585165214,0.009547494164816303,0.06262937713723365,0.03274148220887568,0.022371749849145812,0.032141952406226915,0.07116765362803715,0.0201856459763207,0.08501643037149269
11,2016,FeedForwardNN,0.5335511343239429,0.2940968219874903,0.20634740022672646,0.13099095792967302,0.08210607535597438,0.055014544932262106,0.0630967308046063,0.026288043303360015,0.028573659933470875,0.06089040463361317,0.04551806892860941,0.04940655296492645,0.07094976021021897,0.10746788568808384,0.018332255026887706,0.06438413042040643
11,2017,HBA,1.7039045170119391,0.0045662885966084215,0.1453270054470542,0.09226015841766265,0.10771003871831333,0.05188484858882977,0.06046776121457704,0.0919529836692243,0.014377992353098232,0.07800162679602925,0.044770260772968994,0.02660802800871456,0.03740996347362146,0.09369897405876325,0.05802816729339828,0.10990553173106637
11,2017,Alaton,1.270086017640136,0.020593098070747287,0.15366019774388215,0.060108488703587044,0.05333335268919793,0.014029294806019178,0.006663038269592659,0.011308283740183951,0.032623453350227614,0.036649242112256966,0.018457594337813892,0.02699554315775497,0.058533054171300315,0.03633610591566461,0.14338947235973018,0.08247773687419976
11,2017,Benth,0.8118627751949866,0.18537030793810863,0.26862700128122374,0.16142814202559833,0.12284658011309374,0.06997517626952164,0.06688768240110457,0.06178184467097312,0.007218391829789964,0.07509690112788922,0.033487053809766375,0.026444985407768812,0.010508418605394986,0.04519837292084217,0.030315367742237403,0.05407841649570674
11,2017,XGB,2.0587297394216724,0.1881489072236674,0.034259803864994644,0.013752494917287415,0.035672652370109845,0.00799589964848968,0.003608708470163009,0.03626446860642831,0.05982917258246812,0.03901752223122992,0.01228687970155876,0.031825638744533306,0.04068343069907293,0.006296304488460054,0.07765305091517728,0.03222613324942379
11,2017,WaveletFNN,1.560800383895224,0.009537096270093482,0.10324562573998455,0.017181218333617264,0.028140039685959142,0.022429598847049204,0.021105497436369393,0.0033203080470541185,0.08245425629705132,0.011823332366402359,0.0418220112628939,0.05570143806740912,0.06454039677318892,0.02587727756504979,0.14957159036116136,0.19328437007851618
11,2017,LSTM,1.9170921678937856,0.3497108789458442,0.15916729088158368,0.20569206195015763,0.1075287392846575,0.10460774560283055,0.10902227553514637,0.0858983003916062,0.10114061294672415,0.048004701010465535,0.10323673505919925,0.10673097804987057,0.13252099076490562,0.15188526292140972,0.3727152759123809,0.43384257594575665
11,2017,FeedForwardNN,0.9567162741917477,0.0017994918311777853,0.00825043059197536,0.09602292178951778,0.04970032124461188,0.06675152587236262,0.06302737152563757,0.06706291758317579,0.0869907988152089,0.03136967706396593,0.07240246778021646,0.068704530119216,0.07692391474712286,0.06674102141348778,0.29311032158875133,0.45232269172909323
11,2018,HBA,0.46375810647135624,0.04042872981879775,0.0016837724094448598,0.10526677278887911,0.1055857561601112,0.10408190323685143,0.10824484806165485,0.1408878157420807,0.10250188257398458,0.1323735992957882,0.12112665042435665,0.10445031619832688,0.10640363064730578,0.14804897058136582,0.16570872748711393,0.2826002713921536
11,2018,Alaton,0.28880308712773434,0.14945878464655749,0.10641349618998104,0.007074670762457168,0.020548314865553113,0.05187323387094933,0.04399106162276433,0.0636852527441669,0.08478470980428561,0.09318547245248475,0.06198241540862523,0.05426535796377261,0.016685341409577233,0.026233917803439453,0.013695538786819764,0.12690666135221673
11,2018,Benth,0.3666007332189313,0.0025800869235355272,0.02225585623692337,0.10427702065462578,0.08927796453347177,0.10457410701091556,0.10124843179410016,0.11204960348573396,0.12064497458227444,0.12987068989013995,0.11051958488462293,0.10426050076008052,0.08186523325886434,0.1040710404539497,0.08807749553677419,0.2385701840666531
11,2018,XGB,0.35747839199295417,0.16748474941208802,0.14771091766627448,0.012183788137029198,0.026354161098863335,0.04264164393854433,0.04278786044374747,0.08549505100191752,0.0597540616721846,0.09353677452418692,0.06574392619496434,0.04783648635704473,0.030161672812278103,0.061987977568223974,0.04059571673273974,0.16662431617820944
11,2018,WaveletFNN,0.3716378993084403,0.11799461242609947,0.16142023913219058,0.00970245328189959,0.02917055423778445,0.051481339429155136,0.036923262486846416,0.09392627208305156,0.07492213012212195,0.0991420021708691,0.06057346245407276,0.03586732890015373,0.013143373848717796,0.004249661155439555,0.023981875050778697,0.048909281814308155
11,2018,LSTM,0.06534572463058529,0.3937300817476006,0.2636842963783206,0.1227322370523439,0.12300483718266081,0.08244212746543156,0.08156410565778263,0.07520714871501825,0.03982498153060784,0.04426183418886579,0.060340673238287276,0.058202781210697434,0.08117941859448079,0.05859962759720562,0.08784661604940949,0.025311758438731163
11,2018,FeedForwardNN,0.38130583172095805,0.01463499561101733,0.025994355890272092,0.015226881996443852,0.02761328378922005,0.015824362817492717,0.023554989755345295,0.02816333574284495,0.003438351898385419,0.008358723435753064,0.022632030620863976,0.026920730865719125,0.059251848273240655,0.03297662678879379,0.03603286874855372,0.07684865859781449
11,2019,HBA,0.02070189793860363,0.21679666714008153,0.19837794281210927,0.15277692848213284,0.08695123947454358,0.07666055364961935,0.08516358787638356,0.03411541521083222,0.06563319700101292,0.07192879599650207,0.06840262872209317,0.08467942597138836,0.09637056844395378,0.12651567690263646,0.15624846521003397,0.28529655040485574
11,2019,Alaton,0.2326285573390982,0.0918980504345276,0.12409884758911893,0.06758289469280891,0.0023250385640943105,0.02264288348560023,0.018065526144381273,0.05541713077997393,0.04441520518430209,0.027945725617617694,0.002435612900018361,0.029628710471178026,0.0008156421297390366,0.0031043217889958575,0.031019796731356436,0.1270375351481349
11,2019,Benth,0.06863197361466804,0.2232002348932467,0.23638495625825612,0.16695322813070437,0.07778787082491978,0.08100756281743596,0.08117975401763951,0.0025850021794506725,0.08445774024041623,0.06988747633119423,0.05754809158226245,0.08449375199445909,0.07164236811659722,0.08255291118027927,0.07935559932959595,0.2457726113685361
11,2019,XGB,0.2108509504948936,0.04149118345741065,0.07300189537524776,0.0377245850802021,0.0020859012191263957,0.010104382361183786,0.014343124122589977,0.03154073308385593,0.018696875887653317,0.028113380100132142,0.006286717723763961,0.023188997688378184,0.014559368659730532,0.03303849849478061,0.02118354242562324,0.1614685252045239
11,2019,WaveletFNN,0.2897262778810167,0.09932219222637992,0.20408132157963266,0.13982355426170487,0.060958992141148714,0.04222471514711746,0.046827024522335246,0.006906124746638931,0.02214932294472371,0.038198616066662514,0.023400854840376403,0.03480381722749562,0.034578144367832665,0.0665045378872701,0.01324912437390127,0.00152767495956884
11,2019,LSTM,0.7524558228080155,0.3245446681443341,0.1972741323963184,0.14873984787704533,0.11368510236721774,0.09036298872294116,0.09667453609335981,0.07404922363524166,0.06537133419862615,0.050193752441118816,0.08014613536877312,0.08508338971848912,0.10570668317419378,0.13153309345912875,0.23124780455749447,0.17570799320392833
11,2019,FeedForwardNN,0.31132643518428693,0.10835715284710114,0.01834358719745043,0.01848964977577309,0.02710857765793959,0.020473674530987734,0.0070655970469434655,0.03126472229627221,0.013363804075838592,0.008378479193239054,0.01232743741989366,0.033411630378150266,0.07033913699434961,0.12624871958535472,0.052249385303997,0.11307592845648863
11,2020,HBA,0.31089258759701865,0.3826919504516014,0.2686397134649447,0.2601625548913732,0.15014570851777725,0.11339540123042645,0.11170437122581094,0.09200855818043287,0.07132297571598065,0.0537846330246661,0.08666884959784311,0.08695264462302536,0.11552948961727949,0.11910243848444077,0.20510481126560617,0.19888380540625894
11,2020,Alaton,0.30103622617000503,0.3400449073318771,0.2353281769070293,0.20625282708591072,0.08096107431145108,0.06600967199062154,0.049582844412320824,0.0052233738704809355,0.04889303251435457,0.007780065457127837,0.019836026502573552,0.030026559514077133,0.019155726531540383,0.014843844381323879,0.024912593712583427,0.019999871740474583
11,2020,Benth,0.42616908117118824,0.451295325341295,0.343998805193662,0.297802282669859,0.15472331685225163,0.12469553480920019,0.11365946669884458,0.06185838646370469,0.0903191794363803,0.05220802371839048,0.07604426123908466,0.08700503694730113,0.09134701476592358,0.07503977323705627,0.13299245284012676,0.1576784779429835
11,2020,XGB,0.19059221128390372,0.2489193901133879,0.15671136603187294,0.16134764486598058,0.07178087749138792,0.04962828137985544,0.04300917988289494,0.03011111890145931,0.02426758323475864,0.008884270189599083,0.02550247721209687,0.025285921152288764,0.03526774581609729,0.024632880450077266,0.07764856273773806,0.06370462658334809
11,2020,WaveletFNN,0.4277990536253257,0.3134106000578367,0.1830520556960363,0.195908146884037,0.07009216479122113,0.040888256590063836,0.02987247248036039,0.014670237221540578,0.007455087095265782,0.02506074053547768,0.006737017437300473,0.0041137199545938745,0.005439355339821525,0.0007356405532463222,0.04847341318773298,0.060404814415355286
11,2020,LSTM,0.16022849329616742,0.06328764387107001,0.13416911392520522,0.06029222390284151,0.06689334041242667,0.053724073799596254,0.06007392726704286,0.03388557972008275,0.03864765595318298,0.033917057441354405,0.04500694266634058,0.051912837789925136,0.05767647878855206,0.07730263623917753,0.028071931412302097,0.08209070054566038
11,2020,FeedForwardNN,0.11710615792065485,0.11043821980625235,0.007887934274166257,0.053249349292742026,0.023192028937697614,0.03465358453192608,0.04547202684947512,0.03844090582841358,0.04777498349731222,0.032960296796945975,0.0585823879889396,0.06628530711623142,0.08901156573351185,0.10991644996714203,0.1958954716056442,0.12329877196943598
11,2021,HBA,0.011087450955258382,0.1484044771530397,0.09470882295316559,0.0006584098084608664,0.009242643778386255,0.008721238742413094,0.003148582363146544,0.05748481402636741,0.00817448232442658,0.023628935787706327,0.018171506142233562,0.003384139321750967,0.04976570165424905,0.03408262290310263,0.06559721559729938,0.2531810664495419
11,2021,Alaton,0.07718147693931716,0.068176750305526,0.03690536355993536,0.08374806813428406,0.09904898445499928,0.06764346005421562,0.07874152606951801,0.1621431668567473,0.034710958751638515,0.07616614334514718,0.09638255057151629,0.062582832451595,0.058784260372220204,0.11999455654040883,0.15391740162224124,0.07692065604590839
11,2021,Benth,0.11327432641585829,0.22806047930481751,0.17807708257324623,0.046226051978444885,0.006561363584959083,0.0029725860518389994,0.0021832860523825904,0.09224903720758883,0.012970088555720861,0.025190028566380453,0.02997823679572977,0.0033251512609031053,0.02334482914369816,0.015643388698005672,0.019733653770103523,0.21249173837544377
11,2021,XGB,0.18644443209216355,0.029014350526486873,0.04056956538321081,0.12849142253353082,0.09968882130914081,0.0793094568199665,0.07873044579698625,0.12712509805430594,0.05793922147472669,0.07055877804642692,0.08444400291159904,0.062277337054910356,0.03413895983979248,0.06706145962445735,0.08026626316204648,0.12835885174116435
11,2021,WaveletFNN,0.09831957320317404,0.13170419484213122,0.06778167041456885,0.04528298458379815,0.07340666621547212,0.06040534886401869,0.0669594141797154,0.1389298568629433,0.046771890777222186,0.08015311540913331,0.08699772361665113,0.05979783769840359,0.03863059334429657,0.08773495513888296,0.17341710638460645,0.05534336209621505
11,2021,LSTM,0.6217044215797907,0.30790867733010674,0.1961590046429897,0.20202615430022822,0.11959860852015602,0.08721042334339502,0.09428667822594057,0.08406818475472015,0.05324748303677895,0.06426752940036753,0.07972394083150515,0.07510355595417716,0.05771398243488039,0.11924917519819586,0.16317855122940006,0.015891030355586012
11,2021,FeedForwardNN,0.17173343897103033,0.080353959296694,0.009904261368234522,0.031069875773944232,0.023760432430406087,0.01714830947852749,0.011682637021178123,0.03019085409143611,0.010214696622819174,0.03530058528853827,0.013656113288621204,0.0009613077317563565,0.057416638766341614,0.014191389211330488,0.020560985381120268,0.17833149081313754
11,2022,HBA,0.05678342296745229,0.2198505804247823,0.1999764337692117,0.145784112486267,0.12690871350199767,0.10676165574759962,0.11780266343764718,0.09393136227582942,0.08458802721300791,0.09678881626684016,0.11139865839142905,0.11815584391612159,0.1193275320972564,0.18197681716236805,0.13003681741464337,0.011539391016512975
11,2022,Alaton,0.2396019245175721,0.062321083532220496,0.10445723657365494,0.044646871847357085,0.03675054703938937,0.04899426663088701,0.04749251186945632,0.006192767585382109,0.06246956875257305,0.052365683711481155,0.0453652434763806,0.06222527609049424,0.022425495740671514,0.05506462189929299,0.06899257525922992,0.23666928171280133
11,2022,Benth,0.08571155622806123,0.19585835908751478,0.22024446253799806,0.1487818708430773,0.1123207005728944,0.10831384528068683,0.11148908659279014,0.06361191657146452,0.1039039447421391,0.09545038546098593,0.10084462599943773,0.11800567253264439,0.09514345082174477,0.13951570490236057,0.050314320068026296,0.06219437533777103
11,2022,XGB,0.17512640086671397,0.016159785046877085,0.050227348044527276,0.010883688277966489,0.03310946782206147,0.03295112046852811,0.03966072006364461,0.025383725917437847,0.0327768451257219,0.04851272883018677,0.044772917755300436,0.05119596443494165,0.030580971538200847,0.08321129130770054,0.02323172810227412,0.20073066971197726
11,2022,WaveletFNN,0.034380241120644923,0.21673073421001898,0.19280979000945075,0.12561461186846667,0.08468828284678248,0.03900551978641294,0.0280946052102918,0.035890251325250075,0.011272423071683446,0.017878510323140136,0.008889410825435588,0.006379923915079489,0.048701506450906436,0.007935139218796189,0.11816106894317982,0.2781184964007959
11,2022,LSTM,0.8067228894902297,0.43562611236296084,0.30824950857464345,0.2900507657196006,0.17679786864104094,0.13421227583341389,0.13870735618396426,0.11747034503016161,0.08734304423876288,0.07962385107468846,0.10480115178525862,0.10409696818298912,0.15733151588642588,0.14731164399089716,0.36792503946082306,0.7287060749327945
11,2022,FeedForwardNN,0.15341956098366744,0.007684532942203386,0.0006164780461226045,0.04968491785436835,0.026978001981997925,0.03786590287953604,0.03032920145401052,0.03887563927670454,0.049849005969154814,0.03573985415002538,0.027363973890355348,0.024736425583645888,0.04868233124230126,0.016539930233029732,0.15938386509712776,0.43569633113290185
11,2023,HBA,0.28840553819495873,0.2382829893077566,0.20116026417263677,0.1256131292945684,0.11749749424041114,0.09660790906090908,0.11995520322630011,0.07895165595216794,0.07356546535441923,0.057250421997974574,0.10988251313863703,0.12586833041194262,0.20786004657668558,0.20877552717759837,0.24852475696915347,0.3589629813832052
11,2023,Alaton,0.018912307698799244,0.04116655875559299,0.07907191479580236,0.0017126513064430115,0.015374798457382934,0.03101935270815302,0.04321207333164071,0.013972290430507238,0.04827621815276853,0.008164146325085903,0.04033552795604538,0.06704837351794689,0.11634810705571604,0.08182367113592842,0.0693684580861776,0.2058645418246981
11,2023,Benth,0.09959862970923772,0.17665275072252132,0.1999845746884553,0.11364023079356882,0.09582799021243796,0.09441155349547259,0.11077243051737076,0.04784006362190501,0.09284914031043208,0.05585101260928837,0.09933509600027803,0.1258265155162843,0.18592359007994,0.1685689325745678,0.178927104649391,0.32369820317900777
11,2023,XGB,0.14521752884306346,0.07587832810938233,0.08184085770413808,0.012900904271332857,0.03986726532642011,0.03498321441523254,0.055782415166665475,0.02052882714801904,0.029595818389240997,0.015812623078385372,0.05452621111360901,0.07109899226375209,0.14142837263497124,0.1309780748791833,0.13683659810674084,0.2592177769242653
11,2023,WaveletFNN,0.013440209384169502,0.1297870970712974,0.1513705828735671,0.07480660433772063,0.06633870011951089,0.03542535899930782,0.057489901085685295,0.027162072276112073,0.0013261216798055903,0.008768088731274836,0.04444965797815514,0.057002194828372425,0.13799812913449813,0.13572126557982792,0.12139158190674981,0.33373815149540015
11,2023,LSTM,0.21369522908905544,0.1407456631290777,0.06128923235521326,0.11682639688168722,0.06986032955666711,0.07343956365964924,0.07656543673305563,0.07380927993145985,0.0773876698389542,0.06877594853870161,0.07687695755819027,0.07968868974986261,0.05344215204976129,0.09586772489580267,0.09970320227939733,0.041314997639886025
11,2023,FeedForwardNN,0.20539778973566947,0.13102164780213013,0.06617181039955888,0.10850944670307708,0.043790527904248866,0.041339500146593065,0.024832222903037524,0.033478828967594305,0.038635872063817495,0.02902106137583538,0.01581787697186102,0.007152937300743542,0.044677484614784345,0.030976712778121893,0.0572940720404918,0.27254947535040586
11,2024,HBA,0.0025884650884650416,0.29800581502258766,0.2544338798407192,0.2004095410893855,0.10913201421610953,0.07018486624642105,0.0722115503526494,0.03364241656133168,0.02536847501620474,0.015531893307625763,0.036549060549732997,0.04820952500002358,0.047320928085952695,0.10162150708405321,0.10230407643658686,0.15137523452714677
11,2024,Alaton,0.2686543625216518,0.16595226988178283,0.16682493927003023,0.10234893229742403,0.012927616699816671,0.00485989993919229,0.007984635798841727,0.06702763309021273,0.004423602692633339,0.03879602593868837,0.042396468235647806,0.01982155600798127,0.06666832196191409,0.048095979012592424,0.11877892488942703,0.05633011794422657
11,2024,Benth,0.07936314318837898,0.3019556418060657,0.28836104400289275,0.2121411191686806,0.0995848485847167,0.07434085146287053,0.06775299395250922,0.001508757285692001,0.04529264356565539,0.013918539061290956,0.02521813337066927,0.04800448226277442,0.02186871620577517,0.05611339563659152,0.019483834825021754,0.10768855116282948
11,2024,XGB,0.2770445916724483,0.09770445923136173,0.10060212139869597,0.059863650314673764,0.002453948964856729,0.015818962303372448,0.019925314582699017,0.04853759209851817,0.036845558164752074,0.044336200955872415,0.04464347917094482,0.03309604335487282,0.06018217450870553,0.019881396797890458,0.07425867868326176,0.02895406748792983
11,2024,WaveletFNN,0.3605215688740854,0.1252963458435167,0.19284444276856652,0.17715638591501628,0.09819730626329776,0.0703292861340716,0.07607454030159032,0.04902468054892125,0.03826162115652431,0.025416849103508776,0.048770438885903496,0.064282847863808,0.058494977190574046,0.11260706397827305,0.04334947719112698,0.14239884054529722
11,2024,LSTM,0.7892670163929615,0.23249993029123664,0.16906303233197353,0.128872186793313,0.0699971030840947,0.05163276569865423,0.05139555338181285,0.01852875401595702,0.030500966020019473,0.019081208125905868,0.0332680762273561,0.034286613964341274,0.06139648906894102,0.03620345329417516,0.11713521738294978,0.09195074860074953
11,2024,FeedForwardNN,0.6575507371161478,0.18801238747116605,0.1317854070956661,0.11810518243354465,0.07457981970997475,0.051922839093252515,0.03761842548997765,0.044859438923482875,0.025851504981581164,0.03577954085198784,0.024088863820406193,0.0034041920610380287,0.0023580310112031218,0.03604692142702686,0.037750240453247284,0.07769456487177417
24,2015,HBA,0.08511467868543994,0.08003594652222219,0.035039362754013564,0.04073702286183285,0.04016654200293231,0.029356362330555066,0.060987101095819986,0.06755128044888872,0.01790799188923504,0.05399648060482415,0.07419412329203703,0.06376420157573494,0.08484083104453054,0.20135853556719777,0.36980558667176233,0.44336587013597595
24,2015,Alaton,0.130717672019696,0.06333916142167427,0.01058071186938628,0.015401756387408485,0.013137810530681669,0.0018432587429988653,0.014337651223070234,0.014068927286026543,0.010118079250712963,0.01821145789163748,0.01888118687837405,0.021093269639467997,0.0024391744905623435,0.09092958685133029,0.22621084585116127,0.30819699139928236
24,2015,Benth,0.24968728556186104,0.07431303419256476,0.09907143669524233,0.1013761826386437,0.04754332684348662,0.04447196794830398,0.06304651197226924,0.028780387743621356,0.0412192880247558,0.050367092858279706,0.05985746279943664,0.06258404389827749,0.055463982438862046,0.1494041542653074,0.2891609376417474,0.3806769090173807
24,2015,XGB,0.0767293760095754,0.32172841313564066,0.2032976401923481,0.09901116087583837,0.05651040505518594,0.0469651081421794,0.018982990342562286,0.0030607450261305983,0.036856294196032514,0.003920475338954946,0.005276018126224137,0.006144634712511285,0.006788359655595833,0.10483803484290496,0.25524155783250657,0.3288701406169589
24,2015,WaveletFNN,0.15886250511228645,0.5538158291010893,0.3542155240393078,0.2541436597482677,0.17492816116799725,0.12647727912240073,0.09056254587306234,0.10964422429144999,0.07516604631430703,0.06385479674184277,0.05478964967797096,0.04701381123528769,0.05041979766043068,0.06249647723644016,0.1881587822452676,0.2770249899285266
24,2015,LSTM,0.17830391031551912,0.16902381270778338,0.1278102086919476,0.09327268116353435,0.07891850418454459,0.054532865481787006,0.04856758475292397,0.06111555979554647,0.028707593952701,0.05339816333624389,0.03627783507297907,0.039212014990990106,0.03965247813038887,0.025595295459949277,0.02021807572911722,0.03581633663257461
24,2015,FeedForwardNN,0.032258450997635926,0.18481523263289604,0.07750264221275707,0.05159969653048715,0.035304843500113585,0.014145206792413245,0.0014336896776291198,0.01993935212712257,0.008263612188874385,0.018992104744073493,0.013739681228997349,0.014689166249063098,0.03369332071831522,0.06144289030902636,0.08068675251993829,0.0987572360456491
24,2016,HBA,0.25931901908145616,0.2251515454206674,0.0887555421816815,0.018353535440384764,0.01482430605212012,0.01972787306157092,0.0026834987882574657,0.06357461295433041,0.05311316727401117,0.03553998414483817,0.011763416258470185,0.018179289559022115,0.008922599085875343,0.09335760920858369,0.05726959896316863,0.18082358918802943
24,2016,Alaton,0.12693753652450873,0.15020149653724205,0.0532576943794571,0.04585092330954614,0.09022103934580272,0.02179609368383842,0.055128631359342026,0.15774993055694442,0.0443180270747489,0.07529766721122401,0.07310524068130651,0.027804780480883907,0.10152971941922471,0.2433969724531721,0.2894700969283068,0.45392444121354303
24,2016,Benth,0.21946096269984022,0.24919460101652968,0.15104515329043774,0.043588639932166336,0.024660867136080376,0.026218194005051876,0.0019256099064277046,0.10735767125790309,0.07537898412078675,0.038944745156286764,0.026810991008484577,0.017255184192992976,0.040983009540564434,0.16077160851510175,0.18128438981208753,0.2972174456730631
24,2016,XGB,0.1767662179815574,0.10869598779063275,0.0018590668826081434,0.07114649318446362,0.07761615866801477,0.027520113646853358,0.04863756080294677,0.11327156401502031,0.02088410411342198,0.067729514853914,0.0571024564530655,0.02556801029975157,0.06995038856716879,0.1706103344125979,0.17568770807182535,0.31574830545773835
24,2016,WaveletFNN,0.07321913851386636,0.05142203117348155,0.07301905598983537,0.11243730699452448,0.11273686657984924,0.0524013131490863,0.0641288778840057,0.1314302271974138,0.00589660768908964,0.0924844031734111,0.06265447461454395,0.025171678667804814,0.05860126319300666,0.13726148733941662,0.13790775946553058,0.2629236297137954
24,2016,LSTM,0.1980784753366115,0.05627153211890301,0.08393964076877211,0.10601664459349718,0.07542058273949964,0.05557335914409637,0.057917753978588976,0.071411050957726,0.0363964094978118,0.06494556908885679,0.05621677074558119,0.04359505522050047,0.05452692883171274,0.07915045471254605,0.09286699170012919,0.125772472149361
24,2016,FeedForwardNN,0.3535065800993429,0.12383285317877916,0.10668696568018753,0.121998004783375,0.06907297393166557,0.04785687477455503,0.04864126767714128,0.05136978481887013,0.027357278784680486,0.04481006253812079,0.040648594278896485,0.032225303505946525,0.04633705553270255,0.057018686824142184,0.09840608063666702,0.16588474684596882
24,2017,HBA,1.7840973980933328,0.04119500880591874,0.10475559179005517,0.05888629844669675,0.08521706656646462,0.03670030665540209,0.042764978422657585,0.07706779773306058,0.01919075924489588,0.06239645947966332,0.03108923125483928,0.014992866910043949,0.015846069248807167,0.0629751440551304,0.013545969053963356,0.1182638309558326
24,2017,Alaton,1.2171028028460045,0.04643729379161105,0.157451106130403,0.05501912584362122,0.04383656604855229,0.011256342778158214,0.00030493242026606674,0.003550604677754689,0.026275912244436823,0.02723314292643466,0.026249786406726115,0.02944624492121239,0.0732730266851233,0.06586678260485154,0.20194786055011113,0.08591178540199158
24,2017,Benth,0.842139625104074,0.18129264825765665,0.2534303462725778,0.14008641418685158,0.1020092009033169,0.057334118329816164,0.0493456439789948,0.03885337892827066,0.005868645598455175,0.059062300199603186,0.01646460393884996,0.01395696730144438,0.016625180119757426,0.0021488496133860295,0.10502864866113812,0.0267682057777879
24,2017,XGB,2.24040789647321,0.2678621968748528,0.040157372994698466,0.07849241493791109,0.007695046161327974,0.039549215251793564,0.039711972409661254,0.005844574935741527,0.07624505947342088,0.011160255903074687,0.04219009541708216,0.05991326132726025,0.08479934375743839,0.05335906066697923,0.16687205957457124,0.0683173357132222
24,2017,WaveletFNN,1.8451180784194428,0.14940795351067243,0.02306202534651577,0.028357662489418446,0.01905818835694426,0.004205800609165582,5.335152990280205e-05,0.01738823918627939,0.031005800089595647,0.030121622694945324,0.005914025085049695,0.008021259186317603,0.0336720047180695,0.009113124413936741,0.1573405716529138,0.07735654979172606
24,2017,LSTM,0.8759374650707299,0.11868318490242806,0.09439667686213873,0.08434550361215465,0.05857965102827628,0.057533927451782506,0.05753779284037145,0.04364082790867359,0.056329259097290786,0.05021349668659458,0.05478531171499829,0.04846274674191468,0.08386744389072039,0.06807139488380926,0.12704962815705262,0.15689992502704714
24,2017,FeedForwardNN,0.15176963653060033,0.07197023903036155,0.09928983012389879,0.06402834190234263,0.03680609135755747,0.019696571424634147,0.011237837170609093,0.01074492353163116,1.35103666157177e-05,0.005399090116247813,0.0008868281042238448,0.01770938699856854,0.0035493425701414063,0.01650402645729889,0.017020678872182875,0.08911462655413933
24,2018,HBA,0.46710805311958037,0.0461909033057941,0.020115126265726032,0.10755996793715984,0.10236539312795429,0.09866129167754539,0.10401946769660415,0.1318665253307474,0.09479000820815171,0.11937168608611856,0.11400252431617597,0.10040447072494964,0.11129265698067907,0.14729942352846614,0.1746309571139185,0.2815944654142624
24,2018,Alaton,0.3111869337142676,0.08597846109500809,0.03821019149655356,0.03691238891631286,0.03088215645136648,0.05852385531055247,0.05071640449623813,0.05566386925027084,0.08741314284551431,0.08636390132105685,0.06112272926972018,0.059509955351595936,0.03072765441406331,0.030976484033090987,0.006043893469461822,0.1166606553029701
24,2018,Benth,0.3738004179216235,0.029786125529209423,0.06243701449762902,0.11522042607910193,0.08690119499959845,0.10121077425403309,0.09691603894862919,0.09567589021646,0.11616620632395133,0.11638523754832472,0.10040422319688365,0.09941975422556291,0.08224602093064523,0.0932436970235567,0.07561174445976056,0.20884381700005022
24,2018,XGB,0.3999837810760027,0.09797623845656604,0.07669954209776346,0.026350187863770077,0.047910789718124375,0.05605940851161396,0.05901146660870631,0.0926054273524567,0.0645758094946772,0.09242632408200924,0.07538267826963721,0.061663935355525834,0.05913860632499736,0.08903851521794733,0.0853674513867681,0.20364945899787357
24,2018,WaveletFNN,0.44364592017244525,0.02763825286503663,0.06594549727680567,0.12298367399428389,0.1389275559353688,0.16188206206145922,0.1663369036475863,0.16510441156216837,0.18587260370934686,0.18092087365850962,0.18188807989351352,0.18452378426096722,0.18257312974034604,0.19876211800564464,0.1828172273739164,0.17178464055609569
24,2018,LSTM,0.007129457739837248,0.1945856660581466,0.0762264332274303,0.06395089341242591,0.06035256839863842,0.052353136181321105,0.05172645379337434,0.05465900650822085,0.043992655205828624,0.02817493363400532,0.04828956445520868,0.049285722208111005,0.05371522960812175,0.030218047072244375,0.06328115704788108,0.06346730835047244
24,2018,FeedForwardNN,0.08990955709143819,0.1496612455301878,0.05238166283402584,0.046299903390150415,0.04302912974582605,0.028385624021837624,0.03275694367303763,0.039674607923688536,0.01308119394555162,0.008395601779372059,0.029383640039993112,0.029980135426285817,0.044436587453988007,0.03502203109606546,0.08772002652608085,0.02588644401241377
24,2019,HBA,0.1463694371559089,0.16692925363364924,0.15449480251081002,0.11482238472504151,0.06472334484200325,0.06923832677928861,0.08412382637297784,0.022831294740393724,0.07387274224764043,0.07555104464804703,0.07483095595123776,0.09526824878772999,0.1140330952899929,0.1506435490278065,0.1811642340203051,0.32204196855736156
24,2019,Alaton,0.26118806416055695,0.11114440326107013,0.13281118566563857,0.0628423889067867,0.002675733394572825,0.029947626180435644,0.030258910685146006,0.06590100508752984,0.06343396219331673,0.03860508132642235,0.016110519342353295,0.05019253072117709,0.028772582712197278,0.02964695742034166,0.0042977916399455736,0.16239920017042217
24,2019,Benth,0.10638569106583602,0.225038967005762,0.2295524730441487,0.14868487239728218,0.061509552023132706,0.07837175486075386,0.08214297084948355,0.01690805029100836,0.09568000874673614,0.07298833390749429,0.0610005953817248,0.09426181060358443,0.08522419516072403,0.09775276223896569,0.08453543655937769,0.25734352299339774
24,2019,XGB,0.376015118895772,0.03722368497418941,0.005302902911855251,0.022313655692084627,0.03498303703134335,0.00770576617067435,0.002189486039167864,0.05378256038003625,0.020293062565973193,0.02433554891805422,0.0031681601673067094,0.024580885677993738,0.02093941004937083,0.04348309456607807,0.02728329613615524,0.18035620986077971
24,2019,WaveletFNN,0.5352892001736063,0.010727330291890108,0.1056225181214863,0.06860140686427549,0.043717373757864914,0.062219967826569064,0.06791034859558932,0.014829200650597466,0.0812120057455946,0.060394299135778665,0.06313853288904488,0.08461675702865347,0.08213640325039985,0.09244781247282309,0.08673119651301513,0.18346582519928226
24,2019,LSTM,0.5459054790254908,0.14789140534951464,0.13679382627516345,0.09780170454130768,0.0812880042425945,0.06615774887927318,0.06955267801199416,0.055386089113869066,0.050627257180772406,0.05282750801915465,0.05827912862037542,0.06283732608376282,0.0802927992145648,0.08259056738383806,0.10996852137519231,0.06906545641246228
24,2019,FeedForwardNN,0.37015274104594786,0.05105366440492091,0.04727966168582951,0.03928685494428217,0.035115925430752634,0.02527401533325018,0.02281782417543697,0.029439690891926537,0.015171759991467169,0.026474089350152656,0.016606712180468376,0.014512528019835911,0.0223947739125647,0.011595911842646198,0.0214630476271605,0.017864412560911803
24,2020,HBA,0.3480229106172809,0.3934060337484789,0.2809495585193985,0.2655466197264882,0.15018113933513053,0.1078807714017099,0.10315529602285428,0.08260261943616976,0.05935689852803023,0.03905134644677076,0.07372859992883071,0.07078443510779882,0.09558293394128248,0.09641905587974121,0.20653460753099565,0.23493170962058874
24,2020,Alaton,0.393568426541266,0.3996132415690405,0.2911156718910943,0.2395038267149603,0.09670480479402588,0.07362537287560789,0.05252088489878536,0.0037628672375559125,0.04715034499479258,0.0007529919908019472,0.012461032577347883,0.022122346413089543,0.0053454865959423545,0.03581239044720288,0.022796976470330122,0.05373512303996122
24,2020,Benth,0.49246579502852583,0.48931033290556875,0.3792232001401898,0.3154716566268523,0.15869358368446645,0.12287376028875835,0.10639183355547834,0.044728261117073016,0.08178389176688777,0.036943813527225026,0.059951853203432354,0.07001206898561295,0.06634029890470992,0.04079927792477224,0.11370403647106223,0.16623900559798335
24,2020,XGB,0.2159812664426026,0.24308265519349362,0.1506219879463983,0.14804437162232653,0.055517953157638286,0.03057016260320049,0.01904788156729936,0.006370078253780147,0.0019518910257967036,0.017485129681301982,0.0019206700232291506,0.005624902074863854,0.0038630957671059426,0.023024167560937458,0.05115000169684969,0.07227170625826461
24,2020,WaveletFNN,0.21233535534634929,0.23323929050363504,0.16251800585760776,0.15620043694326757,0.06192053406781746,0.03724210682197503,0.012358494884735376,0.009933760108640327,0.008932829033081369,0.013003845863120722,0.012093504912177184,0.02026270920462649,0.045050723593136215,0.09631112298274327,0.04840208856853334,0.11625267420209312
24,2020,LSTM,0.38199967284207675,0.09940925704272272,0.12223436743957827,0.06913042164592757,0.05805537178254717,0.03964163958535284,0.03719901823433573,0.024888942440058313,0.018518759480078695,0.014008908749735333,0.01838258173928169,0.019847812385794007,0.007825687289652411,0.023940527780885356,0.016647055670205992,0.1363448567260208
24,2020,FeedForwardNN,0.18396033698458827,0.011380156309473354,0.03346811419194159,0.0031838208921490087,0.0014733522217002721,0.00027941788832537724,0.001252131905355918,0.015060904840944968,0.002290066924039022,0.01609152598100654,0.011957141229975186,0.005970717049388531,0.03593015119654316,0.007516689602000597,0.0462152701778185,0.10136072470236593
24,2021,HBA,0.07741981623567304,0.14515814950641315,0.07075849581142082,0.006251707321391001,0.003280938891446819,0.0033674826232452065,0.009113672439086392,0.036946860243713034,0.003457391507800631,0.020077071436032913,0.022736090736591053,0.012402367657203098,0.022190799536687626,0.024089639291987874,0.021895423282443746,0.18309961234860203
24,2021,Alaton,0.10067798892850505,0.11640461229007394,0.05762607246048615,0.04693638575187679,0.07697060252758837,0.048244366769518404,0.07266830052037963,0.1381720567608624,0.01840114461093564,0.0650312395749078,0.09399442962572223,0.06913861439701106,0.08044803798289953,0.18165894969165325,0.26650713067942366,0.01967347353971923
24,2021,Benth,0.06849670679869485,0.2486015201229634,0.1777752463157783,0.06178870822384788,0.0008578047136706734,0.01080167201287077,0.007999810896378934,0.0795870109271215,0.02113219507286242,0.02220873732489714,0.037911831523141815,0.013318046762891557,0.009934020478591106,0.08881791334920754,0.14170886417653478,0.10823900297779943
24,2021,XGB,0.315117812442771,0.06974201788308389,0.10231484371632711,0.15483275170890512,0.11655430740493933,0.09146919203205599,0.10525765619032007,0.12302902816102224,0.06540867100690444,0.08078636302347572,0.10709708014247317,0.09703409057062112,0.08680433910079276,0.16235343005914574,0.22384581574628057,0.003116734210323536
24,2021,WaveletFNN,0.342672341906772,0.13294481165202954,0.12356550046038069,0.19018779624918256,0.15046410399467977,0.11273791155172355,0.12710025916119633,0.1626949681916541,0.07354477981825981,0.11504653799799709,0.1301813373638216,0.11046547044917572,0.0923016077150759,0.1872181600907898,0.2728750256468758,0.012769938399749393
24,2021,LSTM,0.32712798297265405,0.08972904984382062,0.08235843580035362,0.06124015469215011,0.04951968983481662,0.036380918473176885,0.036127234089229604,0.03458782759924571,0.022731261207306612,0.0297521859647498,0.03174012711037927,0.024362940342082313,0.016538936339202556,0.017916054973181557,0.06321514909377311,0.064560860422409
24,2021,FeedForwardNN,0.11803986165186486,0.029410942224642272,0.02769212410815604,0.025018354013580983,0.03430646832757232,0.028001247794034345,0.028462292035241882,0.037314027652969047,0.021450856064120345,0.03487812781065274,0.030813549877622446,0.02120146706201338,0.010941122238460641,0.015720009754334324,0.08710258390744437,0.01785523267442783
24,2022,HBA,0.11752223596289738,0.13110316040096792,0.146930985808579,0.11853296509933423,0.1308026987848844,0.10789308821509722,0.1210327739447898,0.12404013643118304,0.08278225891953817,0.1138864693949502,0.12387691944107879,0.12065919055984893,0.1269847401067858,0.19337986285777237,0.14415990260071956,0.03205204744197667
24,2022,Alaton,0.35808297164701763,0.032000512698940026,0.09928868419274392,0.04897326464595841,0.05783967912600107,0.06416978841343572,0.06317074828701796,0.040460184276303705,0.07110811210317272,0.07658189511928722,0.06492743435901646,0.07365332826169245,0.038807033425910555,0.07223879197703507,0.056496424422186595,0.19655850245642406
24,2022,Benth,0.20080588735654534,0.15596148806836257,0.2022787981903945,0.1395903041821129,0.12150081452559396,0.1138574745149258,0.11654353538705871,0.08763074819201722,0.10547974126314741,0.11200706757933797,0.11064825115390708,0.11975412331277588,0.09860700911066224,0.14175567749084333,0.04286536850317352,0.053128043613373345
24,2022,XGB,0.2935560310684102,0.026074681818307154,0.038701366639841465,0.019760275149547937,0.0638763518052386,0.05443451630602702,0.06445130340035664,0.07443217876221164,0.04408548314654904,0.0788765500778408,0.07507142055361825,0.07151506391926761,0.06232384433427914,0.12172593467846156,0.02824774442609513,0.09856433526200248
24,2022,WaveletFNN,0.28115121222523703,0.04560160752465801,0.0810366206133729,0.03824750791647762,0.055094794696647784,0.02792081429769114,0.028259008757479064,0.044217432762736944,0.001864117270676691,0.03846515550958559,0.027643810190606383,0.014740543348502081,0.009007404619002254,0.04526410026584109,0.06973284531803542,0.18616060731400505
24,2022,LSTM,0.4971386384131424,0.16097715154418288,0.05276288365530709,0.06514386004169528,0.03260936375591986,0.026125816275211478,0.019671977155549577,0.024159028344233273,0.019019311626353622,0.011520612033494077,0.008284921865761304,0.004330721723482065,0.004939359978496654,0.020445071631183656,0.03169255093864185,0.07292050108856167
24,2022,FeedForwardNN,0.30654094371916607,0.14667675006476522,0.043307776083278,0.06703793385473909,0.04865075525860472,0.040876412470490626,0.02805412679334268,0.05089105702001258,0.03235508933220289,0.03255250475969369,0.01842612655259876,0.007543668700259702,0.0027880750557081127,0.03680107237297091,0.03739016694196267,0.0976594938425243
24,2023,HBA,0.2555894061386899,0.18277127259995504,0.16028661322355262,0.10464432808767223,0.1171690349455569,0.1010060536945774,0.12597904142566135,0.09825081341772605,0.08355869453170281,0.06827146304541994,0.12368482019011258,0.1362963930931009,0.21559342837045078,0.21851780834139423,0.2630745367079363,0.3673132429783124
24,2023,Alaton,0.036544296021957585,0.020440472510203953,0.072223972482602,0.0040888869783755055,0.0278492549376981,0.047337013458053155,0.059857151192034865,0.00837945235887803,0.06837335056098734,0.026015312789073902,0.06097703963889497,0.08625961840467454,0.13168864411618067,0.0967092578541605,0.08281198963305203,0.20741520828631932
24,2023,Benth,0.0721486691070416,0.14401980019823457,0.18038774774472746,0.10266320473861545,0.09729306849774225,0.10133579560915794,0.11721620941533671,0.06083453783437334,0.10569977468053676,0.06634380686756042,0.11059067094168328,0.13549882792875256,0.19016784383566662,0.16988192109755346,0.17584833423558557,0.30953990170865425
24,2023,XGB,0.06693660863164234,0.03192254532719542,0.0007593679218945174,0.044454303272602504,0.016217984071941246,0.021488340601284708,0.042532197702786635,0.023666948480483736,0.027177501645029963,0.013321011571067862,0.052000190378398245,0.06487688318363086,0.12912309884423842,0.11519827067542168,0.11858031379376065,0.23078779902924046
24,2023,WaveletFNN,0.052275850980339024,0.11492756753834911,0.057129119478773686,0.08537432808666552,0.014295561436209967,0.01000033116892911,0.03284736297006207,0.00449804368349,0.03622687674750583,0.0034506028267094853,0.047516389050443676,0.07077187712069878,0.1407239056389242,0.10675655102589024,0.1140590348842889,0.2811245124742057
24,2023,LSTM,0.23698710822824387,0.10056722687576711,0.03210808019068576,0.07222391794096879,0.049133461791682535,0.04864028889308574,0.040356345164220056,0.05660349961817828,0.04810792641876233,0.050189233729288164,0.038315655827943856,0.029895581099839974,0.019400221835879326,0.010502123008538549,0.014754959777357144,0.0942695172579103
24,2023,FeedForwardNN,0.18198858793072092,0.08138038934840894,0.011973284816979743,0.045839942969073386,0.02528154508849088,0.03288564587391573,0.02043548898051738,0.031120662822405415,0.0410940002272292,0.04807480612492369,0.019364092670386107,0.010542884689791627,0.009066273668715834,0.014708356698004863,0.006175268693963135,0.1086964510645843
24,2024,HBA,0.09918663463498918,0.2953678051685936,0.2454975082215732,0.20230363636907361,0.111627059855712,0.06863765126527853,0.07464051200553334,0.04207772413171738,0.01924716876129103,0.026371024962095927,0.039546635213520746,0.049799048031100676,0.050861903215623096,0.12431591035576726,0.12391796817663253,0.1287701729164688
24,2024,Alaton,0.1150073138775375,0.19909857106989606,0.18909634087541777,0.12541086645708263,0.0271172487791473,0.014110935282598049,0.004288755138786498,0.05703529118757643,0.0008320034610539491,0.021439589746896245,0.03345759029062348,0.00991800680512377,0.055448493981330525,0.018502892554416173,0.09828442467718818,0.09800685206328096
24,2024,Benth,0.03461964539729787,0.31687447936493646,0.2955568186216858,0.22128705088066614,0.1030588656362528,0.07485558154165958,0.07018485244538737,0.0030509481175439597,0.04245286060869511,0.024113524105759905,0.025365905957647504,0.04877813418472121,0.02112776343427837,0.07022071589973218,0.021183046409371863,0.05315843817599289
24,2024,XGB,0.06838147884345769,0.15248273149546457,0.13824734662603322,0.10139456949543836,0.0351586743398395,0.006225550508735048,0.008215050318922602,0.01839869224624049,0.027015682465190448,0.016842961492751298,0.019769530321189145,0.009096893448729302,0.026645604304558698,0.038816008066767535,0.006455483148607332,0.003898723197496563
24,2024,WaveletFNN,0.07026971080252925,0.08451480334536537,0.07903536316215236,0.032759338159496186,0.03380965437877332,0.05261052542956753,0.04343044415982072,0.09243570744378476,0.07421082473911952,0.07889614967984533,0.07352701991181809,0.044848279436019226,0.0532143861872187,0.00841952914470857,0.04087939892310137,0.017778839488435453
24,2024,LSTM,0.3298438102085091,0.08131769474903809,0.08796770847406678,0.07259189480703923,0.045999312910109606,0.047362999860771714,0.0508534146449248,0.024195590964710995,0.04892973824322472,0.03929757824096659,0.048924350765563625,0.052950245902084865,0.06134652779486399,0.049661390862932045,0.07182087604277092,0.02729237388852337
24,2024,FeedForwardNN,0.2964694512379593,0.1391052513673101,0.11164552461018795,0.09312601685791336,0.05666985729131378,0.042382363515419456,0.02816252780906374,0.028108504209403244,0.02596747820989806,0.03133556888194913,0.018051211594745393,0.0023777808692115408,0.019163202161189736,0.036236860487345236,0.02470785648328151,0.10787385322472366
27,2015,HBA,0.25363541073035833,0.02562990621000491,0.03364264989919564,0.05903185016550657,0.04531359331344211,0.04692855998380927,0.07040575029691312,0.04891430147802015,0.04851620166218773,0.07097454194559226,0.07761671296385078,0.07751717930354775,0.07947530123566723,0.1975023306584574,0.3916659999301933,0.5210884191758671
27,2015,Alaton,1.569231542448751,2.5959883083676267,1.6650376858774187,1.0167234076967446,0.26860475983186427,0.14021702640025632,0.07166831025832035,0.16222137475125387,0.5421216097954874,0.4766803952458559,0.2644648276945366,0.28249586906711066,0.03337059713551985,0.25611013773401714,0.4907120483631375,0.8069550572420091
27,2015,Benth,0.4024769877854236,0.15952726241714907,0.16748619360962572,0.12153604196945735,0.05245115999513974,0.059724598375934815,0.07218079246509157,0.016960662779413323,0.06687497127857871,0.06214011372313983,0.06487728301474852,0.07587957073619726,0.053074944127096846,0.1472559321480697,0.3092131574789076,0.4582185583722333
27,2015,XGB,0.23994429254266242,0.055252105706773795,0.010325894894776933,0.02915628429491394,0.030380180839644992,0.03333520868424136,0.055661442258031844,0.03656730972661448,0.036240237904307804,0.06331182723215159,0.06368490853964451,0.062301033283647854,0.05804572433103857,0.17644719342168372,0.35442482493968597,0.5012307066027647
27,2015,WaveletFNN,1.3214564833401174,1.0565969781423636,0.946625606614428,0.758388081648135,0.44765418364793147,0.34970933586785474,0.3308635674900584,0.29371200324342744,0.25342170010959175,0.23331924421488423,0.2611217330357604,0.2443677580484821,0.2243126030838414,0.26786547669917815,0.3722566107847758,0.49650178358574965
27,2015,LSTM,0.29788958911491015,0.035203800315464454,0.012602671227578313,0.00300409267320564,0.054908563437778404,0.02525110043553816,0.02749763947406774,0.07573706420521222,0.003904562774904277,0.02799756019236071,0.02881217503744746,0.0192494037280615,0.06324545037933506,0.02777815457395686,0.004930448457605671,0.04887742932270754
27,2015,FeedForwardNN,0.8737473636270742,0.5213721469286111,0.39677406323805,0.2708520804248922,0.11347364057706125,0.09422889510034106,0.11080678655007874,0.026070068415217026,0.07530976780858509,0.02246109929834415,0.08187305960494727,0.10070009087237904,0.12704093831830165,0.19614339045150428,0.2831995832743236,0.33910057436120966
27,2016,HBA,0.4657481995058502,0.4054366493390653,0.18669886980739217,0.08514576624212705,0.0023454817078422496,0.020909497043339526,0.0009500888672057058,0.07390509338318174,0.0385530617656683,0.045054912753229794,0.02917232534362777,0.001131955116990717,0.027274698804913306,0.1534915948801279,0.16838058355982016,0.6231972865298582
27,2016,Alaton,1.4029221733204185,1.5000259608736328,1.4398040867178916,1.0851941722877472,0.38039332329713765,0.09215478932991834,0.02276823523042592,0.057790540862887346,0.5412727769458474,0.41777844284856874,0.17981042551749757,0.21927248782429698,0.16337777431198194,0.8175677359270065,1.8509953416663325,5.017193981917722
27,2016,Benth,0.4236229740698042,0.41430148704660963,0.2526791121580958,0.11617792056692848,0.004159086789907337,0.027438308858993815,0.0040739219510501435,0.1103901714312854,0.05746902608870951,0.05393053848269112,0.04252797317337592,0.0020283595731121025,0.0563083451449726,0.2201132274006785,0.3058014226057762,0.7864920971684967
27,2016,XGB,0.4068532112685548,0.3198291330982822,0.13709186187135672,0.032486857227706264,0.02895427941685265,0.0036136074027217397,0.028353465545713205,0.09763277724860671,0.020470610300638344,0.06053980084348384,0.053546615733801824,0.026683494569001265,0.06437615729284239,0.201613971440736,0.26117984206603184,0.7312909234395751
27,2016,WaveletFNN,0.2748162527469372,0.25899070058241663,0.16708824047273715,0.06384787144640561,0.018253044928648182,0.03269794873324462,0.007613007982250578,0.09491222513494789,0.08112266386594727,0.026534552928166456,0.015315678858135232,0.02464970201186009,0.03046552047340927,0.17097256665745045,0.20268914225510973,0.7382159616707815
27,2016,LSTM,0.18252005215358422,0.08989690112287646,0.07956312636909935,0.057018132881398,0.049893473931447954,0.02722025812720562,0.032163634215048253,0.03762178158858701,0.005671237439825106,0.048206737549498536,0.029649639671739118,0.01834662162262267,0.029382308645788027,0.06945844561891985,0.059865566829484906,0.06209982671924659
27,2016,FeedForwardNN,0.3344890851954437,0.2947328829228954,0.29120293309929796,0.2655003186443053,0.15680105717949672,0.09898032270907825,0.11946771683377806,0.10121097316832943,0.044026485810942345,0.02181920705437438,0.09050633588377881,0.09768609478885172,0.1645903968267126,0.2478728660263455,0.5279719941259483,0.8271767961292468
27,2017,HBA,4.114035970121085,0.09474170322760836,0.12899186149661873,0.05319324159006395,0.06771123010296205,0.027275332577097654,0.031341618297915375,0.04648989096706053,0.016152477036038407,0.05872640538640615,0.016131221957618746,0.0102908541708683,0.008122333414457224,0.048168333149499205,0.011438571869310308,0.1722067334814622
27,2017,Alaton,10.761952322202013,2.900698863282921,1.3708852468105654,1.0108105680056736,0.2244759833060383,0.13713825851664319,0.04050937202929338,0.17252285982087529,0.5255088749281854,0.4860763441965942,0.22184438423454184,0.2319790763938426,0.14594524182908095,0.516076631204303,1.4464459098841789,2.14154691590002
27,2017,Benth,3.27456758317994,0.08806561071781557,0.25875910644735617,0.121640310678938,0.07658040581319357,0.04223872967437409,0.03435202102167748,0.013492348435644987,0.0053560619359200815,0.050460284232612986,0.00267223040352274,0.008777584856153663,0.03926056895293171,0.013549561323008611,0.11407365664139217,0.07272642048764597
27,2017,XGB,4.113463664279917,0.1705770266326464,0.11217509027440598,0.026338843827438424,0.05422617185174896,0.014763490981642377,0.017252418695858623,0.034158597115023774,0.02761909223058183,0.05095801329056632,0.00221939112303781,0.004927245130371754,0.030648098445426975,0.024042430758186586,0.04243887492261135,0.1373370772219399
27,2017,WaveletFNN,4.955469606314075,0.28913556224057546,0.06204202591740768,0.0036888677827102397,0.06794187569637783,0.04380656580481813,0.04819205975654973,0.0699849798577256,0.017885448504175627,0.09893073192487607,0.04669453517197624,0.03941001328942495,0.01181665088781678,0.06603792292033243,0.03672083164979553,0.004414961362782808
27,2017,LSTM,2.9095044124864593,0.24560914328368852,0.031219064614002052,0.11072000696814126,0.0379367731134214,0.048280226261708824,0.053507516141842994,0.0402630998342827,0.059389006863867846,0.010108454819283061,0.058620764294774655,0.058195108045340796,0.09056886885691742,0.10097749590354839,0.39312721277565943,0.49671538134034404
27,2017,FeedForwardNN,4.1774606564641585,0.14050427858967102,0.01284358176743868,0.04574923704853475,0.008544435478291963,0.0021965011468533914,0.005919900123949653,0.01595105576097936,0.01373217561840946,0.02521350781274168,0.006259016412500563,0.01089948139200054,0.023286020214076917,0.031112427325984383,0.125521455255017,0.23364075557666325
27,2018,HBA,0.6593524008071358,0.2800250689259838,0.1177275872257473,0.1690426057874362,0.11929718312314913,0.10923757285126372,0.12039737544690142,0.11979379119950234,0.0990741718338772,0.10675713796814598,0.12106327949685032,0.11842595242542463,0.1492340908569953,0.1918860419501278,0.2552976509959163,0.358570426952888
27,2018,Alaton,0.9061522222363604,2.315441463714842,1.8135652194730683,0.9857388254575836,0.24932298865167615,0.16574426534723652,0.08999873139217056,0.24559122874944586,0.5850940053035051,0.522022956377339,0.30759131648703414,0.31489340965260665,0.023078952219412665,0.30265717393325703,0.8714023271544218,1.4582863228431562
27,2018,Benth,0.5368659259295383,0.226062909305439,0.15375114900388784,0.1763289144564314,0.10416062359972013,0.11075238932023526,0.11349525573061252,0.08847056256740385,0.11741216605308742,0.09936153963006282,0.10872700508611247,0.11733802138389379,0.1232608466609853,0.14130941063251953,0.16153305441124385,0.2862659030483001
27,2018,XGB,0.6167729224468864,0.1936931030562221,0.07884771983503366,0.1312012299878333,0.09914289551538305,0.09262865314388163,0.10263899876671911,0.10556413309032306,0.08604719961271896,0.09728151550803928,0.10548992388474819,0.10181089552474631,0.12596965203274876,0.16701508479566105,0.2089274945859957,0.3320859729199082
27,2018,WaveletFNN,0.6235224015800535,0.17093486926437493,0.06482399481375208,0.1462774598613122,0.12221895684481036,0.12759597624128144,0.15645284712191299,0.14037828163266772,0.13302847341836793,0.13187491358201167,0.16724035397344872,0.1749990423218435,0.22911780526737985,0.3175686003087098,0.41740584040159506,0.33434387550370376
27,2018,LSTM,0.3385236493265862,0.09573033902617231,0.07608236854291289,0.0076597345727112244,0.043750133101690035,0.027665010747717062,0.02705484447975217,0.033520462348063336,0.01141392899815269,0.018586676705336633,0.0226084362326121,0.01935538171647465,0.029344953136885437,0.003811439659729731,0.01719823749996053,0.08937401340644449
27,2018,FeedForwardNN,0.2726280720653398,0.1437794278651367,0.12830494275355564,0.02956551842253463,0.05344226844958823,0.027707648945886523,0.005681264125170207,0.029756293774011476,0.0017075106724414482,0.006855145018141587,0.007215355199724324,0.02474009220810481,0.04558250030013863,0.12290659045010428,0.18763088262432892,0.32013463769650313
27,2019,HBA,0.2251223361473314,0.23782440935107652,0.18765398577293269,0.12257501948593114,0.04997702430635189,0.05809375350302256,0.08363316877236952,0.0040265543406478145,0.06598289870743347,0.06510706440093093,0.07219470172215037,0.1024438901822615,0.1414703197311247,0.20054462304930903,0.24137852421973469,0.42271555173141595
27,2019,Alaton,4.118907184620987,2.106893537852197,1.4119108856103326,0.9854521089901913,0.2964190453785968,0.1436139533396001,0.06883488566521541,0.14113093162800427,0.5713089198101295,0.5033298942350801,0.265771168993316,0.29615369630026855,5.887373881246409e-06,0.3080700243124518,0.9313762888983486,1.2263003754390198
27,2019,Benth,0.22742330601285063,0.27626461150558185,0.2646838502103907,0.1591612170592827,0.04705446213190197,0.06632785078307034,0.08181509682102188,0.03831033419858562,0.08506083521138988,0.058152041695239805,0.059698036327917536,0.10127071304464201,0.11531182419047947,0.151344830744902,0.14828774692127905,0.3625632291279612
27,2019,XGB,0.34650722481215557,0.1336479239524019,0.1391602488014288,0.07335265633304186,0.020307447673049574,0.034453566536926196,0.05832246097273032,0.026312382723996348,0.04820304407792356,0.051129206465689865,0.049724298928066006,0.07919392389088918,0.10968321897221515,0.16612809037741583,0.17945253741008746,0.3816397925061759
27,2019,WaveletFNN,0.774142493391222,0.11929203579684108,0.25604631558483704,0.15324772118735053,0.1424946354660955,0.16579974000011505,0.22179373670656063,0.09795416171893287,0.18845139551527995,0.17636540789834554,0.21830531881736928,0.271088368678351,0.3876250302781107,0.46649333441606766,0.49073509870011195,0.3531638458911384
27,2019,LSTM,0.8515833744885741,0.20892430375335574,0.08619163722112272,0.06884949651409315,0.06615968262767595,0.05034628051486133,0.048434960100435485,0.058302178918872925,0.03497626847911332,0.016804988724818597,0.04272324499663061,0.043089306526393485,0.04795520152483829,0.04381469693603415,0.17621730778629147,0.10982941147683076
27,2019,FeedForwardNN,0.1590968227837369,0.06064416961254856,0.16422275697687114,0.13509547713006148,0.08516771369022975,0.05968081519600405,0.09702790157439148,0.054158493250625606,0.034908540778678554,0.06642155465234313,0.08883348466523645,0.10174081751651284,0.16871554068234165,0.2687364917431257,0.270239060984315,0.44759092600329925
27,2020,HBA,0.4413746773347731,0.5049498717349841,0.33852397310501425,0.2919327555076844,0.14247068877419158,0.10421035182679222,0.10323970382112203,0.05277638148749866,0.06289637711426134,0.021854024787195458,0.06871830358904686,0.07772691855770766,0.10514171848320386,0.12167665253943057,0.2554055462364175,0.33434032895427374
27,2020,Alaton,1.001833125473118,0.8718335643649178,0.8767759874222442,0.5519543051285432,0.14406480525381846,0.20078029242496612,0.09912615335902882,0.19115029787556317,0.5731482008631061,0.4854352914456891,0.2623631190971134,0.27440146852740777,0.05036063421310086,0.44843065808901306,0.9097938116313081,1.5587856036450176
27,2020,Benth,0.5209170595976857,0.5623040162128498,0.4217286493713768,0.33382670161985584,0.14570331205587786,0.11523381427700144,0.10423690192975588,0.01942181920257465,0.0823324819528596,0.015468541898489735,0.05618486517949277,0.0767811295973019,0.07804422265663051,0.06875412214051312,0.16511976844603704,0.2721669922262017
27,2020,XGB,0.3940903754183306,0.4436253108598627,0.3032664415057529,0.2554567751627459,0.11727914397740771,0.08287776294897115,0.07991486509743427,0.032190022043701645,0.04573073552370441,0.007965032348811771,0.04722171056499071,0.05506674175862563,0.07412616281933498,0.08689050913730778,0.1981041625276703,0.2987422734234213
27,2020,WaveletFNN,0.217681572892334,0.30136266524463234,0.2525745108235578,0.2419956641837459,0.14845697019487947,0.17204502029462793,0.16099281125797657,0.10082323268847225,0.19751568216252252,0.14705335901040173,0.1510260418473885,0.1684190831174325,0.1433266608923816,0.12475062969432239,0.23170607768932308,0.39897163572597255
27,2020,LSTM,0.08397905960251033,0.0366357161625018,0.059141185060652544,0.01408491211775832,0.04055662324100495,0.025445461548291404,0.029705866252530536,0.032054192871987276,0.009128246336412179,0.02276298188954819,0.021317749163592522,0.020021398620422005,0.029385588206743286,0.028748338228782807,0.04168605373988238,0.003977447139059918
27,2020,FeedForwardNN,0.23406320749280685,0.02554677341350426,0.07135972828335399,0.01437607975244575,0.004155887094111844,0.020600618191986535,0.031826190038717346,0.02658984615411362,0.047332992106169355,0.0273731588150636,0.051636811444064915,0.06094009026570894,0.07706317808376781,0.11218335505574493,0.2240434553305292,0.2825456325010712
27,2021,HBA,0.016982700895282164,0.2701415218611992,0.12108627032055638,0.011461588821953106,0.02083048411955215,0.025763229768646156,0.03273855128307176,0.07712728287474264,0.030698865174765555,0.04798497966154861,0.05584880697344327,0.03771205666077049,0.0002761583027719618,0.06553115821100203,0.10274055712104613,0.15138577482523566
27,2021,Alaton,2.9729165312452976,1.8308701068603337,1.5499248257183296,1.2033914021832108,0.38180996531485933,0.0743560417468033,0.04986955565038858,0.08156821352331511,0.5307892851545699,0.45077626607996585,0.1599804817914721,0.17684222570082533,0.1881081465699421,0.7796034859767829,1.8503435341521348,2.272595353060958
27,2021,Benth,0.030101879822237464,0.33189718484884345,0.21621583997290708,0.06186909058128046,0.021154746857404216,0.014661864084783646,0.033388311957547843,0.11531701973285313,0.00816517757790658,0.05480415341919486,0.07009997502691587,0.0388318493721079,0.03167095786903082,0.13254220589181492,0.23696120403088422,0.0704023175997822
27,2021,XGB,0.15479384110708466,0.16047099360381112,0.052618326540821006,0.056606345709963986,0.06320928699092217,0.059476038837118037,0.07022039122758891,0.10915681358858303,0.05574060362952147,0.06955254604041766,0.08916956593717243,0.07260827952314006,0.04727223802870905,0.1253348036065276,0.21104079640673712,0.07739921547492361
27,2021,WaveletFNN,0.7086087873050761,0.12360437018857486,0.11961088748416143,0.04166244763166991,0.01652945782614371,0.014601285787467772,0.026624528862384374,0.024361799331965712,0.012671984165170444,0.005270744072636883,0.010770083820153157,0.03704193791479671,0.08785075421574404,0.07969588135698599,0.12353163288237906,0.23528263627326831
27,2021,LSTM,0.6380822828878085,0.11676480309835054,0.07925131074712399,0.09202819558124879,0.05057597767690971,0.041907180842213086,0.05109517111704978,0.039200791840249355,0.03323330555459503,0.038505651815976,0.050859371755111446,0.0485184185055763,0.02331774247054539,0.09650185414197154,0.19146495854468368,0.029017677232189874
27,2021,FeedForwardNN,0.20688707406811577,0.5529286370512412,0.4709577562134858,0.3351179225462177,0.21557436322235782,0.14289364765613816,0.13125324523641627,0.11426661039669136,0.07017035344845998,0.05631758787077841,0.08551639451976976,0.07331231221542765,0.11968930662094453,0.08249051503174945,0.12646155461629002,0.2692265267500263
27,2022,HBA,0.28251799793155746,0.1638711813417176,0.15550255526416826,0.09295554810073339,0.11348967688779008,0.09021123272676362,0.11712953417470001,0.09889630059195877,0.06589748250911533,0.10874894195241906,0.11989763497423359,0.12558859036227793,0.1507283384550745,0.2562328277382233,0.2336310128504886,0.19208070662432344
27,2022,Alaton,4.999977608734876,2.4990406959520417,1.576704085017792,1.1002944076544803,0.22779089605330585,0.16879700941224737,0.09389243141438332,0.24076061761867226,0.5830231151660714,0.5422451737876788,0.3060695722896715,0.31111958221575636,0.006818352734015234,0.2451850295618493,0.9917065950527109,2.113170213046673
27,2022,Benth,0.48260433346801207,0.1741256627910998,0.21747799810602458,0.12010722686425178,0.10526498682403783,0.09617010631707161,0.11315200442336155,0.06628725518051576,0.08667073207298148,0.10304919020302432,0.10757799501261121,0.12442475436881255,0.12415924297402654,0.20789103187173863,0.13708623266508116,0.11713119223672774
27,2022,XGB,0.487549687820946,0.041640263022119366,0.09375172736562282,0.03473506635946324,0.07999722539978235,0.06320410828444425,0.08846655099757277,0.07521953268491914,0.04566411926740984,0.09257755925752138,0.09532486260678265,0.09973093238737712,0.1164056118507468,0.22013533487409864,0.16750145737933408,0.14144785436117563
27,2022,WaveletFNN,0.17848553454318564,0.376132623792222,0.5055125973094984,0.38746403740383323,0.25984290902175033,0.22700516938301218,0.27212120501485576,0.1745083558034572,0.19270697514951726,0.165604197522978,0.24604950401317102,0.2859602818365918,0.34346942850618617,0.48877250418216234,0.5837955247532539,0.8611989687563659
27,2022,LSTM,0.7436537025232365,0.14889182903819542,0.062264216092177166,0.11857022773627607,0.0558684371631505,0.05245989746313245,0.052393589832244764,0.05364683244994623,0.048899763362248945,0.019410350679101226,0.042943248370057675,0.044716426709368026,0.08018466237888836,0.03197894967795669,0.2710335113059669,0.5758423923232514
27,2022,FeedForwardNN,0.34054897047818183,0.2692146546052001,0.23972142839194646,0.15470533535894693,0.12036917872184047,0.0806551109934712,0.0981048593697328,0.07891159812985749,0.039174764790137276,0.07466823969887043,0.0898704954497621,0.08685963358286677,0.08205267952167196,0.19318571453416852,0.11049325389935008,0.1178595557690718
27,2023,HBA,0.45416807419779887,0.3174050066899252,0.22569926203138319,0.12592114829551926,0.10878533282426855,0.09526733809856991,0.12060425977907094,0.06261401797724832,0.08143474139712481,0.05370289974029026,0.11004023359868224,0.13370655280139246,0.2093660689032847,0.22323722609000798,0.2657549153572887,0.39505045461756483
27,2023,Alaton,2.106964032777829,2.1632937536935217,1.5347047742272755,1.1405394766466275,0.2832382749716191,0.14867377590629313,0.07476344776613818,0.21098729891419202,0.5906376419618274,0.5170019387383772,0.2956261679644437,0.31259093153167783,0.05211135775646117,0.3120658602663763,0.9289128521472557,1.3612233563770972
27,2023,Benth,0.22859592860096647,0.25886155402283384,0.24666566024765152,0.1277404561307412,0.09048524826089027,0.09568517093989802,0.11260732682130081,0.02880692623645818,0.1010061105287163,0.04814553461748058,0.09788567536927589,0.13276354877657878,0.18494902154549916,0.17592951550159547,0.1747935681448739,0.3377416865213366
27,2023,XGB,0.34114266891474937,0.20295206900973403,0.15845117592534058,0.059953939701184206,0.06953985125877175,0.06418261317737876,0.0878592200617857,0.03442724498092237,0.058700697011761505,0.034193562539498026,0.08208094244996499,0.10497514626430973,0.17314693504597845,0.1820211622650078,0.194751593930498,0.34692357005648444
27,2023,WaveletFNN,0.08718873013860347,0.06519381250021894,0.027253224080614372,0.0007068793832900581,0.015280908629342112,0.009111188677995478,0.03030538884238538,0.03207836678009264,0.002797881891036214,0.041199763528455106,0.03284089323013065,0.06359148080835118,0.1693448012312581,0.18661484483817883,0.2053344342900117,0.6371285372799307
27,2023,LSTM,0.09138705105424748,0.07370817456524148,0.010531131747010689,0.07061627231238576,0.04051073539011235,0.040884106204456205,0.03925250902689024,0.060668043710432294,0.04126616641380776,0.044037837291074924,0.04308074552196177,0.03623211362160589,0.021042167133667414,0.040173126576979634,0.06458470433649718,0.03388024698624533
27,2023,FeedForwardNN,0.29547713231470846,0.1093188808264107,0.023298908143099737,0.08947305056556368,0.05096271630729916,0.04825930391389885,0.04497781616191307,0.061887628379616,0.0454929754669361,0.049531114376260024,0.04491768031872477,0.03904903673047736,0.017027673282893226,0.0381033765683977,0.010135528280906744,0.05750106221638459
27,2024,HBA,0.2903194488369809,0.43167822378468335,0.3408893289258924,0.244100396583268,0.12767270299428393,0.08076326263835865,0.08178526437929236,0.024072725098458293,0.028860565398065932,0.024131964107443553,0.035138661958981764,0.053009910025155746,0.0371857642475355,0.10870298434177886,0.030980221517552736,0.06558203842620518
27,2024,Alaton,2.3478936079651413,1.3946714351493665,1.033300095614531,0.7756047298152658,0.21862379030461798,0.15471803936393674,0.04782030627842966,0.177219858630303,0.5678000928993773,0.5031435642991874,0.23322693980343548,0.24415648989976083,0.16251369142083666,0.5176408457381255,1.563510044143411,3.1579761124297967
27,2024,Benth,0.16411424842912228,0.43483844783042086,0.3871035075182444,0.2636897259470738,0.11941167070352995,0.0860390622792142,0.07745463927037324,0.010657306120974716,0.04911411970851703,0.018138705153833982,0.022012231864543774,0.05173815481903813,0.008177608864725934,0.05438378419915115,0.0891625795178924,0.16103332181725194
27,2024,XGB,0.10670912732574807,0.3071427246303866,0.25902886985127394,0.16374830496629664,0.07163622676052757,0.03495787959201308,0.03175449237179277,0.01941611776099612,0.0056246797802029045,0.006939031758008581,0.009450795518229244,0.00709319344706873,0.02646696757377016,0.03708483471681918,0.10059357916469137,0.20422724034265416
27,2024,WaveletFNN,0.21410632323721124,0.21178302320633938,0.24730354446522035,0.15082077659659066,0.09449093270157685,0.15072369714988218,0.2769385746634771,0.020240704175800817,0.21294213603979353,0.08643161937122266,0.28090380175898366,0.43569088561831554,0.6680488743116195,0.9203232807234444,1.473006292424666,2.620911548231434
27,2024,LSTM,0.432761829668754,0.12866474022979163,0.08968032363716469,0.09698128461662144,0.05701201538930422,0.05137143557232983,0.04999264981176971,0.041138787879091206,0.04513044646056906,0.0223205999338979,0.04587070701886614,0.03946769434323504,0.08549629832559616,0.020965437435762027,0.17212587832010084,0.25916654820588103
27,2024,FeedForwardNN,0.38094908920572723,0.006363453994479542,0.04950069555516561,0.03326106857273638,0.06581753809157719,0.053913721600987397,0.09874592314436209,0.07374574030712205,0.040742808057205655,0.06759242373013605,0.10453430356170226,0.1323705251313209,0.17929599664159312,0.34751375417289654,0.4494808847277919,0.823838907744205
28,2015,HBA,0.11187245131734697,0.19328780811331606,0.11505601306724182,0.025212790449249418,0.0028301025712206378,0.004776622305003662,0.027866264574957667,0.04731672070526461,0.0069413607907130555,0.026810669882916444,0.049045142883613904,0.03936666574063153,0.06055617200919658,0.14420427336212305,0.26606405520679305,0.33734142982104726
28,2015,Alaton,0.0021437397083845775,0.1354153202161362,0.0708286032578268,0.020843805369978322,0.025277319845035,0.01578709125772258,0.006055316997359037,0.004923266585655331,0.005232940326404738,0.007768869249353825,0.01803120206724446,0.017501706657819013,0.016559665826704,0.08546185725372123,0.1943152847294648,0.27790316174708324
28,2015,Benth,0.047348183812454765,0.07870962472812103,0.020966847733725175,0.02118146878633633,0.006795127355346111,0.009056961075045406,0.03080753077298352,0.0192002381933393,0.011572362494476416,0.026077603127704234,0.039085273567073864,0.03772028227861387,0.0398692668358989,0.11020440137084289,0.2200610925433473,0.30559655760917487
28,2015,XGB,0.15248317334783307,0.28572288752791825,0.179876306254646,0.08537943674471017,0.04861452808434845,0.041745896570221916,0.00976989987563431,0.010038247943665968,0.03410724245090874,0.0016624810419683018,0.015336129685920137,0.006359029224087259,0.019923757637376128,0.102537617748571,0.2149504634365364,0.2837392623665322
28,2015,WaveletFNN,0.048103521607020416,0.19833899628150678,0.1043694006947756,0.06273857940778159,0.04513906887045967,0.038325077495335515,0.011737262764666332,0.01867269430977491,0.030747189064502054,0.013471060577353717,0.0032826967720498345,0.0006791899770369576,0.005386439153604311,0.07824245997745728,0.15352654187388037,0.20275708813603247
28,2015,LSTM,0.10133835589322615,0.14943190118136823,0.15329642854690897,0.12242560736658578,0.09576202685440878,0.06646794986619789,0.06011527650143418,0.07005345865264394,0.033889797814037594,0.05691217638992274,0.04409663961804874,0.0454206427283499,0.04780197956350334,0.04249245243156778,0.02228144353259579,0.009460201421786808
28,2015,FeedForwardNN,0.061492668159924394,0.04820516829348614,0.016700788030868434,0.0005785178761510692,0.008195856353645916,0.005703888143333643,0.0007017129245891554,0.019320627991582073,0.0029325525147227732,0.019725553908438335,7.620429195515794e-05,0.0034942804039646853,0.0031910712417100805,0.013549600362467714,0.0052087118339873475,0.04309071490836161
28,2016,HBA,0.0027514141643845596,0.04093217273815466,0.03008978403429983,0.045446332622098046,0.007347450350138695,0.030426362587649698,0.0008305443461171836,0.004113335877075087,0.06909182610805932,0.011030139250190443,0.002537348624531424,0.005306176941659605,0.03697744268406557,0.14633744702978707,0.17259333081349906,0.19702997716176276
28,2016,Alaton,0.026724563062551426,0.021200325017437772,0.03354586054316622,0.07084110680426557,0.04482729109643037,0.011885719736156857,0.029339629127510054,0.05051246244708046,0.06993744078140847,0.008403651807047656,0.02994013457022064,0.017537683961241703,0.08561967991582012,0.22278096380846804,0.28010738458264456,0.29385826513574287
28,2016,Benth,0.013843519822462978,0.06564065922119769,0.012165557087734789,0.028012656863195512,0.012373944016584136,0.03619212793821613,0.0034186475636635853,0.024740395946490686,0.08590460167208612,0.010650103509629852,0.007286066345113335,0.003988243501862525,0.05914775126667074,0.18875613006209338,0.23806968946966606,0.24293098480176206
28,2016,XGB,0.05177012153450291,0.042620368281028706,0.09682689042625768,0.11198534112733773,0.0566073650124085,0.007485831185726978,0.04123076813158353,0.03633911157238691,0.04279521609351345,0.016107371763152835,0.03358245750326392,0.02959521157417651,0.0818751885289303,0.20112033203421625,0.249996370575551,0.28257583867712743
28,2016,WaveletFNN,0.030305994494372605,0.07126175673403816,0.160389769402234,0.18181784245151747,0.11166698234124711,0.033016030707325165,0.06473747560616772,0.08711358977147252,0.04749147607403718,0.03617938422946259,0.04960475041521384,0.03256766583496404,0.08889232333092534,0.21840447124307052,0.26107310324837457,0.3203174661005593
28,2016,LSTM,0.1989789255270008,0.11883089581726221,0.12777045151834163,0.12676012653211302,0.07751523815442052,0.05189851126388408,0.0563626062823352,0.0521895936904116,0.025677101719403923,0.050191644655909765,0.0467713098742751,0.040241738644109855,0.04814421988679174,0.08253861709107332,0.10900112294495486,0.11749371813945639
28,2016,FeedForwardNN,0.25967939936435713,0.11581344149855069,0.12174104747842662,0.123716414253256,0.07204005206684207,0.045048215650206176,0.0402752613368369,0.046993700553293945,0.017419237129156346,0.0365371837927589,0.02865102755672211,0.016280479021718218,0.018513862877387415,0.02634057971369666,0.016540382929638796,0.08376550575457209
28,2017,HBA,0.8307145622860983,0.129037373400594,0.04661828212432066,0.03281854192152976,0.091499993583654,0.047265866852578636,0.0400319549269048,0.1132430719361334,0.006944521368897204,0.09206895885101907,0.03686576341391809,0.0021105921117712248,0.016219337540779904,0.005727550610944014,0.05216467636577456,0.031109033692181307
28,2017,Alaton,0.48914308832499676,0.025392081608789568,0.10850482397684265,0.05370876563316585,0.0794439106198824,0.041756608988513896,0.02253979284760516,0.06536526487377382,0.004430428112437349,0.0745183621420961,0.006250193716595935,0.01994296913927276,0.06326811223998625,0.06144096400780842,0.14917088702776019,0.11440277882889184
28,2017,Benth,0.40171106288317665,0.029906424061696905,0.15189899657965233,0.09376889738149168,0.10859462452266055,0.06524520691843505,0.046813158340703306,0.08761569292614035,0.01211905905104584,0.09141485025920748,0.02726373186673626,0.000694128799834002,0.038530777799110606,0.0332572349074071,0.11311329788226086,0.07239166651152261
28,2017,XGB,0.8710143895956151,0.20625478742616374,0.0025534227095171673,0.019221194575686627,0.05323558616737694,0.014740625241924788,0.005550841720785258,0.08026273713323512,0.03243622508963766,0.0694122108153227,0.004829381524990076,0.030046417040870483,0.05707625017127642,0.039218849344843716,0.11842196414258081,0.10296375112773605
28,2017,WaveletFNN,0.944928567887306,0.25515593337322867,0.062351623428436864,0.07159332212961586,0.0023718622370529786,0.03044014496748424,0.05739515554838705,0.02668551112824194,0.0648387556324458,0.026813341524994462,0.05859271979788825,0.09923177489539928,0.160138313740249,0.17233305331721033,0.28374554428160575,0.32286954145442065
28,2017,LSTM,0.2759189184665536,0.1361703020417476,0.11059800064628744,0.10946507214266553,0.06885752467278632,0.05752894287784183,0.05466389261601376,0.048636227176500645,0.04364539046057963,0.041033589087554015,0.046406644853946605,0.03831513617869447,0.059911092904828475,0.053922260372860964,0.07666390269656043,0.08109094816542287
28,2017,FeedForwardNN,0.29442703711876267,0.14033679603899388,0.09873206775594026,0.10109354406090279,0.06007958339862448,0.047889751226478636,0.0469906526959863,0.04135427260782251,0.03295070793024376,0.0315149139894027,0.03839111181365415,0.031082514177199077,0.05963729703092257,0.05262000893968666,0.06698765156459392,0.09739665057858901
28,2018,HBA,0.20514046389490168,0.14769943611497433,0.12721398247350502,0.012002097443656053,0.060875321252508274,0.07193871999894548,0.05860256977507778,0.13585431827784183,0.08389851104228557,0.12670160908249695,0.08293147487629686,0.04961522129337625,0.01616893216765094,0.022136186094550946,0.0069532625549299934,0.10062866034107001
28,2018,Alaton,0.1535983312970561,0.18755805275297877,0.13999067909661556,0.01884865291127835,0.02307561912898637,0.052544077832601906,0.03032742943440457,0.08807956803721265,0.0844001662320223,0.10920165753345759,0.052559027509582704,0.027446310487018642,0.030401494725434686,0.044283143987682676,0.08619461556122007,0.026696916905394486
28,2018,Benth,0.1858010065864048,0.1341929569635426,0.08964347051757016,0.022016906386154275,0.053625040208688544,0.07604709757600307,0.0549623564037231,0.11073689626200256,0.1002858624457244,0.12623518273466613,0.07363082656720116,0.04822977087336184,0.005021318805118524,0.014916558106684775,0.05011582254220606,0.0654865819428316
28,2018,XGB,0.15135898152229035,0.2531341000189664,0.20457732069563897,0.05515235399026001,0.013499299715841101,0.03508514245677254,0.020281581782076022,0.10043229350769257,0.05841993989043398,0.10274146670480727,0.05000015828251981,0.016903226575174974,0.025797480109213556,0.024192764464462457,0.057692293952908646,0.03910360677500219
28,2018,WaveletFNN,0.13425849491757028,0.23250563260791057,0.18571471770123538,0.04550475417495628,0.01462785098540402,0.03701634581890539,0.015555387414040816,0.09449142942410574,0.06121882880993024,0.1018750253777386,0.04175739480313265,0.007511120293857807,0.05085533293211592,0.05320574000387757,0.11306511063070943,0.04733797022756012
28,2018,LSTM,0.013677266479834187,0.20370387035079474,0.11773661130676213,0.0805541197543411,0.06356190344326736,0.04468091925982986,0.04308579287557397,0.04196596375250053,0.02427013675962924,0.016427582483229876,0.032444605990468285,0.03265133920578282,0.0377753983790468,0.02293833095382638,0.05809541787836722,0.016962518915239668
28,2018,FeedForwardNN,0.012809015830628335,0.23173613848410682,0.13519445279598014,0.11759082867758813,0.08147925672504713,0.06346890299510463,0.07162760940319225,0.060066494560301595,0.04399929223953853,0.02029060625730619,0.06087981109030877,0.07088069663536511,0.09696169015266189,0.0854624791704557,0.1439728288215331,0.11918148734598075
28,2019,HBA,0.15213844118110784,0.05906144295844767,0.09842191936113967,0.08789241039454358,0.06345504144373391,0.06168873436233458,0.0480040740810676,0.04428563860809075,0.05972456494520517,0.07860029417114275,0.04103107699319461,0.036802018114260586,0.005410347166880956,0.008527119275100137,0.049648793077308136,0.06303236907739769
28,2019,Alaton,0.1834595890283275,0.03709251764623908,0.0920494274869282,0.062072599601494645,0.026116332457512166,0.041442940693202666,0.01830801852435751,0.010029246847710295,0.05848644093270382,0.05895446661317139,0.007336352653667375,0.012051918592554436,0.04447613835332514,0.07962799928864933,0.1511358414534151,0.014526558786025216
28,2019,Benth,0.13016095734406352,0.08627885445664693,0.13693380533389035,0.1038287800473508,0.0596723180418436,0.06763273826807474,0.04583050769705553,0.017316332555220016,0.07648488754637116,0.07864308563259989,0.03162924517897537,0.03540576296771631,0.01593128858858878,0.045928321627777116,0.10872060104380518,0.030252630477666707
28,2019,XGB,0.21519292856813765,0.027699699202167038,0.0367519675261133,0.02719410954798259,0.01590674316389645,0.023729763543125542,0.007875038638664135,0.0044790571136130225,0.032429121395603826,0.05245854832273034,0.004774541680595934,0.0013538187848439087,0.04017581298296947,0.06008451899370137,0.12425552638700935,0.00680751474515339
28,2019,WaveletFNN,0.30938713871734136,0.029966143228848552,0.04306790309616937,0.0282346014166099,0.01859857720874871,0.0501953025389999,0.04210913138057642,0.005184100624349221,0.08533150406854434,0.07489426570040979,0.04396469621014855,0.059167650312564324,0.025220985523007118,0.0012430228086528065,0.043489364016455964,0.10652695790601525
28,2019,LSTM,0.17245604689746877,0.1307614445218558,0.13009496588761899,0.1075734557819283,0.08507870453362425,0.0657460869815582,0.06613393823441134,0.060400068651758045,0.04424782286389509,0.041361151119440734,0.05177878194458928,0.05037048697948461,0.06383447156376877,0.07074295850417894,0.09749834288254323,0.06496703996388829
28,2019,FeedForwardNN,0.12168188528457585,0.0128551823928812,0.03426221335769532,0.04287028509449173,0.015510128139125763,0.00411319625400857,0.001218112546280393,0.005229934510968535,0.00856042391860419,0.0035879869839463476,0.00471981745609628,0.011378527612184119,0.028077694888707587,0.022145021540482077,0.04958874421235327,0.0033498882067480367
28,2020,HBA,0.10271537555791284,0.20618637304736903,0.14499706386749914,0.17299026480305252,0.11686827813488096,0.08793029571688978,0.0695022238964757,0.10156323627810089,0.053578652701680184,0.06496395378632927,0.05642691986184007,0.034451699816822404,0.02458018386675846,0.0033602862970275363,0.0564847588619499,0.011499990489162315
28,2020,Alaton,0.17665739976632758,0.23168547887801977,0.1673490291959459,0.1672776855943731,0.09026653480562671,0.07251903460345564,0.04338120421246978,0.04832548501118718,0.0514513671154034,0.04416515571869409,0.02165741547135473,0.008228044993799756,0.02642848792538818,0.06946631542417321,0.03825735480568311,0.07190931593467594
28,2020,Benth,0.22575970543130963,0.27795688286580483,0.21392533414540604,0.20834552413157537,0.12432679740545138,0.09984173421070294,0.07224732057873556,0.07557569353106379,0.07077605375234731,0.06537907628124137,0.04714345517920912,0.033269749298858085,0.003586766004478369,0.03374546921012979,0.0026499343869002137,0.02139098857010786
28,2020,XGB,0.06233216845563287,0.13757651739862206,0.08874945917293946,0.11890425310838866,0.07174734115887223,0.05019857184300914,0.02930026344143013,0.06249638627113758,0.024618501323116673,0.037152020379054775,0.019265792467261206,0.0025471988548098437,0.021632788659208448,0.04929458982493441,0.012493736909677589,0.06140974028170961
28,2020,WaveletFNN,0.009928434542963618,0.06677242721049251,0.05437290958808907,0.09770672738978357,0.06241974301587667,0.04832180160505503,0.019318050168828173,0.0667980735843382,0.03158644515903023,0.05656767753444638,0.013583433988134896,0.012338791151749049,0.05871007856329821,0.09291390535576383,0.0884764463993739,0.13552427393998964
28,2020,LSTM,0.22878874817852313,0.09407058746446843,0.14055032445361773,0.08479913541583264,0.07103113619305913,0.054575739121565686,0.055778963613818615,0.03320532684987711,0.035041898865928664,0.022293664262379678,0.037880624703715025,0.04416039802816393,0.03126091443593095,0.06289523723822761,0.059074890220630706,0.04231022849635017
28,2020,FeedForwardNN,0.1831881065252152,0.05502824941637882,0.1142705129820283,0.06149163860771478,0.06672834098892753,0.061479966801924066,0.06536859120409365,0.04086035865818325,0.05524973713774132,0.02694533626848319,0.054657820774242576,0.06489463802670385,0.06257135043883896,0.08189873276832295,0.0840706042023074,0.03037301688113753
28,2021,HBA,0.19284724811317777,0.024187377996711504,0.008426084343732565,0.07483527813667606,0.03833100845517328,0.005794790974068056,0.002934408392880921,0.05454249342259012,0.02799377007391246,0.0076222432478863554,0.0019737550728226153,0.021170177695827734,0.04235811092923504,0.014335668527902362,0.009445146554056387,0.10832981785116534
28,2021,Alaton,0.10661092011930731,0.002391925159142616,0.011173334214075362,0.08734576399975935,0.07369143030869849,0.02565529926959859,0.034334088180543,0.11969669182340661,0.024229778707458616,0.01640045718379115,0.04153729431068767,0.008093807302484357,0.011105404028134076,0.06234550488589202,0.09464266646787377,0.026817995802018598
28,2021,Benth,0.035255047109548035,0.06762662388728176,0.07133122431444874,0.028940292043324635,0.029804046966714594,0.007413200434807442,0.00014376715301671727,0.08462956412704663,0.04606296777775119,0.008322934185181095,0.01177209170427901,0.01987213080471873,0.02138759733341591,0.023370794850196587,0.04732033509156768,0.07706021122296139
28,2021,XGB,0.21809227438540338,0.08172186899996552,0.048177292104853955,0.1182893357819098,0.07143600635964463,0.032109538335045734,0.0301045739047654,0.08404457527284032,0.008730635124647277,0.010247628666084967,0.02699227428850361,0.002527819295459488,0.01363621197478876,0.018013183046051155,0.03879136150099273,0.06593129136635291
28,2021,WaveletFNN,0.29562503290410036,0.17632561678668715,0.08741266592914078,0.1727602593278059,0.10302094391747077,0.04253155905905936,0.043911971482455375,0.1114822047798005,0.02028610787564691,0.009439007617370829,0.037278865630282196,0.0036545144943176786,0.0038716757634306934,0.04870231769379397,0.09145333307416031,0.0028366185271472967
28,2021,LSTM,0.12373529524040199,0.1262747253672455,0.11119015416748829,0.13182030518616794,0.0946677785017024,0.06528007033899241,0.06553273338973897,0.08571098450571149,0.03476120710934294,0.04739000798388186,0.05888704272868178,0.04470041264172464,0.044370907376334756,0.05678293701979981,0.09193482004445223,0.05108743219070401
28,2021,FeedForwardNN,0.1850018884254736,0.07174612185390966,0.07691395366783628,0.03226105453468354,0.016481795926367365,0.024167709293099436,0.02224105867687296,0.016278528531356046,0.03214945926609834,0.013582603160949782,0.011684359918222488,0.02894994884992834,0.023753208625287948,0.02541533085326017,0.018304411893310193,0.027145550119021273
28,2022,HBA,0.013832343792296352,0.1298990567977942,0.1479500562832872,0.11931203993222254,0.11330077299085468,0.10625901641138559,0.10055339161576671,0.09418963747162236,0.09832534486287513,0.10455949585954843,0.09708764862065158,0.09688968231489331,0.07005796458063566,0.09153602055550493,0.009281130985268053,0.19647638989950933
28,2022,Alaton,0.12238358183470056,0.07698755674128777,0.1209894635979363,0.07856296152836974,0.0680522871289475,0.0811736674951919,0.06686377660332363,0.038854293480249866,0.09595701322917762,0.08393339554197607,0.06247116046208776,0.07114204419426816,0.02006283062023099,0.02247313977354107,0.09266854306786022,0.2997128918454005
28,2022,Benth,0.07254594372832544,0.1263114386793842,0.16736374411414004,0.12280530649476278,0.10307189712733011,0.10878559088496936,0.09575661188178874,0.06761112900185985,0.11522298602783089,0.10519103349724576,0.08800560566592264,0.0956693501469951,0.05002529632135712,0.05660033790848521,0.04769530652530844,0.2357744640630649
28,2022,XGB,0.09543856763834047,0.037738092758979436,0.0813577316711522,0.054560204280410855,0.06473190140259784,0.0678438835295628,0.06092489072110399,0.055561769579077394,0.07135003199998316,0.078596290097037,0.06246051514943047,0.06335821086146724,0.028243793377556538,0.045534333685789866,0.060209414551543376,0.280221038897114
28,2022,WaveletFNN,0.0596823505955683,0.18115780023404476,0.19453852282001952,0.13694977460435087,0.11186578940456578,0.10127955658320711,0.08930530646225925,0.06626687185370325,0.08935246237128912,0.08818191816745924,0.07474386464157783,0.07926640553561394,0.04044828241388078,0.05355740854869323,0.04249528771459078,0.22864873692564425
28,2022,LSTM,0.15116013077406756,0.12331099167369906,0.08160338199069248,0.10049318545099395,0.06853400283424392,0.05265287903301654,0.054952019614165626,0.06132546480755206,0.03476023837748396,0.04043078197199784,0.044682142485608,0.040234593186290135,0.05180443864410336,0.054368794410605895,0.10599191438155454,0.24252521954346207
28,2022,FeedForwardNN,0.3192649211891419,0.14303040139770326,0.06841355214248104,0.08902196590096466,0.06190859164919221,0.050359800624083365,0.052879389094049795,0.058320719990050576,0.037348229755141404,0.042504316549274106,0.04348287640770756,0.04209344551200713,0.05438221592269059,0.05177584731783755,0.10462268777962852,0.19477871898552404
28,2023,HBA,0.11924702751946864,0.10466578192464365,0.12535927509090342,0.09422000872579658,0.10456983340406263,0.09437989091914406,0.102950866426226,0.09337491105751372,0.08281162484974969,0.06860413933669157,0.10118735429578816,0.10466216041953787,0.1511650235875208,0.12796547659206148,0.13353798669514186,0.22414873963050333
28,2023,Alaton,0.02407386438429512,0.02280723447763343,0.07945566639767133,0.03742098632345363,0.04950823766721538,0.06253276961264304,0.06320411507681553,0.03338182387667703,0.07731904060455853,0.04379481365151017,0.06274895511362197,0.07534607181353586,0.10077776182203237,0.056546260827727,0.0366201584287474,0.14656751802027743
28,2023,Benth,0.024553707571692843,0.08044612817080585,0.1336198479283662,0.08925512750046725,0.0898333786806415,0.09457140323610712,0.09633309590577044,0.06625476938262943,0.0999503078552526,0.06914461258846334,0.09206354472941779,0.10353721930025103,0.13259596192736559,0.09465034833890551,0.08241656822600724,0.1949193278240954
28,2023,XGB,0.04405691777448623,0.009451828066254575,0.054497408897158026,0.0240291159311514,0.0521357221400878,0.052272267499018685,0.05928652140031789,0.05086397563286873,0.052427282411516646,0.03864530274658554,0.06254137152271405,0.06683014531150487,0.10674601742331244,0.07634901119728993,0.06185527472504774,0.1518706183666711
28,2023,WaveletFNN,0.06826186219880408,0.04804411520059884,0.0070601238147228774,0.011570065011792972,0.019941081033950155,0.03722534808491852,0.05033619103915676,0.026877357533849802,0.05684753931475128,0.02506528955437738,0.05849471353169909,0.07619007565299443,0.11714893092308296,0.0902362762047084,0.09652863607859602,0.2582136847006444
28,2023,LSTM,0.11007902753779025,0.11690076198744015,0.07074969587589745,0.10885347574499644,0.07313418928603457,0.06237106498922135,0.056736792168796034,0.07441821696529782,0.050152086738090226,0.054133485310654025,0.05088701679838548,0.04114345958010361,0.03512069133226952,0.03784069640283903,0.049841114613398234,0.019037557936042386
28,2023,FeedForwardNN,0.2065278579819995,0.10158087013959437,0.011417773794096465,0.05108359179740288,0.006583243092633218,0.0020489633141936867,0.018528131712516983,0.003979892959418836,0.011848789037244014,0.014843494404878947,0.026640244216514505,0.04273244386060021,0.05736788417815605,0.07989232365258062,0.10635700401060225,0.19595251028213154
28,2024,HBA,0.14040169366197275,0.16669808416762047,0.16697967604301295,0.1557092132373955,0.10356974277016011,0.07269625058187593,0.06609994305540963,0.06663224374153852,0.03587592052565354,0.03440086399985069,0.042915478847927256,0.040656273628388896,0.024434072944377824,0.05458594083808959,0.04717845196486925,0.0653626085435758
28,2024,Alaton,0.21463685008555747,0.12691711048897628,0.14339127211763572,0.1145022790755533,0.05341996202318563,0.04122296127994388,0.024418182650414476,0.0010099529333271724,0.026676579862406166,0.005007551473425413,0.002080119323923009,0.005034332505285532,0.03777835137764763,0.028603507872219366,0.06644311497462783,0.03373463138974381
28,2024,Benth,0.1364533897882053,0.19011227648724394,0.20313351837213978,0.1700344336874337,0.09946412981783637,0.07857915474549818,0.063700255668449,0.03907472801000067,0.05367132537881291,0.03467603162660682,0.03328917340146871,0.03939497335409721,0.0038627204053792805,0.01847379736499839,0.009092005647410058,0.03234825830157673
28,2024,XGB,0.248762254386719,0.06786854773347076,0.09094055537414368,0.08187774538160979,0.0440601204745642,0.023593217769252273,0.01454774151547914,0.016751370422529263,0.000816010323323318,0.0015349775442008518,0.0038880476465629125,0.005270679465537296,0.032411770612991206,0.007962197943161288,0.03847266592718219,0.020586798475549
28,2024,WaveletFNN,0.16575252716088212,0.06105100234907342,0.05758142902806319,0.046246197031755774,0.005748166015501445,0.011973561817279092,0.021231352165605073,0.042638866488863156,0.019398090495608148,0.05537579565972971,0.04151080796287361,0.02874007700864116,0.054419954665148575,0.04260125552814415,0.08810222036512523,0.09402865950835593
28,2024,LSTM,0.22855240520657819,0.10159624748207624,0.11538406854432834,0.09850139510746325,0.06569627459706744,0.05168982430428372,0.05567796368412598,0.03675218420094876,0.03498545799705768,0.038412092559388204,0.04755342181658216,0.04737912260268265,0.0584533827884504,0.06435414617911552,0.08960014793222351,0.08185981943380871
28,2024,FeedForwardNN,0.20628819649874536,0.07181621954931391,0.05534092271162238,0.04990518828346743,0.03145093481590912,0.024446213019398012,0.02731103440254418,0.017534559901988937,0.01609224493160803,0.024481195200278878,0.028072880327479337,0.023571462058483043,0.03597252064092557,0.031466140410282804,0.06788494762956189,0.040028565293475815
32,2015,HBA,0.07579114159580837,0.013629950122884728,0.011378595931927766,0.024462047774137536,0.007560268323555746,0.0026267038281112213,0.05711163126357528,0.014954527681558801,0.00252336641453599,0.013397129257222171,0.06863596992887995,0.08077474899438959,0.13466334499127744,0.25388988193639234,0.4189543092338395,0.5288949560332101
32,2015,Alaton,0.5544866238159781,0.829283781281965,0.5539082216650975,0.2981856434042163,0.048695548678836006,0.058112593955405516,0.012276091804100862,0.1485535304959439,0.1696079311625893,0.22016555628660306,0.08522277233133693,0.03301762369271936,0.11912886268320332,0.13537381289549805,0.09334184955262821,0.06465212975962634
32,2015,Benth,0.21808985867393532,0.08356110167379584,0.08638133737955908,0.07548695730195015,0.014635922919688644,0.015389859438851596,0.05819887571200916,0.013375482363502353,0.01617688189204303,0.00729101553506551,0.05698629022228269,0.07790803734077623,0.11072448745917268,0.2130178971821955,0.3574122538936916,0.47608130958848477
32,2015,XGB,0.011505900649029911,0.16117518679015977,0.11055653625543674,0.062099691425000755,0.053561299507370555,0.045415398169576716,0.008855095681101462,0.031308773854257725,0.0369120201113706,0.016529216791058125,0.026431788146498353,0.03942112115114823,0.08205464378952505,0.2031296604444635,0.3572637728633647,0.46895067210355085
32,2015,WaveletFNN,0.14640264023352884,0.13583970373637433,0.38097004121905637,0.30084313109438005,0.15210109564085872,0.07981849959647334,0.11736067911715818,0.06274429368227084,0.004363836483589693,0.05259598248510434,0.07886274738067775,0.08822357688967579,0.14545009229067665,0.2607897671391703,0.4032837500439689,0.5327382980738071
32,2015,LSTM,0.06197369072806689,0.17166474680555324,0.11881392284351876,0.0729681400834678,0.0957243828965889,0.060717034924393745,0.057069140316909635,0.08670958430458081,0.024173415958419958,0.06275835949912248,0.04716998674703692,0.043229912831241946,0.06939602016492401,0.04139164666756377,0.01498011506037423,0.04495152131951995
32,2015,FeedForwardNN,0.2654703023417826,0.03931390149076882,0.09098499945054028,0.06395628713650342,0.024867647707468795,0.032414793480111406,0.025641789109518878,0.07009974340452066,0.04029314003795936,0.07004177123078453,0.03703506657809054,0.0363373409415643,0.03850308960929641,0.0027504884845238097,0.06886062896913726,0.14215002967707527
32,2016,HBA,0.2476530818769071,0.2544730100673529,0.12477197081326079,0.052804607106258984,0.031043523901271845,0.04974489027993472,0.032369073696809296,0.01238424561019852,0.06833088406794412,0.01365338351669134,0.016937459168613354,0.03763853642040671,0.031771777563656116,0.06075970952743166,0.05765557214051794,0.012709007078599135
32,2016,Alaton,0.5981569001617737,0.5110348634419875,0.4501509579579463,0.331384519412213,0.06167896395954421,0.08084670808381647,0.028879993869346223,0.11831412002770153,0.2224931098276012,0.19151361116472165,0.03248774164449866,0.012125873718259447,0.24496837674065122,0.5925372880522637,0.9367004357255093,1.1939526760965131
32,2016,Benth,0.2322993269920005,0.25772180384375765,0.1642547809413153,0.07260269884552267,0.023956147723073747,0.05481276882679933,0.02845918333415027,0.04104926852901936,0.0854790290636524,0.01912060349453555,0.005703410112266533,0.035458159981651936,0.006212802304445009,0.11298673996045103,0.15263963163787972,0.09838283734567384
32,2016,XGB,0.17195342036937108,0.1326023570738904,0.028467198312630334,0.038866818367080586,0.03313357972306901,0.0011921112341448366,0.019824170821224656,0.06167544164865481,0.0353060399162652,0.045869125779169996,0.029023502547899517,0.007483039205558901,0.02927728225855155,0.13496762975752802,0.168930476063368,0.14369160526496325
32,2016,WaveletFNN,0.29666355988802773,0.324149187102906,0.16995083549789286,0.11031885203218206,0.003379514619702627,0.0018077962164319832,0.036558618111825224,0.07379898527704394,0.0002457740685201102,0.09155051726238143,0.06913121542086259,0.06164647150300447,0.12420459773090087,0.23312910296545375,0.2916829066223467,0.2934821849933791
32,2016,LSTM,0.479971322213527,0.27181096384549813,0.2222919732196582,0.18683857300887993,0.11298367520431885,0.07156313480473185,0.08112955243000701,0.062337198832436824,0.030398126271394703,0.0875427550342699,0.06349877596484489,0.05607233906038479,0.06630744981188305,0.134483755851547,0.08089263251879632,0.017017337027847152
32,2016,FeedForwardNN,0.2187674519873678,0.07642212696023006,0.06874996174326818,0.029922894363171852,0.0019198682236260727,0.0016758879459901539,0.0010787146459974382,0.02904492414646669,0.0014334128330640873,0.02879457971874009,0.006242136615760874,0.00498306229975006,0.02211290616488815,0.005273671116453037,0.14121804842650637,0.28352710483143745
32,2017,HBA,1.222324890123718,0.017288170331928896,0.1459811421508428,0.08675609494325123,0.11625478713231382,0.060494637869533754,0.07063159268749053,0.10370202302053183,0.004977954506143315,0.0909038929257244,0.05804608219203725,0.038645085759068214,0.05660279333809652,0.1077460660938185,0.06744762016495442,0.14594623900965692
32,2017,Alaton,1.9779625081135692,0.633110874587602,0.218022692960465,0.15531944819477708,0.08640014476644206,0.11928730547193499,0.03562748419070851,0.214950990298739,0.15790283458604734,0.26881811058595795,0.07163855903984827,0.010108084917927486,0.20712046259870476,0.3326917722182276,0.6936327779233248,0.8275782449755885
32,2017,Benth,0.6566105965831729,0.1289427362106834,0.24869169525724125,0.147819685854346,0.1289217300560846,0.07642818336540048,0.07492735521543332,0.0783455958509546,0.01479117861787464,0.08550431460452462,0.047048492433240635,0.03626800180845982,0.030729456069610816,0.060188352653541125,0.020467405660286694,0.07088527739813598
32,2017,XGB,1.3767659711030753,0.1651999204176608,0.06005207717688246,0.004192713308303243,0.06168218752705661,0.01582816147583467,0.02312136324303966,0.06237054607922865,0.038012834219621455,0.06326716434868553,0.015769867082232294,0.004693038698677777,0.0014154909885327048,0.044812209488760406,0.032736760765061955,0.027384959094212964
32,2017,WaveletFNN,0.7429487082027163,0.6724481145959754,0.5614634661524439,0.3575754250449601,0.250236881880701,0.1388964762775471,0.12390332452001168,0.11881296881622791,0.008162518650504887,0.09703358025538643,0.05733272127614716,0.031542263677834984,0.039751462553751504,0.06392288329885319,0.03709752266354788,0.03680202871659004
32,2017,LSTM,0.9276637540082142,0.16064202309455922,0.04250572522044682,0.1259316954866898,0.05631142584864469,0.06871651241130751,0.07045375654640758,0.06214125945170937,0.08328234816749602,0.028429163143699573,0.07531452475097555,0.0784418691947155,0.08854914589229723,0.09708316864823575,0.2854209131948213,0.28972317337999176
32,2017,FeedForwardNN,0.4287120528148541,0.03995472694677698,0.05163062027665178,0.045840684290353734,0.02113164310606596,0.04038685318056343,0.03848707780416715,0.051857493211579744,0.06299598419946333,0.013486872197255972,0.052098244314744836,0.04929755372816357,0.05356323608816216,0.046007374851382635,0.18222990848076415,0.1727048266129687
32,2018,HBA,0.38909106687409434,0.015346940451587836,0.03973302595188794,0.08490015517052675,0.0893426373980217,0.08889834203767494,0.09287909384297123,0.13272550195055172,0.08843749648124222,0.1217960004243507,0.10833546392058914,0.089776967496608,0.08730101988093572,0.1322083704351139,0.15559818423711114,0.27782940822226265
32,2018,Alaton,0.38019367952760025,1.0212114343800969,0.7308465377764748,0.2968256087756474,0.009131218267861252,0.10790191498715569,0.03001991918595764,0.23344028699607178,0.22929458353512117,0.2867196259910918,0.11764308698737481,0.042052977357791545,0.16398763061102237,0.2864070526213946,0.5201987390945112,0.524467120899748
32,2018,Benth,0.33333005840184304,0.005429706997818628,0.006207497541814954,0.09448882961337732,0.07925122812289942,0.09192768652984312,0.08761908822926893,0.10797425943743652,0.10507634854509572,0.11701068102941357,0.09779736821484879,0.08756852653997918,0.06314225403652161,0.0883399745854185,0.07697522564501488,0.2168840059201006
32,2018,XGB,0.3111751565930211,0.1560567359338762,0.16154690459930643,0.010836585684256992,0.026015606684381895,0.03979739614719369,0.040837146354259966,0.08905614283947509,0.05409256328256815,0.09230202024465715,0.06395920585763472,0.04415455214882245,0.02561843024755175,0.0656615369797994,0.058320502484587915,0.17847209713833873
32,2018,WaveletFNN,0.3452506878644078,0.07904634167978061,0.09636485604401326,0.13482345836997492,0.13017881886944302,0.0926309597177136,0.08486451748223252,0.14154383169345744,0.05368442642479105,0.11212816008259391,0.08209490534963776,0.04546623722837176,0.027588100772258067,0.07269018176405938,0.02438693421234121,0.12322561074767785
32,2018,LSTM,0.12684244371263942,0.19397056273343655,0.15960138588065925,0.04521995148464094,0.07978774468940791,0.05253158732041091,0.04859648279266391,0.05296204962512824,0.02426012619344831,0.031616653187627186,0.036757188275376045,0.03254816116187064,0.04633301500195734,0.011286218731970134,0.02432198572355417,0.08147351591694553
32,2018,FeedForwardNN,0.5324543810182045,0.19918512402918243,0.11203987033480114,0.1640069590534296,0.03299731417743228,0.024932082296814227,0.023411479371267644,0.006430783983703703,0.01656641700856688,0.005592393962943934,0.01127526459427828,0.009030918155548736,0.0001903009525981163,0.0497877195122256,0.10423436538869982,0.21196490726685918
32,2019,HBA,0.04327646503574714,0.21245593595233184,0.20917151035689838,0.16556529408510565,0.09348120537544834,0.0731280508500165,0.07862058304126379,0.03697523016580545,0.051050777788737844,0.0637578155803122,0.05958450957993967,0.06959632744947095,0.07802924623559065,0.10326034539174275,0.11555195697459018,0.26221268341218273
32,2019,Alaton,1.1195387859875132,0.5368782944024478,0.2759192553014805,0.15580851710232774,0.004003776445898173,0.09339688573354538,0.01640807412005543,0.14072503321033938,0.19036249767709482,0.2313238245323797,0.06460568423441242,0.01758048122603614,0.17485284780483368,0.3228348725410465,0.578728382166953,0.531543791298995
32,2019,Benth,0.05472613542421962,0.21915741345482564,0.24552698271587237,0.18276693450511322,0.08760141476820729,0.0783362257482537,0.07518418376161172,0.010466703879076514,0.06828618128451815,0.059426695324755925,0.048997397893544334,0.06748148033770358,0.05392988045412091,0.059780960922135785,0.03627254424044522,0.20732504779221214
32,2019,XGB,0.16105089516935706,0.0752115666064025,0.11556575377939268,0.07887278422305832,0.029358946241252765,0.022631076592364362,0.0258927492401072,0.012746567530481787,0.0153332881746729,0.031817734795102255,0.013101176585181798,0.02382352535099503,0.017538590866449415,0.03815528861295174,0.01920052663054502,0.17567809081474098
32,2019,WaveletFNN,0.08013581527151517,0.26491549873346726,0.2690507488518758,0.24517749700044753,0.12631873090794896,0.08873664126933935,0.10410323854230945,0.056604921536843836,0.04797096761770561,0.07936591140704885,0.07769892968801442,0.09185852095623172,0.10744543230314675,0.1777546952726246,0.19026814727774483,0.46436054083935824
32,2019,LSTM,0.7130351640955216,0.2984704044253891,0.1811804244793974,0.1421384455915918,0.11159880597350298,0.09049025140519322,0.09228368228449592,0.07761344124504754,0.06759358825888959,0.048226590612929346,0.07626055092637467,0.078502410676958,0.09462035736029116,0.10855062952174024,0.21229773041458871,0.14217334990710723
32,2019,FeedForwardNN,0.3797226013856592,0.016746797087542346,0.09854028103697846,0.0591345464103442,0.05644241981025252,0.02490809281261555,0.04006759075367995,0.03588079450173747,0.009297511387980018,0.022356715770279933,0.032449111360724515,0.030476668748707143,0.0642698089228969,0.09563144327235092,0.059299197188415496,0.17021858167335463
32,2020,HBA,0.3063469661201759,0.37926333830774633,0.2644498905860215,0.2505631763340524,0.15362887274979034,0.11000959320462418,0.10936336124127786,0.09885377346168894,0.059735444527821945,0.06039512540391797,0.08489454054960718,0.08057236509393535,0.10638058446574285,0.11966364117300703,0.20085536517410063,0.19478449239666995
32,2020,Alaton,0.12811518083982337,0.07272864630141594,0.09539138474592315,0.017440258642923447,0.09467498247976104,0.13997955634273052,0.05865343362893048,0.18861839086372503,0.19219611988701557,0.22167886385489208,0.08599625791783655,0.027399420465796794,0.13672715228633092,0.29262344649987726,0.41614197828105476,0.6462785864693924
32,2020,Benth,0.39442654077704753,0.42886964767221175,0.3276130257687098,0.2844492261904091,0.15745723403115458,0.1201205855056944,0.11021210031265374,0.07335495299414549,0.07708759095293359,0.056597240929106056,0.07460821188809735,0.07878928485144314,0.0830896358755218,0.07732921285098901,0.12930976304532557,0.1392756559902874
32,2020,XGB,0.22874813295400756,0.26995560646543937,0.17447030361492413,0.16956607484929595,0.09038675950504507,0.05836103677781495,0.05437862266350584,0.04882709359473695,0.02144924083208687,0.025705746678809517,0.035580483652621654,0.030845897370909734,0.04169531822517925,0.04785510956659281,0.10257164814389849,0.08478856092848182
32,2020,WaveletFNN,0.5919886226649135,0.5932720498696067,0.4637745615953516,0.3955294934366816,0.21775020527610328,0.142660695222998,0.1272451715689422,0.0961486462235363,0.05611499268407522,0.06239720338694377,0.0723270500844596,0.05925029474569655,0.058443130666837914,0.07625085703046953,0.13101885938841748,0.15453727716010363
32,2020,LSTM,0.11795409985132127,0.04213758895825019,0.1287854671864244,0.06449039614098745,0.06352866460664713,0.05580262152721253,0.05898180873687243,0.03127442339571038,0.046897838080326534,0.03554997639347947,0.044982681078577155,0.052489881754208184,0.05544115103360998,0.063498192291569,0.022636791138804797,0.08480858494989187
32,2020,FeedForwardNN,0.28212273864802306,0.20428737777659944,0.05234099586452015,0.09223283256339639,0.0528126703657292,0.05034096629037887,0.06165225648771998,0.05304580319684587,0.047492161370514215,0.043435519968660984,0.06674122547855797,0.07367843524612655,0.09440806797862653,0.12577471388964112,0.208879987458053,0.2509207668127751
32,2021,HBA,0.11994298806034409,0.06094310796955006,0.05064699918265368,0.06827278743392494,0.0369882262452201,0.01066588768226781,0.0044166519845941265,0.07739502169421937,0.01534371906661567,0.009352138643544807,0.0006651577357944336,0.03383849319499345,0.08665505701326391,0.07359863238928778,0.11509827707106474,0.2539591189113714
32,2021,Alaton,0.7836432272508753,0.5926726752896262,0.4020677679449083,0.39470671514348843,0.11308622115613096,0.017753330513950307,0.056594299063381426,0.020157211409007298,0.14703839680850744,0.15496534011518248,0.005557306985776682,0.026347097281165455,0.16274996899814811,0.3587674874438993,0.5595741121768694,0.5155528267422836
32,2021,Benth,0.0282566147839125,0.14236288576632186,0.13369476400292107,0.017499035115673134,0.03121958691635908,0.0015350301779913712,0.005607803710744607,0.10725819367140428,0.0339004945077218,0.013006514209701888,0.01186687799537253,0.03174004730084319,0.062238460829797074,0.027667099983165105,0.0356442887302142,0.20030619899902333
32,2021,XGB,0.19235698982540764,0.05398575155487266,0.027446567901210153,0.14725293541429596,0.090299858421761,0.051572693786856146,0.03809647900534802,0.11928021467645779,0.013305640871167784,0.03403310244141538,0.0383241335752865,0.0025997333250807266,0.040236585642064567,0.022482183857321616,0.03817296674002206,0.18401564204053547
32,2021,WaveletFNN,0.44493497299527524,0.4175906145770695,0.2790730191427643,0.16119108321560113,0.058379743337731826,0.05261478459311597,0.05048268366344372,0.04337737554778854,0.04691831847129332,0.0009667156351535918,0.01774098384399822,0.047795948322677834,0.07625645949886858,0.054132826441063445,0.06341315704021652,0.1987396276394438
32,2021,LSTM,0.4442301594320897,0.19141606565444882,0.09093162419040272,0.15715912983145372,0.08986215571890621,0.06891046715844974,0.07607303880212109,0.08936904585861954,0.04820770251315555,0.05532707430102203,0.07413852826409699,0.06653087439044539,0.04544693294127831,0.09891949319054201,0.12876349777040874,0.021244071894405882
32,2021,FeedForwardNN,0.0794345521431757,0.08201710452293653,0.12183784426337657,0.0799087235213028,0.03604120798519179,0.02041778623823122,0.01641331985667764,0.003517851917701354,0.004979984055930737,0.00889481882175772,7.504439688557454e-05,0.004708853367685201,0.040774043800751794,0.00903366183501109,0.019681262374239696,0.13324275886972725
32,2022,HBA,0.10764754413440752,0.2567577490153639,0.22684116592482578,0.16867245692267982,0.1305087984423624,0.11363759201741999,0.119731209452786,0.0840124841387099,0.09539418015438725,0.09155786516747126,0.10851810932473824,0.11866951103615897,0.1109810299518266,0.1637952025553337,0.10517903859190474,0.08866899622759752
32,2022,Alaton,0.9932815391180759,0.4872403624503715,0.26727736490748233,0.17037998362997792,0.02458208457614713,0.1161621073461925,0.05000680090441237,0.16545258376897815,0.21519071453280425,0.23723054557133924,0.1054926772965682,0.06682791439422411,0.12297712548680931,0.2146453675551206,0.5558975073492903,1.1649036878476318
32,2022,Benth,0.004521117100874882,0.23404455529908236,0.24521748939725757,0.17391504980226136,0.11884471938501856,0.11583217118535563,0.11393175997208654,0.05784893793096155,0.11257459990210499,0.08839743842337602,0.09830098469496493,0.11674958451245468,0.08790293968001577,0.12230580214191016,0.025593563351408836,0.16035914727981687
32,2022,XGB,0.027368253806809465,0.1158177171022101,0.12416604688854854,0.07267116584066557,0.061866381852956495,0.05973215929588306,0.06336591148194742,0.031796480300558115,0.057424351535407474,0.05686412346947392,0.05955072793372067,0.07031204955484399,0.04739397335798121,0.09597305056201756,0.0004388988202544899,0.22285033163835588
32,2022,WaveletFNN,0.0765239012926748,0.34305676261883516,0.34602600152963814,0.2292113550600105,0.17049335076621092,0.1267992757936364,0.11066725745701299,0.08576978885504608,0.07955137984468784,0.09093768782476826,0.07778502380440862,0.07465561805135514,0.04341095345783359,0.0691473724955918,0.0226123403733553,0.14464331953178913
32,2022,LSTM,0.4651813387185597,0.18129774612451444,0.12781657278421363,0.13464909192239122,0.08457755346823152,0.0714354755587087,0.07588134043560701,0.06370756880120257,0.05722449775423848,0.04964632755375557,0.061277507954062796,0.06387909279750786,0.10523280742517417,0.0778286277579113,0.2525770658192606,0.6369375609827377
32,2022,FeedForwardNN,0.22151286226687417,0.026279234655653082,0.039869270150314384,0.016772261105594367,0.0007997748735941022,0.020995251347487257,0.019680562159774435,0.020429321507598228,0.042833309978477174,0.02673693783316553,0.021335836197148617,0.027352261123520627,0.04527491735371246,0.003183963627249196,0.140885025785079,0.49472077586483504
32,2023,HBA,0.2925672690391818,0.26543892737657476,0.2118026037030643,0.12799028245910765,0.11331870815445996,0.09430392575559758,0.11969317145669968,0.06550770819476677,0.07363386413794352,0.053942051568773124,0.10893692842649616,0.1288298637272727,0.20927398296220756,0.21106219708590176,0.2509293119043916,0.38200433073372003
32,2023,Alaton,0.6728373462774767,0.5096096880519001,0.31666855213565015,0.2489422684794717,0.009878716007238258,0.08546979191938814,0.04109506293787618,0.1390586179706868,0.189118600128346,0.19677828874010028,0.09994926590561498,0.07338078889991262,0.0008110101674286996,0.1444583740414284,0.3012369048407816,0.2324057052315436
32,2023,Benth,0.17092937839486486,0.22609410435225974,0.22081337099024165,0.12613219693585406,0.09785401216427354,0.09464811064645641,0.11240624925348304,0.03816090328465117,0.09116312825100308,0.050511620056538295,0.09863597059378912,0.12702461810882273,0.1882532144646463,0.1723950104464256,0.18253835942882454,0.3358571318270044
32,2023,XGB,0.1738221644221174,0.11873658852227416,0.10007121988356792,0.020018200656458235,0.038222322751960185,0.03518889086973231,0.058829229300703056,0.00819652409935735,0.03189139197632672,0.014759306188289072,0.056120782483331674,0.07708463206878886,0.14725426028302735,0.141139382636035,0.1522020626499399,0.28894193334709256
32,2023,WaveletFNN,0.19001000862015413,0.3743758595885168,0.3412968497099267,0.2948730455622038,0.23347620309965408,0.1770401293418984,0.1851836574269903,0.18113248840374574,0.11569116948732375,0.13524010580736168,0.16257223359010745,0.15335255473749035,0.19301540891897304,0.22835190491231525,0.23757687835564925,0.3680357591876716
32,2023,LSTM,0.19502155422679676,0.11093657295385266,0.0618561949271524,0.11369727427542944,0.0641415552507552,0.06467649520823118,0.06069207700447636,0.06525102966513566,0.0652580028821465,0.06171349807407349,0.05739073692879263,0.05601576652424419,0.01915948894645187,0.05171045132351875,0.050586154964530824,0.10055482875262682
32,2023,FeedForwardNN,0.03084114323023853,0.06723478286553382,0.08436454321444661,0.029156557252852405,0.03913673256554609,0.006894979847457324,0.015985876098694077,0.017179976681083845,0.02815348935742472,0.010046428028607234,0.005974618971435171,0.003178964584292393,0.05507348371955819,0.04227220906246722,0.11560039346521467,0.3039338493304332
32,2024,HBA,0.043647506123900476,0.3062290342966242,0.2730714088529053,0.22179586769607557,0.12841058288500845,0.09107350694326673,0.09270428077995173,0.05068853260563164,0.048617784464762545,0.022242361187675905,0.05714662507441445,0.07105510988139604,0.07616821804701292,0.11716167818673132,0.14258830299554776,0.22095104424171452
32,2024,Alaton,1.0753490051464387,0.2925940379929359,0.13900781678159352,0.06824804469088415,0.027796112835049097,0.08963931405397937,0.017751789220411356,0.11741500805232988,0.15996077661923225,0.16138131725199803,0.04189560291489156,0.007506390165966908,0.16902390975659398,0.27857947800719235,0.4824170732895043,0.5332323902803524
32,2024,Benth,0.08234471531692256,0.31413615115741095,0.3074348712273635,0.23684092403043455,0.12269849750030047,0.0962927952453903,0.08914117300194233,0.023445022130051438,0.06626705973965032,0.018656126967740494,0.04639851923014099,0.06901954092154679,0.05274316516527485,0.07411960522177526,0.0648597545841998,0.16799688613195654
32,2024,XGB,0.22379513455628233,0.16179806026443294,0.16473179548730038,0.11937614545880572,0.04965029211911492,0.027464553701847378,0.025607512652027323,0.012179649270776999,0.0022373089466908324,0.02217492072834351,0.002839096121723829,0.012002902252197703,0.00018894079706124054,0.034163910009359144,0.024771046580451282,0.10428125993281659
32,2024,WaveletFNN,0.20806250234734555,0.30131692340439775,0.29836202856688643,0.22166124045957708,0.10483144800561829,0.06522139698660069,0.061678013810103315,0.0008531013292488146,0.020181090776046143,0.008174138886168457,0.01308797633866983,0.03213825850245014,0.025032146162057393,0.06509934473242257,0.05907404009372395,0.20482431127278364
32,2024,LSTM,0.812702785924042,0.21885887410965524,0.18061150926181252,0.15471801198610005,0.09830133781765586,0.07299752721885809,0.07223411239514047,0.05407847899818188,0.044224744848126614,0.04693909889701644,0.05563038848285374,0.04987534583134994,0.07518712016459703,0.05471569181820159,0.08677241324815205,0.012572864135280267
32,2024,FeedForwardNN,0.6820135754944125,0.14374370423765784,0.12579829669303524,0.10906464277014807,0.06584065643280157,0.044708604694742186,0.04405320295297523,0.03362716186881508,0.02067949953952453,0.028477463506885244,0.03235414288153002,0.022113725119876245,0.04922778899647595,0.026454807980208293,0.0660809341401372,0.0022774521282223677
44,2015,HBA,0.37783112454888,0.1292572245398617,0.07032475193868988,0.0757851498951459,0.03962408195826139,0.04629172628074671,0.08642926550918434,0.030516377229171786,0.052639434888346825,0.06058506903553744,0.09264246666797851,0.10642572663492779,0.13957596162965794,0.27289105045089457,0.4809078820718065,0.6141583850437232
44,2015,Alaton,0.2982519748228078,0.003985001534700586,0.022307732085813638,0.006520435039865336,0.03482603282887269,0.00011511692433504523,0.027500327257667226,0.05177541736138947,0.03337967428830745,0.01653205476338735,0.03228470187090272,0.05689358289082349,0.051284677700792355,0.15810874935854244,0.33817153052942533,0.48551253895399205
44,2015,Benth,0.49187986786779264,0.22850984667396673,0.18695500355485103,0.12776400546974925,0.043378204281833206,0.05679402678551955,0.08800824650256336,0.0007845053638603837,0.06956611357747705,0.05419597076735168,0.0820395037796853,0.10735169253173105,0.11903915301808327,0.2350611116807073,0.4211932841147584,0.5782324656470081
44,2015,XGB,0.13546909217974676,0.2049095017494852,0.12309337455992961,0.07855356474512103,0.05531598081727327,0.024332811469448413,0.011996754123581633,0.035209042111737296,0.0051636825316905945,0.017380422117981832,0.030006997428006905,0.04377749446928328,0.053632254347550264,0.1808526233610267,0.3720021397748275,0.5147884191457921
44,2015,WaveletFNN,0.1040288943084859,0.35925007483097643,0.21220689185253117,0.13612679030937697,0.0868175077164589,0.040807908275636635,0.004822830013106704,0.04961931342292189,0.002993997806521345,0.012648044899712095,0.02039350087979603,0.03355334835662582,0.038796909525105325,0.1593667882627181,0.31635792586367845,0.44277550581558417
44,2015,LSTM,0.1643874651736333,0.2602246147920485,0.16606053037034685,0.12649301732751309,0.09419799595861295,0.0551535903599731,0.05717116783792298,0.07287915357102484,0.017982664991126746,0.04617818328484566,0.04133552336161239,0.04596090222747072,0.0643106539886437,0.06582364389377046,0.022454306220078622,0.008087607157247793
44,2015,FeedForwardNN,0.09273508004230774,0.13301525652029333,0.11639012516581067,0.0840376988003144,0.06372590796515687,0.03554740463439225,0.03078631904390525,0.04810246585923618,0.008720999461761782,0.035852899489597884,0.01773571633692168,0.022327861118569648,0.02506092095680113,0.00669761018719461,0.05416919365629823,0.06433509060521733
44,2016,HBA,0.48504462021887745,0.450523694248381,0.20973583068896703,0.09856223582025712,0.02379489406644658,0.03940505497860037,0.02146587704198423,0.04630483063024181,0.05399959254391196,0.03051024795426722,0.004721694236764614,0.02255053803760955,0.011989795632530024,0.10231430619426779,0.09019770343264645,0.2693457631006752
44,2016,Alaton,0.20111114102875896,0.2655211875304923,0.10325387192138247,0.01094341951541773,0.07185497047888385,0.01752261608383794,0.05084394736176035,0.13787099614371195,0.033274783872044904,0.07992349342931845,0.07347817739292352,0.03375063790240845,0.09297174645191907,0.27741770457368775,0.3796577786758705,0.6653674468759354
44,2016,Benth,0.3519119208039587,0.41215952079016627,0.24543560677212264,0.1099935884367458,0.010056536454334339,0.04160835116650474,0.016432747216425778,0.0786813624094114,0.07110735169967732,0.036775951297288716,0.01589640791238438,0.024009828906132652,0.011571610599738508,0.15592739692564547,0.20027907316497748,0.3561533595967925
44,2016,XGB,0.25298970877733123,0.21611924377399733,0.024772621033479537,0.06819820134851877,0.08346311109817896,0.039041968531509805,0.06636655681808815,0.1242679772163741,0.0024890597219265204,0.08298687385156475,0.08046912195988835,0.052659658530446116,0.0961700144351737,0.2548658613991913,0.33349078492850887,0.6160042666570077
44,2016,WaveletFNN,0.04103909223028115,0.05504680073357416,0.1056670076772807,0.1639332749661944,0.13148300432425847,0.04904417542033277,0.07550944614230824,0.14121563389252623,0.028031044498889754,0.07428175738426494,0.07381597399274761,0.03687957475205333,0.09553408162274893,0.26325683641095765,0.4288883826965568,0.966214623402652
44,2016,LSTM,0.7134472408106023,0.3161835258810054,0.31038247749403514,0.25120267767569937,0.14825773744309176,0.09786762075415084,0.10684474317914547,0.08713671777669472,0.05075596988291387,0.0772112628088957,0.08424401090510009,0.07750442806195319,0.10464101101907371,0.18112414485516432,0.2672352775818554,0.44430326634996875
44,2016,FeedForwardNN,0.29672655370070516,0.061651725708849116,0.05843255690251258,0.05747378416236399,0.022105837609482402,0.02052159834741719,0.019809049387411008,0.008410666079046098,0.01904043235862578,0.02411800913152453,0.01867012556478175,0.013181834842566109,0.0031002439453169063,0.021191816657376555,0.06930004848472664,0.033303635406468045
44,2017,HBA,3.1692861352338966,0.013231885559839913,0.17649449636620937,0.07780672655339614,0.09234445019295506,0.04240413364963059,0.05333728275679409,0.06495946324943173,0.011238627055283062,0.07097764793174512,0.03627987830000621,0.028808480288818324,0.031227172895583803,0.10249851773370566,0.07868220916896472,0.2409593356410762
44,2017,Alaton,2.8271866322237873,0.05391150414093246,0.16938891374110487,0.029397107479828412,0.02934582130960299,7.791584802910968e-05,0.004972676097811771,0.016228464530613912,0.03135983540545416,0.026911854269190506,0.02881848426471302,0.02603732451226107,0.07106705436874075,0.04188389614102646,0.1677091031803315,0.00014045668382437116
44,2017,Benth,2.1158866505531724,0.22594927247167626,0.3207612084504129,0.15476496120045036,0.1057982304346799,0.0587335493358159,0.059486876999772516,0.03584273291562089,0.008179616149405477,0.06512391842353014,0.025282636009823653,0.030023848337604166,0.006827336953404741,0.05485610450502394,0.019449076819200797,0.1815891545735477
44,2017,XGB,3.977442326560442,0.40227740903138803,0.0023438182157334455,0.08368565248264073,0.0030167192621265515,0.03290551521157979,0.02901170188478348,0.003235701748859753,0.06501018814619412,0.024308584879929526,0.035072828196928585,0.044560804637161576,0.07291713217288247,0.02056189398552245,0.1241831049543372,0.031115342703063497
44,2017,WaveletFNN,3.819020349426624,0.40430513124145706,0.08333514635246733,0.15331862812494162,0.05950326357511217,0.07575182550085645,0.0799828309582145,0.0517476433660185,0.09320501321594646,0.018119777374528995,0.08123590037312034,0.09344983646995968,0.13686061537458036,0.11530073260543636,0.24294745640684035,0.10270105340558527
44,2017,LSTM,1.6544878287108697,0.2907193140796257,0.17088888989217055,0.14925371127730244,0.08596819589593394,0.07991909832280931,0.08997132630342176,0.058332416688708345,0.07342153651191662,0.0563439357349133,0.0837524391869038,0.08607447284795193,0.1474777659817976,0.15610417015608183,0.2915591269464709,0.3808942521647078
44,2017,FeedForwardNN,1.0203116826814218,0.3047292314616423,0.13874197372621327,0.12591146966945727,0.06937736694888211,0.06895342128285536,0.06680329631257652,0.046804012122326814,0.06849804539642428,0.042152153200689005,0.060438407803602136,0.057782884403063554,0.09121011691384587,0.06796743572543185,0.13275416738099313,0.183716584847191
44,2018,HBA,0.6966619539453947,0.29045414085930843,0.08762450960541371,0.17236871710434398,0.1356692407138207,0.12013938558025879,0.12992107804202785,0.14855819481479615,0.1045921430380676,0.12468644546980347,0.13455864389733993,0.12305989389746212,0.1502911794503722,0.20194559258615966,0.26678775534023075,0.39951199914529145
44,2018,Alaton,0.4058323029368796,0.04186624882643383,0.08646365478822622,0.04461023554125051,0.04002357694724387,0.06287914578845467,0.061466101458891385,0.07395629103652421,0.08576030399360246,0.08335513661725374,0.07560562406262802,0.07330247523066448,0.06045616271702178,0.07487783469703371,0.07101717696292284,0.21220300654383734
44,2018,Benth,0.48613881174137574,0.13408574570647364,0.069597190653565,0.151610789335812,0.11049766855456886,0.11572520673069814,0.11990562602323755,0.12147003472692867,0.12095859772010946,0.11945065653578131,0.12438367009716694,0.12416696115343205,0.12912018736813943,0.16117901386018715,0.18944065578116978,0.3555421958949871
44,2018,XGB,0.5487893022190605,0.0037425288882391742,0.11860613178607879,0.02351117603041395,0.04458628554475408,0.05128844641613086,0.05538611453103496,0.08836589525592771,0.057998111105719084,0.08216270938056004,0.0725050647066819,0.059187439240062145,0.062184069343627225,0.09741410886885497,0.11214496992646963,0.24836450731675855
44,2018,WaveletFNN,0.47995391193060827,0.17793704140408542,0.2357688863553798,0.05391414335363063,0.021034751229223513,0.004228274568468653,0.008619827679719302,0.03657194877100598,0.029519585147247715,0.03751995067521162,0.015932719424548703,0.006906093587892945,0.0396796142679754,0.04575371325452764,0.10128877224411612,0.08374531882617074
44,2018,LSTM,0.10718378230661643,0.4492813899880019,0.2238297078083478,0.11899527511460818,0.07832007907104818,0.05139107371115784,0.05271960139313913,0.03928422887941583,0.024431918319850237,0.012057136996588442,0.03583372980861537,0.03827980917632135,0.04173640999746074,0.04058193157135241,0.08688003018533104,0.01917869970954611
44,2018,FeedForwardNN,0.12641938220844195,0.4897891468390761,0.21796171051109564,0.12099356864015452,0.0805912721967668,0.059912801719938624,0.06548360940066952,0.04373892161811089,0.0392111793841313,0.025113291591598634,0.04963364157077208,0.059184924950443085,0.06733331199289232,0.07307709853767436,0.12124608720931422,0.017281502831631494
44,2019,HBA,0.05365196316447388,0.34381491606665976,0.26273740742654567,0.17482318536013114,0.0819115135218677,0.07417071946521886,0.09471425612892286,0.0123842735621915,0.0665587879290751,0.07035322167215385,0.07527167476741997,0.10140779500064187,0.13365861014809174,0.19323050771129802,0.23030286613076292,0.44113647530673017
44,2019,Alaton,0.6056867528673407,0.12550948485238556,0.1577152162338138,0.06865970058652587,0.012203706003927223,0.015871034264743608,0.023624824999313565,0.07753723443288517,0.043478408812654024,0.02369722376894815,0.0079825381719315,0.04542697427222708,0.03543689133010763,0.05744133860977988,0.015421762393747354,0.2597638162057546
44,2019,Benth,0.2825061151277185,0.309866021008434,0.29899781561423683,0.18690680640018373,0.07023212371651369,0.07696622362689555,0.09036277976557133,0.017727884729504997,0.08358821965214204,0.06542769752089218,0.0648469612444979,0.10245618278540806,0.11206869546914676,0.15278611759649252,0.1509014018394039,0.4041200022166517
44,2019,XGB,0.5057433590675973,0.0758157497859545,0.09580075193311434,0.027264647250069683,0.01574921899067977,0.0007948089207782502,0.015884681375440163,0.058639987720970004,0.017063425147030173,0.024482732017872638,0.007549616159872314,0.03429724319739967,0.04155612213440632,0.08516772036947813,0.06296453509428732,0.2943506909183839
44,2019,WaveletFNN,1.4366572881049742,0.2106398934790374,0.0012504532731916857,0.028587395506030597,0.046783350661646565,0.006028712555129764,0.013409677183760025,0.0642906700749561,0.03404747507844551,0.012017975587271527,0.017919241579262436,0.0487004415958457,0.06118365793410222,0.09915284797031605,0.11169709940379932,0.33644428321852093
44,2019,LSTM,0.8322241406712344,0.21695261582089806,0.18650227030746622,0.11088154334610124,0.08683089136362616,0.07119839482540306,0.07857459880937594,0.04850742047514102,0.05582613553040852,0.04786634649167956,0.06339877018614408,0.075717808137095,0.1054992188085739,0.11522883659300923,0.1903830421172482,0.07816440959581229
44,2019,FeedForwardNN,0.8504278162622388,0.21562582711076075,0.23317708655767053,0.1456845197032019,0.10369127585938202,0.08679854815053413,0.09043460331948719,0.05390420810381545,0.0701870370009739,0.055276039090777586,0.07054916171017839,0.08429732215840234,0.11007064360904222,0.10921190261620929,0.1811245357021099,0.08934271548949854
44,2020,HBA,0.5358498227053128,0.5671478230750185,0.3861571327206677,0.3273573528302291,0.1572775948841383,0.11633699507830016,0.11925417864360296,0.055503674203896056,0.07275337867565922,0.026429753716942832,0.08142125841852606,0.09513395652047588,0.13203386085875224,0.1561468190313323,0.2739218458507545,0.37042685253622654
44,2020,Alaton,0.44971128939564503,0.4830338595517446,0.3342454395266875,0.2608637413182817,0.07963862992902634,0.06443319440677964,0.05251711326559682,0.033575218235719,0.04824613627427534,0.023662054792967548,0.012091596911126462,0.03634863684580544,0.03014868658224292,0.010385769333196017,0.06604820515373164,0.16592801662716197
44,2020,Benth,0.6114945782009195,0.6136145678423078,0.45918379363424916,0.3628298569630232,0.15937433595756748,0.12571244714160063,0.12063565739082845,0.026060610085900132,0.08987743601569492,0.021905493787448445,0.07106269572565606,0.09634765496314968,0.1103433872552107,0.11437217501443875,0.1991063362070352,0.3335071131564734
44,2020,XGB,0.3228330636753246,0.3804296131119816,0.23609520385266736,0.1979864492213393,0.05994033939775114,0.04005289718836829,0.03560247875747259,0.018388948453563782,0.0188815744282202,0.026344986617937226,0.00797244134858751,0.021023357875778116,0.031307660511115346,0.03256976255703781,0.10242136905735981,0.19536170123091018
44,2020,WaveletFNN,0.45128771461748257,0.41999822581859686,0.2795133969786905,0.2260856327565709,0.058946705869993156,0.02779008592998456,0.002434393673713303,0.0391308118399248,0.0053779228023786135,0.054080106013888664,0.0364428469005965,0.03838880138786125,0.062198570010412964,0.10612650384759983,0.07766049281115961,0.09135116162269025
44,2020,LSTM,0.5246253523553774,0.1638554472896228,0.19910414586863218,0.11134037816292862,0.09634550790979059,0.07261260773457115,0.08368282187160056,0.05065269688925114,0.0473475744359764,0.04501405452010194,0.06204140641517615,0.07530589841509228,0.0764169514555202,0.1320706660240358,0.14015601938596606,0.023963763836773046
44,2020,FeedForwardNN,0.4967719105384669,0.18151338532887487,0.1980107555499767,0.1310825486981239,0.10383213033809105,0.08457600782754267,0.09514221080969795,0.061954520733101016,0.06407676109246317,0.05471834285819874,0.07514905460424938,0.08787710658909527,0.0865880687252381,0.1370663332382341,0.14715943649551264,0.061764329799658374
44,2021,HBA,0.10937359704230926,0.33863020198040555,0.18416712394997214,0.042717327643365985,0.0015530939076080139,0.009412887101498532,0.0050943067940753695,0.06833938267464837,0.02027803631136458,0.03226606739732029,0.030443360045555506,0.006035164431501664,0.04807852875885778,0.025671310006285857,0.06088687646554761,0.3370156023824058
44,2021,Alaton,0.17989860002354005,0.17444652116697335,0.08960408095468707,0.06896203151159311,0.10056557010425739,0.07472978904351488,0.08782154980749018,0.17334983470982812,0.049131567056325626,0.08834342717745128,0.11221832148081756,0.07545240485366662,0.06968009500990183,0.15174023769902806,0.218914993016379,0.11081957555208473
44,2021,Benth,0.13421846045696068,0.3784423475780952,0.2623881447664521,0.08277169407739039,0.0010090423120100293,0.0007861062587964705,0.00566218662896524,0.10181992593055092,0.0005652200945383737,0.0370728929227495,0.04210715525726515,0.004774606076534888,0.02341506919138229,0.024744583670352437,0.03757954872181367,0.2959843068601599
44,2021,XGB,0.30708580642320965,0.05858095878875613,0.016788464798427768,0.14124523643216116,0.11449620540586686,0.0970513087743261,0.10119099188328295,0.15189221474165748,0.07976681733712732,0.08843072003585427,0.11308264938978069,0.08896361428779562,0.06289586223981306,0.11786472985115885,0.16079703830980663,0.15113768344417491
44,2021,WaveletFNN,0.3982791133088193,0.020562666518028305,0.006519268065382205,0.1405065380064472,0.1082064246239193,0.08068886369401138,0.08759996952840042,0.14712548909467765,0.05342432574280111,0.08084977431036902,0.09814512631732454,0.0691613260634534,0.05741095497478809,0.12704399917078,0.19134999189752797,0.0185325185786799
44,2021,LSTM,0.6622509060480497,0.22889952584032824,0.19240573176857934,0.14976544616552137,0.09350389971496675,0.07209002008044287,0.08048640020609305,0.05565087177869235,0.0508730402955966,0.052704691844595634,0.06872690652998344,0.06710568651631528,0.07798879604456145,0.1140762329290736,0.21956900415834518,0.10280832082469744
44,2021,FeedForwardNN,0.4742764332677861,0.13130245033885987,0.1067299456082253,0.1033800381985455,0.05784203996899459,0.06186980222126988,0.062052785799118666,0.03913100884366008,0.0658605293451352,0.04334188938460336,0.05998473550391416,0.059401655745059755,0.06300550078538193,0.0504189501860315,0.13558923128662403,0.04077093270287971
44,2022,HBA,0.24374283390511692,0.3824689952308384,0.27849283677296777,0.1768645444152726,0.148475257586713,0.11812417499402228,0.14247566580007728,0.10085529243294972,0.08654232025507196,0.1072553018326919,0.1327469743127587,0.14351686711491743,0.17326699532770232,0.2733950788377463,0.26082995097821166,0.18430026420753526
44,2022,Alaton,0.3670932006303858,0.12153492089548647,0.1408802286157781,0.04711612020343617,0.048355587551408064,0.055414445929100574,0.06797609876077634,0.014467707074584606,0.06275954932784417,0.06078980058900405,0.0661789117616388,0.08693346158055679,0.07483181499681757,0.14460071177603231,0.04596676963505803,0.07726954498898597
44,2022,Benth,0.14009802049509532,0.2929487334590137,0.28176252017535214,0.16889356784325124,0.12832800478904643,0.11656548210349447,0.13447587758441432,0.07213140182343115,0.10432597526929162,0.10321579257786653,0.12260500308811355,0.14441635404771158,0.15196629209876325,0.23499106311632206,0.18209402958404342,0.13820061522253188
44,2022,XGB,0.12808939452976345,0.12481771020544041,0.10558806439020939,0.023466537090371997,0.053421684243182076,0.044889360106485525,0.06441687234156442,0.03431533554520527,0.03601104017678119,0.06127365429908731,0.0669831042646805,0.0769586464380624,0.08310850793511744,0.17311789161484017,0.09751635693853702,0.019525193062688413
44,2022,WaveletFNN,0.48474044691046886,0.01714393844289731,0.054700564202703784,0.03478996098533153,0.008467132526340668,0.026799587490539175,0.05037832142342265,0.008466226940484777,0.045875445095272784,0.04993959782148696,0.05777193576836454,0.0836219054814203,0.09199592890197453,0.17520138133672522,0.10155984512481595,0.004395315639395193
44,2022,LSTM,0.3642920667220989,0.10744993194476048,0.035699314130176,0.07367484077896073,0.03839235537589486,0.03776658493651798,0.04428042939309626,0.039378702999665546,0.03711543876879949,0.029617270307920947,0.038782384864991325,0.04595916027573884,0.06475065451760587,0.05618628225106232,0.18698428438696713,0.3629548720408007
44,2022,FeedForwardNN,0.6480504475713468,0.32304260351480985,0.16257022333052112,0.18982564650217412,0.09933056892377368,0.08069089327606073,0.08904746221429921,0.07616854608014464,0.06129535682725582,0.042596931409915606,0.07110694550676704,0.08112549414702638,0.11683772548698258,0.10971809110739388,0.2600954988490405,0.5131866102078064
44,2023,HBA,0.5559820462029808,0.432142937850376,0.3139368844253315,0.18978694439716032,0.1441545676137349,0.11444845114495991,0.14377583113448508,0.076650387213058,0.08354655519600479,0.05932536361452698,0.12490797551286971,0.14874689349862993,0.24163013044061615,0.26506736267528186,0.3325116099784771,0.4820080684206801
44,2023,Alaton,0.04752751984853645,0.114176146805314,0.13678523571161458,0.028259375930931186,0.027035779581965957,0.04119046627372291,0.05994240098323252,0.01659978403019206,0.05591493070509732,0.00715744610928478,0.0534034630452541,0.0879857454739047,0.14554605195337822,0.1293055534519299,0.1289563119373114,0.302321406965945
44,2023,Benth,0.18085341614807438,0.27731368422032976,0.27748704470162533,0.15513647924962767,0.11256538987894496,0.10685809868232816,0.1310966676081927,0.04699377236189661,0.1009210682093746,0.05524639066244047,0.1147315999742177,0.14962676277728232,0.22189156773164875,0.22764208101846692,0.26117726792591844,0.4497385273888779
44,2023,XGB,0.32202257289752717,0.1843949789695389,0.1395344683883824,0.028872265690175217,0.042326257784310616,0.03592791248969035,0.06056056977797041,0.003676999673844798,0.029272010472081667,0.007383288766286742,0.0541655574257426,0.07809457734890879,0.15299748537416133,0.15752005205575823,0.17481510468351055,0.3391438995634577
44,2023,WaveletFNN,0.061640535600425345,0.057194561276097976,0.08159862874436924,0.024174307567864532,0.0331269763195314,0.02633293436774146,0.05374685234171538,0.01385500953846751,0.019265407460018036,0.011565361977714086,0.05292255574574646,0.07522979936057969,0.14769051990384063,0.15399777215190974,0.15994162568479411,0.4129740643339558
44,2023,LSTM,0.31511112670343616,0.24320670349369497,0.12221831965729318,0.15762200971545556,0.09333768704404592,0.07751685475237391,0.0785686406391547,0.0818549633386455,0.06105917628682879,0.06564766573593797,0.06882503156868855,0.06375423296426203,0.07582702258500619,0.08945884526769825,0.13975777000665573,0.0476907272358704
44,2023,FeedForwardNN,0.18186699943418078,0.20785318301332625,0.10842718642317745,0.15454805798880192,0.09054897055395814,0.07833801344216985,0.07349650836810737,0.08344072552619569,0.06563552079213611,0.0631317962212553,0.06502049286866118,0.05717457357799243,0.06272571259703545,0.06201391417393023,0.07604692469062603,0.018361792608419227
44,2024,HBA,0.2949321254451762,0.5082122970458182,0.39775481313629507,0.296480578158864,0.1604731577145145,0.10723956158898518,0.10994306659843396,0.04901511019282372,0.04854661152150861,0.02639956811509334,0.05990412333665224,0.07791328135492519,0.08390539724034349,0.14805621927925255,0.12393550364805814,0.15632997621630568
44,2024,Alaton,0.1970106786478577,0.3127412091177845,0.2823023540055646,0.1791210200546745,0.055409966796979536,0.03673915726545964,0.02420157250645702,0.051167941347044346,0.01615356900332621,0.03126887373266852,0.02154387877920228,0.007073597843906192,0.03798588733941089,0.017342629545885113,0.1548117626860111,0.14639899841632106
44,2024,Benth,0.05120476646216573,0.46953853632572934,0.4176376811285023,0.2992893663387723,0.14631710322102115,0.10826416325136541,0.10394262223476204,0.018869990580686787,0.06630871653885984,0.022057786486651125,0.0490582481639844,0.07870179131865826,0.06075718308798232,0.10460904717899816,0.0303058592231061,0.10754530794650749
44,2024,XGB,0.07954566129049548,0.2871423435760161,0.23875717169980973,0.1501468490083824,0.05536316871629642,0.02363902615094311,0.018435439108779112,0.03078229188998231,0.011338575421024117,0.031186686832007555,0.020802792950611448,0.0034344605156765356,0.029081619722858488,0.015522614953674203,0.09414705341378835,0.08777423915365878
44,2024,WaveletFNN,0.27124026773029486,0.5410876111719053,0.43323830020594273,0.3018253543079961,0.1478702790490781,0.10772548453455313,0.1043816164543971,0.013824676548813766,0.06346365382234696,0.028162735077693322,0.043469702627476334,0.07898050733528789,0.060041660730024635,0.10315041311718076,0.009219412005176512,0.07189965776211624
44,2024,LSTM,0.6340565889692461,0.23158874212692054,0.20003066815410414,0.16202411876155204,0.09779509486256761,0.0826677264611685,0.09141547612588441,0.04977209297445205,0.06598897576880529,0.06351424294814324,0.07703640769016086,0.08313144176347,0.10958199169056355,0.11963877120100327,0.2162646709900828,0.008061435546774067
44,2024,FeedForwardNN,0.738599127428687,0.23075832781634595,0.21954303652990634,0.15956416114110283,0.08242106715629015,0.07237010404908295,0.08773400216994506,0.01801091732171759,0.06128836772621163,0.03863048789345073,0.06902465327887995,0.08965007354467446,0.129411098415582,0.14941553437093533,0.27612356720372233,0.19728737531099588
52,2015,HBA,0.047239077638481286,0.06466223199118472,0.039097458831323005,0.03551223579808445,0.01985877687551329,0.0011390631069615978,0.0407364454550558,0.046691017793378344,0.02078508989037095,0.010945016193114297,0.05307010521163679,0.04826352621577255,0.08744046071836306,0.18854818690462238,0.32125819840095526,0.38005118701669083
52,2015,Alaton,0.19458737843910337,0.02450832894200808,0.02379418723364065,0.04577540471710733,0.002554733531878557,0.011583994916313494,0.014298523519031695,0.014546689623203303,0.02215888460174379,0.013300562786373761,0.013710128554206513,0.01878478464400712,0.032418575579618296,0.11312191266427124,0.22662897998528939,0.2911618261499956
52,2015,Benth,0.25619874251930475,0.09353150313757279,0.08473310094584612,0.09653201209158195,0.03673200553119169,0.01963572364795042,0.045963077971013885,0.014885682728426093,0.00038709851311182175,0.009715517644129333,0.04083354421123018,0.04550004305528555,0.06381032702993185,0.14657525682098976,0.2616670627107492,0.3301254811156077
52,2015,XGB,0.01081505125773035,0.16987787617538722,0.11630928074456594,0.03494379602742136,0.03391469648479313,0.04333265078376915,0.005089254642622684,0.0035848370027089494,0.05436276980831898,0.020499869650626626,0.012301741105637688,0.007659134644808234,0.037917838471629106,0.1366305862332647,0.2612450856208071,0.3175162145516607
52,2015,WaveletFNN,0.005455241691569021,0.25351574722922,0.19002061474530357,0.1055755650206829,0.1047804155527407,0.08727116077636198,0.03662896499962938,0.06598578198768629,0.06676467305262913,0.0674857535880765,0.013324072512104277,0.004751059390321751,0.047825753696236734,0.1398297942395546,0.23575794752131735,0.2716113061872082
52,2015,LSTM,0.06950574740839591,0.11279214238936369,0.08827458985663511,0.04842004146703925,0.07588435974045384,0.04336277062318486,0.03624968657413057,0.07024530162354288,0.005274138268067657,0.03774041576967239,0.02730685292578253,0.016037437422410924,0.03709273833742886,0.007665354269988997,0.030145204026106463,0.0011903847782433513
52,2015,FeedForwardNN,0.35705968921679404,0.19364658693929898,0.17700046750864026,0.14232190965265681,0.035464316544735495,0.014141304688650273,0.016765533019038523,0.02895180595221866,0.010831778771745062,0.040042310153540595,0.007995521305099066,0.002593376605702629,0.014296794363262278,0.03134464043278349,0.07180399047189825,0.11024575325809859
52,2016,HBA,0.1866115297996997,0.16594288745192284,0.07107761436178624,0.017365006084146914,0.0013246874325078648,0.02509552046649521,0.00902163319079118,0.04151845487029329,0.05321263776933681,0.023081756835191477,0.0016687609177532335,0.019884495570509652,0.0023636794522890513,0.06465629273300513,0.028496321547643026,0.024030629808407134
52,2016,Alaton,0.14584545034500518,0.14918949698362427,0.06898492729170806,0.012494227450946672,0.04528648478791298,0.001248823080223146,0.0273555485465131,0.10872367460219612,0.050772987123671544,0.04864947395131242,0.04371304952258542,0.011197583339336145,0.06352520963383407,0.16193912749936154,0.16542312882029306,0.1624297872575072
52,2016,Benth,0.1940835046235667,0.20217219806754605,0.12337460302072797,0.03951807621210417,0.0045461204044356905,0.03240178625705337,0.0061951386242451,0.07556065558361331,0.07172277228664235,0.024034549242578262,0.014017715795843405,0.017336918926078984,0.027762624798230582,0.1165494918832771,0.11082381788542979,0.09649053683408018
52,2016,XGB,0.12488793468591987,0.08734517570941429,0.007728271607364747,0.0478909442386711,0.050634344932095336,0.013530662056279561,0.03335876981432211,0.08303405292635967,0.02595610533687668,0.05131752558742357,0.039889426481407524,0.017621024754818766,0.05181557131228494,0.1270123973892516,0.11334109732193691,0.1224486008467536
52,2016,WaveletFNN,0.37088110170829436,0.29093252177526835,0.16073627115514313,0.06485997511496032,0.025411468551108592,0.0467030556050959,0.028037568494828767,0.04971340330565159,0.06936215249975834,0.013423193691379707,0.005238178786043181,0.036663928359521536,0.007133302064058982,0.058760231771905785,0.11327450310445789,0.09029801140177314
52,2016,LSTM,0.304471850879157,0.23668214880405844,0.19785268148264748,0.1726734740973302,0.11006898053930872,0.06256265358914989,0.06456681112569274,0.061336308053711,0.012005104133410289,0.06948023608235374,0.041530089490619815,0.027947230183106107,0.037634844376414525,0.07498630165011558,0.022097397535766457,0.012462439197540798
52,2016,FeedForwardNN,0.1693674791079278,0.06202493785936117,0.03931472172628317,0.06198855228916035,0.052614594946116526,0.04071131820201762,0.052838028712970116,0.059997951523215354,0.02804352127243176,0.07547555802591076,0.05599105171448829,0.050254332895452315,0.07064730202983814,0.10589341714727728,0.05267003023403724,0.044093230171812194
52,2017,HBA,0.644690673251718,0.054830962012271355,0.059137780597198895,0.03937383514496489,0.07652295294328314,0.03513363441308782,0.03828270242000188,0.08491534743511751,0.01605801494766946,0.06354671003091938,0.03299841371363031,0.010311894031661726,0.0062549308787056765,0.04681233889448677,0.006261228791977691,0.08153379727952598
52,2017,Alaton,0.32837417530818996,0.05022802166741788,0.12321486880251334,0.05475947328712544,0.05774992630786523,0.024277400834535657,0.012864423146752084,0.02614784541597701,0.017122502524579534,0.04033857921578705,0.007088163739575685,0.02038678511919735,0.05430508696966894,0.04148613837281452,0.12641477008551735,0.04258100056803302
52,2017,Benth,0.21895050809930058,0.12009838265718667,0.1795335351151238,0.10626772221125519,0.09544223854546344,0.05493435950708983,0.045073213936142574,0.0548486039185728,0.004832903051178633,0.06247152078463293,0.020959001233962504,0.007698879501265926,0.01979360049808841,0.001892246201649475,0.07503578327379905,0.015063455693369254
52,2017,XGB,0.6689564883829918,0.11199039578855688,0.023532739760066795,0.0002460686971491313,0.04745886675948354,0.009660833887206455,0.011086807607499204,0.059008795195256106,0.037088997084578704,0.045473360764423154,0.007482780509407252,0.015441420677908898,0.026676283949048196,0.010411114331595112,0.047502294867433806,0.025338910580510212
52,2017,WaveletFNN,0.48370900249870835,0.04684008554019279,0.17775270945516963,0.1409341336658877,0.1331497406201501,0.08502489244501071,0.07207166904993241,0.11161842056655205,0.025502521920254588,0.0955802979696261,0.05236573392580181,0.025872874041642097,0.013018055908142522,0.014353314583413306,0.1446811226790743,0.20854235846053676
52,2017,LSTM,0.45229442451612795,0.14811700077013282,0.07412612940770266,0.12322289830158867,0.05774863824105668,0.05953941168941929,0.05831036360285616,0.049842684597290396,0.06175429827631152,0.025001298655472504,0.05574412039562299,0.05507101083809619,0.06601662305851,0.06984695734336975,0.2331155086048349,0.2522752866441663
52,2017,FeedForwardNN,0.36392087116052807,0.0772270206856442,0.042523463468396146,0.09809990112177425,0.06059275318270614,0.0736002647088033,0.07009794150810925,0.06931539362888486,0.08968837615268185,0.040083220433480476,0.07511272269095853,0.07424731865550614,0.08300227881354846,0.07157130385304282,0.24685772145509544,0.23968363180300606
52,2018,HBA,0.3196007950511745,0.016970768665759653,0.007277216548740711,0.05975565422676162,0.07670675424567203,0.07562334899010124,0.07494603535396843,0.11337421993077108,0.07439990933506244,0.11213010836494275,0.0874464623068485,0.06794594205034882,0.06426465904704325,0.08735285862951289,0.12120743526514731,0.2316918662170631
52,2018,Alaton,0.24808097490998035,0.025103202605492467,0.02280321796161566,0.021712296720796647,0.03187742857150401,0.05073611734486288,0.03904893424560677,0.05575104054086807,0.07203236597271973,0.08974870813076145,0.048831775924055354,0.038291796674603036,0.0066253796200741585,0.003069664209050747,0.0030645672827412235,0.12826793292672448
52,2018,Benth,0.28753693884210896,0.036603177377954765,0.035799054952059886,0.07138227492894203,0.06944406412007773,0.08030418772856765,0.07039489821285394,0.08413350077654569,0.09256802511806697,0.11120798060371526,0.07596265416128148,0.06546269779814619,0.04003748900615901,0.04201261305915209,0.04976515680892489,0.17771484146063973
52,2018,XGB,0.2575447341535134,0.09117596179690533,0.0886476223763328,0.01299172673410461,0.024554795147644744,0.03371624165165346,0.030419095611709294,0.07397905695340878,0.04406184122567066,0.08366561817595808,0.04872839098926218,0.028668206468803765,0.014172892872193813,0.030217438552080773,0.04660572922566183,0.1600276989630169
52,2018,WaveletFNN,0.2890448862051609,0.12356403341761577,0.12499293891103924,0.1782137778575341,0.1914874501451661,0.21090871745190573,0.2359521625671034,0.22051900445084782,0.2328402601059571,0.20453298670070635,0.2538145481413314,0.2710089491176241,0.32231868061935304,0.34860815102491594,0.4226726533857391,0.47037406645953755
52,2018,LSTM,0.13942567702715883,0.1527350043357437,0.10404993855847788,0.05066566694609981,0.06353458084823878,0.04190814761444132,0.036458468396645356,0.04584554477972091,0.017486412645713392,0.01944838215869064,0.026362003682506616,0.020604392841339227,0.01915144732345343,0.0020335682551649473,0.0017737324116838022,0.07778787860130378
52,2018,FeedForwardNN,0.2814309607244338,0.007030140714024784,0.014978777659812103,0.04427248263188036,0.005454833719452082,0.001073126147492862,0.006020568339289713,0.014376164027897521,0.003874934398414558,0.006856943187026445,0.009035001378602853,0.011134511112286671,0.023225709388231763,0.005858065742652552,0.04116214247174708,0.1281369499933286
52,2019,HBA,0.08513555732737012,0.08511141233157822,0.09468135155390343,0.07608398237718793,0.038679636556578155,0.04557480624013199,0.05133213532667869,0.008335479216164005,0.05322477814478865,0.050373128949217125,0.04544728781936599,0.058291170580766286,0.06346384227021558,0.07563848725309641,0.06730186139524925,0.2013630190891727
52,2019,Alaton,0.1191319324260508,0.0704734287848974,0.09217719977360543,0.04587692927428829,0.0054436649553661525,0.020158121043743236,0.01392513506380845,0.05833888216763682,0.048562489984710314,0.024923695075679927,0.0024442141763859164,0.025346825860577685,0.0021502376416262566,0.01334716105958796,0.06171488836785881,0.09296216919961311
52,2019,Benth,0.046999280997568886,0.13514353973035798,0.1509783273397422,0.10002843738130066,0.037759925822096314,0.05388770792608502,0.04948709557589935,0.023586713109331615,0.07178097025931247,0.05013329780012987,0.033761808267888355,0.055774625721533536,0.03929142408057114,0.030438928226439104,0.006777384569882874,0.14966400116178724
52,2019,XGB,0.1734195361837861,0.015855496952010998,0.020545625530481133,0.0040346975111806,0.01690888907559495,0.001232700244406644,0.004407817524048465,0.037203369063750505,0.021360217763643448,0.01908198125027146,0.0036251571096821834,0.017237613126752933,0.011821247159705516,0.015973925110805157,0.014905870940018991,0.12471478120382547
52,2019,WaveletFNN,0.22772461931518434,0.07645512311754203,0.15931259349874966,0.12884073556197248,0.07349689739179986,0.08364328681123055,0.10091773401629923,0.0269982323942934,0.0949003838160354,0.06865583153374816,0.09204369997527823,0.11987467080486354,0.13530714413911463,0.1704346529983622,0.1513530673496899,0.28178002422394294
52,2019,LSTM,0.4692383836775938,0.27027343228218664,0.17503487705889115,0.13950670649171834,0.10744188962167707,0.07185568720382539,0.06742490804007252,0.07081707829221262,0.03237392516113934,0.03654950996013689,0.046800108480586786,0.04083131318862349,0.04045942156666993,0.0562432847694607,0.1557647797255177,0.0856213285378174
52,2019,FeedForwardNN,0.11453249549756389,0.02305439485421836,0.0045871667313023955,0.0022120376789543854,0.03036383845089651,0.03472988032993036,0.043398151639921105,0.04930180848458099,0.03957386521239541,0.048220654434105906,0.049179584287932294,0.055165900854800026,0.06386994050751935,0.0817513876729642,0.14289128324505732,0.03399257577622423
52,2020,HBA,0.21182253150555141,0.26367144078645194,0.19388559980424638,0.19804964291354807,0.11752973648506393,0.07825312814185731,0.07123039004055515,0.07406228419813758,0.029615486919084177,0.025905638701284598,0.047921444402207754,0.037734222923713166,0.053609988231165674,0.05532360477793433,0.12391147254983317,0.11613479326278446
52,2020,Alaton,0.2523916398646011,0.2812527510383366,0.2101003594442293,0.18338629758270214,0.08244994127682169,0.05636173169378872,0.03635352673161068,0.009781802644119911,0.024055760496977465,0.001017703122852259,0.0036168393163455736,0.002824671451972708,0.010011109849262196,0.03750125521508631,0.0001188650364448111,0.0035596284405272054
52,2020,Benth,0.3102406354477539,0.3369358127580714,0.2655840098458817,0.23298511407641892,0.12415841462014499,0.0905718048467565,0.07291011475698407,0.04364841780526407,0.04898029414978238,0.025992982057350907,0.03631456266259994,0.03542643600850101,0.02937653879890986,0.009446668902227784,0.0542480288591546,0.06198084767333169
52,2020,XGB,0.18345723208432843,0.2126459645670555,0.15613478225079777,0.1599520653918354,0.08604860182611171,0.05121141445072331,0.041439079475325484,0.04615032065747205,0.008071268387991385,0.005742141475835113,0.019965207979662634,0.009203060900182308,0.01704788974809745,0.012063579792754273,0.06370313949288478,0.043648882204738754
52,2020,WaveletFNN,0.17599489016969466,0.19871011203090805,0.17161184379883032,0.17485407190917623,0.08975892709771081,0.04020465176732381,0.015665486380770508,0.04316214203644061,0.021160195306869554,0.014708117880694318,0.015182755628683282,0.03831894085626657,0.05352947262854931,0.0742064606679985,0.07726261108687939,0.18747061384941968
52,2020,LSTM,0.10798690538398092,0.08834876783698072,0.1404186658706174,0.0947933709724729,0.08191458737406748,0.0539803783155631,0.05112270513203692,0.048609702456336425,0.019388439364081154,0.025018843428273752,0.030987418759052213,0.023621620679064002,0.022455094924644706,0.02926569128489239,0.00868142909351277,0.04268658857796259
52,2020,FeedForwardNN,0.02490276160860247,0.09448842776991338,0.021027961691508577,0.044187205345404476,0.028542007405611688,0.013516872361443905,0.004935869527881935,0.03281956264972169,0.005089294474963728,0.017171802001033024,0.0039796019347128255,0.01278100262249941,0.015964350673295383,0.019393875481982955,0.015025709450207866,0.06463919710759149
52,2021,HBA,0.23706652975699297,0.0014842463995233305,0.010397192269194834,0.02887557099641919,0.02611694308106964,0.013896976930025527,0.018764323635870238,0.03411600616023013,0.00045253349675456166,0.022875769239537443,0.022671484581302283,0.012926710030064426,0.009132643215923055,0.03130747029259695,0.05778514329304457,0.10830651877609283
52,2021,Alaton,0.19459632136629423,0.012728104285599853,0.0013174155463715313,0.05367076726045659,0.0713264654293933,0.0409783632719552,0.06035650665459402,0.10829161794321096,0.00758929019928211,0.05307078098374693,0.07272284921566455,0.05219181897632997,0.0607325907121958,0.13728120964934395,0.21206425206359034,0.01864891474398749
52,2021,Benth,0.09823451209485837,0.09323278933244554,0.07547913895736713,0.014204292219255232,0.019462708448088346,0.0006785071803516188,0.017389787200203316,0.06777427746320086,0.01998792742852684,0.022646826297367514,0.03504973816450102,0.01535867339547481,0.01647759374532547,0.08228121234679625,0.1420511313687235,0.05218613915960341
52,2021,XGB,0.34381156111560546,0.1188095350158332,0.1028830488666436,0.11776108761032307,0.09304365976755485,0.0675195408183848,0.07628459532499031,0.08803684413759195,0.039437828548922076,0.06147275735894825,0.07404477615952038,0.06394875006204122,0.053379637668703676,0.10745899295473194,0.1626933077594188,0.012802338370142385
52,2021,WaveletFNN,0.11509829886630386,0.07897038137049374,0.08033948060975037,0.047597403393469316,0.0411064106991166,0.03456386289084248,0.03365372642614816,0.021142493665062562,0.027365732157044298,0.0201997209184212,0.02290310292468697,0.029043523221220186,0.061779865234690666,0.035412912361290204,0.009539734621240676,0.11449371071208359
52,2021,LSTM,0.45030630054909515,0.20111371007214335,0.14854937580695932,0.14012163889874876,0.09270446186337816,0.061699224295057975,0.06318914173894931,0.06428753626252522,0.02758716887117394,0.044278399249936366,0.05124714081822659,0.04116186484833048,0.02177372103063198,0.06276358081389266,0.11127089891041546,0.03982877309763967
52,2021,FeedForwardNN,0.09537351072833913,0.0024166391170799095,0.018550901782880335,0.013863896621869695,0.008020229432656786,0.01241990048953972,0.002454837675963049,0.0026616513353642777,0.01726043179037398,0.003733630560037498,0.003102251466530866,0.0025994269916146747,0.012382545526337262,0.033077098170483904,0.08801633769533679,0.04575399490519412
52,2022,HBA,0.09278895156003862,0.0823680513320823,0.11159032883104252,0.10068780652232388,0.10971062686906084,0.1069743516616631,0.11408349110310358,0.10877270999293025,0.10386791128668493,0.11688520066708337,0.11973688042301939,0.12404395851715258,0.11183971319681235,0.154664954238687,0.10333595311863338,0.056107269751967864
52,2022,Alaton,0.18270082862853396,0.04840405048749651,0.0965330962099991,0.06275609016443523,0.06328178984535691,0.08014787977490209,0.07613229796738705,0.04669035033868755,0.09929562579968133,0.09231626609213732,0.07862366354596594,0.09222854372458614,0.05233701687419506,0.07060251189184248,0.0241477194503733,0.19755264714991716
52,2022,Benth,0.1078754257426449,0.11533973675856472,0.15637826478626302,0.11752148402058714,0.1050276052150469,0.11314209332887848,0.1108890678158459,0.07940511229520868,0.122354314903279,0.11689245536910264,0.10891732385654283,0.12193837837842922,0.08929274291685306,0.11263052246117616,0.031215220620826163,0.11952505892830113
52,2022,XGB,0.2010556983701388,0.02661345895729532,0.03164941239818533,0.02549948254059621,0.05424477370061198,0.062481131903142355,0.06713732204294352,0.06551920502879538,0.07183171023457272,0.08588130835033292,0.07877737160694041,0.08337099806836631,0.06040451723352145,0.09678186543335358,0.020418209932459335,0.15679508360582195
52,2022,WaveletFNN,0.13813278614782112,0.0624153779644971,0.08194357966649086,0.046799132607682085,0.047572693847944755,0.04632053543168601,0.04708107241032304,0.030422616596981686,0.04489898417484705,0.058853791877161006,0.046489369375378925,0.053645684704731696,0.03099265221520126,0.060022181565633784,0.08706136612825038,0.296301517188742
52,2022,LSTM,0.28529077167653466,0.14630566156968924,0.10037236508489134,0.11206015904321645,0.06829828335887494,0.05097968772995258,0.04984106542929031,0.05229424487529085,0.03131822072760024,0.023045581644456276,0.034597935889092275,0.028477437724181782,0.05804200430074695,0.035118113726008246,0.1649076924732014,0.41376049992849107
52,2022,FeedForwardNN,0.041109020786318035,0.06888634529552816,0.0724833481506198,0.04181245258095548,0.016348964985554784,0.006265002973755295,0.011912085626226983,0.011660467555650108,0.03193820387011956,0.012103092162181158,0.019805637588135586,0.024768864707699245,0.05083994754302142,0.01994649651566401,0.12445867708590559,0.3083460379036199
52,2023,HBA,0.13947725309962705,0.09273907755127618,0.10870538076566454,0.08662064114030507,0.11205509248132468,0.08848424127398338,0.1077054419002493,0.11371192923655356,0.06034740053379646,0.061173315010980465,0.1095495703918213,0.1088782314490561,0.1767373872651492,0.17300110330691448,0.19505283328977446,0.2779439603059388
52,2023,Alaton,0.02471320047549203,0.008242014752436539,0.061535566230774996,0.024083166034741282,0.05208142315562328,0.051950645468645314,0.06117685075058926,0.04740520828528826,0.05179453439236335,0.0314458463821998,0.06368040871383171,0.07227615491487027,0.11643353087356567,0.08558293018061595,0.07303510124545293,0.17060805757027608
52,2023,Benth,0.0396990017525433,0.08213051621807868,0.1289188303253437,0.08666855105148302,0.09904335064759948,0.09011215931538416,0.10098252202523947,0.08426631996201199,0.07945087661820222,0.061148017491299875,0.09866996770278266,0.10692774846172325,0.15580095089497298,0.13278858390836007,0.13012758907990307,0.23199607242536222
52,2023,XGB,0.035940713236895974,0.02730678420124589,0.018367717844643746,0.0009160630556067999,0.05028736409766839,0.03776341659546848,0.05507255091809205,0.06607548188663326,0.02281341274502986,0.02471660171451727,0.06370541122396724,0.06307343539238737,0.12367544926146432,0.11105331244863166,0.11330529398528692,0.19914934351683358
52,2023,WaveletFNN,0.19140443472836305,0.0754541795357932,0.12821658586963064,0.11827469219122694,0.11170220545700055,0.08787655759009678,0.10324439359971627,0.10353385104919832,0.05943556266522791,0.049604718322510774,0.09813348154111849,0.1001356135081902,0.16316874390280106,0.14944255845758578,0.1295788984249337,0.2527137709046681
52,2023,LSTM,0.1428731193247502,0.1354354797131085,0.06874047318442951,0.11116390583588173,0.05615169919379167,0.053462040768174034,0.04966330802376711,0.0499250309842713,0.0502513594863913,0.04542213444054368,0.04344028131396282,0.04153733590509941,0.013212091599169485,0.04283836028649509,0.052896756100182976,0.02739106244979766
52,2023,FeedForwardNN,0.12132687052039973,0.008874745525757894,0.017538635827151327,0.0339334756636078,0.009449188099159934,0.02745487943543537,0.022264245674496717,0.02279792447420874,0.04894851431052886,0.044573396291757605,0.025464249573569426,0.025746185727834204,0.014019589495823376,0.011096043610577783,0.00913608852976771,0.12250089073378359
52,2024,HBA,0.029634779947702413,0.21384880075493246,0.17978190999238383,0.14959159682360634,0.0849880868186411,0.04002618982544004,0.04740791051412104,0.029184319999504976,0.016375360778707007,0.003354013172169083,0.017586962681482025,0.021548226086520513,0.030625269236050582,0.09235868891864968,0.10549462916327948,0.10311115255991858
52,2024,Alaton,0.06733977770846614,0.1700057872364121,0.15231576592340118,0.10045085552557056,0.027062414009868096,0.0018894283210811377,0.003106406198473024,0.04667244137925441,0.029688319085757482,0.031941408691018816,0.037066063896257745,0.02311618736041226,0.04461419217998142,0.008923083808972571,0.03646692864575452,0.03557079403023685
52,2024,Benth,0.017884809109350624,0.24283041381612125,0.22209664225933629,0.16571441410070362,0.08098246641776483,0.04666026736707241,0.0442358148951892,0.002089428985213845,0.003605472617287193,0.003005472663370137,0.005807324544782893,0.019266782945534924,0.007009947646459918,0.048784086350404834,0.03412064446523846,0.04895514110912845
52,2024,XGB,0.09362086661199176,0.10143230735332177,0.08985208214428518,0.06297113034187045,0.015796844026690075,0.018236104459345943,0.014099933384099848,0.027798414622974076,0.060928054635153064,0.03946556737795973,0.037992191912815935,0.03385173423751372,0.03773494259589575,0.017049140752029207,0.005657510500701885,0.003652103353882046
52,2024,WaveletFNN,0.14366098836994795,0.030570031727968492,0.02278358838865924,0.000911684816367141,0.037884284584683264,0.05459952320645433,0.04245619167876906,0.07359859300130082,0.07556761930633152,0.06868783913324703,0.061124580829343765,0.041259626927257285,0.04128971875131269,0.015398581107497231,0.024880477615025664,0.002948834770697326
52,2024,LSTM,0.4102340414083827,0.18459043569403707,0.17362066680544033,0.1508649762466406,0.09818615253341352,0.07899204423789581,0.07623094462548181,0.053778933754658954,0.054914379754681775,0.03725293022724562,0.05921974932512684,0.055972553278294084,0.07772244576770213,0.056627940007261124,0.14228378760404678,0.23106563584257334
52,2024,FeedForwardNN,0.2789831040957114,0.07481325757897339,0.09427049647974983,0.0898377883745903,0.05983660732954648,0.050745622217316065,0.044115328964413,0.03956586967513127,0.03934161813522575,0.034036549279248804,0.03643303949493965,0.027366697260639564,0.02700118071976037,0.011942667348816213,0.05520086322485432,0.05629395319368743
53,2015,HBA,0.06376640072138809,0.03848738081537271,0.02684399256265073,0.036554274062566276,0.007573430572828286,0.018637085435980957,0.026836740337774462,0.026111441490301927,0.05116983752258765,0.025640379669497882,0.03590833349222078,0.034969455582765305,0.08806234301330158,0.172758760165478,0.2812536846794865,0.35577356558209855
53,2015,Alaton,0.13653402185023109,0.0010877296697531214,0.0008729952787498642,0.026455877412300065,0.023062708320318582,0.03871473046338412,0.003911095767632555,0.03501459504353391,0.05814217538141906,0.05109682054455095,0.003982876481198521,0.0038401045480633846,0.037308883823412686,0.1079427634800858,0.20473904232812234,0.2899042578657377
53,2015,Benth,0.1890575279242218,0.060263737994932357,0.05683259179396006,0.07694405682312787,0.018725306279783152,0.004399542199867217,0.030081067878059392,0.0018001488688008044,0.03310233318559038,0.02432425923296036,0.025812875861540307,0.03269964836651487,0.06925859711109286,0.1413043657989903,0.23912923551901716,0.32571563961655553
53,2015,XGB,0.03368965003045978,0.10070561346851625,0.07179888053446454,0.008891396934548683,0.029613879808675452,0.05047894552512102,0.004933079446546721,0.006892074026470941,0.07637687176189309,0.04903398461956107,0.006697987743489666,0.006839187986454553,0.05592889835205909,0.13997221610756808,0.2431595963667128,0.31913102083959255
53,2015,WaveletFNN,0.012940835192660299,0.08379370643309911,0.020826304021907223,0.03773818213309557,0.004254808490842803,0.01298083678331961,0.03321527952648846,0.004670977843145102,0.023811669531689485,0.01909801019673336,0.041950994530219325,0.05470624580242166,0.09485373062720584,0.18238155100090653,0.24054011882990697,0.3114845637930619
53,2015,LSTM,0.04717025062839839,0.002951603058468703,0.03411389967271974,0.008608500586003076,0.017485561989613235,0.016557196247572285,0.015139586721296071,0.008529159173067416,0.015404899493041788,0.02400046400609861,0.010227717526432615,0.019767928160968482,0.016931449442117413,0.013666125253460443,0.00397145981781116,0.04464373702498727
53,2015,FeedForwardNN,0.4188659161538639,0.33100363243470265,0.26854236235970375,0.20070730924404193,0.12734531552137043,0.08843940371055646,0.08738418955268709,0.05129335818857866,0.04014900060597133,0.026026346131516838,0.05853768347344675,0.05372530510912068,0.061622363260305284,0.08113220422440642,0.06239629258605165,0.13859650200422385
53,2016,HBA,0.1335841057142282,0.12141051472118151,0.039826942109508726,0.0023289636088508177,0.005004308494935416,0.019721771227090734,0.0050019723253728185,0.015894982289935185,0.03644376292529449,0.012331640162122992,0.0020408285707243933,0.0074815589968306034,0.004491356331200247,0.04978856234786601,0.01749177446112319,0.05911503658406455
53,2016,Alaton,0.10833383645313366,0.10291495448264613,0.0293800400047856,0.03193622558142178,0.03829860471876809,0.006590489639642842,0.031507803991893645,0.07891689027576705,0.029436293425374047,0.03737863950196646,0.04301471744263449,0.02436181773803712,0.059764702147553174,0.12940655420294303,0.11972825553721751,0.0288641608369964
53,2016,Benth,0.15273470204100326,0.15289798670666416,0.0821320103424584,0.01947605611072822,0.003216198200434947,0.026310750120128557,0.003180046803487225,0.0441462306076531,0.05255079655361443,0.010811510400511664,0.011895353395645012,0.005488943108886569,0.024404165795243907,0.0869711063247703,0.07113059797990776,0.023147203799979192
53,2016,XGB,0.07215779551174296,0.0382763118307896,0.03210778958140255,0.07197768540272671,0.053534388562266,0.02756482205312206,0.04497142092721609,0.06639386173101745,0.0019418180162332056,0.04826184901291173,0.04746989552959646,0.03646121481002595,0.05763220807221605,0.11260816344323478,0.0950465827127179,0.01760236872008039
53,2016,WaveletFNN,0.046777238948025525,0.0150993175624873,0.01059939733389349,0.05900086890453517,0.05994645956679864,0.032802108148857353,0.057226990705853444,0.08956278940558998,0.0019606766246428034,0.06430083118739736,0.06555200597317296,0.05099036111978698,0.09095358635731714,0.15116986147486347,0.1836220725544783,0.11800888996477069
53,2016,LSTM,0.0779070293205132,0.03869132145294275,0.0470609138635746,0.0515971091705047,0.03521537278217084,0.028739212374188035,0.030603716074865568,0.02810610556520802,0.021380994279847527,0.03345990826612,0.029152837839177523,0.02566454960896517,0.025398376074851677,0.03647179788599639,0.04876688935530017,0.001505329284946727
53,2016,FeedForwardNN,0.1220805303626236,0.0660936269294425,0.05778382532479913,0.06116408464740958,0.03690721751013015,0.01707688072659894,0.01999655308495065,0.024377829234974766,0.005454362131064382,0.01528903121831142,0.014214919624096965,0.005210471717857881,0.010657331008991237,0.030012682363165823,0.09180267833631343,0.06692011543636661
53,2017,HBA,0.3424295554529223,0.035451051047545486,0.05767583437156942,0.0437518869580608,0.06564303268521135,0.01380067869880667,0.01568350879963016,0.07010807929368251,0.0548179518884941,0.03024764510345313,0.0058511107052449645,0.022599519302377715,0.020656644930134915,0.02112905295871431,0.004933004998072931,0.06181633670851247
53,2017,Alaton,0.21321623361097242,0.009992494750129581,0.08498435803942693,0.037042346167402956,0.0390522296016684,0.003955789362118262,0.013698214346114419,0.013310546487072437,0.06088127863179231,0.0068937487529125594,0.0338962200636589,0.054416609134887065,0.07604169685076903,0.05321357711311967,0.09427314077739612,0.023192853551955883
53,2017,Benth,0.1388184669562323,0.070052139170402,0.13694965018379007,0.0861439286898814,0.0775878361252967,0.02853074167637863,0.01983569530952745,0.044319771731721955,0.03640131450609016,0.03163609011983123,0.003988371600326558,0.024716741476113233,0.04139739323110094,0.015036927334482444,0.048438002804323116,0.026774833064434286
53,2017,XGB,0.38261338797209027,0.09590471013255214,0.01644075893466487,0.0013070190799769482,0.030554891767411833,0.01707018225598834,0.016580976483005896,0.038464856908918196,0.080106813693704,0.00749029906248611,0.024431935463154416,0.052721036499428976,0.05668151107833594,0.018074712425300083,0.047355925673139544,0.010625324665876573
53,2017,WaveletFNN,0.5292226638698381,0.17490688597814846,0.013023645090794917,0.0037030933391770235,0.02728972033533365,0.015012732017611394,0.017449991450060744,0.04988248738919424,0.001237111234477624,0.03257835210508917,0.02314796508453626,0.012536545190343966,0.005407100200751326,0.015465144160757836,0.06542243254707608,0.0719011629598799
53,2017,LSTM,0.1995131967150776,0.042154741743869885,0.03658800499260735,0.03094284670382964,0.018547885208086708,0.02425385193077798,0.02282167672204906,0.008437684295630844,0.03180627948432757,0.026040141885965908,0.021315062356260236,0.022249747564334732,0.035256129875404704,0.02342931801305127,0.03067333336171505,0.010727970626924545
53,2017,FeedForwardNN,0.07450931496831777,0.031731833843574725,0.014571412387178706,0.0028210240663550422,0.01841843897124271,0.01671853034199594,0.019647128942199377,0.03690689854299691,0.014468528301327976,0.03113269268266618,0.025106423038670875,0.017333826003221385,0.039895888321365904,0.03721658694622745,0.06315850949827281,0.06709933038037164
53,2018,HBA,0.2063858633885692,0.032501148326322366,0.06138509735445052,0.006532162276597467,0.037637743883415495,0.03729453273434452,0.03893511108481555,0.086048222522302,0.03689079965131084,0.08413867780365948,0.05506152064114872,0.034630952583560914,0.03510063968881006,0.05633950485758039,0.1059106468506207,0.19835652394630038
53,2018,Alaton,0.15192832127642084,0.07077135692706585,0.08254448740666048,0.03422326792714858,0.006404485667611257,0.010715410346688721,0.0035098675247281627,0.03081898602513526,0.03085423281148459,0.06254004552241413,0.017724493103500123,0.005064552294323481,0.016359408260050234,0.01345121968777323,0.01821705756517041,0.1279097069761571
53,2018,Benth,0.18935205781493547,0.015794759584452554,0.027580162851783382,0.014264321015823889,0.03172746051927842,0.0414337700681164,0.035339076460133616,0.06072188643593247,0.05285169250345869,0.08549186267877218,0.04566353005723635,0.032640421742099544,0.015852012116871466,0.022711680531782925,0.058694482506770104,0.16981450674876772
53,2018,XGB,0.14435715408748687,0.13159096377692003,0.14115534636610838,0.06801291462258816,0.01847287984321618,0.008683646063830359,0.008724087176314965,0.04150436228323276,0.0028318234801887237,0.05187215209021296,0.012929095079258537,0.007282603518533157,0.014954612799413283,0.0009936127635448008,0.039420361313453924,0.13696218968247492
53,2018,WaveletFNN,0.16164465348814305,0.06428333514248552,0.04425307153026743,0.022770010210258637,0.05610858112093734,0.0734889761907279,0.07966626183945001,0.10517358047965722,0.09393423417513203,0.11909400782258611,0.09984221761133215,0.09449455307906238,0.09791844820067043,0.10864076510836058,0.1281356945609216,0.17457274595586597
53,2018,LSTM,0.042797187908710434,0.12498814071932371,0.06235854607854325,0.03195795061245675,0.02455087324080864,0.01582904679260174,0.010471218949338317,0.006067384831295706,0.005569211437148168,0.003876414267116864,0.0015561895417548538,0.002063262145655327,0.004243399043482607,0.015904994518288865,0.019447675508385262,0.08545231779423985
53,2018,FeedForwardNN,0.05007491879728685,0.061745557880427654,0.023026263478584774,0.021713218633755162,0.02966976405593174,0.02373333147003395,0.03088761910106794,0.032917651500552265,0.016750066979305065,0.011276022983096112,0.0322520737668757,0.03388229914684685,0.044934361546393374,0.048309624122036036,0.06172082056305966,0.023384783872510355
53,2019,HBA,0.015146479147125136,0.12171993397627548,0.11978196127159885,0.10222534304159393,0.04698433286862495,0.03473587940660533,0.032169033584446484,0.00018164448774916572,0.019929554208400823,0.02052620124862192,0.016436725907439168,0.020873117457178465,0.01894334755521448,0.023600420576303252,0.018692467206329697,0.11077236680050082
53,2019,Alaton,0.04839630284839838,0.10085717489266174,0.10797625957007301,0.06961623161575727,0.005550049795736989,0.008878053008510366,0.0030661029774443405,0.06030129843179131,0.01290105052258706,0.002497953707924591,0.023030348824989725,0.010080571147598045,0.03435304246514739,0.04913739757856597,0.07688179110389538,0.03565777266513949
53,2019,Benth,0.0024729734903522742,0.1499234340447313,0.15554195642630492,0.11514153581267153,0.04465156531769411,0.04075342649809983,0.030111708720794567,0.02664153218213718,0.03604123069234865,0.022792745264623538,0.007004359242965116,0.01886448149441537,0.00043198394895346007,0.010400113769231575,0.030957014733306417,0.08355549496027771
53,2019,XGB,0.0915946262589563,0.035084768674224144,0.05138464553190704,0.033400123732165714,0.010383114118358525,0.012913132324197872,0.017520141767135417,0.05009453426096985,0.015971499850285585,0.015127991061233631,0.029023213147485693,0.0233538548738625,0.0338032101318016,0.035791004059057004,0.05695869080833295,0.040831620581062635
53,2019,WaveletFNN,0.13244363646556193,0.04212727870769294,0.10097543700019995,0.07437642493567884,0.02887562671392588,0.03175245846033733,0.02640187561249572,0.017478423921752178,0.03523006536883106,0.0193930010215324,0.013676437295146532,0.025504902233431374,0.016121549356146854,0.00372483079557803,0.04965845853125703,0.0008743284525466685
53,2019,LSTM,0.118037228777642,0.037673584354342454,0.04369478735182369,0.026113016937301798,0.02801272069634743,0.019996217917073407,0.01851261285979691,0.01793048457209488,0.010305611060436731,0.01575684350623243,0.010347187864619222,0.010486185527369742,0.010037869890677354,0.013493080712507809,0.015965597309015,0.012061584628566513
53,2019,FeedForwardNN,0.047031551601168044,0.13519238533072506,0.12289687840437424,0.10954410452299933,0.07171722419682394,0.050906409981772135,0.04253759151419231,0.03881305602725909,0.025749627220344906,0.018341059070255888,0.028382616488317077,0.02120550058420756,0.013238550532322986,0.011110368597732009,0.015459331646725206,0.05594575388990397
53,2020,HBA,0.14006825769947703,0.19646999406267063,0.1407280953893749,0.15138016904549578,0.09474488271363983,0.05208786417856588,0.04351064781572951,0.06639007272533624,0.0035289849098968555,0.000771116141061295,0.02352928848327414,0.004907227523076055,0.018071649100097315,0.026685517749135496,0.08943523926571027,0.025620809268480985
53,2020,Alaton,0.14633260886041466,0.19440667632825331,0.14038103385348097,0.1279692538864154,0.05892260139213367,0.02868423192765479,0.010086076101915715,0.008692566560196437,0.010740999580363043,0.022958198571350466,0.016199548533310792,0.0268639902022709,0.0358710130391009,0.046611201312208,0.0005059764946708358,0.056334400741714113
53,2020,Benth,0.1921551674680351,0.2408868884678303,0.1881007132588473,0.17204825459118056,0.0968857608908187,0.06064419485226348,0.04355327047328063,0.04063952466704075,0.013391907226053738,0.003279445183936825,0.01416123924885351,0.0031185608913332943,0.001246922132346191,0.0072346896325741,0.04294341636827235,0.002956681860844134
53,2020,XGB,0.09772189168668485,0.1385493762027141,0.09458344452673194,0.10511300219837404,0.055779334010376554,0.01847703343776752,0.008410935286978036,0.031851402131945414,0.030158255498176797,0.025084530271496774,0.008948366481404868,0.0271699912951513,0.019564813565876766,0.015356830504110713,0.03785542351190216,0.02619081619209426
53,2020,WaveletFNN,0.02082277759673178,0.05816028425203616,0.03387184466262551,0.056264187187861935,0.016067560386202624,0.005090028323409045,0.02109960264690836,0.005088834275964759,0.032675604126619344,0.042278382558122225,0.032660578743266576,0.04862896185580912,0.055819441645028764,0.06673263265050965,0.045287511467414276,0.16065852661335656
53,2020,LSTM,0.16684702531410575,0.04806272978345177,0.0799477088494238,0.05179333565041399,0.043486281304985504,0.03435322741563651,0.03326769173225804,0.02100292727717115,0.022445417228127134,0.01636610307258241,0.021747086581979092,0.025253035726582097,0.009537044707444093,0.024912464743080117,0.012744912042384654,0.00172503694479151
53,2020,FeedForwardNN,0.02808517144102684,0.09463393712925391,0.06279530479514632,0.05544796140015851,0.04691036644553929,0.0364368416638437,0.03097968371550936,0.03711517419233004,0.02278130578224266,0.03719085614959579,0.02585758333142203,0.018612372560804284,0.03197231461664189,0.016291323614365857,0.02566570527559162,4.252009417635543e-05
53,2021,HBA,0.08867336971495028,0.007266832103735576,0.01267159090314207,0.013057365599828301,0.039420239687287,0.023261385945009594,0.014207710157559552,0.07156538100196314,0.004849393670427846,0.04153477221894059,0.02150496908061106,0.004174243453690738,0.032994687831268694,0.02355664516536187,0.01803002772458337,0.09666569291332892
53,2021,Alaton,0.03803752323872046,0.024065856133747485,0.022462372180249678,0.03360555294940759,0.07709356208008272,0.04696612022808077,0.048904278494204145,0.13852813904234748,0.012637804898345815,0.06722335387209445,0.06405878612761828,0.02872120018496228,0.021481218451406374,0.05178766957723946,0.08022448169229773,0.017126299814456156
53,2021,Benth,0.024192121043417756,0.08438745131641197,0.07980905755652673,0.02125715097040545,0.03170740537586987,0.011082264947656996,0.012032901713376114,0.10052265758037421,0.012418778646348199,0.038850098473360586,0.03113911573073627,0.0023746442758500567,0.013838389429641804,0.01087801400810694,0.03176504304209406,0.0683821431865042
53,2021,XGB,0.14254034870458343,0.06436169845657218,0.04259288959420495,0.0702878361057655,0.08603483198391362,0.06118544599717261,0.05335725241726047,0.11284224806573151,0.03287114164655429,0.0698508502974894,0.05730172857147255,0.02988358168372029,0.006286515048645081,0.02137588318110508,0.04042950704414413,0.042996689742483135
53,2021,WaveletFNN,0.19108341425508787,0.16304176360865627,0.10561307440026428,0.12690405954333722,0.12268643808510911,0.08549877199748138,0.07211801265720368,0.13322217242474726,0.04312577749950572,0.0872129446157422,0.06840133633789865,0.033845727904189674,0.005702152133223488,0.024026333820336577,0.0611584677989616,0.017236809572736624
53,2021,LSTM,0.08488141405554941,0.07804763633777433,0.06287682305456696,0.06410845482692876,0.05829594694876777,0.04423104650538489,0.04114780311367456,0.05546915226528459,0.028204981634905577,0.03369184078699424,0.03916666749273471,0.028576452250853885,0.024569185304156492,0.020548095153420983,0.03994605687069678,0.001551165790601847
53,2021,FeedForwardNN,0.06470613593160465,0.035959798195375335,0.04249665308414488,0.028248414804988325,0.009908846503515752,0.005093251738481127,0.0035799847375017945,0.010200633923576735,0.00039381405377545743,0.01227411388077605,0.014216925485265984,0.011979401365022575,0.015174126840118492,0.02256466735868914,0.07413065326099123,0.08048118779979775
53,2022,HBA,0.02588360929064212,0.12055739890653552,0.12357932782606006,0.10890592603612081,0.0921236962837393,0.08684375939996074,0.08690020729498285,0.07318150048719803,0.08054529389760282,0.08093942544742201,0.08388520050107445,0.09011423029845934,0.0736581747611273,0.09626231337184864,0.05302806993767734,0.12081099631662703
53,2022,Alaton,0.07253994578827651,0.0734557926602043,0.09552531002588972,0.06581216540751746,0.046307590920231304,0.059419035934606186,0.05130740632717185,0.01666928368407781,0.07505975019443244,0.059611848138026065,0.04740794589960216,0.061949770585624245,0.024028816384735245,0.02900452046647521,0.03894910236839162,0.21375322641667865
53,2022,Benth,0.027315947780619996,0.12032796998979596,0.1412530515428661,0.10968527257287973,0.0827557457460703,0.08902252832779939,0.0820660321000886,0.047529385134544855,0.09649820744492346,0.08308038449878624,0.07503031495698594,0.08848416864085563,0.05558456191873151,0.06432084332203539,0.004649635086993975,0.15450197989266634
53,2022,XGB,0.04420513721982894,0.04478211281297347,0.06543939125156807,0.05110161125890852,0.046058560088637006,0.04915435975514879,0.04792373863089651,0.034387661092569306,0.05284735606001755,0.05361716522745972,0.0490448348469657,0.05644666468751319,0.03327594438853295,0.05148467549557588,0.006982181275410822,0.18998909141574227
53,2022,WaveletFNN,0.2764251696322643,0.11103916789774758,0.08526142702089624,0.07620648961973873,0.060844989644079375,0.018096093495845893,0.00779297134601573,0.04614171030208297,0.03289929784694293,0.00715906485219243,0.012000832682014413,0.03821573975038714,0.021921705871079056,0.034304167368449844,0.04680639215664813,0.23017044189528835
53,2022,LSTM,0.08950209883988458,0.03881806739302254,0.018117218730685686,0.03375856060341781,0.026305734243643717,0.024299322619150344,0.025285905153889433,0.031236757927614777,0.02190586325049328,0.018260439235459922,0.02195335874363628,0.018386812799279218,0.024442093277837463,0.021773009814656435,0.03138164447932471,0.13342323188882052
53,2022,FeedForwardNN,0.0840681692814132,0.010899067036577352,0.02236686010517262,0.002592910991257353,0.014718673901909653,0.020636664226974306,0.031911304423345714,0.037051127962998996,0.027696267159013972,0.029357922919869675,0.03895501240436669,0.039117933257095824,0.054107757279665235,0.06507080934461713,0.10588319573670317,0.24072949521826262
53,2023,HBA,0.10084676173417324,0.08185688956439945,0.10119460028375862,0.08673887487986856,0.09453004318165935,0.06871851933930201,0.08447698830880725,0.09068616985550264,0.0363539194174634,0.03690336641089264,0.08233525250427892,0.08052866617098803,0.1414986969817332,0.1339605069250992,0.1539194928707521,0.23936558518693607
53,2023,Alaton,0.018538256716690092,0.016259348418002483,0.06079917584620953,0.032990037040817904,0.04224251552077181,0.03589195895276632,0.044136771990274985,0.03153971103507909,0.027929111665648286,0.011689937627276027,0.04253366767657358,0.04898873301232307,0.0917199765949927,0.06559247914191567,0.06627587952317046,0.16815980874304398
53,2023,Benth,0.027442667952222277,0.07043709976503552,0.11276208950648647,0.08282901559563065,0.08256206949378939,0.06947184453671267,0.07852648497985808,0.06514380004274874,0.053058249732696613,0.03905911304611529,0.07344552124906806,0.07904895125826496,0.12458048219419594,0.10360655442351585,0.11004874400277377,0.21343177644964229
53,2023,XGB,0.024895897611976827,0.0063910330127954305,0.03325226527731878,0.019640548495782114,0.04250654863253234,0.025252874708449533,0.04025962351144433,0.04784408155435227,0.0036188070282441656,0.004514329005989133,0.04301380953332675,0.042200983765483105,0.09892268306042097,0.08561770214903636,0.09344141030481896,0.18336342476855289
53,2023,WaveletFNN,0.053813408462202644,0.034464255037138646,0.023442525966384853,0.011384501914167552,0.029701560189898606,0.006436596327116114,0.01393182391395062,0.03331154271847361,0.022734918389088178,0.01724157809983287,0.012813738468588702,0.008807185100360002,0.054790172443477454,0.033397832746103445,0.03549472592722352,0.15000733923755735
53,2023,LSTM,0.13434227108250496,0.09913830185541285,0.05871460974888094,0.0795214852938888,0.051662428842089866,0.0462701996613282,0.03530033943939335,0.04759498825098024,0.03950898164149794,0.03359472686415692,0.028240866880925267,0.019159458062656554,0.006842939277082724,0.0008691422935504182,0.003007440588265436,0.08351801788868207
53,2023,FeedForwardNN,0.09769701506496434,0.024976224477151653,0.0019494442508317578,0.02122311770932735,0.014578635818851366,0.012659804769553754,0.006826124154356647,0.021862692636962427,0.010253817443605664,0.01021950669599228,0.00650531258584477,0.0029872514972677793,0.007132086367763046,0.009568845248931696,0.013396637514649689,0.1367131036656133
53,2024,HBA,0.0324939674752723,0.16314577662830565,0.14561775055528922,0.1245925383386435,0.07376786876504167,0.03399575550481763,0.04188453153821885,0.027112999245672877,0.017546641642072293,0.012581501630760774,0.017041793748181818,0.020130172624450587,0.035524443553349716,0.0820271757421241,0.10847339266512158,0.10682286551233143
53,2024,Alaton,0.08965989949460834,0.13215260073058738,0.12395449341853132,0.08357433641879057,0.025354925637252147,0.001434790891899283,9.782488517485282e-07,0.03866953557106343,0.029564343521335832,0.04210357904124402,0.028614936967726913,0.016750135717667636,0.023175300170775,0.005931209465522708,0.01208863934439546,0.02059550757515878
53,2024,Benth,0.026724197858031606,0.18831730795400659,0.1792962338950755,0.13673196870562876,0.07093962339614006,0.039872484305757544,0.03969307094392308,0.0005795420929149025,0.0003887613247476136,0.010584672724463048,0.007728260680956841,0.01850962923796178,0.017458945700825755,0.050295400304735914,0.06282547716119932,0.0788765135982213
53,2024,XGB,0.12274667158141069,0.07724963704393975,0.0757844534929152,0.054478200175563714,0.01540403860711944,0.01583116876892962,0.009415544015005545,0.023803268459105124,0.056310221340467925,0.05092758152908075,0.030028303255909095,0.025631143980038566,0.017467577280060063,0.024696908629613035,0.03806494623551856,0.03511720550175277
53,2024,WaveletFNN,0.02179129804711116,0.12819532328133798,0.1416498832559727,0.12007496263767363,0.07487573023687184,0.049848447863732645,0.05186481238597252,0.03151672506178787,0.017414513082756974,0.010204435869054167,0.028116887968886374,0.038107580236389035,0.03808620963549088,0.06429385936461898,0.05676840372462241,0.02266533972354117
53,2024,LSTM,0.1285125490079438,0.04247677299917777,0.05124542757135999,0.04218240591360816,0.021878236312294304,0.02153603486010779,0.018041492996613423,0.002808998587702323,0.02109256123733474,0.014967828613019108,0.013378467188424092,0.014335081215337662,0.009310541386710851,0.0005979734743034407,0.007031250502757059,0.0343042256972179
53,2024,FeedForwardNN,0.20524658212338118,0.04929935545940966,0.03669129997859381,0.02350037244401439,0.005846876997357282,0.004407651616716972,0.0023726286906743128,0.014181583644942103,0.0025424973648547487,0.0018330130428175736,0.0011152654113306152,0.0022181888696269324,0.009494264177396416,0.0050670914893396445,0.00034354342049928126,0.047880472666134856
