region,year,model,30,60,90,120,180,270,365,ISL,IISL,mid90,-270,-180,-120,-90,-60,-30
11,2015,HBA,2.847253791887125,2.3975429244614515,2.1793057033152765,2.292951907557004,2.247806107095616,2.4421471343012513,2.7625375119720643,2.316306510875955,2.8308291887125216,2.73976144914756,2.9848943072702334,3.139493540564374,3.3326827932098766,3.7848398295120527,4.5212268738977075,4.58560753968254
11,2015,Alaton,2.677954355087449,2.30320976275407,2.107600212825079,2.152299031923596,2.223676620343013,2.429130550052144,2.6404786204644566,2.3397530278609477,2.8400384094704054,2.7873992687814853,2.8332754395720965,2.942720407711607,3.1069027449907347,3.3156375347254374,3.79342126143135,3.805082595101041
11,2015,Benth,2.675138486571316,2.1607639717612583,2.036711807973351,2.13701729823283,2.1588887866683253,2.3771831499482348,2.6524345696647575,2.2810657653632997,2.813771876508053,2.8402723316162213,2.8855389579602084,3.011274180325134,3.11495854244328,3.5584850303781317,4.2065498599832685,4.339321834951732
11,2015,XGB,2.781618231398815,2.56660884753042,2.300277610759899,2.304851269464563,2.28203628810234,2.508484042735228,2.7297947753116905,2.263794965444781,2.961379552001003,2.6010821918749754,2.883929934670905,3.067969482216862,3.3322336443150173,3.422382470222785,3.9151540582633997,3.881857278946972
11,2015,WaveletFNN,3.2854366580697163,2.8267311096004994,2.5435585898613113,2.4570665913102445,2.4926938007970785,2.7839014431464553,2.942945378202071,2.4418290117328456,3.366316727845208,2.7184623549184956,3.0948867338370447,3.330786780140957,3.661518992089918,3.429145978301421,3.6353607046794454,3.437492720874585
11,2015,LSTM,2.8189720070535595,2.6856825357388923,2.3976760313942056,2.3966360343026216,2.5911840545144686,2.6042500017633667,2.599591391857595,2.7846920776347317,2.6303818962611625,2.9913582797826015,2.6653893782051328,2.5425186541917393,2.5504316726963037,2.628662309959373,2.660047456259634,2.0258194701681225
11,2015,FeedForwardNN,2.8360534261171604,2.7126320181312256,2.4583977859428985,2.4042182837321877,2.564573161991064,2.5502784576077424,2.6882060637810845,2.670748538039228,2.5216890488410995,2.935190288035467,2.7848123609243793,2.7643789359991375,2.8240463894776293,3.1741728363183204,3.3521982668662043,3.1050098771892274
11,2016,HBA,3.3756687370600407,3.196832275434964,2.6097291515322123,2.676924548690567,2.569445960916785,2.5568776979687544,2.4808663637204984,2.5291627703013573,2.5317411720726937,2.1675235075914427,2.4139425561690055,2.4140730029330575,2.3361036167184266,2.2780931677018637,2.4725548438578335,1.9109483695652174
11,2016,Alaton,2.6710289146049515,2.853815865066275,2.3492038150727264,2.515684408890887,2.5985888455009833,2.5099715621638023,2.5168035384057945,2.84797387592924,2.332736995489441,2.398603646566229,2.5652022569273623,2.4463119023074524,2.458304847357898,2.5799971873636074,2.8119812813483795,2.352107456473268
11,2016,Benth,2.8584544146551973,3.021008815492158,2.373320714416909,2.494812620690858,2.4852350592268104,2.5286530971559,2.4674369433303687,2.597149404036713,2.6154891730140775,2.1975773184714096,2.487529668785928,2.475441806990401,2.374445462948549,2.302454116078329,2.569544388931786,2.059601902010722
11,2016,XGB,2.807045796496402,2.90595879277444,2.5394429002965686,2.654363149134461,2.644552400224808,2.474892365143796,2.4801791366100474,2.7496619001530465,2.1355722949817744,2.3668808200439027,2.4530744772101905,2.322302596323557,2.3496933851265385,2.5412994252352927,2.746973142066127,2.308465770900198
11,2016,WaveletFNN,3.0563386058049056,3.5684048130251935,2.811598444033138,2.836917006399399,2.6773476431822023,2.59821040101358,2.5499664479903994,2.5430968423312668,2.4399359166763355,2.2214872995530692,2.4571506160183576,2.4357414718634347,2.3702926446835977,2.44858748858474,2.5479808856116164,2.304447716802707
11,2016,LSTM,3.6632452931246062,3.249034345330904,2.6204308841505535,2.6708676848793536,2.6007866659571333,2.4298299366449014,2.4309823397969867,2.5811424477637126,2.087916478020438,2.288634859214072,2.352692372193218,2.27106883793361,2.2811877749964053,2.4706858987293954,2.520440331997527,1.967000844390442
11,2016,FeedForwardNN,3.108644790440773,2.7950914184373232,2.266615484739286,2.4833253366813697,2.5152981857185712,2.462300413044781,2.506571709293764,2.7639808866978566,2.3563048676971996,2.4695672435129317,2.5766006745204346,2.523511619978216,2.4862123485701497,2.677780386467421,2.6587374883281707,2.027183872245733
11,2017,HBA,3.706825059101655,3.4781093187425234,3.2645640983443904,3.1007158063655202,3.1640707959356758,2.920656647926497,2.7522113748759414,3.063577493526962,2.433828351908139,3.1397675194191157,2.577236270591767,2.374522205336035,2.2953827781999325,2.277267322413599,2.0891846715636606,2.170769883485309
11,2017,Alaton,3.348966668383853,3.11105416895417,3.015284580896117,2.9543419562261546,2.921660245803221,2.793805155703365,2.704068991277753,2.828035910710325,2.5380949755036526,2.842536845666969,2.606088930684034,2.5046942750447814,2.5000149562236373,2.4719907860404304,2.4852284216405462,2.4511913972049695
11,2017,Benth,3.1602227999825834,3.2706194953145418,3.3583583023910415,3.1872314672510607,3.136295848842448,2.8800630639964835,2.75640292355612,2.9142333952938544,2.3675974943045532,2.9150690741780294,2.5482230275115727,2.408682821224624,2.388423447301234,2.4020140741232225,2.29378164391519,2.371385108569922
11,2017,XGB,3.910355431469658,3.253681833536047,2.9972114037907582,2.898103218684178,2.923322716251496,2.8465829871676718,2.717605389354628,2.849434028712234,2.6931035290000227,3.0259621437041395,2.633335950785738,2.5319742539041865,2.479723855179089,2.3723515134841846,2.295509051829079,2.3208373075272863
11,2017,WaveletFNN,2.9450584166298923,2.9485158416487462,2.7458115527208187,2.6965373211521784,2.7858019241943612,2.752467336069958,2.7083674426923023,2.8257922956679034,2.685798159821153,2.9097925633824255,2.719860573966657,2.6237461930792567,2.6682498871319145,2.628464446422121,2.4899037469528666,2.469942924660395
11,2017,LSTM,3.7654218708968767,3.0423817582743475,2.4910732198017667,2.7090157112248283,2.746983520257154,2.8043875446494506,2.830982370303956,3.0028938207125413,2.9191955934340443,3.016900652520151,2.986882950034811,2.892622108927387,2.8795646422221646,2.9478893643189354,3.1974602341282563,3.3291431024446485
11,2017,FeedForwardNN,3.1452700975833325,2.9366291053151983,2.480255059139824,2.6162722903071107,2.6482648830197144,2.705066889588075,2.7649233215615543,2.8162747068996046,2.8186709027247976,2.967746385397455,2.8958834867038785,2.859593458264693,2.889810738577922,2.965186687333251,2.90069009660185,3.4173846609056033
11,2018,HBA,3.487010168650794,3.6389685226521165,3.3009429425705474,3.3847119708994713,3.1754522982804234,3.0371511794532626,3.112970581240487,3.0499616539902994,2.7605489417989415,3.2285137097663146,3.0801117678938863,2.979449845679013,3.075400783316799,3.392788759369489,3.4164681919642854,3.942297329695767
11,2018,Alaton,2.5018674767463307,3.196540136915841,3.039288307270685,3.0001796746306915,2.7940004552939266,2.738833649684627,2.8503879974630437,2.5487126033171683,2.6285000384660275,2.8514956775870175,2.814412703700712,2.8532881859814223,2.907547742719203,3.2079251529501196,3.229100585074957,3.649231466487706
11,2018,Benth,2.973490307530834,3.203531156650582,3.072165752314045,3.1464450188077207,2.9574980492530996,2.977429376730562,3.038694051547234,2.8428303461921542,3.0172920316854857,3.2804184279303095,3.0551219731795927,3.0504910988482745,2.989685681932834,3.292141224692152,3.280925218943376,3.845025346374866
11,2018,XGB,2.831356999719301,3.645307289792743,3.337472653878174,3.227803456487239,2.9926299320562766,2.819755271382763,2.9099789166583534,2.6477872102343794,2.4740059500357345,2.793952651955122,2.796260032062045,2.77560639089109,2.904198891150768,3.1991843447921005,3.2446120921711876,3.754062698883449
11,2018,WaveletFNN,3.2179873444681,3.674713194511837,3.461070016157436,3.374590720906495,3.115426200137473,2.950922009750882,3.0445964135070924,2.769782384117509,2.6219136289777,2.960193804746543,2.9418149269892884,2.9342568213599702,3.043978409526646,3.291756891154066,3.3889242626955194,3.707173873003351
11,2018,LSTM,1.9668062353370828,3.125558572911213,3.030094354708388,2.9031142291062677,2.8538922825975077,2.6348804119587235,2.7884029712427005,2.677690210486628,2.196856670681153,2.2417706085279043,2.7368600285808924,2.749841463226015,3.039304044932236,3.169662967829225,3.2226537703391602,3.556691519876598
11,2018,FeedForwardNN,3.3448921696160587,3.605215413155667,3.4200059132730343,3.1314826952988866,2.855820828018237,2.616094439739197,2.8559778246444876,2.2916357427634404,2.1366416631811167,2.229936131995447,2.6979524931556136,2.858529073982137,3.24660993931347,3.480283910138107,3.373206228813865,3.693893072069622
11,2019,HBA,2.4970608195659216,2.8380280452930586,2.60910059946435,2.6572581208810613,2.650990951389663,2.576373579226122,2.5699181284300314,2.6928813033149765,2.4271388348990395,2.5703894152899256,2.5605587184609293,2.5149182863621644,2.5051024052478135,2.591433646474463,2.8716437074829937,3.3309480077745386
11,2019,Alaton,2.3520658169053856,2.5856272098446476,2.3827443416975176,2.5352355819849426,2.7044433197201254,2.536285785644834,2.5155423556591083,3.0261422977427337,2.199970717494252,2.541139004964931,2.548474819770277,2.3629932232125435,2.3693019670267064,2.5100563212146483,2.8967671057723225,3.176100867098157
11,2019,Benth,2.157804149039692,2.732860441253351,2.6391101301046835,2.7180684969490225,2.7222892142280903,2.633750784219114,2.625933901787072,2.805468298351498,2.4566739242011613,2.6353169210395793,2.615354748759619,2.5600164167858437,2.5235602906125636,2.640235730114794,2.9549888461939395,3.442896819725074
11,2019,XGB,2.376760870434931,2.4257759216688304,2.2023656866902455,2.3891591980095748,2.530757948885622,2.408576102770161,2.420463483475415,2.8591502110809985,2.1642124105392386,2.4178963759198306,2.4799213285479884,2.3438697437033778,2.3776584070899083,2.5098714375855664,2.8621223773910485,3.2231392851248963
11,2019,WaveletFNN,2.197443019967106,2.799347361415948,2.8956554959899696,2.9211265708709226,2.9935739231349032,2.765024854748743,2.7069328850255134,3.0914923502798377,2.3079267179764216,2.7911950481000463,2.640825890109164,2.443455152670396,2.383998612305725,2.5917693819705914,2.650910697891469,3.0974571406524216
11,2019,LSTM,3.3966326841929,2.7463582807944342,2.3853335556363837,2.532041249620174,2.654588925626991,2.6337493831364025,2.5661361995360106,2.9238442956175983,2.5920702981552255,2.751630075137537,2.6150867495735857,2.4885187540212317,2.318613605663003,2.4317315542204296,2.806496313455962,2.797817490217788
11,2019,FeedForwardNN,2.041361843192532,2.100948317890235,2.046985876618488,2.3221486646545366,2.521243197370699,2.4456930399439467,2.5489055558810776,2.99550051812291,2.2945927250904425,2.726186592841179,2.707399571748774,2.5968459754770112,2.7106831851073596,2.9068577371661983,2.741349096156869,3.307455459728636
11,2020,HBA,3.230043174603175,3.472958726318485,3.034791267281106,3.3494454841909884,3.009903662741082,2.949275766342379,2.8168853255265875,2.985016058201058,2.8280199735449734,2.4037639285714283,2.739521000881834,2.6755029761904763,2.758831706349206,2.468302142857143,2.5129311507936505,2.3687826190476198
11,2020,Alaton,3.074429039524967,3.1741164787296445,2.888095832425591,3.0076969682283616,2.83426833253909,2.8427270599685124,2.7059272567516053,2.780440832652589,2.8596445148273566,2.5303108851210236,2.653146419247402,2.6009943770594215,2.585709218309795,2.329046250115594,2.2770112658519346,2.4031430268760743
11,2020,Benth,3.425024242470629,3.690817239120069,3.2841489731346796,3.4473980209192803,3.0951340446482227,3.0654379287380333,2.8639767809569556,2.9061191161617663,3.0060456969176554,2.5211348836303644,2.7319333465008495,2.684205474099274,2.639568095902186,2.3179894006638655,2.331877562148343,2.385183993826552
11,2020,XGB,2.7811982814112284,2.792236945849391,2.609781140656282,2.8246840230924772,2.6953938452101984,2.7183966131301815,2.6180483095761646,2.781006549764115,2.764402148970148,2.466107575780658,2.626049139799918,2.561747326100638,2.5629562352051534,2.3430635370840394,2.2979045958843742,2.3680184071745054
11,2020,WaveletFNN,2.973781943086548,2.8459096345481734,2.868972113028426,3.184640574071311,3.072596302059862,3.031323312315545,2.8542125300429184,3.276220491091298,2.9487773328269133,2.8149909115920355,2.8509125905330506,2.6419487736881417,2.594418214258758,2.3116535822726894,2.491026727438204,2.6788624347289534
11,2020,LSTM,2.670103229272405,2.410174215524147,2.5921894275333113,2.6822268325102083,2.633178654219695,2.6854217308722963,2.6396370987895383,2.674167880906078,2.7899078841774996,2.550158570954095,2.641273788323007,2.6498619862923203,2.5973019699242323,2.4830388272825563,2.279423102845176,2.372814919690678
11,2020,FeedForwardNN,2.190526105340562,2.186339412725081,2.3957275887854363,2.718248750778111,2.5995243808463337,2.683602612117125,2.59543872040792,2.803321172907232,2.8517590746587063,2.4493258780931457,2.646917887840633,2.640753442528237,2.587129073194808,2.3527599211612897,2.5131111415023,2.0633418411605007
11,2021,HBA,2.6979503190164946,3.8193189578348696,3.302190631605652,3.052161628388334,2.9110203339582363,2.576257249128432,2.446047698938308,2.519850036310821,1.9067310794688246,2.299752632534496,2.1574016365805586,2.016697803195352,2.082251449190787,2.089627100840336,2.3499246031746037,2.9468648070339247
11,2021,Alaton,2.6618833248074387,3.652709586173518,3.168602390768798,3.222329713558138,3.145873243934978,2.730056611867963,2.664197093920562,3.1231440971011586,1.8984233477339318,2.469233494887671,2.4824974905075234,2.1998592735953846,2.295803165379547,2.483259315869491,2.7658382530110845,2.76612308232678
11,2021,Benth,2.61964057855947,3.831578648250574,3.2753123742336983,3.1106572341200613,2.985271674243034,2.5787015442287515,2.4642401959282947,2.69523097425237,1.765561284200185,2.167059738718479,2.1826517010450366,1.9764860002917395,2.136283197196419,2.1702692599923896,2.508402163612021,2.8487922489838566
11,2021,XGB,2.8362642203400563,3.648526590572219,3.209151442592194,3.1979883307301007,3.0583064754931444,2.7167113534659495,2.603810429206299,2.9074615083940945,2.033521109411559,2.4987991877856226,2.3868187751769168,2.1673647743710034,2.0987655865529002,2.2784319352215547,2.519417075722836,2.708703871839754
11,2021,WaveletFNN,3.3235155632135336,4.024211829838236,3.352863939151481,3.2388904792131132,3.113104043748761,2.821337592848661,2.6594674348120813,2.873344148346041,2.23780469104846,2.5090240285835685,2.4160806039676084,2.2141210337912205,2.2233901989835556,2.1957367593835255,2.7213417771764683,2.385183104945375
11,2021,LSTM,3.346665326165144,3.8077224117610293,3.3207979023700482,3.1017279766482617,2.9313789648070663,2.6590390180566152,2.5751873047935603,2.5419600272440848,2.114359124555714,2.4901086136433626,2.318761372508724,2.234449433160241,2.1907233847158047,2.340322710312261,2.5997891263963826,2.6122278963325782
11,2021,FeedForwardNN,2.8075545132323,3.640738248580109,3.1425192187574016,2.9777689446240356,2.7912678288673822,2.587448611430612,2.4539842479128477,2.440016438977363,2.17981017655707,2.2577025092210876,2.218300124973401,2.1285206013487086,2.1973411194205412,2.1302935734416737,2.365600120690775,2.73937847274636
11,2022,HBA,2.2177093635531135,2.3319564382376883,2.3409723112535614,2.45695827291921,2.51854802816782,2.5716947157780488,2.830443095907137,2.6961237450820787,2.677988090998508,2.7428469720865554,2.952609998925971,3.1699921567629903,3.336955614697802,3.6343817621421786,3.4216062525437527,4.8803910892348386
11,2022,Alaton,1.8654579306886383,2.021112707027482,2.117611745199081,2.181036073401925,2.158332191169634,2.3271453889949196,2.6037246233835165,2.1990526371401873,2.6647717846454912,2.546126707537883,2.7192438604285245,3.043675681427457,3.2355540302664423,3.439783732949884,3.411948158435437,5.471038255940595
11,2022,Benth,1.5979202038735452,2.1744793393618456,2.410623232906906,2.4543443122982276,2.407515613883454,2.6043386586939494,2.847106194167476,2.4044079948600023,2.997984748314939,2.7935783616772127,2.9613114984121434,3.311995738288705,3.332051487673348,3.604350765489417,3.4617393163653007,5.363896192400024
11,2022,XGB,2.2717095958257487,2.0079222689183065,1.9960638200306242,2.109472879348359,2.1376395928190624,2.2174303203481607,2.535278133738485,2.279215365607501,2.3770117754063564,2.4252184778168266,2.662958744612989,2.922921222246425,3.2758291123813117,3.487782020536651,3.392506052715453,5.318773565926579
11,2022,WaveletFNN,1.824447607867483,2.312452857160006,2.389813212241965,2.390080305760378,2.3484848891909667,2.4410544647435453,2.828781066843054,2.3071565661399682,2.626193615848703,2.522946922910825,2.943386575146485,3.2852014753871197,3.737354282674348,3.9040322162513506,3.650945406541625,5.721795725850403
11,2022,LSTM,3.71473552328928,2.9227120992084163,2.5862145375320784,2.7226558078171714,2.696924741562278,2.7135541819486226,2.9171451287903256,2.807634945592477,2.746813062721311,2.9032065159966787,2.9421332881025806,3.060530630917938,3.4831194426435004,3.4806540651039213,3.789074265381445,5.637295314950935
11,2022,FeedForwardNN,1.7474252806365225,1.8190760949862568,1.8743615820670267,2.087487587505054,2.1655087128962216,2.328040639624647,2.6586488480015,2.4566558437254167,2.653104493081498,2.554361257528782,2.8526986706024675,3.09054871914928,3.5726168492930634,3.6361079292335816,3.6079214741704395,5.786317598347494
11,2023,HBA,3.958131638714186,3.3503688575066324,3.096049077111839,2.748438936714782,2.701906054562042,2.739307633315451,2.8131803576354817,2.3077630320122458,2.814110790822269,2.37846351202955,2.7386796945193175,2.9816475325280356,3.359204374438455,2.9912224759575397,2.9891976764500345,3.7831879679544773
11,2023,Alaton,2.763777327382986,2.6182544869419035,2.6372654467711447,2.5239520742320964,2.3459759361180286,2.4530867034730455,2.4815657445049553,2.054686425464912,2.6673082381830797,1.956354140470509,2.427165717733457,2.656487050367277,2.8804236160822567,2.5409718617408714,2.600761182983427,3.3292469044255966
11,2023,Benth,2.6715817584466963,2.7307384214818184,2.808799338371329,2.5212406447966336,2.439525931562019,2.5824761867786425,2.6788028703047746,2.070252524752709,2.868376697211889,2.107877099365766,2.6470406395892687,2.9754314595701317,3.3281157126230307,2.9042203587905813,2.8764813294253795,3.8108630004293818
11,2023,XGB,3.698822865565003,3.011126019952557,2.9119872290374027,2.685641372635692,2.4912912768232816,2.534312861309875,2.5790559135681845,2.0705953246091604,2.620356030283061,2.131096512531808,2.4676732828113668,2.7123186428063706,2.9408365678639217,2.6901765451427706,2.693376558690974,3.482685270903992
11,2023,WaveletFNN,2.355482950826101,2.7540235193659615,2.7490305807367017,2.480244286235315,2.4277870665196484,2.581454090444844,2.7620958303149625,2.106543552302595,2.8887881382952343,2.4909093018780726,2.7838908953051873,3.1128429559002364,3.391478150255553,3.266987934431775,3.3864301099581007,4.602296671644632
11,2023,LSTM,3.0493298681312435,2.6011265481536583,2.629959879198839,2.6337596224433755,2.388342815737119,2.54094952581089,2.544212016450042,2.1467257522753984,2.846162945958433,2.423789672945367,2.5095159746843483,2.7037502925371735,2.604120528926191,2.6148833038609216,2.671037979449987,2.8097721175434103
11,2023,FeedForwardNN,2.6491313481237637,2.5937766858133737,2.6923687863519787,2.6434536762818954,2.463982484120424,2.4959375253147424,2.5439012078468584,2.2355961818888694,2.559847607703379,2.3473908102418135,2.4852242872434083,2.6241075164853367,2.711262479728623,2.7011752877186144,2.903706200514606,3.7753773369145
11,2024,HBA,4.324393285812268,4.089396495805803,3.432402300848784,3.4845172728637093,2.953034465386179,2.708274695684326,2.5720740772743516,2.4736666299235743,2.2187551562806194,1.983374354954602,2.2663685658762813,2.223520453654713,2.1924686795757395,2.173639007283298,2.0771775058788946,2.236640738291201
11,2024,Alaton,4.14069005998225,3.7350039379011784,3.18826401306024,3.283066246276157,2.940090829673338,2.7246216778361765,2.581771004200478,2.6919176462864343,2.293683374161853,2.3749778101264565,2.3788924273635557,2.226388487041145,2.1875054580438644,2.1262162141299297,2.2119186563192548,2.237802102033361
11,2024,Benth,3.9611977776703364,4.087954584147702,3.6125626377529545,3.583636666587596,3.0320230745118066,2.7909489455759866,2.619218721235938,2.4514835112706597,2.308800687704345,2.1699854757359742,2.2697169053181665,2.237394272518045,2.126928906881817,2.1284087219012764,2.0599338925714687,2.2731127090966377
11,2024,XGB,4.360357739092976,3.5296219172162377,2.9973942351017646,3.1062856577537983,2.762628539681199,2.6082162654486014,2.4867543338133524,2.5278628442606332,2.299391716983406,2.2267820070723436,2.318338081598122,2.207813366574285,2.2005208545805175,2.0781449466950632,2.0925636834006416,2.2492993657467055
11,2024,WaveletFNN,4.906162495418718,4.097858747159239,3.72016043243725,3.9133671364819436,3.2944651578463295,2.9540710338079594,2.80123691451343,2.86876988325541,2.2732827857312197,2.2098050874960533,2.434094087157248,2.344021815622366,2.274508160186615,2.3773231414627167,2.153864785481344,2.3832359769790203
11,2024,LSTM,4.844480699904063,3.4101224777299612,3.005150039635747,3.0818949646858624,2.6895618791926204,2.5268785260534328,2.419925503742311,2.3739737187494945,2.201511819775057,2.014942393084497,2.230166235368778,2.1588040090629614,2.1575303639103356,2.0711316416127983,2.0937786790833335,2.1692487767881827
11,2024,FeedForwardNN,4.574132164563735,3.3334915155574314,2.841500931079651,3.035122372321581,2.6885096438388323,2.5509051840310843,2.457131954882129,2.5355183565980135,2.2756962644155894,2.1680873841535737,2.33957400125277,2.205696184367267,2.17109757494307,2.1851638255417494,2.13979265104578,2.229659044470361
24,2015,HBA,2.9452329512051727,2.5735657373288823,2.385353079246102,2.4586337651958927,2.2900086530857195,2.4752274847078746,2.7172265970086658,2.1946642269253376,2.8456651479521846,2.475497124240643,2.8584423476386434,3.006010559964726,3.1821527924750144,3.483598907505389,4.083881547619049,3.910454276895943
24,2015,Alaton,2.72590796899914,2.3955027911680085,2.249686645592693,2.2525322540166095,2.218365897579072,2.411980991222891,2.591491472093956,2.187045149565451,2.7992111785105283,2.5763360973526592,2.7336583214978063,2.8459843832037928,3.0144065285441273,3.1582515766103483,3.5568600193507063,3.401363289060789
24,2015,Benth,2.773754499968628,2.282178664170174,2.1912565705304785,2.2558039557473744,2.182659080002085,2.3867304287015516,2.597754568453034,2.1740615894736917,2.794873126100484,2.6326839308971612,2.7628407203799843,2.8774162056614374,2.9790087090429087,3.2909200713331836,3.826136417833293,3.693490694194531
24,2015,XGB,2.788149849431989,2.7809043393943713,2.514724502090764,2.46144135229696,2.3271180538337193,2.543453822641153,2.716573315550255,2.1395116055766743,2.9761253602560216,2.396575457966925,2.806227519433266,2.9998905204668995,3.278987948825105,3.240554969782039,3.6189473539191135,3.399395060096537
24,2015,WaveletFNN,2.4724220472821656,3.2607964485231933,2.8946851148527237,2.761932396591964,2.7514264376579334,2.97480259604474,2.9625627194855397,2.608167760463143,3.4215549128183524,3.038396806850703,2.974589672503264,3.0882815820194365,3.193550981732339,2.9132529811433012,3.281458071226096,3.2418190807853904
24,2015,LSTM,2.514815926743455,2.1599547605650042,2.163305667153201,2.192892190206761,2.202548762950126,2.2596981066452964,2.3237239367568803,2.241791858747051,2.373996794035636,2.513521408212735,2.3748469463884234,2.3725141505618907,2.269798072449319,2.611956094465541,2.9448853282661416,2.5899424866393748
24,2015,FeedForwardNN,2.567837673053921,2.408395243173946,2.3301469957657406,2.3127018447006287,2.2936964415317713,2.3406986187086525,2.4378479945238247,2.257245887297802,2.4347029730624152,2.5973570139693223,2.4805496970826573,2.4668939012918787,2.3749649320870474,2.8218003494573463,3.2925943505963247,3.0153817599175943
24,2016,HBA,3.203077956061652,3.0360150349454553,2.5982639963435163,2.650026115068771,2.536666710808826,2.516523586542847,2.4669259567546025,2.4750694252741354,2.4762373380108884,2.217537386895177,2.4006685421618994,2.42474958064949,2.2984358249942485,2.340009014837819,2.4870303873360937,1.9782691367609848
24,2016,Alaton,2.55956992527574,2.776298768786345,2.3312931892301294,2.526738136003455,2.622960859960537,2.5608437013609295,2.561286319608432,2.914628530690945,2.436609384161714,2.530728059967439,2.6307321077050094,2.51113238351497,2.4514516991551223,2.6010688896425225,2.743420378774866,2.545065821860838
24,2016,Benth,2.7444605366990515,2.926030163146771,2.3806283992352757,2.502740991606457,2.5047997250074783,2.5435081142933096,2.488985929705626,2.6289710507796804,2.620924892864972,2.346477595478102,2.514130957561719,2.4996540409664396,2.3407540183646147,2.353302616521237,2.537777663337519,2.2456939279068817
24,2016,XGB,2.8010097796955313,2.892512785663193,2.522294289114307,2.619959873798427,2.5721073316892795,2.486347492737016,2.463175651744419,2.621920374264252,2.3148278148324897,2.3744937629097054,2.433974831800451,2.3651626212354944,2.286960525757296,2.428998733164985,2.5500738108790264,2.2689927690631895
24,2016,WaveletFNN,2.5875770551181727,3.055036758490311,2.723146356434391,2.7750669573994586,2.737490426560653,2.662933711696348,2.6289738752121354,2.751834496686915,2.5138202819677384,2.6912398215504902,2.5997586942123903,2.5019705845562754,2.4100551670927826,2.5530385236136226,2.662361227490559,2.199491649411919
24,2016,LSTM,2.433887612519532,2.606047912000078,2.2628312276992517,2.395428199492049,2.377050429353346,2.319899579178043,2.276525610136174,2.4912696310074405,2.205597878827436,2.4099379897438102,2.2657045890921808,2.1855322223653233,2.0562864068517395,2.1789523087722964,2.364168768710653,2.0919904468091985
24,2016,FeedForwardNN,2.8791175175275843,2.8096961551299775,2.432753135433301,2.528531548770484,2.4489304862471624,2.3662545380908147,2.323899580274415,2.4651078370610238,2.2009026417781183,2.330970091526109,2.27844153401385,2.207912473662293,2.1117229063439664,2.2283041097467144,2.3068204885368986,2.015527384586045
24,2017,HBA,3.7548367387143977,3.4777261526730734,3.2224856215388877,3.0399155923784145,3.0796294458214155,2.934849266744091,2.833166279934952,2.9367732701039433,2.645288908589441,3.1953869516679805,2.711929808185423,2.589989061503246,2.5250358585218957,2.5460019278396935,2.4784316742654506,2.5762833783631653
24,2017,Alaton,3.2202460390853944,3.1248995340049124,3.027903748890609,2.9794805329212104,2.9494438737529487,2.862024966317966,2.824302205755099,2.8709839986152876,2.6871871514480024,2.8477897845034477,2.772544565139363,2.691865416690939,2.691654118121995,2.7339727936648064,2.7989464266136967,2.6300405514587264
24,2017,Benth,3.067462567401021,3.2436053678295877,3.2606599105039087,3.107799260297951,3.061829627304775,2.923530027130618,2.860024892581212,2.8629993441056407,2.6469308267823055,2.970734298561883,2.731575256494364,2.660576224330054,2.6096969231827245,2.675504091542324,2.6542253982162927,2.6081275701102578
24,2017,XGB,4.05452752304667,3.2986006330497957,2.922799162300947,2.8692970659148207,2.869788772114945,2.859233063789565,2.800360478764254,2.8167783819289434,2.838121647138805,3.0184499393586672,2.7844252068504476,2.7174782283878725,2.7126626807965857,2.6577113952566296,2.6763861302814558,2.5585284979550478
24,2017,WaveletFNN,3.8815913762893017,3.259850532010421,2.993461707533444,2.9349270743993903,2.93183624389117,2.922952807887213,2.9351270482691802,2.870210780248895,2.9051859358792997,3.0726110804757334,2.9360769911311477,2.9238764789437193,2.9533516333619123,3.004169585500751,2.697504892120844,2.494583647386474
24,2017,LSTM,2.981501264253082,2.9380326083454045,2.6118949199785813,2.507223510290844,2.490297884472487,2.600674209200535,2.5481192384048432,2.3687008489663928,2.82142685865663,2.7755571639389793,2.5486684348735413,2.539907459703417,2.451286626571805,2.41217167057344,2.3809340939330417,2.388022843944723
24,2017,FeedForwardNN,2.2052013725081294,2.4875146056178634,2.352406892077459,2.331750983871131,2.3954322509772625,2.471482601429561,2.449341749670499,2.4384576098770663,2.623583302334158,2.7237523133688604,2.4921494226714374,2.448690240927694,2.3075650761921045,2.394675204227661,2.3169062706851102,2.394074056001674
24,2018,HBA,3.714507027116402,3.8726275862544095,3.434259403475896,3.4061216014936067,3.118634535751029,2.9793588076254167,3.065553146064362,2.803009668026161,2.7008073513741913,2.89286730691505,2.9631936192558297,2.9585022642930627,3.122739566110009,3.3658164544753086,3.269571917713845,3.770476107804233
24,2018,Alaton,2.789925082002449,3.3103866888070304,3.074735896958167,2.986642314502232,2.7038867179520447,2.6878405032489394,2.8048572924715183,2.3330375389459226,2.6557480738427297,2.537433065650148,2.7398872478452394,2.866064695292369,2.9601166873070897,3.1779509168233755,3.1002796897501157,3.5474106870427167
24,2018,Benth,3.1758565654455695,3.3372385841441297,3.1498655729883183,3.1380580550476718,2.865912825614147,2.898915949578427,2.9878120586442964,2.581960078239975,2.9649221975069873,2.9114518487554504,2.955128692681332,3.057971977215709,3.080239223226511,3.305670741413675,3.177959737002699,3.7396375016076657
24,2018,XGB,3.273118908558758,3.828745237521166,3.359967173409059,3.2289190783962827,2.933780013816201,2.7794987326736496,2.888582345965929,2.5075928542233434,2.4709361703885455,2.576342117892019,2.758105818017567,2.80443938607035,2.982306314908261,3.2408361632237392,3.1951824050947035,3.7694206117709266
24,2018,WaveletFNN,3.525117985399099,4.023809431894799,3.879746461441116,3.640646811202801,3.4728268971640577,3.63287421853449,3.700178333623571,3.0659073328870003,3.9529688612753557,3.9223220369178597,3.6885455216223066,3.892241028379416,3.767725871477617,3.997165338234733,3.5405584356628648,3.8056606801283834
24,2018,LSTM,2.28437666635845,2.7002105643659444,2.9480382118205473,2.8404315791250334,2.670370612078512,2.492032666989241,2.6486318551789436,2.3927030123364768,2.135356776810699,2.03535951910314,2.5734523993683784,2.6657740931767377,2.9001296929207983,3.054922059862891,3.06396144756024,3.3992743286975844
24,2018,FeedForwardNN,2.0860825259202938,2.6825175848602667,2.8895127013675412,2.7577486329595016,2.5680626160799327,2.398881416641727,2.6036568279244996,2.2466125307923237,2.060519017765315,2.039932112950019,2.5303819677836112,2.663644640892558,2.968881623880453,3.17666083204833,3.1285270309758335,3.361879173882199
24,2019,HBA,2.227603228593025,2.6011488210298435,2.446501888317128,2.417508313441171,2.519660043247935,2.5663196254677896,2.629444268834971,2.5928181981787426,2.6596387899074974,2.7842790870316385,2.696515652557319,2.7227825176366847,2.789423283797646,2.877924265738041,3.2027914237123416,3.7862775078285287
24,2019,Alaton,2.155689107690117,2.492764364849363,2.3409552276600167,2.432845021177959,2.698313975757037,2.621009960606129,2.640830497439658,3.055672723854056,2.466401930304313,2.809207775410109,2.735593978056918,2.5885556336078475,2.637872333674168,2.7725594370125415,3.151498800184811,3.5721776761522914
24,2019,Benth,1.9987436679886301,2.6055604351450596,2.5294546049456,2.5235172195431117,2.669373353290621,2.688473212110867,2.7190313426180386,2.8092921016356422,2.726672929751359,2.924264248772318,2.7810422555599565,2.7574083234112465,2.7458275776567,2.867208700429646,3.173580226449393,3.78989889477885
24,2019,XGB,2.3050906150847497,2.264435799593369,2.097871643538341,2.25900880357857,2.50924779202853,2.448238501073533,2.5018619199337477,2.9206239405187198,2.3262199191635373,2.608564871308719,2.627977579563271,2.5050944318348436,2.611816595843998,2.7337585284385435,3.099810272250326,3.585473767464274
24,2019,WaveletFNN,2.734520249885668,2.895903078930858,2.6843255358032185,2.656728497045085,2.6551389645392702,2.6246554361294963,2.646471428367792,2.6259523932753224,2.5636883793099474,2.733180103780552,2.6355942880510375,2.656613048058404,2.624636383753729,2.7840939715326463,3.094100750300409,3.7645623041867196
24,2019,LSTM,2.6010346501161536,2.151209113208777,2.083076076442334,2.21745448997912,2.3417305153275936,2.4032755946385738,2.4160706166188732,2.6003849542128523,2.526365753260535,2.7223473088614982,2.51773531119207,2.5072144739275575,2.446565131887431,2.5000131883878214,2.8056796316129122,2.9522056294102357
24,2019,FeedForwardNN,2.1422682534912414,1.9706675675074221,2.0012081262699346,2.16315435942881,2.3869933151663147,2.3753856199648546,2.3887319122575588,2.7727785040626935,2.3521702295619353,2.668996731927994,2.5034830758211006,2.4110519502107914,2.436011338754163,2.4960186128807798,2.7813027655899103,3.033427707803028
24,2020,HBA,2.8860682539682543,3.3204560189452126,2.938615864481993,3.1762511443932415,2.933608972805371,2.82586052919535,2.7895345880240447,2.9286020811287483,2.610363641975309,2.4215660449735457,2.7420873647854203,2.6902766732804233,2.9153173247354496,2.728708549382716,2.668208968253968,2.491640687830688
24,2020,Alaton,3.048384659182877,3.3036388877922573,3.0043003729774385,3.008147025693096,2.8796143175698585,2.8031316997380658,2.7353014572185814,2.7549282621622777,2.6501664640744806,2.5487653614396333,2.6558288615560937,2.620721728837101,2.748280453685438,2.575790932397843,2.4478684302203986,2.437262479313305
24,2020,Benth,3.4443786907827634,3.8025004846155595,3.394807717001129,3.408853361122723,3.113452132302699,3.0298151528556603,2.8899149954362975,2.8320965476042694,2.862541193961582,2.585654261539331,2.7381965086761864,2.7122285105797688,2.7772427832613413,2.5426030429007556,2.4833958765912465,2.399194734036374
24,2020,XGB,2.4200347532077005,2.562866932005286,2.490857800260203,2.6293785841305426,2.624439869448238,2.591344366458439,2.5939837484401225,2.758021938636272,2.525153360478842,2.4719344031344104,2.6306068877102406,2.5809443246163677,2.731679267157631,2.6223503108464987,2.4572207318469412,2.422069849515604
24,2020,WaveletFNN,2.6506949837854252,2.5977218372230135,2.5993998626769277,2.6666709301381917,2.652892214989249,2.686205477994425,2.6830013546138156,2.706384567301571,2.7528320040047762,2.704894174837672,2.722028770758626,2.693697688993316,2.7945767735130747,2.7094941318265917,2.4258674091126897,2.18053175841355
24,2020,LSTM,3.068322284886547,2.5864995667930133,2.6517395197865667,2.6111934225729825,2.547008820830404,2.578629623153839,2.5391442408551574,2.4422781218742418,2.6418712278007086,2.153612496757189,2.482944992633147,2.565460689058275,2.629110286867328,2.475196822686949,2.443574880746273,2.5415030391158067
24,2020,FeedForwardNN,2.46442098184653,2.3497394925059214,2.453822088859636,2.5791866427407446,2.615187065354233,2.6428865337620673,2.566725674757999,2.7765520418488294,2.698285470577737,2.4325602269637896,2.5841058570480593,2.5441989332716606,2.605966686302689,2.4086095918904094,2.2623902288606645,2.3107449035076657
24,2021,HBA,3.181722014731819,4.045908482142858,3.416764220657399,3.2051951114936723,2.9817701454810326,2.7008515099970034,2.5856084408268636,2.546776070304665,2.1390142390289446,2.262087331846319,2.3040081267074726,2.2329804116090886,2.2817544188971883,2.264301375488467,2.3424631445170663,2.788480884946572
24,2021,Alaton,3.1791673375682934,3.960297055717654,3.3380978220370765,3.303646325660829,3.1829125991590645,2.815806515495479,2.799316706383593,3.027727376281053,2.0815943481683066,2.397884974956936,2.607045908884818,2.4515928402645915,2.6022957403418525,2.7705710448806604,3.041897216017622,2.9155373151667536
24,2021,Benth,3.112148667789219,4.122162845508595,3.4347794306585784,3.2887737546036004,3.089620305477427,2.720927420716279,2.6515995752197195,2.744461180296276,1.9835416511939823,2.138798446464769,2.3780231766727935,2.2580162818077723,2.4556389681123933,2.479944504998939,2.722230136704325,2.820649227427404
24,2021,XGB,3.403443602966479,3.867054567542854,3.368280167396092,3.3352156017195345,3.1494827616392342,2.8868633751898343,2.8314906739309365,2.930685355882375,2.3616246022910348,2.575678631633427,2.639512369682446,2.540611730899932,2.4765307422080602,2.6699842274695382,2.8449222210460383,2.802127223114461
24,2021,WaveletFNN,3.7143872449835342,3.9465376268048185,3.40337170592519,3.4925576040372657,3.31624300733965,3.092790960207152,3.0245727832891496,3.229114308754109,2.6458868659421566,2.8548722569512957,2.882013141413941,2.7611193583527682,2.68782001575522,2.821457770285288,2.982445980440637,2.6692873649135906
24,2021,LSTM,3.331336631176839,3.7235961088567233,3.2202478314404637,3.058207258405761,2.7848829367406647,2.490864706648973,2.451039543947131,2.3495180420408657,1.9028282464655908,2.047599626539278,2.182471487854966,2.142249886832282,2.2077718218279783,2.3095517168775603,2.3636873171067596,2.8856236758734086
24,2021,FeedForwardNN,3.036133525437573,3.7217620525294217,3.1522225392467664,3.0649580336482254,2.7761446471342337,2.508123536855171,2.482680154214923,2.4000667550217014,1.972081316297045,2.0322960759045365,2.246134670814977,2.2054777437139794,2.3140879575846234,2.387562283706712,2.4672362598172475,3.0615379258770603
24,2022,HBA,3.046245853683353,2.6037527472527473,2.4150762447429113,2.5148498804436303,2.748120096916972,2.687584617928368,2.9406655157057555,3.0811639490910325,2.56651365995116,2.992797699599783,3.076310080608692,3.1666794553825803,3.4286812709859587,3.7053183718287883,3.540656021062271,4.812685388685389
24,2022,Alaton,2.7016853941307475,2.3979478816116244,2.330393892976789,2.3383421219695624,2.421249826079249,2.4899790010734733,2.7636963390524154,2.512105759181708,2.627437351061923,2.7577297686994564,2.8577774473888837,3.115230683323945,3.3663351094680007,3.5729419981789623,3.567196635381854,5.36279998858665
24,2022,Benth,2.477926425685832,2.4921747050882677,2.587030045313089,2.5586703735144223,2.652263065665778,2.7574587411691627,2.9960604825241286,2.7174960860184663,2.967850092175933,3.056055716744993,3.1001170434679177,3.3737569206947517,3.476405298269623,3.720419284962335,3.607406687728718,5.274278799463352
24,2022,XGB,3.080588248593883,2.4229013274863638,2.229998006204305,2.294713862263752,2.478575618664837,2.4161167898024782,2.7280503458026906,2.7271532311253686,2.2911991320777596,2.6783783631535427,2.841704229392762,2.98455794734544,3.4183436985316535,3.6477171905811283,3.5518565945922176,5.156423238922629
24,2022,WaveletFNN,2.889998560026051,2.5922197669746456,2.3998479277990805,2.416046746550715,2.5949982090477723,2.425473350122165,2.6588030859454026,2.790148490296464,2.0864236322709493,2.569587691684181,2.69025134019281,2.7138845540284278,3.237105418224561,3.33126322681586,3.3036130231807435,5.078677934835808
24,2022,LSTM,2.9046334098924507,2.2725409419735536,2.1007717982701832,2.173901089793168,2.296470410968788,2.2317826302254518,2.4182719483790667,2.492169023667393,2.10240706873878,2.4199622897943134,2.4636513024530604,2.511679266830559,2.8914843934527474,2.9403088099082555,3.1569289861905148,4.695019618043251
24,2022,FeedForwardNN,2.8442011288935687,2.431875603662276,2.278613115177195,2.3726026070605033,2.3975459290844605,2.2925698482865817,2.4875531107229856,2.516478742991726,2.0826176866908246,2.421209012370787,2.4854581574407586,2.5548269543441204,2.915656362347383,3.0269508440858215,3.3269617475701656,4.902068148091102
24,2023,HBA,4.016917465308975,3.323701615586836,3.070744689583264,2.7265642075138934,2.7365482145630207,2.805735450197627,2.907870638749742,2.402351739542777,2.94410992146684,2.408584901500782,2.875014325646401,3.14514537993744,3.5138998171857847,3.1325371410269214,3.1812593840471197,3.9758407706898273
24,2023,Alaton,2.7897435827124992,2.6445758816602614,2.6595645639657497,2.4738668244625925,2.340879477095314,2.5124808611112766,2.5851400181690356,2.022194390224878,2.8556836291432024,1.9585606033640794,2.562664435381928,2.8754782164586397,3.1168989420752595,2.730389401270755,2.811798658345626,3.5061506231702513
24,2023,Benth,2.6698112546349573,2.694435128633864,2.7713205724146563,2.4744683269145793,2.4623207090139774,2.6661487571049696,2.7784698383037654,2.153320845613298,3.0738048532869544,2.1961148747456303,2.7957112232526278,3.154209813965436,3.4733218024212573,3.0122769912555047,3.0176468240432515,3.8377255985925696
24,2023,XGB,3.8752502973202754,3.125460067583183,2.973732557231017,2.7184949664553595,2.5242626858851995,2.590286530084268,2.642397281756157,2.0747928145393812,2.7223342184824038,2.1133467913787456,2.5312853617886844,2.8027468065313963,3.0095149396376253,2.753598424988467,2.822424469112618,3.513401028060686
24,2023,WaveletFNN,3.329397365245396,2.9658540249579786,2.8779912117480713,2.650593492796375,2.4429232373813425,2.555315360650863,2.6541672419634486,2.0078552630146143,2.780099607189906,1.957505745850216,2.5903366219839588,2.8940995971694323,3.2083126412745835,2.8528372565649813,3.032313231778416,3.658875060260064
24,2023,LSTM,3.0998140941924843,2.71509417531491,2.6141283836180187,2.491878519561371,2.171399703111604,2.3050744736939257,2.357972360629662,1.7286710226051896,2.572424014858568,1.708494728245757,2.2600365423273026,2.5249575820415426,2.6275512131903147,2.5904623316622777,2.7635987664710067,3.3222850480074
24,2023,FeedForwardNN,3.2108868982737757,2.762774434817835,2.631169791288605,2.5121362461990464,2.197517630072805,2.261762853753969,2.362559897428693,1.7638654688570043,2.390253301116298,1.719432171136362,2.2747073269764644,2.48413583479099,2.6058390668916873,2.650584825925299,2.8990577812278273,3.68245671476532
24,2024,HBA,4.2862415980795605,3.86434798505269,3.2804235358578455,3.422724985814607,2.8406414804346385,2.601158623422992,2.5518869536525295,2.400859425011431,2.1221929093997,1.8804129882748712,2.2655939071787836,2.3064957765856686,2.31582841282089,2.362322739075054,2.300560295414462,2.0763019302371153
24,2024,Alaton,3.97205624929688,3.5924695833317655,3.129512714798028,3.301645256918251,2.9183592843584343,2.6637679384698987,2.557254927823032,2.7072058539188397,2.1545852466928297,2.279816010297868,2.3385195379738763,2.2175649750087247,2.194056416371575,2.1881846506789424,2.309867820422347,2.2120885043643863
24,2024,Benth,3.927488632005854,3.956719547848471,3.5269085520527197,3.5924578235914026,3.0026269538654025,2.7402536553575607,2.642970589399993,2.4783453556780852,2.2155070583418786,2.178590049801264,2.3058321186595445,2.328978066302948,2.2330592692796283,2.333233844301472,2.287928124938325,2.1975852893606245
24,2024,XGB,4.079485426563197,3.3178514386970464,2.884956194696345,3.0728665183496493,2.645992557116126,2.473722399685998,2.432641262190276,2.4070289195359065,2.1291820848257426,2.0033107347518335,2.2523182271861395,2.2374874648483973,2.288757695000275,2.249975293582671,2.286945414599239,2.200320598895758
24,2024,WaveletFNN,4.3985477566062885,3.2676163071426454,2.838102553493694,3.3331344016103044,3.020546715664448,2.8191572649738523,2.6593839833945907,3.2029908778352016,2.416378363592659,2.5513691165152186,2.5389023416031593,2.2645878888792748,2.309905864533556,2.1597652947701897,2.2789912764806983,2.2405928130372477
24,2024,LSTM,4.117284820027396,3.159969410871509,2.898864656819726,3.0690326439484448,2.6089391092592247,2.4598571322669818,2.4276000384462972,2.319013561698723,2.1616931782824955,1.9865287158917562,2.2632598297695474,2.264195146894018,2.214956626146398,2.276597826009977,2.4982024676449144,2.215168636111104
24,2024,FeedForwardNN,4.195071480324686,3.154331339798608,2.8327805053847697,3.099316182855081,2.6702466781032426,2.5117922012970597,2.4562044793691453,2.5077128508217155,2.194883247684694,2.124653753121412,2.318424681774942,2.2485043803602265,2.2175957077756285,2.3161862942704214,2.6426257401454327,2.6632129988897972
27,2015,HBA,2.979155550609048,2.387781494495057,2.059280974611048,2.1897683631217864,2.243567306934442,2.578571582107761,2.7757763788069405,2.427853639257835,3.248580132454399,3.0141613944234846,3.0268105164831436,3.187553124080629,3.095884076962606,3.398309519544102,3.892284107486986,3.8372811823586117
27,2015,Alaton,5.89414575893874,8.40481289755736,7.873729669762152,6.657296584590614,6.181608197049018,7.686512936213236,6.710905525870394,4.489486724335884,10.696322414541676,9.592915862487594,6.31506953165908,6.971497116767284,4.3020521543337,3.9830172800208308,4.700020880034339,5.440478720815624
27,2015,Benth,2.6070146074971503,2.0579622170270593,1.9455316798859597,2.035848193146968,2.1563993823734,2.4592775098791004,2.617652951148797,2.36726708486084,3.065033764890502,3.058188841547479,2.8598514854973556,2.9578732544704653,2.831655494601736,3.130561535844768,3.5213642559166947,3.485411791540754
27,2015,XGB,2.676017428971133,2.2191529707679667,1.9782065984801234,2.0744267908769416,2.1657902882001285,2.488956829582486,2.6807482383298336,2.3533739779201333,3.135289912347202,2.9159920972420252,2.9247834446752528,3.075190308554538,3.0619380055161676,3.2809546788233117,3.713558392352162,3.6993693085511725
27,2015,WaveletFNN,4.805712898437059,3.6906019129256236,4.614452201234891,4.942816165051978,4.692090302664377,4.842495354719105,4.447967243705018,4.769728404093867,5.143305458828562,5.146883030721402,4.3618910888485685,4.027140758048946,3.135166449575133,3.4627439688690327,4.018110403715976,3.69382441531202
27,2015,LSTM,2.8889632578366693,2.3833578180425636,2.07438945418501,2.095397174810658,2.3286122545978043,2.4781391584103067,2.4990262443560525,2.582835055010598,2.7771929660353116,3.0133604631469937,2.6411918158724315,2.60667196876939,2.4616827409635778,2.596673002299014,2.8103149556012523,2.0616737848275912
27,2015,FeedForwardNN,3.2466367178551097,2.599905158329579,2.488197740400601,2.4024198209084977,2.468784406361095,2.5503625797176928,2.608261148468139,2.4493710723215885,2.7135189264308903,2.88877674413718,2.686811388016108,2.625405236310111,2.4320402488270783,2.896140610541598,3.2973523935497897,2.847393666095569
27,2016,HBA,3.4464195381470364,3.1617610535975698,2.8173101183967186,2.8308262822514916,2.6902716363757633,2.63076115898751,2.5785236116739596,2.5632331543548075,2.5117402042110037,2.282246283038995,2.501275941370764,2.4824151187900942,2.4378392540650404,2.4521568205893183,2.489245867526944,2.1840020274092313
27,2016,Alaton,6.45474563857916,7.59112096248088,7.83018534500774,7.001556125548486,6.123349336690469,7.61070790689778,7.104526381987577,4.416513328373201,10.585425047312402,7.617891012890864,6.924831206605276,8.045328547444564,6.434635869765105,5.607301310030433,7.5519489793995875,10.34333362897198
27,2016,Benth,3.05194278766755,3.0215844007832984,2.4948401421041297,2.59367781324439,2.632229741755231,2.575370851705632,2.5610241159522036,2.7696193414063326,2.461653071606434,2.3408962320374793,2.590039061029034,2.5129984918468145,2.52651535507443,2.5544555117128067,2.6741870987978005,2.5250902663711394
27,2016,XGB,3.1837967867093946,3.042729287611974,2.6835278372056264,2.716817041412539,2.6494676791372767,2.534648416014851,2.521828273068941,2.615407521068927,2.305009889769999,2.283875856293836,2.480727940313008,2.4146677178777103,2.4339042435058653,2.530551339977866,2.60246895654669,2.4195066355087462
27,2016,WaveletFNN,3.224260618918846,3.429952007911163,2.8382583780157566,2.90768367613987,2.847735269748844,2.801836586704321,2.75798743885178,2.8572121614819315,2.710039220615276,2.4774324218836776,2.7595695620271656,2.705541307997892,2.6871513154733426,2.656575740834893,2.558353034782342,2.463234818505578
27,2016,LSTM,2.4461014605360485,2.47921618163731,2.2759227034283134,2.4278179239696374,2.3907293801228673,2.328741471339268,2.3159742933550325,2.505536056817421,2.2047656537720686,2.20300026972342,2.322193416267379,2.2586172211477873,2.265634894351938,2.343399170293163,2.2164275724124143,1.731952494402112
27,2016,FeedForwardNN,3.2010161603184106,3.0197848614461993,2.764999067454732,2.9128905760676664,2.706022225403914,2.546756931130654,2.6109133953590202,2.6470453833530962,2.2282263425841347,2.018366737070184,2.519563311889562,2.545760915267371,2.701995401275772,2.831875125099385,2.8059791185916354,2.4738117530803496
27,2017,HBA,4.177371583723431,3.579347841251257,3.27140252922785,3.188465546915444,3.1904129632789813,3.0003760464788045,2.8777433603608373,3.109423397330113,2.62030221287845,2.9130708907678513,2.7530021651297134,2.55814680969773,2.5284684579764023,2.559000108744097,2.4887100554296,2.4193973329148943
27,2017,Alaton,8.738107399387912,8.150560930982888,7.0203032528161495,6.3089799854238375,6.44197100075915,7.539793001563619,7.148407608703119,5.863638748702149,9.735437003172558,9.568738192818602,7.276027969664113,7.857811751266561,5.9928980443944635,6.013413950712373,7.136919848235551,8.547250836704855
27,2017,Benth,3.5740455507611277,3.375808059565963,3.4098522042866137,3.324461521506682,3.1859790548757965,3.0090141910978665,2.905229359208425,2.96210590546498,2.6550844635420043,2.689882118928071,2.7358233609592095,2.621426203285628,2.578043848512352,2.635477709726201,2.648026990172237,2.4039020417189305
27,2017,XGB,4.062947194212915,3.3339788876102547,3.164361844583078,3.086672275586555,3.068773466134942,2.94981620894956,2.84665368289365,2.973185087686806,2.7119016945787964,2.884556746941875,2.7474341869714105,2.6209341438407,2.592963902223636,2.578536653864669,2.5487072273533524,2.3702011789007087
27,2017,WaveletFNN,4.097052839681074,3.3928702148027816,3.1970137942285004,3.0132379061085546,3.219557460307592,3.0252133399066006,2.9220788845023566,3.2421011263866837,2.6365250991046185,3.2832268200679082,2.8709185425078303,2.62667989585782,2.5787591180465315,2.655597758406019,2.5025721837520463,2.407005432323915
27,2017,LSTM,3.3878675799136295,2.6939547317448325,2.3419919677215653,2.5584534001737516,2.6414726080629602,2.698571396414441,2.7642397580075118,2.940953248404355,2.8127689731174037,2.836004642048389,2.9362071931544573,2.8440368549271065,2.8464000374678657,2.9882247650969633,3.0565920588536466,2.9196651097697077
27,2017,FeedForwardNN,4.124909202856376,3.5467512677967292,2.8570487222955454,2.8603633878423684,2.9104632500213388,2.7220624079566886,2.726967386338021,2.9638777777471326,2.3452607238273884,2.82476657856679,2.7054343690890494,2.5252131787130034,2.562219370177018,2.748374002972706,2.7949760793711462,2.724840028626092
27,2018,HBA,4.68723243038595,4.0311874713027045,3.6372281824069645,3.5471573774274834,3.170809202994197,3.066542146222236,3.0875502470564284,2.7043902235814294,2.8580080326783137,2.764673187892186,2.922737103071299,2.970195544983359,3.0336921811411717,3.21762456644752,3.166668464457858,3.532315651331312
27,2018,Alaton,6.441693512806263,9.858956799042485,9.19824606530893,7.511718902321052,7.181409239458294,8.861200202071926,8.007545821645003,5.164572413607658,12.22078212729919,10.824768722313259,7.6828661348794105,8.660428885275241,6.424928746106809,5.647364701924554,5.919950777947193,7.584089266688849
27,2018,Benth,3.9975642697321323,3.4423412510531626,3.2073446786995916,3.140442876499237,2.830937834273402,2.929496747971115,2.9538676207911796,2.4545309898472123,3.1266145753665424,2.747441115341167,2.890973519192088,3.040553415045805,2.962791684571537,3.0883323380539447,3.015701115440535,3.5957846700905085
27,2018,XGB,4.384541621048234,3.9277952697233975,3.50937081896317,3.335469142212544,3.0179865684992366,2.938667492436153,2.9640560694250175,2.5266023180353034,2.7800293403099854,2.643880365396563,2.80538238752194,2.875585106397022,2.9171454322300834,3.1044418099124984,3.0716177302949754,3.677942885078184
27,2018,WaveletFNN,4.535719213730286,4.035403763980302,3.535931110078475,3.4910768580428018,3.3322215999643694,3.3696834809496092,3.424839234171475,3.128512089850265,3.444607242920088,3.45087507447515,3.4146667666791153,3.4152059027081667,3.4987595375405105,3.7017939415449663,3.988626908996422,3.8768598647128747
27,2018,LSTM,2.5525446222997417,3.138502409382241,3.0236116348612283,2.8538330227918007,2.64846896285335,2.521133063528978,2.64874385621042,2.273326290845472,2.266461264880233,2.0087064235309815,2.540367725142114,2.6754438591462937,2.860372909611304,2.985606680443771,3.044654109341528,3.5637002872434844
27,2018,FeedForwardNN,2.166070761365736,2.9625111449679693,2.844452887249875,2.648149157113546,2.5512223818417175,2.452670696734617,2.585353417688729,2.25799187643356,2.255567326520417,2.1664750816444767,2.5119590479978937,2.6299747736252326,2.800209099320571,2.9460153920912266,3.0014837270371637,3.5018777693245116
27,2019,HBA,2.055791909875749,2.5429156096958088,2.430309851504293,2.483466198843442,2.60728208180614,2.627037550273311,2.741816275015502,2.7842543121079877,2.666548487207652,2.726090294608675,2.8430102111814364,2.8339519686649868,2.9461518458765785,3.150690277797576,3.2900102316652706,3.9613998941547353
27,2019,Alaton,8.643503540604971,8.590687905648982,7.819368067946579,6.913982107828474,6.5495240692480605,8.214324661067083,7.478550136475873,5.279680070549541,11.543925844705123,10.048462156705074,7.395383589642372,8.215996403425983,6.005751224307761,5.32486043465512,6.08500625564112,7.192223315367084
27,2019,Benth,1.8536129535463486,2.477027345968921,2.4825853847154615,2.5498645625794154,2.703924994844219,2.6889650557880715,2.776166222261176,2.925264604972977,2.6590451776757758,2.7985192158444785,2.8643318143640695,2.8064985185717783,2.893857528784136,3.1067495235351905,3.29045127224188,3.906623775646069
27,2019,XGB,1.9725328098902901,2.247641167736586,2.181339501847656,2.327618886961761,2.4919515021909757,2.5073966456951693,2.6428490982396715,2.802563502534295,2.5382869327035564,2.6389117808706337,2.7828826044971797,2.751935769866773,2.9049114460334517,3.1235376482152075,3.294729046617875,3.9243118375423043
27,2019,WaveletFNN,2.3675196235588003,2.8060135333140193,2.9841910144592987,2.922181707926464,3.218425956677903,3.5574435598378784,3.870529569618569,3.452660898896508,4.235478766157828,4.076587966944414,4.183259851550076,4.4050914488194985,4.6531862268515,4.733473348485299,4.109063870507933,3.905631329136844
27,2019,LSTM,2.554368536848983,2.154923967821048,2.017640033447655,2.192562104713694,2.3820037449649356,2.4581290624052365,2.504850366019351,2.7463674564822163,2.610379697285839,2.601040712305317,2.6523103209800674,2.6314605371246955,2.639214313912562,2.743909525530088,3.0454268904315844,3.3538694022810236
27,2019,FeedForwardNN,2.017175823982589,1.953943673204681,2.1316950755002297,2.331118663671904,2.4276866890813875,2.497872156524722,2.7580178172795127,2.723678302662545,2.638243091411392,2.6784855640970826,2.960704700799319,3.0510117305536752,3.356229562919553,3.6152205729566846,3.3187561820976064,3.90907542401919
27,2020,HBA,2.964196143515432,3.7010654981409123,3.2512002080823277,3.3490307201046794,2.9443580978876627,2.850432005994291,2.8274812219523437,2.6375159876929977,2.662579822207547,2.267048825761544,2.68407108115116,2.7541962640001367,2.9311878087485677,2.7943933126935985,2.951887683219229,2.7277061145786323
27,2020,Alaton,4.919026921274871,5.686752970626769,6.111218405441347,5.156093690199026,5.109000962123877,7.261927072092086,6.614183165504021,4.1067835188064095,11.567779292028503,9.239197010147313,6.7853215764361146,8.034812196940981,5.817512652127634,4.867428200883634,6.294300225729003,8.092370511922958
27,2020,Benth,2.945780398197773,3.8433555977037113,3.4538999703413924,3.400684651537629,3.0483061981125337,2.998522322798431,2.889823722240913,2.6427124258836754,2.8989545721702257,2.430304301918751,2.716182335022372,2.781791465115584,2.8172403534796775,2.6111714329134923,2.676614778342842,2.479329082820504
27,2020,XGB,2.654023160575391,3.3050602402782263,2.991329879096014,3.031181972743393,2.768127006799321,2.7236759581615444,2.7002464397421453,2.5449241345026277,2.6347738608859914,2.244981686525566,2.610878086912921,2.6763153587343576,2.7997787056461307,2.653799977457823,2.6990914268061705,2.465833841177085
27,2020,WaveletFNN,2.2572684354860044,2.713231648022712,2.9563040305412813,3.185492561081039,2.884443164744545,3.4029675356771127,3.1793356631801544,2.812582298947809,4.440016277542246,3.456938376444033,3.2576541707712945,3.443564782588158,3.000370830792635,2.596510294386992,3.1139253582472275,2.9099829659530316
27,2020,LSTM,2.264763533968482,2.3632718918477638,2.530573557009228,2.5136529041574325,2.4490339664526832,2.458170218382508,2.529942310839628,2.3674943758961375,2.4764427222421586,2.1681516652665196,2.5123662218736103,2.6444865912487354,2.771415924634765,2.6793644627435254,2.6699000682983556,2.277973341262163
27,2020,FeedForwardNN,2.185761541670025,2.397172442400909,2.675075553198348,2.766901431922229,2.565557102677612,2.594696555171306,2.650877535070534,2.4560386521568756,2.652975460158693,2.240640071894748,2.6331597223552428,2.7903729424993915,2.8649701770261085,2.8178742949775715,2.9303764622287596,2.0476970361528806
27,2021,HBA,2.6754729662176087,3.758064093023238,3.2737630059171132,3.1361133182908976,2.986041146348546,2.7700253627473725,2.631014619377034,2.698319286779979,2.337993795545026,2.4493308057676244,2.419767464960327,2.285222237288103,2.24868013334552,2.2607424409505095,2.289630213756646,2.599769517747183
27,2021,Alaton,7.6204659337391,8.082494754241873,8.1023886934481,7.3668703990630116,6.725563109873187,7.735029017836157,7.280558346872166,5.348737526298275,9.753960833762097,8.11583510742093,7.059173425857181,7.814293978571498,6.698723142595935,6.104825554049291,8.199180590417134,9.38619757403393
27,2021,Benth,2.7235891731433397,3.928351010277759,3.315445246302315,3.2433117078768476,3.1209556036402684,2.797802239378123,2.7256861384056177,2.9264659609782218,2.151495510853832,2.3566695199465233,2.5253775591383127,2.3447862704253257,2.491499345863619,2.558192368941517,2.6983243781433504,2.827802677132748
27,2021,XGB,2.8254852235472967,3.7212387086979106,3.2380016885877945,3.231049024688453,3.0731722521196647,2.8280262101811005,2.742034414623404,2.9083428156515354,2.3377341263039715,2.5208266069962257,2.5712920782801842,2.418068639202633,2.365075759391458,2.5182991880046437,2.58971966818128,2.760546828622048
27,2021,WaveletFNN,3.7097349792037417,4.514277863495693,3.6937797805508654,3.444734270254388,3.1105828796089963,2.6749596022371933,2.66709991498624,2.527385978667127,1.803713047493588,2.0292892892012224,2.321608753555579,2.270092493160083,2.530371933668742,2.679111464791652,2.582746914393209,3.4616907717146463
27,2021,LSTM,3.11800642530597,3.522784269983758,3.069615809561915,2.972650077353526,2.8040817573541097,2.618607144687957,2.5360985793959783,2.5385477051463043,2.2476579193556523,2.345659294402396,2.355792485847092,2.277127063859567,2.2737817639191977,2.3123233428063474,2.3915559505751487,2.625604885874266
27,2021,FeedForwardNN,3.2783461745393123,4.647709389028936,3.9774975713306504,3.8894715595729963,3.3938440796835545,3.0488670333287677,2.842775715835455,2.8101905880364586,2.3589129406191947,2.1404950296739167,2.4589368113396506,2.3377841963469836,2.4944951993564795,2.290221822188119,2.2675353451866678,2.644147616463088
27,2022,HBA,2.504521108021907,2.388390780396463,2.2703111951687465,2.330329434562956,2.588924681354851,2.5383793229911555,2.875068917547929,2.907538167540957,2.4372886062637633,2.974840478181175,3.025323602996273,3.197325869018384,3.552805845296663,3.8568394962301418,3.5723730789767703,4.921507261581253
27,2022,Alaton,10.209058752550725,9.754985162453355,8.621555742391024,7.382553031171103,7.414032373245791,8.88041066433584,8.126823734301448,6.2065090041005595,11.813167246515935,11.32014576862262,7.911216217043916,8.797763155894236,6.278872334939543,6.15493770153823,6.401079813369689,9.20861946930839
27,2022,Benth,2.151214651332137,2.357968584990506,2.502809697612256,2.4368843768127837,2.5670211614541842,2.627963742497273,2.918284969719638,2.6312326252961133,2.749848904583451,3.0326832881088546,3.01364552186602,3.3054860817248786,3.501445735874517,3.758059757996266,3.4995029018632833,5.373072528782198
27,2022,XGB,2.59928819458268,2.3217952895555904,2.282381417843263,2.2696289167066523,2.494990296779002,2.4103747003209426,2.7646026465422624,2.7075991757147406,2.241143507404824,2.7529379304452917,2.867728386888308,3.065610667966795,3.5110555671224177,3.7731514532721,3.5142168644485157,5.254914757209432
27,2022,WaveletFNN,2.601551221617909,2.633510653660508,3.599100493527845,3.337608643147839,3.556371709488647,3.811670730599506,4.0875114757573,3.5136429254494495,4.322268772821225,4.057492608444542,4.285219583317414,4.662824556176729,4.4498254811204765,5.029091635092032,4.330009271105333,4.989221047428165
27,2022,LSTM,2.4399854584702267,2.066858790180442,1.9713122180561116,2.1908873798071133,2.3646503616994536,2.2640783282567356,2.59994726693093,2.757988505342796,2.062934261371299,2.4454069770617144,2.727658157335635,2.8042416968619666,3.449126098440831,3.4894910354807545,3.6886062162581394,5.561797890567353
27,2022,FeedForwardNN,2.334869476941962,2.3419813989432567,2.4796608695284776,2.581384717902606,2.6469979476852465,2.548230291186044,2.9092294282978157,2.8143350258420154,2.350694978187641,2.4945876545682384,2.9810240459703388,3.2072279727678885,3.6111068568129,3.9603505843354827,3.8075696396059238,5.355726700197953
27,2023,HBA,3.974173319590852,3.373622039231756,3.1588586999076806,2.8181181576639243,2.6588965264828572,2.7951428417197586,2.86302693987924,2.158934353058034,3.0676354721935613,2.356865944787318,2.775755187430582,3.1328307897467247,3.2534055451560744,2.979985984400511,3.036307482803426,3.74909028084798
27,2023,Alaton,10.01441002965309,10.378321098909586,9.182091009506639,8.026203100221599,7.654024011681938,9.16628953794129,8.272904436124895,6.125957013857237,12.190820590459992,10.234610924053937,7.988541432424757,8.833444257512454,6.897974771487623,5.531926976345214,6.282395697815543,7.973056441034219
27,2023,Benth,2.862264297505908,2.928266021892753,3.014790550663713,2.707807516053683,2.485176503093827,2.712614155224867,2.7819421405491926,1.9555624555239415,3.1674894594869456,2.0861230129911945,2.712567684426066,3.137131472046138,3.2285284688164553,2.8996459313340748,2.9339984890578505,3.7931920175368705
27,2023,XGB,3.907492086451828,3.2988612560399475,3.165717725271548,2.8743390734124867,2.626345052598593,2.730529518470565,2.7874089669156823,2.0869723799256383,2.9388984502145092,2.194928435184667,2.6625422855655447,3.0088198419735264,3.0825984831381903,2.8929166869871827,2.9460936330273797,3.7664864571450507
27,2023,WaveletFNN,3.3442887657030242,3.0959445086096253,3.242354078906173,2.846659530959447,2.599591433359807,2.8151274044952745,2.9262088451259256,1.9568287878134407,3.246199346766211,2.513087133943503,2.8353733484388743,3.3108501002488278,3.2701601905649875,3.1711251155282407,3.368033262247718,4.501279094357353
27,2023,LSTM,3.428368069106022,2.8918610930858,2.901793176959939,2.8102864075981944,2.3756634209316867,2.5047476056849205,2.4602388384274767,1.8495336649034335,2.7629159751913885,2.0456014386118335,2.3057773761020144,2.560279072347193,2.328097309615046,2.4097270455109387,2.636150697937433,2.955463795843088
27,2023,FeedForwardNN,3.8338039864503934,3.3707331014076356,3.1430647240151486,2.9993448125334075,2.6023905029129666,2.7371168186423995,2.698971864749002,2.0617162818107846,3.006569450101266,2.2618562429263602,2.5467461992244607,2.8212535782108183,2.560868398582703,2.67562910812857,3.013212415849127,3.591441888496881
27,2024,HBA,4.414176408478431,4.182040556153639,3.6348488806818255,3.7511245124864216,3.1236518302363785,2.8609837907465496,2.7682288495408023,2.61245477979093,2.335647711766893,1.985465373494908,2.4682215284294475,2.4250319092137578,2.4144076288807943,2.4962414341342836,2.2014008509130583,1.9055752566573665
27,2024,Alaton,8.852437541596478,8.176019339401673,7.343733783664155,6.527648775363796,6.196775318307391,7.833743663777151,7.4468136516056305,5.049816852950626,11.107680354716669,9.634691030506913,7.568986058077162,8.67524804917746,6.436295621969867,6.53635759162237,8.007770970227735,10.68427318873007
27,2024,Benth,3.959320319046171,4.208533609385218,3.8936412583422775,3.9421839071715423,3.2910959648566114,3.0037922415840983,2.875314397044371,2.688550671370945,2.4291847950390726,2.270772638510013,2.5234434262074745,2.473457047933599,2.3942732875118713,2.506456108529401,2.2235499000847225,1.9563801073220441
27,2024,XGB,4.10228189554385,3.642665417582192,3.210059116727667,3.390787384800247,2.8947781218748396,2.671138481654104,2.630021928628058,2.579497127022013,2.223859201212631,1.9992329816338115,2.4357126691981,2.3584107311040383,2.4580608730600133,2.4877237510739145,2.2440865484799324,2.001813917872548
27,2024,WaveletFNN,4.454414560940322,3.9376774095180194,3.7312275131852295,4.025619703160695,3.46099155134327,3.867574557707389,4.736328966900716,3.19075558950131,4.680740570435628,3.1009904180805683,5.081648998549593,6.085770920215075,6.595433508093658,7.37316324959744,7.539064427783875,8.867240912489537
27,2024,LSTM,3.576894213732648,2.6899283319818057,2.4386148026212973,2.8172289678510056,2.504718843478494,2.4411545977002618,2.441246406264006,2.570822884335691,2.3140261061437957,1.9233844483959892,2.4502783172737055,2.3538832399253256,2.514192279216336,2.3678334709483377,2.2799190315488094,2.0184352680021647
27,2024,FeedForwardNN,4.086847807692136,3.0047427464439647,2.735904230811183,3.0383397502699894,2.8232271269808473,2.6696897419776886,2.843124670831454,2.9105500231505106,2.362614971971372,2.2903944998792456,2.874084299461531,2.887303419864325,3.0672521199528564,3.386535312914849,3.0773127851754603,3.4940838318331773
28,2015,HBA,2.528356204906205,2.2652835751696854,2.058077437959845,2.059839080621025,1.8641101170434504,1.9262810748579269,2.1217014341062286,1.6701427961270554,2.0506229904868793,1.7368688302780897,2.1652281753454594,2.2915722872463613,2.5315488683127567,2.7388907518750107,3.209103689674523,3.413912122548233
28,2015,Alaton,2.3927716493206046,2.1418306838657752,1.9737702570350557,1.945263357001944,1.835513628714998,1.9084948015382406,2.0613133031082476,1.6972570003949405,2.0544571471847255,1.8229935583468078,2.1057802319764574,2.20431433677598,2.421150085961599,2.5501452036039254,2.8423403409702703,3.0739487714168336
28,2015,Benth,2.3727287394368153,2.06904099046281,1.9163470141037762,1.9254431906505336,1.7961223058987559,1.8739494283519884,2.046276228248586,1.6758975976937358,2.0296036732584546,1.8169622340761618,2.105743878793933,2.204911591740621,2.401769636126742,2.607490892101252,2.996651361230167,3.259275521335036
28,2015,XGB,2.381021438265152,2.3571517475493007,2.1360828451426914,2.0717447087875587,1.8911826881253382,1.981889199790085,2.131686349782067,1.6462825311079847,2.1633022231195773,1.7243547154627803,2.146771182053381,2.294460151926877,2.5576122370422563,2.60553398219774,2.934764869369983,3.0726193047496237
28,2015,WaveletFNN,2.020343170277809,2.3261755909788207,2.148161334354211,2.016049513519171,1.9257883646610916,2.0148101679711647,2.123307835998699,1.7034153949679725,2.1928537745913106,1.9145275699226887,2.125918352526806,2.2444413538653785,2.465363911961132,2.5228543689703673,2.78295956040171,2.6558018002076635
28,2015,LSTM,2.2448849548349643,1.9218284085528647,1.915216315785156,1.9369010459572207,1.8761137534807697,1.8429502077050923,1.8384509080769693,1.8370111911763836,1.776623116153738,1.8730703605267491,1.7991967691395185,1.7557998688270362,1.7015285664160478,1.9106571010742983,2.053665726670585,1.807279649487163
28,2015,FeedForwardNN,2.468575257031065,2.197260359051043,2.0293582469994913,2.0376964996745337,1.9127498849505389,1.830327056054208,1.916627947733928,1.7961415229015858,1.6654813982615455,1.6901791675938744,1.8706072745957059,1.86678653162923,1.9696313718406417,2.2451447114119074,2.5196136383969407,2.4929447623027654
28,2016,HBA,2.443438034590209,2.3240689738661,2.0060286696099054,2.0780998605188037,1.9662178744718075,1.9480386864021175,1.9856441216972078,1.92640707933371,1.9116803102627378,1.4528059816592427,1.9647428674832057,2.035064642717722,2.136626207075935,2.1171236672278337,2.343284364739527,2.1693130123700777
28,2016,Alaton,2.219219406956255,2.275106032575752,1.9145044533716948,2.0169600328392105,1.9457083839950977,1.9180283729938372,2.0138658937090814,1.9769123146185008,1.862668350991316,1.4843930512705925,2.0443905176710624,2.1105794900877077,2.255084362419211,2.3234418871138853,2.5270675119816572,2.260004001778564
28,2016,Benth,2.257563356508233,2.292436596553154,1.8773863650144518,1.973096132390668,1.9003458520521244,1.9363368684021318,1.9910008824924637,1.9233053390897972,2.008318901102146,1.4597665900059988,2.024672782922413,2.114672068194291,2.1968203308718586,2.1727458259251646,2.403101780348122,2.173104098675601
28,2016,XGB,2.261945602873069,2.335496530605783,2.047815107614796,2.105237929619958,1.9933463758462397,1.8843669478202392,1.9654289997987788,1.9388776440776834,1.666408091768238,1.4666718843965905,1.934621938210517,1.961709695880094,2.1094426343703825,2.2309285401130268,2.423945116212741,2.2459368555361205
28,2016,WaveletFNN,2.8371786382423037,2.7934001016723573,2.5845638826679163,2.5891024024686846,2.365117005190559,2.1849001008506774,2.2365277591425095,2.1456701277132004,1.8244662921709154,1.6567238331581147,2.1195854409912265,2.145349533282485,2.275173605659201,2.4167805661022137,2.5815586158237696,2.4748607852809177
28,2016,LSTM,2.1752265607333414,2.2241562085706836,1.8975833176744175,2.0000662709310957,1.9605241125332844,1.8686027804075773,1.882377628667152,2.0234649073921513,1.6847601161561636,1.726401368927632,1.8701329220857585,1.8165102436220006,1.784787978294428,1.9528509892792318,2.0492345864650727,1.9557316331371135
28,2016,FeedForwardNN,2.6115675565818246,2.571109741566664,2.1058284756416406,2.1598717149545488,2.0961915892674137,1.9900664353636872,2.017721365310483,2.0865547028931863,1.7778161275562354,1.7445387191807347,1.9849197279865367,1.9548520732864005,1.9524017578976978,2.133255398776945,2.0842812333467573,2.2802725034156865
28,2017,HBA,3.519503560171113,2.94463143588574,2.774013041984883,2.5929230414950077,2.6915231295808586,2.431286672294721,2.2868139877051794,2.609033217176834,1.910813757722446,2.587596577050478,2.131309686132972,1.9216082822483531,1.924189236271018,1.8942646287256217,1.7284440056594308,1.6021115626886906
28,2017,Alaton,2.935401451674713,2.589673665402606,2.5861277417372315,2.4521776773871315,2.4916080206714537,2.2981627124532578,2.2375820218127656,2.397088299605676,1.9112720960168672,2.32921560623376,2.132060178555476,2.0197587836927946,2.1006817838709044,2.0926576470517593,2.113716502529834,2.033523565839661
28,2017,Benth,2.8516766649338385,2.6300636915247733,2.694027675480031,2.5227816559156,2.574697515957138,2.3466117133099833,2.2616630207451625,2.4553673564342438,1.8904401080156754,2.4095526282308226,2.1229481311101748,1.9897737262169548,2.0371485273179304,2.030547076936809,1.9948792239048356,1.917717439698268
28,2017,XGB,3.5089019119501743,2.766867835778101,2.6149580830727768,2.4465427338958343,2.512225598963478,2.3550433328389677,2.259690066858308,2.4094931148541785,2.040678800589947,2.4521281865976596,2.1542972941535985,2.0427220198745393,2.090503738448574,2.0190214365648314,1.9778151410804141,1.9331612740634962
28,2017,WaveletFNN,3.4219647062668077,2.632324196311539,2.4264647591310315,2.338462982634281,2.3789339619601573,2.30555333174804,2.311012254069352,2.331403164789283,2.158792071323805,2.381973439102558,2.29931607704596,2.2622219153716134,2.40160202474327,2.4157734356310177,2.5901047581994807,2.6280413615300278
28,2017,LSTM,2.6236829985817143,2.419505346343604,2.2014523716667824,2.09689075469626,2.130186963003147,2.1012657506169963,2.008916171193014,2.0589215543395123,2.043423325844693,2.249199149626207,1.9770114006167179,1.8515466488232648,1.8355572072699615,1.7840566454292885,1.7184523346886906,1.6004638228158454
28,2017,FeedForwardNN,2.7766762454143126,2.5162953459655104,2.2699067701428968,2.162853292155623,2.173216455671024,2.1298594502214874,2.033315026146141,2.0765261411991505,2.0431454393224153,2.1857366670305947,1.9781627784316351,1.8558383521718507,1.868627873253794,1.8004428378950479,1.7398302931783085,1.5954221043011283
28,2018,HBA,2.0762141867584574,2.7597880285994867,2.546896884770322,2.655160788252064,2.5065363013818747,2.383856117279497,2.473747543541251,2.4661757179934267,2.1384957490747425,2.5527546196087862,2.468218255360038,2.3742640354437228,2.5142571645898473,2.7562766337314955,2.820485001302709,3.0859431279561487
28,2018,Alaton,1.9880698105235506,2.6772739566581936,2.5091460484211052,2.5116369798612777,2.3532320427336453,2.2931978089598823,2.395776941217223,2.197318037046185,2.1731293414123565,2.4256456510392015,2.3780323502161442,2.3752311724123487,2.483422941242712,2.714520111693251,2.769707839724975,2.940396974926399
28,2018,Benth,2.0819872940526643,2.6213813631194256,2.477128717152988,2.5355192094970977,2.395588833975037,2.374980462906157,2.4600579650929677,2.3140489507970865,2.3337637207683954,2.6213562469099077,2.4744090324172907,2.4545889672741295,2.506691062638105,2.7402289756858274,2.8047597466235517,3.0350754858326896
28,2018,XGB,1.8709517745317172,2.8571342037453014,2.637770178584106,2.6102229621263464,2.437322377040863,2.2834146774747683,2.3866850337917613,2.2368745754976196,1.9755992783425793,2.2905694547360174,2.3237019923095694,2.2765800022422122,2.4645958503287355,2.6980958885280977,2.779160414053701,2.9905575758649965
28,2018,WaveletFNN,1.9901883107457687,2.770765212663084,2.7163975425836067,2.683570544066239,2.4482597681706575,2.292899422744882,2.3547625230138483,2.180121993757708,1.9821787318933322,2.241548700936741,2.251200540011041,2.198108946321378,2.373292092285976,2.512442899293439,2.504927448511275,2.521935780766463
28,2018,LSTM,1.7602477837878143,2.342837366007941,2.5046830303835317,2.410317381892652,2.3039053117882653,2.033714394701865,2.1961515207596434,2.1031275931929994,1.4933325605290653,1.6634842609341594,2.1140322878283224,2.1143799360222193,2.4633239398707065,2.6460443225764694,2.761638500188724,2.918471315730986
28,2018,FeedForwardNN,1.8794325701813235,2.5025529108083484,2.7398547713149806,2.6838232118433423,2.4633229825454936,2.1975424830163814,2.3306360232349155,2.186791193776007,1.6659814839581575,1.6509363043114307,2.193429895075154,2.2170679509109315,2.5876146252885044,2.6293859204264693,2.7075138565782324,2.722465196795525
28,2019,HBA,2.1856624051496505,2.3641928069166065,2.1436447001331858,2.155828573617131,2.0531773973404324,1.99637065667124,1.993748276621241,1.9627100945476799,1.8827571753328554,1.9455816592389719,1.9467934213367883,1.9570451653725462,1.9603250149085605,1.9926943340106602,2.229400605913361,2.1410215824425003
28,2019,Alaton,2.1111489726083885,2.2684369633337527,2.0841811192110087,2.1187458502049052,2.0925197957747157,2.007509372377227,2.029166940846552,2.1008584723384223,1.8374885255822495,1.9868601390120952,2.009795380348936,1.9928549632986334,2.0112799259778718,2.1055904407645745,2.4381265035100976,2.177594592401945
28,2019,Benth,2.052685544571506,2.3185127646418118,2.19933217806523,2.210388324230973,2.125521360564245,2.0778919210116213,2.0810205190181565,2.05171054306326,1.9826330419063753,2.0880023452377494,2.043618583688108,2.0618750123122735,2.023267448200167,2.094513080204022,2.403685959684336,2.2520770284579084
28,2019,XGB,2.148122483844499,2.148168752015562,1.9321456486507111,2.0061874947800735,1.9830898515243942,1.8930026923157215,1.9272427154025753,2.0340340543980773,1.712828373898377,1.8408395690197465,1.9217694941431176,1.894862115762792,1.9678997395436826,2.042095612142155,2.3443927657676116,2.1564239984920843
28,2019,WaveletFNN,2.8076111515775137,2.600492267096577,2.2662941344413463,2.2832097262386397,2.233025874997797,2.1810012076854193,2.182875785313217,2.199757615554247,2.0769518730606644,2.261592828897532,2.155847629965632,2.1604988685721396,2.1219162094159483,2.172327436088945,2.5070172686676035,2.4865572127249376
28,2019,LSTM,2.294301187157075,1.9733299385239604,1.8772005130981029,2.02825310652084,1.995685815955513,1.9689731839493183,1.9463730589618435,2.1141711188129233,1.9155479199369292,2.007964977132851,1.9513859616947422,1.8872993451810118,1.831857021626201,1.9158205340713503,2.0864176924499263,1.9578613229268995
28,2019,FeedForwardNN,2.187160331504984,1.9900730252489285,1.888313945100341,2.0532564994611535,1.9843422421354269,1.9255985659073513,1.9105256535960158,2.0803705391705125,1.8081112134512012,1.7911272808513456,1.9065584246981673,1.8508978973760122,1.864159646949087,1.8910076222621641,1.9377624317647593,2.089202218459869
28,2020,HBA,2.2603237674362675,2.4208052921883967,2.129965776402013,2.4387258654905426,2.29691644860665,2.256708787473644,2.221274602380729,2.4638671208112872,2.1762934652076313,1.9922061636203308,2.240730482737427,2.1968187353695687,2.267803952320827,2.1496882740099403,2.052939215969216,2.312715511063011
28,2020,Alaton,2.3698306786116587,2.380400981018758,2.1375574186270963,2.311809736230066,2.2160610203121247,2.2013885471735994,2.1786588615845606,2.2945646219971523,2.1720436008965502,1.9876232039636887,2.190899864544989,2.190070486411939,2.224385607242948,2.1443429484987053,1.9827153736178476,2.443246207420876
28,2020,Benth,2.4910347899901333,2.575440350760372,2.287350994223263,2.4806171707359,2.324131049611207,2.298201563802804,2.2401671345787553,2.3609111049991522,2.246342592185998,2.0264542189996826,2.2227269529131406,2.2047036078945585,2.2160201230735836,2.107004215987305,1.9886610313152744,2.4029331221331
28,2020,XGB,2.098310660037901,2.0655445443079326,1.9071576583021301,2.1517317550504065,2.1053297223189564,2.114559239992278,2.1208978655292268,2.3035017863357825,2.1330182753389195,1.9572741685181834,2.1896298262686638,2.1843035549420997,2.2184446040252266,2.169471280383271,2.017263921194682,2.4407715615772942
28,2020,WaveletFNN,1.884777111232206,1.9280494168099755,1.8524845465011686,2.118937378523094,2.1909368420378543,2.194219425808902,2.160252158739724,2.52938913757454,2.2007845933509986,2.232283798424886,2.2605843386774165,2.1688387883913225,2.1185494401251113,2.0943892414242793,1.9517772636996598,2.234623415886385
28,2020,LSTM,2.301987931991394,2.012486183189374,2.099769422824707,2.119369930938407,2.1266610571905464,2.1791916939469678,2.1390566952874144,2.1535526915563863,2.284252967459809,1.9831087252265813,2.130570294974982,2.189616351639402,2.103761763707074,2.056900626969679,2.0027801433160826,2.4379795297978153
28,2020,FeedForwardNN,2.5156936161643766,2.2291991466889143,2.465902634618236,2.490996656384589,2.5577631139320034,2.487287175241907,2.3695126255180408,2.649623593245771,2.3463352978617142,2.203216568518946,2.3308930057040183,2.221418097416392,2.12805282591211,2.0569448252530456,2.0408188985472537,2.4176075015082277
28,2021,HBA,2.776724682633996,3.307451159726569,2.8205991156642582,2.6715720879530527,2.3957129502373515,2.051450639059227,1.9550919634581467,1.9708267848104444,1.3629260167029773,1.4544883471345886,1.6648974793059759,1.5494223152785243,1.7804954246008167,1.7114386292115051,1.932083007950655,2.4283523623254015
28,2021,Alaton,2.405970553462407,3.107483523831782,2.675388517256319,2.731538794735788,2.492799961836054,2.0949625123698397,2.021959586571993,2.3102114064157893,1.2992876134374103,1.4589067532257654,1.7951711094371592,1.5890236811314533,1.8492979347887262,1.8454437994002897,2.123382282885712,2.3381421657795207
28,2021,Benth,2.3752047585436946,3.1676855900111573,2.7233380327060113,2.688482306010778,2.428556539479327,2.0625871381670606,1.9667446298175766,2.1337750462526435,1.3306483355425294,1.3770432531837857,1.706108232224375,1.5435264928016144,1.807410575588,1.7387975325316976,2.0214705387176015,2.3557618524633313
28,2021,XGB,2.7035429898011474,3.1902111903389234,2.746686165837271,2.722578284666605,2.44049306241499,2.0660394470628747,1.9624753463833775,2.134299958992709,1.3171322163586443,1.4622198869164398,1.6917921728511172,1.521321955632327,1.7031435296844222,1.6958331741617625,1.9300262110927275,2.2889156314967622
28,2021,WaveletFNN,2.7170523554772785,3.163756055992026,2.752121650025789,2.9167479172821853,2.62660067861004,2.221558019724996,2.092042642464681,2.501079707194292,1.4114727019549071,1.5805053992799827,1.8588897270316929,1.5879291706148906,1.7957788055771955,1.7556119723513441,1.9898556287523546,2.2166779087558273
28,2021,LSTM,2.2875986760991824,2.8881025634307993,2.6486999563712366,2.496398659240384,2.252131159545848,2.009495107231541,1.9750216020251448,1.8555623627204603,1.5242230026029258,1.5960390442379162,1.7453687443958168,1.7083215378476668,1.828861987308231,1.841396884338524,1.9663670130837345,2.366807598414936
28,2021,FeedForwardNN,2.0416112918814253,2.907603674608751,2.647585152015924,2.4463748298151646,2.1267400017646114,1.830834398248269,1.8039516644035059,1.6058948515132982,1.2390231912155851,1.3073423111756806,1.5120146001178159,1.5043077053923468,1.708642264120884,1.7417945585908563,1.8829230172053584,2.272218538419076
28,2022,HBA,1.8450690316627818,1.9051471213971212,1.9837787825600326,2.0431538319897693,2.0781695466955883,2.2020332745957747,2.3827286346644225,2.172560310831144,2.4497607303961475,2.4201422747776915,2.485864449593616,2.714496572100739,2.7259165510415513,2.9457417844501177,2.8825476768601774,4.271572317728568
28,2022,Alaton,1.4492214725501378,1.705317637327743,1.8814403247630602,1.9230863973975323,1.853448830895459,2.0705345720645916,2.267900084793641,1.8254573370278577,2.504706054402857,2.2624921188541673,2.365653530931477,2.6995661801246533,2.6889622421252284,2.875171128370774,2.9402527428847898,4.71556327577332
28,2022,Benth,1.3788218934786831,1.8083042021864641,2.047038987010539,2.0604941827730707,1.9993374666729475,2.2301414637652686,2.4046037889448244,1.9516359463353556,2.691749457949911,2.430768114960993,2.499614255530534,2.8414527381697807,2.7489360979936417,2.954602906305537,2.975464356517778,4.671310215912981
28,2022,XGB,1.762451753379652,1.6467578308704633,1.7773863403490673,1.8497917131988748,1.8536208980207451,1.975246754695082,2.2116792981149693,1.9298554556924228,2.218498468043757,2.176029612412828,2.323430553470312,2.581797723983111,2.707331209030533,2.9305136535377208,2.936400480513398,4.566227719282405
28,2022,WaveletFNN,1.7035132525663648,1.9885113644072838,2.1687326915405762,2.077088946459016,2.0727918481355214,2.21080630394556,2.455374108514386,1.9768510047304662,2.486835215565638,2.4216627906702395,2.5415944740210836,2.85063794877337,2.928033889775388,3.223336402025086,3.291105270124705,5.332881143103559
28,2022,LSTM,1.6049204993718853,1.53508778367474,1.5458962057116339,1.7251063061214853,1.7926050055173375,1.8780391037767012,2.0094397471014562,2.039313805323041,2.0489073002954283,2.1829636314044114,2.1150764745297117,2.1897811867365666,2.3198846395090493,2.3729374796039115,2.6063604647866496,4.173557568258403
28,2022,FeedForwardNN,2.305163352539734,1.883477334878382,1.8872675957264944,1.9913145854864012,1.910725444817401,1.929726974264981,2.1322714686913344,1.9341832939083077,1.967730033160141,2.128388129431143,2.1522146131603175,2.3302323540147336,2.5243741785547607,2.707205735146383,3.031295593094439,4.969598817369132
28,2023,HBA,3.0493326923775035,2.594132464729038,2.51551260253689,2.2023096058455107,2.1735321278178565,2.143066977080576,2.197253058709681,1.8315516530988232,2.0821366756060153,1.7455320693457483,2.103740971661307,2.2652146517586766,2.669746929651411,2.309652572445025,2.3231781176545323,2.9453038096599418
28,2023,Alaton,2.287255438495729,2.127596085337378,2.2187044388335067,2.0062331019311253,1.8874570255553702,1.937227974731832,2.0013546292262476,1.5562096122772333,2.0367698730847557,1.4826657282627804,1.927642578958783,2.1542784251691898,2.4975740727095572,2.1458109993728653,2.2288032267446938,2.774346615899615
28,2023,Benth,2.237370148565917,2.181879234377397,2.3015604616772123,2.036220359833333,1.9769931166358474,2.0555491128859913,2.121078044419193,1.652425771594483,2.2126611053862786,1.6375409848300668,2.0668648692310363,2.306560131014298,2.663496547768929,2.254060450130191,2.2706389309287958,2.967134937924111
28,2023,XGB,2.9405810005508313,2.4121808365446236,2.408719825174996,2.141996344085203,2.0011212994345415,1.9783846280761912,2.026580115563756,1.5935227736940878,1.9329112853594903,1.5320358442831712,1.8972175213017906,2.091074253990954,2.4176786991847976,2.13081603760714,2.152022038296334,2.7176314348369632
28,2023,WaveletFNN,2.588078748027195,2.362616329019717,2.375874987577258,2.123709715928857,1.9439647526409196,1.9599139225869786,2.08414174533762,1.5120545177045817,1.991812262479096,1.4567094168159347,2.000152344249851,2.2477862301403504,2.682422873974733,2.426474320993399,2.6052038499864367,3.541629392369008
28,2023,LSTM,2.9775365931026796,2.4637043708914352,2.3669217984652797,2.2957383268639813,1.9806062991691937,1.9624580262826443,1.9758816380827913,1.5942907998731075,1.926161480509546,1.4641515673989254,1.8238280803475266,1.94386191511175,2.1174154148530007,2.008497421524285,2.157186908359965,2.4259197843668248
28,2023,FeedForwardNN,2.929958163720596,2.330696674255218,2.2935467652571,2.204794251742973,1.9085314781124934,1.8926720287232297,2.0140258252583942,1.5235161909678867,1.860953129944702,1.3676837965598847,1.9035219003104578,2.0946300543491994,2.415377836826505,2.3653779537611213,2.4937100000320007,3.35206851310292
28,2024,HBA,3.8950095699054033,3.549624455567414,2.9451497971557514,2.9438808719524667,2.4336547550497074,2.1818877188081705,2.0658261352617737,1.9221597129436634,1.6783536463250963,1.4307083648804324,1.740851030390125,1.7385210177910795,1.7511799298095594,1.7352533773953527,1.6758894010653267,1.8252405436641546
28,2024,Alaton,3.7102618483301204,3.3547590665037403,2.833294730137806,2.8208527642389525,2.3325328183216807,2.1209741930003845,2.0166416446536926,1.8317709065055545,1.6978569423577938,1.5263257732891182,1.7227204124256676,1.7274950349229647,1.7320455606061926,1.7064029458387906,1.807791275475234,1.9351409411358302
28,2024,Benth,3.6585969114844676,3.527251911339762,3.0523009861985475,2.9852234880786472,2.438907859901227,2.220495828578162,2.0866645759523954,1.8255147336039064,1.7836717659320334,1.5595254608092128,1.7350099071441747,1.7768379196924742,1.71041797111234,1.7086845201615164,1.7196246483997928,1.9601013971108927
28,2024,XGB,3.829958066279661,3.183313085065501,2.6792386587919372,2.6784563579181655,2.235229470729743,2.0470813620294255,1.9601591213041476,1.7912202826675487,1.67078514462879,1.4634670433279307,1.6997816982913634,1.7064018306150552,1.755493621091369,1.6910222737724938,1.7261436337081515,1.9407575518827034
28,2024,WaveletFNN,3.7765671876782583,3.0897111826806767,2.6240744037066253,2.8030431022763214,2.472361834040328,2.248722379554237,2.16120083651047,2.320649264374031,1.8014434705820541,1.8690606189918548,1.9792517388140798,1.8403148955467796,1.9136102227543228,1.856527077869486,1.9722742263331006,2.091521533802552
28,2024,LSTM,3.032425117167025,2.582265550053909,2.433689437370655,2.561699858362346,2.1655204392845,2.0226068328678406,1.94588364312083,1.8973514411983456,1.7367796200345214,1.5241631080412796,1.781212564464256,1.7473410400926264,1.7456248059460902,1.7156160030464482,1.9113529733260497,2.0278434209936966
28,2024,FeedForwardNN,3.788249981158457,2.804675211332665,2.5403278402825245,2.72127166812185,2.314101350000337,2.088894066657582,2.0219035697420455,2.0878748597181493,1.6384794999720715,1.4786593367333738,1.8100986314719723,1.7660861191236041,1.8118812712522745,1.8405131915315034,1.9634683423527364,2.0109198991684103
32,2015,HBA,2.672052826323986,2.221697284175193,1.9546063000719052,2.0317092841952267,1.9849926178813158,2.07038097051193,2.462566338504568,2.015378935690726,2.2411576757731586,2.1071046507848648,2.6435184531250284,2.8469720104685408,3.2474669310780673,3.696541795561806,4.552565280791933,5.010854703539281
32,2015,Alaton,3.634365981650967,4.016067359420496,3.326557695769238,3.0310603661686115,2.889186650404971,3.112031868931778,2.921530761806096,2.451815605040704,3.5577223059853917,3.743982500337615,2.802494920312724,2.7616399186626506,2.1455310946771156,2.437628118723731,2.3597047071725816,1.8372562511849233
32,2015,Benth,2.5150855736414433,2.0659767375310683,1.8913701902806004,1.911711140972516,1.9456101316653536,2.0171047298080853,2.343700328671608,1.9998500730501068,2.1600939260935488,2.1935640916261203,2.5146148619662965,2.6450992484372318,2.972206984458843,3.3984369977313116,4.123768465485527,4.551288852092224
32,2015,XGB,2.608268226058926,2.3074887516992906,2.027901328621714,2.015675200178566,2.015792650786297,2.142426577608853,2.453920203342157,2.0036839729508795,2.3956944312539656,2.124029998180635,2.6045905897268993,2.807373992148192,3.234322540285454,3.4299689433386082,4.108245641880756,4.4891580015505825
32,2015,WaveletFNN,2.744954317349912,2.2236550650092366,3.0176245388428273,3.0161210405393786,2.646176001410378,2.5144516774443613,2.7801674220243475,2.27472746397793,2.251003029512328,2.161996391587571,2.6581305390009278,2.835938874692159,3.182765540386106,3.6509362267320182,4.432344573220149,5.17464710962021
32,2015,LSTM,2.6143920879208014,2.2443476056813205,2.0129933289823976,2.0080001591088648,2.1939576851624407,2.1583401315101423,2.182427805456116,2.374922041342484,2.0871050242055444,2.4651200967198004,2.241605960399837,2.109082327709432,2.16993013475076,2.3026021656525844,2.4098691020143392,1.7681745227902148
32,2015,FeedForwardNN,2.494002655336401,2.2350473336078935,2.2610318091759427,2.2771529327113873,2.3688960725926558,2.302342287488223,2.388706462657609,2.4767603360093697,2.1692347172793562,2.476365486793848,2.4314979469333466,2.3553979410157795,2.4970596710254527,2.7578306096880993,2.7747109153688414,2.5516127986357735
32,2016,HBA,3.1629648217928206,2.9242694604717268,2.34101929333143,2.385911644459549,2.263731959841209,2.293271345949633,2.2675310372994653,2.186444626350988,2.3523501181664823,1.7323599993571148,2.2233679040836156,2.293388743454192,2.3388305356978454,2.219810000035838,2.4228458233896664,2.096741948557823
32,2016,Alaton,3.4888956216107556,3.3533550764849562,2.9800045518219855,2.774413044998901,2.8088581914636483,3.247599703931153,3.5026918691210143,2.6377118311053116,4.125082728866161,3.1515224220849305,3.694110345464308,4.222036988983766,4.126567640298297,4.356189588572253,5.282756816041285,5.450548738023782
32,2016,Benth,2.927530932988491,2.8636993364901477,2.1899960700391667,2.243433677639821,2.194384121036327,2.2456215374725557,2.233215386239262,2.1987721720334874,2.3480963703450137,1.651105924009581,2.240057533457942,2.29825052374953,2.3571830282704784,2.2090583833806,2.443815544942974,2.108952215977775
32,2016,XGB,2.907340548355994,2.8306415538426046,2.302626766649504,2.3504506739112676,2.274946319917273,2.180091906487529,2.197513337154383,2.2472658731850426,1.9903830796280413,1.7583751355224195,2.1567013702429465,2.135745069243883,2.222217992714213,2.2756168641060706,2.446755573518011,2.1138130017619163
32,2016,WaveletFNN,2.50780118088768,3.139526290783954,2.4154324362228343,2.422782584329392,2.512108215591426,2.4652080380189605,2.5791475284261067,2.6087839949600182,2.3714076828740285,2.4797852687670954,2.6229054429272236,2.6584720421010126,2.7639453805978684,3.013973259478911,3.1660129249997984,2.7218531556653756
32,2016,LSTM,3.259330798945591,2.9474043351493315,2.371979805910996,2.3783938334192367,2.344500859079801,2.247880343875698,2.2999492378569135,2.317021912248606,2.0546393134674923,2.108682493971522,2.268439932766379,2.2530012644908117,2.267360712119922,2.4999453038330337,2.5135101421410995,2.263549481318741
32,2016,FeedForwardNN,2.07992216016969,2.2582571796879813,1.880484989569667,2.1413234650647563,2.1165237381779938,2.1718323163067073,2.3151020262644253,2.352562486786321,2.282449472564134,2.0785688149771504,2.444222168163717,2.5076315676171492,2.5500101228151113,2.8003519786074,2.954877875377309,2.95382823956868
32,2017,HBA,3.3033407849197927,3.0916440039682156,2.983223919816511,2.7968631591769944,2.877742239201449,2.532146790794699,2.43937504488788,2.772260558586386,1.8409558939811992,2.6075462179942206,2.270765869021801,2.0448961634590357,2.11993732712336,2.179107848870047,1.9618402205306322,2.047951727966181
32,2017,Alaton,4.405972867197277,3.413661730660534,2.902450874286273,2.6102592432699225,3.340530395989981,3.297193294592993,3.3878524613450853,3.7786099176936894,3.210519091799017,4.865724372422312,3.5843147689205277,3.434070926494289,3.249002945146778,3.72917194261597,4.499661108042187,4.6236929441852315
32,2017,Benth,2.9243068329886928,2.897505256376603,3.0585071179035146,2.844624912967194,2.7968966406327898,2.4502500632079522,2.415886277622169,2.5352861633620654,1.7569569083582763,2.3056421933268303,2.2036775334542593,2.0791269479842143,2.225228891273902,2.308251680448025,2.2229246999337593,2.309772800746761
32,2017,XGB,3.3643661238565543,2.8198970856587753,2.7182339662822232,2.561750448408657,2.6060650110100148,2.3946162314692248,2.3544830009658204,2.4938960557378063,1.971718672387647,2.412206067105082,2.2473139952544527,2.1434298191893606,2.26703864816667,2.2617214996145076,2.1828178735348898,2.250875862796618
32,2017,WaveletFNN,2.4348000898544635,3.3410270691831276,3.7305046199774425,3.5270279512208247,3.3504647631096596,2.8240807174557756,2.6519823246194605,2.9704249062418766,1.7713126261480088,2.684388787202953,2.294931027584522,1.9979918194338029,2.02833219839649,2.208127146467847,2.2324919686028646,2.474519745104406
32,2017,LSTM,3.249466245020607,2.65755913443986,2.211057503319539,2.379549753580349,2.372064169652559,2.333103151845474,2.3864186953654336,2.5330708359855794,2.2551811162313027,2.3679261072371904,2.47833340825252,2.3947725233587414,2.4787692890950628,2.5757830582071657,2.727089602694578,2.7752219064904935
32,2017,FeedForwardNN,2.589529454475887,2.5163618159807015,2.1746991116411873,2.264557988553237,2.314275365644583,2.224648487202219,2.2693550883201423,2.4538516196479776,2.045394730317491,2.266034383469618,2.3331358087640006,2.2342950700517155,2.3501481866360217,2.428446471082901,2.5190099436407474,2.662594415978843
32,2018,HBA,2.6463644836189664,2.930331077527088,2.711834205826812,2.9001016396010204,2.7258491136456127,2.6230058866456107,2.7480561281266307,2.7398640214644128,2.4173194326456073,2.790753830785467,2.7773810989518726,2.7126871893631925,2.864618726263036,3.1364762783804734,3.2007130874418395,3.810528865421392
32,2018,Alaton,2.835916779476622,4.485620271284412,3.96251167511563,3.7740732488599793,3.820802667215473,4.086109115628206,3.9821043495305246,3.679093659315317,4.616722012453671,5.43286089875975,4.028694510081834,4.017185472413848,3.4266994831415887,3.7544788561225726,3.9982460829903284,3.891153801110725
32,2018,Benth,2.490618812896576,2.712802859033421,2.5968789631006364,2.7406466746539526,2.5899840330608,2.588470229802253,2.708877460843241,2.583089103020964,2.585442623285157,2.8305147312573053,2.7596890375077607,2.76665825810984,2.834560671557685,3.105227975812541,3.1320275038526555,3.649571195451452
32,2018,XGB,2.2658124999322444,2.958725220458015,2.7862137390123736,2.7866985036956677,2.614933499016672,2.5043472851349944,2.6355674661185375,2.4436532590209703,2.283174857371641,2.521727158769696,2.5997764642734182,2.6047540693941422,2.777622433598745,3.0199397561882595,3.095440123962084,3.5802786988892703
32,2018,WaveletFNN,2.7378552498426396,2.705357387971347,2.7032443350110236,2.6907754220081928,2.7053778161831485,2.5431920648031556,2.6676055497180973,2.7075112973552735,2.2188205620431702,2.7119979233997205,2.6646046731395643,2.5588415930323953,2.8151503632704893,3.05469949870341,2.9876898378809,3.2686879336228984
32,2018,LSTM,2.049940053186951,2.530152639688671,2.5386605457348703,2.5310261144193853,2.539402200104036,2.339904896767129,2.5112025798977884,2.540143854473202,1.9409102900933142,2.1325066928350322,2.5153113000644636,2.496488760409718,2.810164667786133,2.951145583435276,3.0319232711535267,3.362065007956746
32,2018,FeedForwardNN,3.7915969009928063,3.3376691193823174,3.007226176554813,3.0819041439588677,2.8921879649729045,2.6072340009233583,2.779791604405946,2.777149753390995,2.0373260728242664,2.354030878567676,2.719851986613514,2.6285836527670687,3.039414716702723,3.1732341029561275,3.2837423916803123,3.702197842098037
32,2019,HBA,2.3793951024109465,2.7948075144396785,2.5495121615557097,2.5935603972438988,2.443611642423777,2.320083052756691,2.3248187870790624,2.337711123291844,2.073025873422519,2.0401625748376406,2.2637416521966847,2.235960527097294,2.2796382205412935,2.3529557800235477,2.5334704538309607,2.8303565034221254
32,2019,Alaton,4.443744474265242,3.332377435781322,2.642954163125377,2.678384945650987,2.7792818862943136,3.077877819864988,3.1122355011692995,2.9156096094632504,3.6750696870063373,4.096529118523738,3.2851222571683047,3.4173106830232505,2.952659622208242,3.2697953302166303,3.990589306422528,3.5443451279943354
32,2019,Benth,2.223012493302623,2.7234066745574492,2.6411520930148544,2.6772757700437837,2.5065709779928778,2.3837116652964765,2.3911080992493834,2.371989862970901,2.1379930399036744,2.1188140142989296,2.312418861343721,2.308980744201442,2.3216418310468163,2.416305281788103,2.6289785011849234,2.88363124338237
32,2019,XGB,2.348923086247609,2.4669898227385905,2.2375464513081766,2.3564754402882366,2.306361001609735,2.202904196898577,2.228482909547119,2.375175551911293,1.9959905874762622,1.9724109025535639,2.2245949516865635,2.1761535421240548,2.2355621409778843,2.323710766312544,2.557146991161479,2.745351513239292
32,2019,WaveletFNN,1.7261266369534831,2.3463275665190975,2.449706876742587,2.6651579229317064,2.6374929864450807,2.572425756822145,2.7062242875085794,2.8252790961475744,2.4422912975762743,2.4183109945016907,2.8056945989664275,2.8126679196372555,2.9184769765069842,3.1628311580568864,3.1876667028206143,4.2981579916790515
32,2019,LSTM,3.137019439825551,2.563946931531667,2.20454931531751,2.367853341670049,2.363348709307627,2.3927255846071174,2.354494665757721,2.5221481032977446,2.451479335206097,2.270402247394876,2.4038878784638067,2.3467250312647256,2.2206386030398817,2.2909882561680606,2.5816251250750883,2.4304360818321737
32,2019,FeedForwardNN,2.2432276885477913,2.524533411312378,2.341373057946487,2.3922179097774774,2.407819445332028,2.3654109623126067,2.452941102772747,2.474265832717569,2.2805939962737636,2.416817464595216,2.4891551470169064,2.5160950882032,2.609628782830728,2.6919911658867135,2.8933480066864394,3.439631304582424
32,2020,HBA,2.844547531215902,3.1808667878009027,2.721372092024005,2.9445440241076333,2.7368203972656824,2.666109495251637,2.580485907979938,2.7522687025073593,2.5246876912235465,2.44209250920012,2.524168979136896,2.4679876759036063,2.486246396659352,2.382369264060987,2.521328361687217,2.4875462783791447
32,2020,Alaton,2.589210105389768,2.165772052895342,2.0648694002998824,2.375533474325601,2.6685760375864276,3.0596562312754307,3.035662081447441,3.2722826748729728,3.841816618653436,3.9902887064630974,3.3698549807150573,3.418196505864459,3.053785335439584,3.0438648043268586,3.4073745530540447,4.026086012857084
32,2020,Benth,3.1075779279363442,3.3400701477924803,2.8867834286863356,2.982105020886139,2.7453969645360923,2.714059834487677,2.5877088348795647,2.60401050038585,2.6513855743908454,2.426867510762621,2.490000275971352,2.4785403549982137,2.393615109398549,2.2707828546270625,2.3860092851463026,2.5279400040449387
32,2020,XGB,2.6440418273052013,2.6499712327667595,2.3642902453153347,2.4942958041352608,2.4170279940845503,2.452618483936433,2.4032687971132183,2.4697657428537663,2.5237994636401977,2.416602721993274,2.4165443206017563,2.4192178028248223,2.3332594544551895,2.2992523283715056,2.352008895833704,2.4803065506791
32,2020,WaveletFNN,3.785036625730181,4.176904878924861,3.7684791164685807,3.812933922599402,3.355930628985729,3.089691163991983,2.8640630242512968,2.943382141502878,2.5572122340044903,2.5710397765757835,2.57174040041368,2.4148135740225802,2.2998517728418957,2.2557602262963017,2.5174389142762132,2.4462174807022277
32,2020,LSTM,2.3906236974563284,2.103604480748862,2.2450150418083945,2.3129060803151136,2.337507928831633,2.4632085914232396,2.443352241534108,2.4300008158548714,2.714609916606453,2.5808523759792052,2.49370277016402,2.5503002744560823,2.3843097181430823,2.3904663604686127,2.331274733158494,2.640296123839768
32,2020,FeedForwardNN,2.5999678296191866,2.511412558944303,2.4682238200413504,2.6522807316991655,2.581221650517315,2.5902293442322444,2.5202809585344497,2.6942194809932802,2.6082447316621016,2.5158193363134025,2.5241030353644645,2.488707539558937,2.4177677661252557,2.347412426722962,2.482021504926054,2.354974543584389
32,2021,HBA,2.2952940956475234,3.451543413629748,2.9112447930493994,2.852989715655634,2.66084638872671,2.3184992401357003,2.203323377659566,2.410447984404022,1.6338049429536807,1.8176805306435073,1.9618169399071408,1.7762266720622073,2.002685854218746,1.9203516384644748,2.1772378530899132,2.8059342182133755
32,2021,Alaton,3.1173035025167772,3.790633457532061,3.326112716086473,3.235515694157701,3.0728161019503735,2.922335639583912,3.0191660001494722,2.819519487814274,2.621374714850989,2.7464817158215262,2.91494286864279,2.976872953319895,3.2383864122568893,3.406954386533691,4.125496595689022,3.9532639540399743
32,2021,Benth,2.1079751625306544,3.4084012630622382,2.907401495433287,2.915716801037777,2.7146376481389534,2.326197819663818,2.2016872474513085,2.5218738008446198,1.549318162713547,1.6675537642762013,1.9587483576290736,1.718323676005063,1.9978904703343574,1.9024780260722256,2.192883631240091,2.7372113006942063
32,2021,XGB,2.29098770319857,3.34394895799755,2.8411104182943574,2.9573431078761487,2.745130168031734,2.3388228670785596,2.2185055979078996,2.6491499177691105,1.5262082651722109,1.8252742151210315,1.9968940731272689,1.7205398328467696,1.877876963981031,1.9097883261747237,2.1395805671534363,2.673552221191476
32,2021,WaveletFNN,2.7711734923371933,4.046836334207247,3.3773655494986863,3.0049005987389523,2.786799859062693,2.3696525059082254,2.235412645388793,2.1962341686267,1.5353577995992898,1.6758650047789616,1.8632541536767029,1.7229690955603654,2.01289614733683,1.8814434886573754,2.1177151816454947,2.522432966165765
32,2021,LSTM,2.5803581932438364,3.4374695801952773,2.9167530225582405,2.821510014782368,2.5993472076038975,2.319950011561448,2.257559214180693,2.2819413926495544,1.7611556194765494,1.9759224785229141,2.0340677197951242,1.937150502767217,1.9801532786531315,2.085394040316717,2.281953673604026,2.466869861255883
32,2021,FeedForwardNN,2.3188987802238357,3.455360819204144,3.0089185882750136,2.6696807883151794,2.5229227092032906,2.204413509747951,2.082541657103141,2.0369268301315677,1.5673951108372723,1.7868691306480673,1.7737590359031123,1.6670709217504869,1.8392796379563914,1.7675909185990981,1.9479133555620718,2.3206431529014413
32,2022,HBA,1.6911663754879336,2.1232442376819,2.2204424616331684,2.3152922040223793,2.2677542529401378,2.370670756752516,2.6074588702658805,2.3150660442471076,2.5765037643772715,2.400614593752686,2.695105742731024,2.976809451554393,3.0424812831487826,3.336530427333761,3.155702730730054,4.3532893432319435
32,2022,Alaton,4.643285287559794,3.214160870703526,2.7604210600220713,2.6813939547373384,2.949793544223179,3.467211884870386,3.4961732063308983,3.1391660284242877,4.502048566164801,4.411865729913198,3.7193811630657065,4.093082077073692,3.388202080579498,3.6472347636788993,4.213219532054937,5.877392881904614
32,2022,Benth,1.263877680257533,2.0059299637185704,2.287268333550173,2.3019828717245274,2.1921654350394117,2.4032725446678347,2.6371315573126988,2.097062536528651,2.8254867639246797,2.398663590074376,2.7266301499654473,3.1156229558935022,3.084650919362143,3.370169980256701,3.2607723264428476,4.927168964518731
32,2022,XGB,1.6750436610358301,1.7969387197877649,1.9162819070636756,1.99077658354173,1.9691673712466127,2.083277149315033,2.3973535614784227,2.0220528354295504,2.3114967054518742,2.1803763272868215,2.5166509181033843,2.8377069256054397,3.0465181720789576,3.331605764269016,3.2502105539367294,4.933122413448321
32,2022,WaveletFNN,1.6229961527888828,2.607363362523137,2.8640691945977603,2.6501980727763277,2.5603273674162437,2.54213287717332,2.7502539116846996,2.256585540234728,2.5057438966874717,2.4515909939535243,2.6928782408499057,2.958000839679735,3.1425938984864854,3.353433379726572,3.3652070860604293,5.4652445365951365
32,2022,LSTM,2.5646177413344744,2.0893678828425677,1.9112200923170461,2.005719623490642,2.0555473247524945,2.133209661314462,2.3926716853746917,2.1998745571879437,2.2885343344383977,2.4288977387055346,2.497331386581919,2.6827317447075423,3.0325944167280547,3.094250862418278,3.190807133042871,4.965189190167517
32,2022,FeedForwardNN,1.8348508431858745,1.8164864510940504,1.8942829030772663,1.9836577706669263,2.0297704790536897,2.1050990459860808,2.405138191080711,2.165258055030113,2.2557561798508634,2.345484750786686,2.508700528937445,2.752466941805562,3.0695100003424414,3.298128749845903,3.3670153214749092,5.436223028083104
32,2023,HBA,3.540325747318239,3.1700696946942055,2.9283556230225196,2.5683684226201557,2.4710813757103853,2.424164437834637,2.569880410398245,2.0138071283982515,2.3303305620831387,2.050018568390658,2.4631695968543035,2.724749281603631,3.2388089852306363,2.9604147318175844,2.9958144189581066,3.878135906457559
32,2023,Alaton,3.9790181150501085,3.294670098938958,3.1138078864793766,2.6873860950302966,2.9524491017341923,3.1738339522527985,3.0497661592371226,2.791090316989008,3.6166036532900137,3.5667971697978325,3.038506307207831,3.1581653224088795,3.1271305446578066,2.679017860827609,2.899254219352512,2.5741386412566762
32,2023,Benth,2.734754705559837,2.745437975743884,2.7018289989647126,2.374498885379881,2.2547261025647733,2.3014879968841577,2.4595827690621457,1.807623206164834,2.395011785522927,1.8131976144502833,2.3875362288688358,2.71625808790042,3.20898661124731,2.871331995905703,2.86819746474439,3.855961379295148
32,2023,XGB,3.4740465570422754,2.860733903139463,2.7394819688045233,2.4745486727991564,2.27988404686166,2.2377885825904817,2.35146417221025,1.820286124918796,2.1535976540481254,1.8548885812316491,2.219227657238924,2.461859938371792,2.838320065209587,2.6638292538910506,2.7233599372170705,3.5859765924276754
32,2023,WaveletFNN,2.5602289631170936,3.463041389315811,3.3501522052453367,3.066030533565452,3.1285355888008457,2.995747606446635,3.100674684153459,2.906918972356355,2.7301716417382127,2.7086546022097595,3.051135399004793,3.104062634726496,3.496478359034778,3.4831676829573204,3.5045775323466435,4.5779368616506755
32,2023,LSTM,2.8789473242998382,2.4468247853133085,2.4439935108898827,2.370518128858715,2.1903454535439746,2.2436549917491604,2.279583767391088,1.9366973961980667,2.350274068159532,2.208916886655223,2.2148907421343718,2.371193929304063,2.364393042912617,2.4249539379354563,2.571842776580573,2.7778238772859942
32,2023,FeedForwardNN,2.252721534361115,2.272900007963024,2.2799380635749054,2.109108918727762,2.0615555834501933,2.0707082403978494,2.1799198223884564,1.843173103325482,2.089013554293162,2.0570418858693738,2.168895484044552,2.3153308523252782,2.4798788537300926,2.5004647460789577,2.571792005955649,3.392319701938601
32,2024,HBA,4.1069618964256085,4.068889173938696,3.434312840978187,3.4287353663718583,2.8494970749147224,2.5734870343100273,2.461480180681951,2.2646813088512574,2.021466953100638,1.6765762126263004,2.1147532031039176,2.1039344044391934,2.150705689552162,2.1636127374751855,2.0228732809011705,2.21171864085225
32,2024,Alaton,5.025273989258508,3.4596531150674106,2.864329601595799,2.887611828662978,2.669582142190401,2.877799276891596,2.8997502491968286,2.4748346827850036,3.294233546293985,2.916821519197647,2.910648102225574,3.1682291677110728,2.8154188330317123,3.0098038411734485,3.5999749503948206,3.3911774233653618
32,2024,Benth,3.7616788549665703,4.01168695532965,3.5847236740282016,3.5130839495631867,2.9080901266112997,2.6568552716513563,2.51560199166011,2.2314565791943983,2.1543855617314684,1.867930148423105,2.132633760016464,2.1574167392640238,2.118003163383155,2.1390090754253603,2.023199851454287,2.2687796031358682
32,2024,XGB,4.076984541349564,3.522195743643198,2.94324529698961,3.004320918425957,2.5751267869203596,2.340115848223374,2.2720919201860212,2.207008276851109,1.8700939708294044,1.7822342891520315,2.034531794431943,1.9785214692251916,2.0592146397649,2.0626479683400007,1.9494958719781081,2.132178397843496
32,2024,WaveletFNN,4.224375719459252,4.4138149376871985,3.8802366653471,3.8872477017374245,3.2873289287251106,2.7739119839514252,2.579548588956347,2.6944211921031203,1.747078094404056,1.8832523654225712,2.091888007794844,1.9147738978290145,2.02261926614439,2.0134259181956025,2.033825566029887,2.2746828529665217
32,2024,LSTM,4.47644215140223,3.300350604392696,2.783111024218383,2.852524902436192,2.479421424515067,2.3018237749927053,2.2511707122680735,2.175731824811751,1.9466284759479817,1.8104288438413947,2.0853929536467644,2.0210687952958475,2.1275397581876825,2.0471558648714394,2.0383582364993074,2.0870459230655665
32,2024,FeedForwardNN,4.527517218697004,3.3796800891033163,2.72702803854793,2.796101260755598,2.522126040089555,2.3365608691204653,2.2862430708496517,2.3172240416311793,1.965430527182286,2.0022724523215847,2.1468089330108904,2.0235799366125495,2.0879432823392166,2.0994968112556593,1.984731775790689,2.0580776969715067
44,2015,HBA,2.937103924059479,2.361356825701121,2.0223557436500887,2.2194863970988226,2.186840449473733,2.485388512428603,2.770397983526041,2.3513251552973773,3.0824846383383417,2.929189286981879,3.0150427918789027,3.2136807173793285,3.2332843050468045,3.6825970867267164,4.520390240469408,4.654798410951189
44,2015,Alaton,2.6988205416457096,2.2175038237563047,1.9217310498479492,2.0624589820148596,2.1766241663974464,2.437605213689983,2.644353456720122,2.431517282946943,2.959567308275056,2.987554147982437,2.876937541043199,2.9979450218998727,3.033758564340577,3.2947798352707727,3.8880563737428147,3.8410667843290645
44,2015,Benth,2.7877383007571965,2.1694055741710425,1.9070318704984408,2.0564358335586785,2.1164976284107104,2.4073299245398334,2.6767380403375145,2.32596338632298,2.9889945167980807,3.035097596506242,2.9393066203900244,3.103839099630576,3.089130553291746,3.554095315878092,4.30288836773827,4.44635212415424
44,2015,XGB,2.7399086724709516,2.3741510372500008,2.054080645702147,2.169969549913937,2.2126411158433497,2.4906252186834728,2.711391755159431,2.3712015859845517,3.0465934243637194,2.851562026850056,2.915381549535886,3.096321285409841,3.2138674428146894,3.3922843884555314,4.028666889936447,4.012192278824299
44,2015,WaveletFNN,2.1498967399050057,2.077709739942273,1.9236652283300797,2.0769571916181513,2.1158109205469766,2.446355029986019,2.6585604428712664,2.3079566127638738,3.1074432488641044,2.865252412464506,2.884252023212497,3.0544551150349535,3.1641044096578708,3.3281422428527727,3.8447479231376414,3.470448130244998
44,2015,LSTM,2.499161626556783,2.1257875269953876,1.911118338560053,2.091056045890626,2.209457762404704,2.337502356974466,2.396390974841297,2.5077971862493547,2.593591546113991,2.802690792552248,2.5241951511878833,2.5076177980230723,2.309185249100033,2.6661791896065066,2.8443476381829296,2.161387181846077
44,2015,FeedForwardNN,2.432705660629232,2.145736088907521,1.8997749250703881,2.047424756566696,2.1313360452707784,2.3156729364698805,2.363749881136756,2.362897165471168,2.684346718868085,2.791349664511843,2.4936389410436304,2.5000232555914708,2.2610683416617463,2.5833122457525097,2.820643044530185,2.2753341665559645
44,2016,HBA,3.7726746035767773,3.428414575957315,2.8199893672443097,2.8397070417977046,2.6180422239441516,2.5795416445680504,2.522834531269118,2.4160950806439936,2.5025404858158486,2.152941336575395,2.4175964167005835,2.4492922034855913,2.399128580306569,2.3745657689063484,2.499082365551116,1.9383236271578665
44,2016,Alaton,3.034467563543878,3.018303341477599,2.4949424661023247,2.608169512454542,2.642037814538282,2.516785723225239,2.5371698790333626,2.7891331629742386,2.266281540599152,2.4124392359738707,2.5559126997953285,2.4517719617238294,2.488285620239817,2.6426991490226084,2.837648386096564,2.519198839371567
44,2016,Benth,3.205066979703913,3.2043496472923674,2.515337128888777,2.604311962187568,2.529615339305446,2.5164940241809988,2.470847328564023,2.5438935497221156,2.490251393932104,2.1771314663188215,2.4508775767062474,2.438140148520601,2.392127375919129,2.366784151486194,2.5537754293236268,2.122011781083684
44,2016,XGB,3.271692916935108,3.112392349313877,2.7052815573295397,2.7603575887435765,2.679819878358523,2.5035555754816667,2.517194237266858,2.6543581993875063,2.151026969727955,2.3580950954862985,2.4602308532159483,2.3728055891956292,2.4003478506668463,2.6056841339218915,2.760271700401601,2.4244368203320223
44,2016,WaveletFNN,2.66688298218582,2.892179583748087,2.8188456460874627,2.928031026979315,2.8772418991783337,2.7039322032258757,2.7031103407600745,2.9356381522692048,2.35731281132096,2.5646443443354485,2.680611988495406,2.570609502879463,2.5955819545651035,2.720555382929039,2.915741218009645,2.614512628175483
44,2016,LSTM,3.3884107998734216,2.9916075264580573,2.665973128857111,2.6886733521387187,2.608127608891741,2.4709725914671714,2.448802280147791,2.550282088926371,2.196662556618032,2.4270486770090187,2.378325254909845,2.308983252239985,2.2692095973098647,2.4414448151980013,2.570241483631313,2.368232003685171
44,2016,FeedForwardNN,3.1649390523736676,2.904745874605637,2.487278805527064,2.512345531064493,2.401267907799838,2.300584059714473,2.3638297464390825,2.315257010072611,2.0992163635437437,2.327324399621941,2.316088209636946,2.320435619646197,2.2976629606268184,2.596633289249273,2.7860194299310845,1.997543189703799
44,2017,HBA,3.691471925828309,3.409953024676136,3.154809988515467,3.058139861424954,3.058332658808182,2.814066552408686,2.7105769409614746,2.9618553291008967,2.3255343396096944,2.861790519403108,2.568972498825927,2.3831026558482233,2.3550036984292304,2.419199671913324,2.2593688068235944,2.2355615713089114
44,2017,Alaton,3.3795482221387636,3.0326158548765254,2.9319186206505696,2.9866912048955023,2.835852470947568,2.7059616313403274,2.6643168551538223,2.739786321244567,2.4461799521258456,2.5083665634598202,2.5831280723775114,2.4962975678669426,2.5286467616150814,2.5735134628826417,2.5958681401772763,2.395584436364641
44,2017,Benth,3.1443686185816078,3.180643968112116,3.2643591060240276,3.1862843576195052,3.036048470077824,2.8023048156228687,2.7215107823608813,2.8077378341316197,2.334817506712959,2.6413723370601696,2.5355738903713743,2.4203718161322696,2.3954214031292342,2.4935779663730635,2.440128040504034,2.3746030014929405
44,2017,XGB,4.1050788112209515,3.2015473220321216,2.834408551126769,2.900179961605804,2.814481847128117,2.7509668687668896,2.6817072610874484,2.794555143129466,2.623936912044434,2.672811381272633,2.647879990005997,2.553292770984216,2.582473297294857,2.515930265276101,2.495862128730381,2.3342294252291484
44,2017,WaveletFNN,4.0084962790051675,3.2380656487528428,2.7202537040549846,2.7852630243247214,2.741459390389654,2.771819044255693,2.6657862421859093,2.7626650767243226,2.832538351987772,2.710894945238739,2.6816575619576457,2.5974637562813756,2.53191112621746,2.386377285247889,2.4244300646970474,2.128982237879825
44,2017,LSTM,2.812335459156143,2.533113392147339,2.315664991849622,2.325905606521427,2.2983244391401803,2.4246615215380993,2.4129306923588927,2.2809838864307386,2.677335686333938,2.609070068397849,2.463775930493502,2.46441800659717,2.4462033725389203,2.4110788708208464,2.426112636885969,2.236748887681945
44,2017,FeedForwardNN,3.0246151196636437,2.6590397824189433,2.2798203692261887,2.1979716328114325,2.2035347799977316,2.3090050293241497,2.2727041830310992,2.127249190769275,2.5199455279769856,2.4587201712897064,2.297471276961042,2.2850934192095567,2.2296667016568126,2.1894047555335585,2.0786012741402913,1.940474949199608
44,2018,HBA,4.4855359773328525,3.871978743372753,3.5833438936256647,3.5951379186689087,3.3125262594080307,3.1348723023001726,3.146315182689304,3.041708625190396,2.7795643880844563,3.041196548887675,3.0188786420387386,2.947578819035978,3.0637602687373677,3.230607991059942,3.3071354839956246,3.9814493088667415
44,2018,Alaton,2.902199915155313,3.164539917915529,3.074255357466664,3.007534484715606,2.75863896470393,2.7080002140888877,2.770204152922317,2.443022571941196,2.6067227128588035,2.6094938066366917,2.6805833248066695,2.7664593798251604,2.8254070627185826,2.979139443963612,3.0387976528995173,3.7447802108344375
44,2018,Benth,3.366336678193089,3.149350609086869,3.0512845987224213,3.1039974532040158,2.906556584040221,2.9460368971863504,2.9729580983002513,2.7618285693580207,3.02499752347861,3.0502307920727016,2.9623941008797594,3.009163305028023,2.9702626257806393,3.11029394327828,3.1340777021392747,3.933943050137553
44,2018,XGB,3.5415287109947164,3.7334681296356114,3.477244295399138,3.2897666917149992,2.9991991711140358,2.7952856608278482,2.8353148731622713,2.5211540468289355,2.3874586402554723,2.539125191861132,2.6325207233484247,2.6581765341648613,2.7864657040328575,2.9736875390993185,3.0546098257524017,3.8132722257952962
44,2018,WaveletFNN,3.1452252265771232,3.8739180598307597,3.773986038535141,3.5472425453931655,3.1306429378779628,2.8510998439308652,2.868858914859119,2.487299837220784,2.292013656036671,2.3522921383591475,2.5715557221614116,2.590376574241828,2.7541240060708447,2.8575869032243695,3.030441492803235,3.505960929875947
44,2018,LSTM,1.8437966718006122,2.3864297664985563,2.7970474445289426,2.6988530091545804,2.6293505817674654,2.466988213918271,2.5926951546959818,2.461653719005988,2.1422634782198817,2.20446564070097,2.5273194256456497,2.60275829506702,2.764892450681169,2.9270289508447886,3.0769279497163984,3.584394838415029
44,2018,FeedForwardNN,2.0282789087174984,2.567771019000449,2.913628641826361,2.769920108516597,2.671209988944686,2.5595843268391683,2.6622033348070184,2.4287913360630107,2.336333002628134,2.2882918608673677,2.583691230723179,2.703377695217381,2.803704773832797,2.9113620560106743,3.026401036475228,3.3055767678077976
44,2019,HBA,2.4076926648087356,2.8657118571363767,2.6563084345713897,2.6465236301275277,2.6680583614756537,2.628376941328405,2.6937655742633746,2.6798082883799172,2.5490141010339085,2.5598131433364775,2.7035969381746354,2.704837303447298,2.7526916959528567,2.9171812555728627,3.0709556484431935,3.5007036074641866
44,2019,Alaton,2.270497478023204,2.5435607153137156,2.426630910166008,2.5389567673773,2.741384267012347,2.6216317186293687,2.6600043519860312,3.056137623858686,2.3821266218634114,2.5826479287645316,2.725752592706248,2.591301224046532,2.647193687825625,2.8276610034236365,3.1341521623911404,3.4118155691190952
44,2019,Benth,2.1473781931640685,2.697463072437945,2.6682585066462394,2.6929532047308933,2.7303367810422867,2.680175791609271,2.742101316077937,2.792415055438334,2.5798538127432398,2.6296373957820838,2.759270623399904,2.746422842945655,2.769547303543293,2.959692683285063,3.154887925125531,3.6451979637557543
44,2019,XGB,2.206389943404575,2.34473239612655,2.2146395008027766,2.386100383715689,2.5606239972390816,2.492852247686726,2.5620068205051765,2.906608493675386,2.3573087485820143,2.453644743068862,2.662999474105786,2.5721967027401673,2.6583789860186218,2.8234371742374558,3.0911113299172626,3.435828142568418
44,2019,WaveletFNN,3.0114071074795996,3.1739423664431934,2.873252517944217,2.8875778939195462,2.911463602507569,2.767102584709051,2.7085579172790366,2.949674687070922,2.4783805491120137,2.809877299327742,2.6399713022294233,2.475968252495158,2.4464690070187687,2.5778266002651247,2.897045146890775,3.49743392156238
44,2019,LSTM,2.6568709124860717,2.16068559329148,2.087349259356363,2.31516013133349,2.360670081539351,2.412528665087804,2.460520803210991,2.6339909037223395,2.516245832184708,2.5811286137571177,2.5700625539830826,2.5715498673509667,2.513110008655864,2.678475085601113,3.0227203201800648,3.0502241449698775
44,2019,FeedForwardNN,2.7182998314883657,2.123777995532081,2.2066394656734545,2.3950906336575155,2.4149330933395157,2.480892148104021,2.5300916286257205,2.623226721005577,2.6128102576330314,2.580827079522857,2.6170754570629216,2.65752440095375,2.6090763784656867,2.7494704522784206,3.072969349874732,3.236343604068893
44,2020,HBA,3.0986365964452074,3.746877411970714,3.314558266186868,3.494822322698702,3.0153102315261138,2.8735266924384946,2.7934135914992386,2.7160621968653595,2.5899596142632553,2.172129104721913,2.617951954834652,2.615264751174942,2.767356404520366,2.585658755441898,2.6796576680226947,2.617982254640355
44,2020,Alaton,2.831072982156604,3.340686516366208,3.0574189323364243,3.085781387469796,2.931281390849652,2.821084840464516,2.751744803305544,2.80514384936288,2.600691739694245,2.4714105165209066,2.6532664236413788,2.6082951043955074,2.697098417764487,2.5605911137362365,2.639652456197302,2.592268033008513
44,2020,Benth,3.2201693075872067,3.906070744152883,3.5222862213419237,3.5441208611999184,3.11906642782324,3.025597999368208,2.8957463891480404,2.7158466343045555,2.8386611424581445,2.3800063089324435,2.701334604633128,2.7207682717651407,2.7582196889449775,2.557556983477382,2.6880135233599307,2.68561180459445
44,2020,XGB,2.6052971440406285,3.0108155519034785,2.8127227810429485,2.8974324365078292,2.7452624882731715,2.653994116820978,2.632627414228139,2.6778021955033955,2.471457373916591,2.329099243288175,2.56880447120797,2.5518136447610344,2.6691932608447755,2.571267526748652,2.6290371187397623,2.567743734956619
44,2020,WaveletFNN,2.698730240171736,2.9599386696041146,2.8832198564831426,2.989909992355641,2.8895413521147337,2.7965326342862684,2.7327171535223616,2.8958628477463253,2.6105151986293387,2.5629921238473914,2.679342083543545,2.6121864930082386,2.6463350026121324,2.5107899962054985,2.377655210646833,2.256880743242085
44,2020,LSTM,2.830037945233836,2.540352427239476,2.673950015026423,2.6503392286164273,2.5753275621809752,2.572736883800303,2.571614296919368,2.476705109335528,2.5675555270389583,2.107121475295864,2.514526595386664,2.6056803671504327,2.6204410629680437,2.56947709602571,2.6558639830184423,2.542832507742317
44,2020,FeedForwardNN,2.7371342396891993,2.593635582500289,2.6323227328786065,2.5518890802679217,2.42735487752957,2.549498867840098,2.588099250155641,2.2223870221805333,2.793786848461154,2.1302290605488157,2.545610101454638,2.7644646421684924,2.694847148066224,2.6815914469372077,2.8061314937487984,2.314290017415232
44,2021,HBA,2.3609229387378323,3.8398181230318067,3.3529751458680046,3.115204041716218,2.9760108876953004,2.6111006046847,2.4785179946448643,2.5990466295225967,1.8812800386634985,2.265105209341573,2.1814618023161385,2.0001620363694768,2.076269933667315,2.12147032020856,2.1882143018769544,2.705011984474518
44,2021,Alaton,2.52775505197742,3.743258271451124,3.2607564605183237,3.320684714839542,3.2624232896429652,2.8244354808779075,2.751049261165133,3.264090118767608,1.9484598633477914,2.5062262620840867,2.5709730184278783,2.2366558344283494,2.3259539891019827,2.557170285733402,2.744131404391178,2.72705881324806
44,2021,Benth,2.447896332755654,3.9113958788896896,3.376164636327722,3.2237827254539555,3.090204715333779,2.6352981176630004,2.5250703787504993,2.804244794339836,1.7254849223214423,2.155163489589501,2.2304196689724467,1.9754758832868484,2.165688871462892,2.2362562071365426,2.3781596300244208,2.698386076846722
44,2021,XGB,2.6251658344470075,3.6418224263761574,3.24628833885273,3.3134584727949603,3.200450497941801,2.8510122083129037,2.743670232262603,3.1546126570308717,2.1521356290551092,2.585997400285903,2.5648730404655273,2.284020924009341,2.196923547122971,2.440614289966498,2.555514042998417,2.661301759855088
44,2021,WaveletFNN,3.3196007452384766,4.172856893248055,3.751324862879027,3.7545161157611773,3.454413715050561,2.9556639471098873,2.7853902360445204,3.157502567222095,1.9581644112285415,2.5494071260069733,2.4358020839320482,2.1100460358452127,2.138565491522109,2.3368521549747383,2.4788698656692314,2.8475289388392033
44,2021,LSTM,2.9454728922106197,3.6007215958750156,3.3004283028431844,3.0575915170672667,2.766186177628724,2.463682196541267,2.437526103089696,2.231944052414264,1.8586742343663536,2.067965128334362,2.1416147694379393,2.090719757512294,2.14820776057438,2.343145559446789,2.349000576425912,2.7295201132472133
44,2021,FeedForwardNN,2.6039052356149512,3.444447073086774,3.378713091817483,3.170965517372045,2.8736062413424572,2.564596898296106,2.442728375245277,2.368499390867432,1.946578212203402,2.149673303118878,2.1160129044812788,1.9808618418562989,2.06272428136817,2.0648255946178224,2.1798292117751097,2.6992913405287937
44,2022,HBA,2.173414038407005,2.528779282969631,2.417560323319969,2.4294205520340246,2.5652324152380186,2.5562606097097866,2.9027284470122097,2.7129045071560687,2.5383169986533227,2.6387962865425556,3.017547251118671,3.298602389672894,3.6345593580273676,3.971539509766507,3.724501331501547,4.99006263701769
44,2022,Alaton,1.8430917966738802,2.1942403314792713,2.2394819314244256,2.244533788271916,2.24350353735811,2.319598579935309,2.6310060669362088,2.247525143291794,2.4717886650897083,2.3532377826237165,2.7063062633446955,3.053683372448537,3.361512537363714,3.5493726980532543,3.40560033360431,5.525727632989093
44,2022,Benth,1.6777486183365287,2.381367370849036,2.5332970055520554,2.4393058346657974,2.467315961154483,2.614232329470045,2.918209836051055,2.40133491675691,2.9080650661011704,2.702745384241722,3.0128857781628255,3.4216515249563706,3.575515507384197,3.85711802940244,3.6139507199446266,5.420301597005366
44,2022,XGB,2.177515487569336,2.210907227938849,2.1661690682291845,2.191367922691688,2.251010095012703,2.2204698247009556,2.580284788271879,2.335851121796223,2.15938928407746,2.2509649872212645,2.655856246289444,2.943894266423127,3.4198834351579075,3.634506534167668,3.456858581906384,5.40845278618963
44,2022,WaveletFNN,2.7135687745384702,2.733456382967691,2.8579612792044102,2.866197763718114,2.782102342628914,2.550930144841073,2.751623716962545,2.7062434060534177,2.0885857492653908,2.31666375161615,2.652468032075487,2.7718210779714103,3.144778027911119,3.3439363524162125,3.1445696172167876,4.624403768584727
44,2022,LSTM,1.8815255553628931,1.8509323612668103,1.9635537544860155,2.0858493756137855,2.1290106025402395,2.095414524168175,2.3219689420256238,2.2944674505944636,2.028222367424047,2.1494351453738942,2.3839768754304327,2.5194149379083233,2.94353330316904,2.9425589971310564,3.227611626801456,5.010148882616472
44,2022,FeedForwardNN,2.7891943723399937,2.397916672537344,2.359649405455076,2.5134209932317693,2.397553295303359,2.2883154404204356,2.4276287616909284,2.435457185151642,2.069839730654588,2.1194973181996923,2.35900724667555,2.4722791562830952,2.8190336211406097,2.7695400874562255,3.1747414537207495,4.684396169011316
44,2023,HBA,4.115232766105356,3.589388227696239,3.340403602253344,2.9167692935169325,2.7766958239107358,2.81435441888701,2.9173915608102257,2.2129880455681286,2.889671608839559,2.3716685570371876,2.786617589745176,3.1193425191188062,3.4263217830268093,3.1480541861986007,3.1001819418994088,4.020990700568527
44,2023,Alaton,2.599990931185607,2.705373226290794,2.800406372346447,2.6000313009712435,2.304522975355832,2.448962359071487,2.5536796325149016,1.8086395783652165,2.7378411265027958,1.840936224738912,2.465470831212006,2.8409679524989544,3.0266451256848295,2.8139358254356024,2.84566551141028,3.7321660393240936
44,2023,Benth,2.428517791218696,2.773601729498105,2.9507141746650523,2.617864596842834,2.458350160784733,2.617317747308803,2.7755392653293565,1.965986146904414,2.9352529203569437,2.0767203906809706,2.7257903418055247,3.1525270937941237,3.453082074637418,3.1600949657726796,3.1149500133333956,4.142031574722278
44,2023,XGB,3.9260530762035217,3.316833688144952,3.1507155216802087,2.875177361190016,2.544280441264112,2.5872110104140913,2.6700412042092765,1.9378453608480155,2.673072148714048,2.0828046478453626,2.50259651805168,2.8367945317885797,2.992337911370545,2.8804034628539252,2.8883616583043366,3.7829800887250142
44,2023,WaveletFNN,2.2927456468397764,2.609473093293966,2.7030359949033764,2.6964234278372943,2.4862002201985467,2.596095106861398,2.7136507290838523,2.269364445493716,2.8158848801871015,2.346933839628624,2.718894911124823,2.947966408989768,3.095998841025109,2.954174020251384,3.0790797823067484,4.057639211030894
44,2023,LSTM,3.864538561302136,3.2553881053872815,3.034083110099404,2.872233062660457,2.3644948001996124,2.3969667035754547,2.4288067904729127,1.6949064902998197,2.46191051032714,1.7621725798344967,2.204030567637181,2.4587304240585626,2.491749121193733,2.6011010039667877,2.7917668070551778,3.07629464575949
44,2023,FeedForwardNN,3.5049124476462166,3.0550962842305274,2.804522735059742,2.8250444828480776,2.4018520543708504,2.4523787642838264,2.4491263268419936,1.999181373681959,2.5534321841097776,1.8997557547654178,2.30936752076509,2.4670994020836607,2.3853245731539374,2.5118972499641683,2.60172682667237,2.8822801982050392
44,2024,HBA,4.26531920987488,4.504062264851985,3.875350753735257,3.9451924191032948,3.18701327159098,2.8977502597917777,2.7818125273298553,2.498675789446702,2.319224236193373,1.788141358513726,2.402701839372333,2.3969400228715663,2.459694318160168,2.466381703272586,2.1192692984732315,2.0294697808846807
44,2024,Alaton,3.9317254974127307,4.003679331966958,3.490004208340493,3.625232232129362,3.109497590342987,2.8197938307572854,2.6911639445616538,2.7289909723454815,2.2403863115858815,2.2002966396070605,2.4202199784454277,2.2575394191830163,2.301767000374896,2.2893380960745358,2.1510426796301574,1.987767601825569
44,2024,Benth,3.922482348577977,4.4904003611135375,4.093794982406489,4.093436255260113,3.3120785150838263,3.0465515943370503,2.875064554058422,2.530362047761163,2.515497752843499,2.071420094100919,2.4488329712523105,2.455334982430097,2.4079276743827362,2.3994606445258033,2.0608381705058503,1.9836186655424504
44,2024,XGB,4.153961131442666,3.8071567079982875,3.2203270739569985,3.3883985957617195,2.865900696169547,2.622203879044092,2.5461368185379687,2.511474318382095,2.1348102447931825,1.9551697303103301,2.3199353273093295,2.2072027289512284,2.2945022943987614,2.2840113896362073,2.066739301410204,1.9595849237757492
44,2024,WaveletFNN,4.702651371706107,4.941501290056209,4.263464087813203,4.584292592307065,3.772604529039632,3.3871482002276934,3.1144238123471975,3.2817449702660615,2.6162355426038153,2.3974993573637677,2.6668176974179856,2.4707361261113787,2.3158721554206525,2.349796856452371,2.2069319556549387,2.323281702394317
44,2024,LSTM,3.65819860445867,2.689558240034683,2.5010156216616406,2.830785567776572,2.502750055364456,2.4654569640968225,2.4486343093531633,2.5044844890672713,2.390870781561554,2.1114647050377497,2.4431472033441657,2.376701939209109,2.3640664224512586,2.3435908097367775,2.5479719914976235,1.9639959225170822
44,2024,FeedForwardNN,4.483510806111487,3.141611786155996,2.8015538996324265,3.0441500304093796,2.6218277559507572,2.5485743940413386,2.548563328511825,2.442101612269089,2.402067670222501,1.9118510043156496,2.479002938430986,2.47453870451414,2.494605454027181,2.496607496261037,2.6916822105867224,2.155662199655819
52,2015,HBA,2.8946227513227516,2.50032882771164,2.2716322843180485,2.367710599922839,2.109298343805115,2.173269702258475,2.4397878257048635,1.9469644032921813,2.3012124191651973,1.8636154467960024,2.52144580148932,2.6982850088183428,3.0227542328042327,3.2718111699000594,3.9593496472663143,4.071985361552028
52,2015,Alaton,3.0441014856954505,2.477091699835838,2.231375309728959,2.2203793373416616,2.0632062296958065,2.1195994994113847,2.317696077853677,1.895037149662654,2.2323860388425407,1.9589488933732366,2.3712532077317174,2.5127119394197894,2.797832705026656,2.9385953978375716,3.3809066491776245,3.4859517111894673
52,2015,Benth,3.1727564042111025,2.487416321051047,2.2571487404338493,2.29779988177706,2.075992863365459,2.11218274252448,2.334950044388872,1.8948369862970689,2.184562500842522,1.935361594464501,2.384380442256494,2.523302147752174,2.793651053421384,3.051881704040091,3.6299190432294783,3.7766105754475845
52,2015,XGB,2.5815351645500857,2.478683031289913,2.245455289673207,2.250137996697883,2.0523655160898273,2.1672056955146783,2.39685329739147,1.8592757425064472,2.396886054364379,1.8561486623769266,2.474193531837126,2.6895415792774657,3.041985868382629,3.0976123700437466,3.5870679067400317,3.6386934080786477
52,2015,WaveletFNN,3.0745537602736297,3.059002310899123,2.715142558135599,2.4918243476236626,2.3805064535457796,2.384321607132971,2.51853396480731,2.0458703489559604,2.391951914307355,2.268138944039715,2.4838714349436497,2.6268493295404065,2.8792395636651102,3.0067554331646207,3.5102795357336336,3.2793953953974317
52,2015,LSTM,3.0491966845874585,2.647097800739985,2.355819185378519,2.2690425337932187,2.2295932192718544,2.1602609603724665,2.162927711529433,2.1033672531651892,2.0215964425736916,2.211441267927444,2.114979815894057,2.0519210351066586,2.0937213870677582,2.2160946847308516,2.4644820845889175,1.9959388605357533
52,2015,FeedForwardNN,3.285355284925754,2.4309459012097596,2.3011849696011377,2.3025088623907695,2.2276389919157813,2.184885090675383,2.1966701361970205,2.1540930142304253,2.099377288194586,2.0949525948621814,2.1738037251933635,2.132788954143244,2.199787528539155,2.3026238909903762,2.488381642508697,2.46713978676454
52,2016,HBA,2.737235507246377,2.5593325047219504,2.1897591525613556,2.220099913506593,2.0952570204950782,2.1477754753227676,2.175792026783755,2.0007548884288013,2.2528123849781463,1.7979941195077063,2.167885989379649,2.268817172762825,2.2043087258454106,2.261513975155279,2.4753356193926845,2.6121108523119387
52,2016,Alaton,2.3008380954445404,2.4408520374295635,2.046156990754363,2.1655756726377033,2.134782851754598,2.162842464580895,2.197799364481464,2.223408712754833,2.2189616902334888,1.9471184274609272,2.258812634542912,2.2670147234301985,2.2216049538600564,2.3081381182819647,2.387291827194073,2.481420928497978
52,2016,Benth,2.43783146213974,2.55391033233046,2.063328523993127,2.1339078885461484,2.0532227886383727,2.1541698964843543,2.158169105294957,2.0431170532836185,2.3560641121763175,1.8245558287168124,2.1980138893671666,2.277297571559143,2.183008470750456,2.1778024203880912,2.32693524019917,2.4752284810365213
52,2016,XGB,2.4233762272550328,2.4686753882385455,2.156940373741929,2.21520801838613,2.116025093276301,2.1022342734026456,2.1392391397252717,2.075109812810673,2.074652633655335,1.868094723105563,2.140905301522332,2.163272250188552,2.123603835205767,2.251767878537573,2.346968914261863,2.528012649874742
52,2016,WaveletFNN,3.3181443066212406,3.280129868448305,2.736257740771191,2.619349130528252,2.3347655176138917,2.4225660386163885,2.414187960701329,1.9332732944565922,2.5981670806213826,1.9279706133303314,2.3189081959929743,2.4790777764525593,2.366311788534513,2.412802389589042,2.805908438798078,2.6925772322604704
52,2016,LSTM,2.6894562191164644,2.5539553116519045,2.1836953051461245,2.2092542270341387,2.1277687576094935,2.087204667941808,2.1387336177249963,2.0718422100728615,2.006076488606439,2.005459412565617,2.1282907637356128,2.134441915552064,2.116529226278797,2.2890529223494513,2.399670381218368,2.643472008945679
52,2016,FeedForwardNN,2.3921465896328358,2.358734667881642,1.9746735025210735,2.0673782594349834,2.0470872057788387,2.0602232246932672,2.147089853779703,2.1195009090366046,2.086495262522123,2.140691143566536,2.215453259425973,2.237283819721957,2.196535703735256,2.393725604422472,2.410917438574849,2.450197712692351
52,2017,HBA,3.556051840594394,3.171824009081334,2.9631993028008177,2.7669017672897387,2.7978657566013543,2.6081735067649685,2.536076849225678,2.6325322104018913,2.2287890070921987,2.7496602780592143,2.40683783631656,2.294661446020489,2.2755042532083762,2.3749680006754477,2.3081581391421815,2.1947707700101318
52,2017,Alaton,3.0837710690224984,2.8937023307327507,2.805872018591374,2.677428272643065,2.6229122091980654,2.4985450769062685,2.480260382712753,2.4399523998047576,2.2498108123226745,2.4592482544130343,2.3953569911156136,2.3502545851641585,2.373311619079255,2.471360494582185,2.532543233826618,2.253589344611044
52,2017,Benth,3.051833238915202,3.0108228645937603,2.9899942397096306,2.8106781201081734,2.7593562485944574,2.5664546076610293,2.5308179286607784,2.528718257479285,2.18065132579417,2.5414377238366166,2.3941693599046014,2.3198795728447874,2.331825451834418,2.4598823580528846,2.457598474704932,2.244177074249077
52,2017,XGB,3.4691749399989917,2.9503438899964385,2.760589219437191,2.6029267489512105,2.620654058298958,2.537489041092967,2.4910775344194964,2.480718897160726,2.371159006680986,2.6671876692743264,2.423078435464342,2.3755858624211212,2.363545482465727,2.400306930204094,2.3692203728517,2.176080762973953
52,2017,WaveletFNN,3.117667412618466,3.1012011519608627,3.2794397887718945,3.0154518479464434,3.005665640500014,2.8020177181134276,2.796793159091486,2.7318914922281334,2.3947218733402558,2.8067793602133233,2.6450807313211566,2.614283951337926,2.7013237506929064,2.820163495964991,2.494172394310834,2.5152527550561583
52,2017,LSTM,3.1853371675750273,2.691053096892304,2.3348205821604244,2.5026297152593746,2.4613757526068047,2.48700679346449,2.5406280717649357,2.5879309230531855,2.53826887517986,2.6301997066878506,2.6438823257697783,2.6044762279751104,2.5560485978985623,2.7320211904567535,2.751334900483283,2.556777062958188
52,2017,FeedForwardNN,3.231255464470028,2.8116448924695394,2.451658959144352,2.559282244352683,2.5601647862422925,2.599582352105514,2.6917099442714165,2.6686706133402325,2.678417483831957,2.6992603950863368,2.8117122163284503,2.8063163503425725,2.8443752457490477,3.0117358336914033,3.070638719558363,3.0000692332739782
52,2018,HBA,2.9513739252645506,3.2473138930224867,2.8594534060846564,2.845745674189815,2.6940576182208993,2.5321767131466784,2.6113672041476406,2.5286618303571426,2.2084149029982365,2.562489610890653,2.5459411651234563,2.4679167493386247,2.598231326471561,2.846389605379189,2.9959637070105813,3.3362825727513226
52,2018,Alaton,2.4804372133390067,2.905422354270367,2.646893980394712,2.5740259171048487,2.418614449780376,2.3336016841820384,2.4312180349026855,2.19033491916604,2.1635761529853643,2.2759515372294685,2.381328386172897,2.3931688344870476,2.4903624117193943,2.712104548925485,2.8365799559465317,3.0742274541173082
52,2018,Benth,2.718006757886464,2.916837831145098,2.7004684143738524,2.666931817660917,2.5243268868238515,2.477580788890938,2.5517060085232557,2.348185359273851,2.3840885930251092,2.5496381713725613,2.524683430584061,2.5197057303246395,2.5661515187073993,2.7819606620719317,2.9151738870040145,3.2374760890282266
52,2018,XGB,2.54913559678244,3.2205018854336265,2.7965713794573985,2.6984802114136044,2.525019354872019,2.3504487591509333,2.4496845637540274,2.2534673302866386,2.0013075677087633,2.200291472512662,2.3569213464027783,2.3298346887672317,2.490567706752837,2.7277965435828877,2.902434330805087,3.210954170729811
52,2018,WaveletFNN,2.8912952363404902,3.0079470579602807,2.819177660499352,3.014850294281199,3.2396320689328344,3.7213982703532915,3.829764666976102,3.6600864773663164,4.684930673194203,4.161731349906268,4.202413772822666,4.39115488549925,4.373603397394796,4.245408262035278,4.352742896241186,4.38034011730286
52,2018,LSTM,1.931420211029794,2.8030256615593654,2.5804047300250237,2.5125313040913815,2.4023161063251837,2.2273548871975866,2.356757874090871,2.2242274826253436,1.877432448942393,1.8001236559046132,2.303034191691169,2.3246747368865996,2.4949268870212866,2.701487798813524,2.850899539347665,3.043416573232308
52,2018,FeedForwardNN,2.915391392291701,3.1299396557757704,2.7900042768602376,2.6838376397704526,2.483441370772077,2.2490671081311735,2.418097954793147,2.1768784646839174,1.780318582849365,1.809051006158349,2.3137291955932167,2.3538960474049913,2.656827638586855,2.84130742914282,3.0068169956702686,3.292133021507744
52,2019,HBA,1.9895440152251376,2.1165234487432754,2.030288051780692,2.0178044640865713,2.1251295296156454,2.1680950319454695,2.238571206186109,2.2199710074505994,2.254026036605118,2.33137908973113,2.3042029343483423,2.3488707415505883,2.450692612163913,2.5185465797430084,2.906551344347262,3.2983631762228702
52,2019,Alaton,1.9264732858627773,2.037312666104621,1.9543763259514015,2.0714835801648044,2.2935098475196147,2.2205021574922412,2.269000281864618,2.632643369087828,2.0744867774374938,2.385522930908561,2.3621528669038807,2.2567421924367417,2.358596302758609,2.4801574013817644,2.9584609356098257,3.1043709320369404
52,2019,Benth,1.900381208057685,2.1672658706744894,2.1157878655601436,2.1460797569173757,2.2791429415049604,2.2664965159177486,2.3244964091054126,2.4424980174497786,2.241203664743323,2.465308875041698,2.3878095646953343,2.370348091773526,2.4427227127076567,2.5623528629145693,2.9723244716499617,3.2831950731276267
52,2019,XGB,2.010984695489652,1.943046937552019,1.8303915453048925,1.962762502211127,2.1506541558093293,2.1039349795971867,2.177223256662989,2.470916766313766,2.0104966271729006,2.2624835223576536,2.279223504950986,2.2179900597498072,2.3437568774961464,2.461695414149028,2.903819401598638,3.1784808325805014
52,2019,WaveletFNN,2.3617404897672563,2.4993038811312376,2.5489558890216775,2.5243434618666187,2.4468358841523066,2.4768698518843886,2.572155071597151,2.3447158792829352,2.536937787348553,2.5145366309928168,2.580592398042496,2.690760215639943,2.7145041686451123,2.8996843745111374,2.8991817738363617,3.6895202157001625
52,2019,LSTM,2.854765394768714,2.39429322869261,2.0838668889725036,2.1980863149843417,2.3252254529712646,2.2755514267696038,2.2799763993378783,2.5665840169700256,2.176203374366281,2.3772317937966516,2.3283771245961824,2.2604035711903845,2.283536763459443,2.3675245573433696,2.726464856956383,2.745899816507165
52,2019,FeedForwardNN,1.7337564512055967,1.8223239129834075,1.7377877209236376,1.9338932792449512,2.1264722028116045,2.150363572918964,2.227314121256298,2.5151566846995714,2.198146313133683,2.4317686129383906,2.3677020523694403,2.357334164939908,2.4043434609422216,2.5261819191830464,3.0256692507564154,2.9188509326923957
52,2020,HBA,2.788508373015873,2.8466940751408094,2.5221006929510157,2.731383108998976,2.7359225290151903,2.581924168373442,2.529025780779833,2.9497443650793644,2.2739274470899464,2.479405582010582,2.5323497839506177,2.3531531018518517,2.527016676587302,2.381454933862434,2.3228056349206345,2.3556598015873016
52,2020,Alaton,2.789877975167073,2.835458561213106,2.561576601964563,2.5937145252629663,2.6980156266641946,2.5537868972900384,2.5017857165152324,2.8344546513638256,2.265329438541725,2.5681405080010458,2.4929097602206607,2.326412238172037,2.461979150203126,2.360929665987323,2.287753362412656,2.390970302747436
52,2020,Benth,3.0053643689000915,3.163941639847218,2.825414560762135,2.861885078631685,2.8544672658145473,2.6745148089448456,2.585541188371695,2.8835199708669603,2.3146098952054426,2.532100041072631,2.518758442855982,2.3481333909747035,2.4925834879061037,2.343550124548211,2.316240004689727,2.4176719626223613
52,2020,XGB,2.548068894667573,2.476287790697797,2.2681285600692096,2.441198616085305,2.5919810387064115,2.476565840993834,2.445770999868859,2.915833517343614,2.2457354455686787,2.5570693100795965,2.515118615127404,2.3195071069926243,2.445988890700306,2.3661270887902552,2.3035668195828993,2.3421464247348482
52,2020,WaveletFNN,2.6113459069190212,2.455062461944476,2.3819734855717005,2.5878177215243263,2.6703179512047877,2.632296845630892,2.552448879126728,2.9586624168378743,2.556254634483101,2.8060206354821884,2.6154364146970845,2.4132878305214445,2.4232732282924636,2.306015731319538,2.2287538844118795,2.148786891680747
52,2020,LSTM,2.5129211149485644,2.186958572258193,2.38896873976367,2.34234623279769,2.51940526340901,2.457597454348278,2.452194890215309,2.64984178705435,2.333981836226814,2.550527572477102,2.456991742154333,2.3960532863312998,2.4882821831218664,2.4378825930527706,2.4057820550088116,2.4474824676511564
52,2020,FeedForwardNN,2.45520441409289,2.183712471282928,2.105565707818867,2.2282699457842514,2.4580362263672626,2.4030853424139624,2.347221258435448,2.8105067449156587,2.293183574507361,2.618947940746803,2.423296700746987,2.260221632036907,2.3066366209902345,2.183299163967708,2.072394021751307,2.128130140290394
52,2021,HBA,3.252680516651105,3.532694048409294,3.0828823223444477,2.9889202521069196,2.863777256721555,2.5355948258836714,2.4039111879840407,2.644672191098662,1.8792299642079056,2.3854966023446416,2.1668157917487987,1.995934361707646,2.011751692343604,2.0517763123768025,2.306888830532212,2.4045576174914407
52,2021,Alaton,3.1298596141886446,3.4638433064547556,3.032675095942156,3.062278509667507,3.001438711266611,2.6203897664104487,2.552365965912978,2.9702023265910675,1.8582918766981227,2.45513110491437,2.3718611570408865,2.143759494263679,2.245278019928555,2.387099113842144,2.771620323143142,2.4107806296767396
52,2021,Benth,3.0767326075988177,3.5448404655804615,3.0775336273585725,3.044997373278489,2.9324475699708477,2.552785088107519,2.4519912350397743,2.7873615125831224,1.7934601243808623,2.2531224281604603,2.2232722820023643,2.022830828959232,2.1627520826866395,2.210411198608832,2.568427254234293,2.3638400239969757
52,2021,XGB,3.3630792507108014,3.436284890104241,3.0452042743482877,3.0637073126394423,2.958279027570226,2.644126138585484,2.5418704910804704,2.871353780792165,2.0158203606160003,2.5949873969896675,2.353712351865264,2.1595350561291764,2.103232799356737,2.2589894217174264,2.5397122817733977,2.2963099126700226
52,2021,WaveletFNN,3.0818937233036876,3.5324464308408086,3.053806974346884,2.987986471952752,2.7645022483495034,2.48300574930308,2.321892965578639,2.4751975223521234,1.9200127512102316,2.162535625772359,2.0627708654402537,1.931489112611164,1.9862799114358576,1.9247325702114908,2.05165022542282,2.29838612422291
52,2021,LSTM,3.346526092689602,3.3374495827519977,2.9587556164482476,2.9627410387111457,2.8599784900641314,2.554766771261476,2.423739905164382,2.7612013636800143,1.9443433336561646,2.4924392531360833,2.225918705696205,2.0223481976180167,1.970285931761179,2.0544230437004387,2.317432854184778,2.1820212233391483
52,2021,FeedForwardNN,3.03292443926997,3.4127471940105627,2.999846787456895,2.97661500612757,2.8319954034989245,2.435517466863605,2.3178489028236453,2.664144019540954,1.642561593592966,2.123057434023772,2.072115148352996,1.8463879579610571,1.9881987225280437,2.0295613134962878,2.27890465763527,2.219311185258483
52,2022,HBA,2.809921550671551,2.439246043192919,2.331052892246642,2.414489903846154,2.570257965761091,2.6794145112603447,2.8960194960861054,2.8094630392755393,2.8977276022588523,3.1542647283272283,3.053493284493285,3.248433016636142,3.255254426129426,3.5628678393365893,3.523458276098901,4.669387248168499
52,2022,Alaton,2.3754818822064796,2.211935175528572,2.2294092689565717,2.236715744814852,2.261669944910184,2.490474295121264,2.708810803660625,2.2939306208637955,2.9480829955434262,2.9770650590661387,2.8323157772716443,3.1622212873111253,3.1363652891827463,3.362910715135514,3.4263091523998535,5.161534054130214
52,2022,Benth,2.295990312474827,2.325226894353834,2.423401170879352,2.4250787132570513,2.4450256795701564,2.7000777329170624,2.898773385665185,2.4666501882609606,3.2101818396108754,3.192107971219065,3.030208510563306,3.378020194024083,3.247396454547073,3.509653382253625,3.497049943626855,5.101682093478482
52,2022,XGB,2.7613502620038886,2.1909308282274087,2.127156603167072,2.1962146847090818,2.2843442513906784,2.394683509045523,2.65368538972663,2.4415318996142856,2.615362024355213,2.823104878827409,2.790414296397345,3.0218739086239816,3.1692492173691287,3.4227917312114235,3.444678111447014,4.974086825674115
52,2022,WaveletFNN,2.374044518456928,2.1991422177566537,2.1338748468992383,2.150929413989157,2.1891715196187373,2.2439755403989676,2.634492670731394,2.244468192338237,2.353583581959428,2.5719308804418057,2.7730466418170687,3.0644919529986163,3.4438230240805012,3.8147946689928203,3.720778191236134,5.769745514133533
52,2022,LSTM,2.8868582279786557,2.19992797484438,2.001607334757577,2.075566572080581,2.2228559612539307,2.2881891757633412,2.5243905168514056,2.4441045877502843,2.4188556047821628,2.7045224122205167,2.62750647172703,2.750674922427922,3.1116060691937615,3.194370282705852,3.479044616284638,5.352157559417882
52,2022,FeedForwardNN,2.2842034499094437,2.1085676124907917,2.0628678775778164,2.1215368175769043,2.1895396741169497,2.269322030631453,2.5281303481157913,2.316211470656083,2.4288867436604606,2.5533944602171426,2.634174439615426,2.8018393827065022,3.153031638598534,3.252245762951545,3.5542748492535283,5.4874814266927165
52,2023,HBA,3.849559336627733,2.9998422091535297,2.7574559521540656,2.407970099410548,2.5236129965422425,2.5124756338467034,2.6211249590204746,2.2897700409304185,2.490200908455626,2.276485150244585,2.601629255266048,2.76074475267046,3.187121518418688,2.884518867924528,3.054467580113807,3.7299432839173408
52,2023,Alaton,2.7950238748066125,2.4474748257832264,2.4422271841726233,2.1622093616014526,2.1580213145555565,2.255836025275359,2.3251795589295203,1.873815444938489,2.4514654467149644,1.968263234612205,2.291227084090699,2.5183664995534154,2.823158392220955,2.4730405233110018,2.64197832831968,3.2708229327757055
52,2023,Benth,2.7616411843930986,2.5180952394392953,2.5878895238208153,2.2558983281126634,2.335623492011016,2.412807287771211,2.503242436806452,2.0833574602012166,2.5671748792916,2.122502628495462,2.4878350643986478,2.7050164748905585,3.0966787419756163,2.6946515955761923,2.812130788372471,3.561884392252055
52,2023,XGB,3.6756640751920666,2.855583494567902,2.6725770906949404,2.33503021582851,2.3163439278648563,2.3535872154262156,2.4123432919211205,1.960110765034772,2.4280737905489342,2.150118800310221,2.331774072138044,2.5332552373999535,2.7853663194648854,2.5475434774525882,2.7055134221417347,3.3569584702733675
52,2023,WaveletFNN,2.990318184791543,2.605486311200705,2.9693659979083407,2.6306978112742647,2.6326014188750806,2.586606835202682,2.708287345213513,2.29583683984182,2.4946176678578853,2.235792375268446,2.637862080159058,2.8297523477307527,3.263478707433299,2.97040066260298,3.026732643138312,3.6866000657202593
52,2023,LSTM,3.202200100140927,2.6105980012281376,2.4507853074110746,2.4244259901460348,2.231583839504613,2.352385377531774,2.332506952801969,2.0123823715981515,2.5939884535860944,2.142811880067566,2.2790328005573164,2.422716234037771,2.387493796676396,2.322490701184663,2.546991164562011,2.7250821504800142
52,2023,FeedForwardNN,2.7833120568839878,2.547563064375609,2.418589372499626,2.300499821994547,2.197348847971426,2.3371134035265912,2.3754945490027977,1.9761083234432262,2.6166425146369225,2.309451870756853,2.3481245413702982,2.5106877222475736,2.501574731256192,2.521449629039676,2.809360349095849,3.2191830803394903
52,2024,HBA,4.210519363609642,3.789556355951723,3.1512692235837276,3.027135550477331,2.487157233289022,2.2994412419457677,2.263659215068385,1.8230452429943171,1.9240092592592593,1.5765319664903,1.9443960415441897,2.061773007299627,2.1264236111111114,2.138868043307858,2.2627782554379774,2.164065659905938
52,2024,Alaton,3.878742256818407,3.5517540790981355,3.0111354575590243,2.964514918833861,2.582919214878483,2.3887056533246223,2.2957315261665237,2.154702972197941,2.0002785302169017,1.9607562009233537,2.051674748232759,2.0087562020017975,2.0294238424240736,1.9951630406410539,2.198528717556026,2.244203966394097
52,2024,Benth,3.8982002513020713,3.8286941413521753,3.2657037944091023,3.1225274909891985,2.5944375705388327,2.3536637597894137,2.282084318128721,1.923171346668563,1.872116138290576,1.7299151494073353,1.9371756375850804,1.9872087155617046,2.009677394105737,2.0691297753862092,2.180541174104295,2.260909257778776
52,2024,XGB,3.965841086148609,3.259335520222001,2.8057094993105736,2.7675591495576386,2.3952387913365785,2.3236419598570643,2.254294899085487,1.9847680833625836,2.180448296898034,1.8881901675246906,2.064663887043281,2.106606276904712,2.1240120402424485,2.0073073601267994,2.1826237980662766,2.2625940078888847
52,2024,WaveletFNN,4.488273660450694,3.293564595909389,2.7505688514188362,2.9446852210306247,2.643894351407678,2.5625272301796542,2.474955072589524,2.5372198513965194,2.3997929877236053,2.2897057965966785,2.355038002722788,2.284414331588297,2.2723432580953697,2.218410548846486,2.3582241774036063,2.3432889092595395
52,2024,LSTM,4.024880567525298,2.928418518290532,2.7756037380503495,2.8014755174198864,2.407367130578667,2.297772458565915,2.25865112873379,2.039130523106984,2.0785831145404123,1.8389151220307436,2.08981161634995,2.099718273745982,2.126512722509995,2.1207329056421713,2.315433993861022,2.5316286442671245
52,2024,FeedForwardNN,3.8674063047398826,2.801580306848586,2.6467428985911754,2.714072934328664,2.3566906715582365,2.2942750980695945,2.230984105278795,2.0666384445252977,2.1694439510923105,2.086619362799325,2.0903324509957035,2.0878494939792662,1.9618900245025936,2.0519037255224757,2.2388137062065563,2.233745861550082
53,2015,HBA,2.0917682547904772,2.028745598847434,1.8679553517482421,1.9583175240149695,1.7539859473180406,1.7937712673476012,2.0453417029278493,1.6400165428878393,1.8733419074067221,1.508266355832097,2.122806967666536,2.29552646013109,2.6099294941169933,2.854822225956485,3.516145056127001,4.0870091783730675
53,2015,Alaton,2.3398114665207266,2.087040504328831,1.8867545640314294,1.8752218349622356,1.7875785940640476,1.8148644668207756,1.9632696003595218,1.6884026240966663,1.8694362123342307,1.6865236879388068,2.006831793002524,2.107516547146987,2.3603893933311144,2.451403498362737,2.7934329746632596,3.3303243337040103
53,2015,Benth,2.4378905670567774,2.0545784051667266,1.8569568042388886,1.8930849257998112,1.7335313328400683,1.7361746095723776,1.9410155104439706,1.6101058614412478,1.741461163036996,1.5303537104393075,1.9868217309326985,2.1057884253856747,2.3995533518519574,2.6193357898599743,3.132432251162988,3.741713655635067
53,2015,XGB,1.9941333190715433,2.0676578377819883,1.8828363536730326,1.898756392413868,1.746924636126555,1.8425072139455814,2.039706481003989,1.6110129185800774,2.033672369583634,1.6181885296029581,2.112120158883433,2.3035701311326466,2.576533561932807,2.6759861723310836,3.153180292621451,3.666071730599111
53,2015,WaveletFNN,1.6637449060011098,1.7817537996920552,1.7943244456632739,1.8560203753661422,1.75921424883229,1.773891839590913,1.991748743832371,1.7241040520013058,1.8032470211081595,1.6128010717777572,2.073452742733867,2.1799276448476395,2.5039651908036964,2.6896152939655584,3.174445442314116,3.610903373653477
53,2015,LSTM,1.8838603933970406,1.5529478820378677,1.6221431874394656,1.691260573542625,1.535273261597302,1.528443288148928,1.5046989306692737,1.4484033357551385,1.5147833412521805,1.4160079587666972,1.4668031662471481,1.4318603350932895,1.376294733065984,1.4755282204687297,1.5066986527909456,1.3688890452136462
53,2015,FeedForwardNN,3.2220520331220284,2.569019866248155,2.4066426220096653,2.2826892321620575,2.0087133502100447,1.8959799573074283,1.858506699070437,1.6107840784104237,1.6705131715021957,1.51611805672013,1.6903722119447964,1.6444254674285992,1.642148613382142,1.7448562464456514,1.78006169486929,1.9169681390242124
53,2016,HBA,2.033187385279777,1.974154288577343,1.7478327051247058,1.8013895421112598,1.6729264512431945,1.660083279359659,1.73986988308356,1.5980201973616832,1.6343969355925876,1.353416414067682,1.743646963465502,1.8232805138366732,1.9121174304258544,2.009484885049197,2.206145206494391,2.5938139661264663
53,2016,Alaton,1.8025723621086234,1.9428219808965523,1.7062174244757513,1.8190493574504454,1.6998175139056069,1.672504924675586,1.7918551129830975,1.6934176033354624,1.6178797462155443,1.4496644544916506,1.839164741779915,1.8909549981750076,2.0221124713437937,2.1836641647056387,2.3218020922610445,2.435555044787983
53,2016,Benth,1.908693255304301,2.0359612679116044,1.680719199552893,1.7513276424096733,1.6177614335440982,1.6422392305831353,1.736042870675347,1.5548036675353034,1.6911948246612096,1.3281820500977306,1.7709226983728188,1.871875084021652,1.9656405989723074,2.052556434119324,2.2462247791410417,2.490125130996993
53,2016,XGB,1.7686696932562602,1.9061167619965171,1.77810164720492,1.8543201573983314,1.7163662757821911,1.6803028562270486,1.78742413356295,1.6546309043594625,1.6081760171167632,1.5282988846379317,1.8087603377226416,1.8588245817464282,1.9525102532148906,2.141095801151797,2.2590511054502285,2.474232142365812
53,2016,WaveletFNN,2.0925892033356592,2.164735179580575,1.89567987407976,1.9753698311303618,1.8666811851806964,1.850519068880139,1.9425558472397502,1.8376824962816336,1.8181948362790232,1.8215884560978335,1.9775487543973562,1.9891210229862417,2.0368837805948425,2.234813953909109,2.5267692050744217,2.444765378474969
53,2016,LSTM,1.7742477417822686,1.8549150748391023,1.5924908868111778,1.7089696833869128,1.6053129786190836,1.5872822900185646,1.6457617222009167,1.6181350704269895,1.5512209128175272,1.445180429136863,1.6689028572635616,1.6976472428130036,1.7004416312496786,1.8548585396647639,2.0852653903002425,2.338925979457333
53,2016,FeedForwardNN,2.2822525733221632,2.084649201733092,1.7693466179667656,1.8480700149694242,1.684339365667556,1.6446093100712986,1.7306394604402837,1.599332113368346,1.565149198878784,1.4678135870979523,1.7265794384835014,1.785943387868956,1.8126619933248544,2.021526149619034,2.117785570468297,2.3744711235646663
53,2017,HBA,2.81496646783083,2.593811986617815,2.4416038180647965,2.233577800520608,2.1991905505491425,2.1380842634170008,2.0171053775709087,1.9567772830334889,2.015871689152718,2.1989511608696004,1.8852059692671395,1.8590851104175574,1.7805276180921126,1.7262832988524477,1.6575879690640332,1.6418452330766158
53,2017,Alaton,2.627215889451397,2.3985627076943845,2.308018259629347,2.1640458309587935,2.095175558145317,2.0810260357693253,2.0083302326894064,1.882332856661286,2.0527269910173422,2.079590849101003,1.9300448240912524,1.9370688892835681,1.9176279904128255,1.861892629306772,1.905393866204541,1.724949231073268
53,2017,Benth,2.5409722890054565,2.484524212788628,2.4774529773538303,2.278443951164392,2.198098244594514,2.094654700018447,2.0139110083535656,1.9187435118351968,1.8877676108663137,2.0607247888722546,1.8730871028755942,1.8524936860269008,1.844432190345967,1.8337219918494172,1.8246970636863908,1.764047321740791
53,2017,XGB,2.882350472886957,2.4111038710760315,2.2628432098616784,2.098357605172458,2.068913260037129,2.1181187493400997,2.017997032220545,1.8749833102125797,2.2165297279460408,2.2148119159038595,1.9560004806701259,1.9825671678012258,1.9004564495118608,1.7896077392427536,1.7651943734635396,1.70997574103378
53,2017,WaveletFNN,3.34958510493046,2.7035798587552033,2.595395655982829,2.277635990739685,2.2259686023339795,2.141380726767738,2.077966751570845,1.8565415486851309,1.9722049756352535,2.1868811000160493,1.9379058998282719,1.947264423859057,1.9246622273810303,1.874554601425365,1.7164666222944323,1.7888532138970628
53,2017,LSTM,2.522218630856747,2.3334392274363744,2.092308483792587,1.953473298950596,1.9304183377820923,1.9048469378054067,1.8306400926320283,1.7685281917715971,1.8537041378520362,2.002637826287162,1.7664771968113608,1.7173076569316117,1.6434496627158062,1.6608091520084938,1.6370329903690621,1.6092143167489703
53,2017,FeedForwardNN,2.1654410924699343,2.128210813212699,1.8858230812958152,1.7928489901395537,1.861958904025812,1.8449914743608664,1.7957284880726148,1.8380947267558092,1.8110566150309748,1.9895214798878695,1.7803465258289315,1.7263387949943296,1.6657686077232563,1.6840059399390634,1.668493769728671,1.7607221178524874
53,2018,HBA,2.2570981976164273,2.639104184077882,2.414509556717716,2.330822511145298,2.223556280499336,2.033362020731755,2.093885783011382,2.032603004280956,1.6529735011965914,1.8599596819718345,1.99164111603203,1.925628411165737,2.104944080875721,2.263024743003909,2.3974743941436647,2.6941011934631733
53,2018,Alaton,2.085117550155489,2.4829543884176157,2.299866501994676,2.165879805640618,2.0593827513191467,1.908862374360898,1.9813543272182126,1.8188990006436183,1.6078216204443985,1.6336490005253956,1.8823155304730788,1.8733326097519079,2.0451596828670304,2.174952729929272,2.2448501023458447,2.3712048293535344
53,2018,Benth,2.2801137261289313,2.4758119561492857,2.2649155446965676,2.174720289063303,2.097019128106096,1.972489677233868,2.0369019662091907,1.9291227115156238,1.723430775489412,1.8587100706025714,1.9674809815549865,1.9368328102519354,2.0712878825235777,2.2220086415898086,2.329890477366656,2.5801400224550926
53,2018,XGB,1.9753931317785043,2.6651906933545724,2.4392961042660612,2.2679425206903465,2.1297991522128643,1.9475210306562607,2.0078840899533428,1.820302200159667,1.582964787543054,1.5601756995378337,1.871994909668646,1.8638578932577843,2.069021099199997,2.1600360653416537,2.25777600638018,2.4312324340107607
53,2018,WaveletFNN,2.477699503859275,2.664028871915949,2.3691142937202248,2.316435224418292,2.3501511064160083,2.2300978785966565,2.2140333348660564,2.331187919111791,1.989991422957955,2.3737157404723717,2.1696264812820765,2.0538102459950247,2.112830096901256,2.216285214469425,2.269134209144747,2.1673551213798214
53,2018,LSTM,2.104628564855314,2.2824978278900803,2.271062807520213,2.1549183602910804,2.0278372661982895,1.8186953658294627,1.8930864586891156,1.7846117248763653,1.4004115650918092,1.362560885791313,1.772337586044439,1.773348466433925,1.9799448908070478,2.101636718643882,2.1612694436599993,2.2135724666290844
53,2018,FeedForwardNN,2.0749266952788714,2.278530861932653,2.2314627546266554,2.101440265810387,2.0390524780032537,1.8660980698904672,1.905764626662893,1.8466422013798514,1.5201892536648958,1.4795391281329477,1.7999719980176332,1.7841889003195326,1.972320084261658,1.9976907901995222,2.003380033750257,1.7903503064249713
53,2019,HBA,1.588586083512104,1.9963505357270206,1.8205901856523996,1.8581050341006744,1.791311314557983,1.7114182484435214,1.6910729717694,1.7620324434635661,1.5516321162145994,1.5516620713627516,1.6380432422515756,1.6061204254614116,1.6789151720586672,1.6742622965344054,1.9143105951116157,2.044425293055395
53,2019,Alaton,1.5388182901975183,1.9376630723237924,1.7702090093071803,1.872397825415312,1.9260806298474114,1.7663701741901499,1.75357975041918,2.0819522503876424,1.4469492628756266,1.6719239142652715,1.727676472472017,1.600116766353616,1.6914402442829548,1.7658009594994692,2.016779055146094,1.8741808045752069
53,2019,Benth,1.5521155350287354,2.085277984988447,1.9613735103318874,1.9982864896960848,1.942589688760127,1.7995347385370497,1.7738436510260822,1.9238058671883664,1.5134248380908957,1.6692246398716406,1.696229015309845,1.622328513069619,1.6913758183771601,1.7384632304525307,1.9934815377011972,2.0331286556855175
53,2019,XGB,1.5370537084229434,1.7057422739201513,1.5367883016121768,1.6994126729351497,1.77297158453725,1.685207872882949,1.6779932240851843,2.0091548674623234,1.509680449574346,1.6144466494480127,1.702777976335351,1.6010065110899676,1.6622561974299876,1.705737729424734,1.9293555110990335,1.8707019296039802
53,2019,WaveletFNN,1.7040336245742718,2.0221089427130647,2.005516797539738,2.0129323656268996,1.8902784974721019,1.7762173133947874,1.7739810926531272,1.7750401974044652,1.5480949452401587,1.5840414304902926,1.6815088859162541,1.677630610092073,1.8296337444474546,1.7937850893462939,1.8732319695228477,1.8058200152602681
53,2019,LSTM,1.6898443308660103,1.5445983245646522,1.4057579205881792,1.6384264803787771,1.6457617671872309,1.5521506787396557,1.547108442995098,1.8857656137862828,1.3649285018445056,1.5020999141209148,1.565752148285416,1.4592048203587855,1.513135196671317,1.5719845394768404,1.692007095087825,1.7509443301235197
53,2019,FeedForwardNN,1.807788315637678,1.9425040055972898,1.7814845160819581,1.915698702247729,1.856103180522293,1.6912091117474919,1.6716498702833962,1.9307218449626282,1.3614209741978895,1.5350845386427352,1.6175019900704206,1.5117390020915464,1.6004262156105526,1.661294542920307,1.7518050132411003,1.7009127085590434
53,2020,HBA,2.0028642445517444,2.171725468777041,1.8798281138524955,2.0911412751533116,2.183219678480619,2.022246738382088,2.0095021576954983,2.486611243108743,1.7003008581850247,1.9376504607121274,2.0515603416439525,1.8623884130992463,2.078166783748659,1.9329261121594452,1.8625676830576834,1.667957625615126
53,2020,Alaton,1.8832381224921524,2.0617960670131925,1.831113442183225,1.9524714311725744,2.1278578472090803,1.9914249696950441,1.9640356923014999,2.4246022522349358,1.7185592146669717,2.039289346954602,2.0123233291086566,1.8152639995764819,1.9838213799565807,1.8361783374611125,1.6304530405348363,1.7744383900860299
53,2020,Benth,2.0250883326314844,2.3169380258940877,2.024921669138411,2.142635373890654,2.2265636394661077,2.03751811493105,1.991777619612074,2.428205609793804,1.659427065860935,1.9207103010307671,1.9868708315917865,1.7848910808944538,1.9814402017492154,1.8238095383826627,1.7019901221584528,1.7286775851593748
53,2020,XGB,1.7852048634159339,1.7843210326421617,1.6200280458759713,1.8240022237365456,2.037689391776162,1.9490828631226071,1.9445185317624245,2.4553507376763526,1.7718698058154965,2.0783314775197024,2.0562720883788472,1.8628865033308115,2.006373691951241,1.8836743815411605,1.733625751284366,1.7434439762063443
53,2020,WaveletFNN,1.6112575514984795,1.5542430091662773,1.493896830471734,1.702540707742526,1.9523915789320863,1.966346937146281,1.9866102999166324,2.410886327392439,1.9942576535746697,2.237862496908976,2.156762780237069,2.024942613805901,2.154864570488969,1.9763437965090898,1.8159306399501127,1.9131105887742488
53,2020,LSTM,1.9525729051156848,1.6995225989698528,1.7001718879339742,1.7706727207241748,1.9659818720506779,1.853374964239451,1.7895878072554097,2.2317918561673817,1.6281611486169971,1.7038649393219651,1.808679025469657,1.639814929157038,1.7540946615339361,1.59186485680014,1.5396104924520493,1.8513854590900674
53,2020,FeedForwardNN,1.6930740480155675,1.6603793835644793,1.5059450926410525,1.547418818422465,1.7565417835253743,1.7024212467702948,1.6914502480172338,2.0071384744096963,1.594180173260136,1.7158844853070174,1.7554112613659059,1.6471756851721309,1.8407404660688103,1.6688923593637064,1.626110374433903,1.7712007967139973
53,2021,HBA,2.536188101568003,2.8975822316952065,2.531714591945137,2.466647739253246,2.3874364944157374,2.0989410138239624,1.962510590742095,2.243158396886338,1.521950052640412,2.0218503878716296,1.7657209098796791,1.574309326324849,1.5304414486883853,1.5969978770321909,1.7427379773458207,2.179661322609852
53,2021,Alaton,2.251646355274107,2.7013880729020077,2.383722048733623,2.502880452284994,2.5045584431543855,2.1763115002623334,2.0520249490879214,2.625394837575148,1.519817614478229,2.119722674068517,1.925380832705204,1.631139915660511,1.6153469864517471,1.7137722806577695,1.9157579516519665,2.0627082677762596
53,2021,Benth,2.2771326467115105,2.7871126806156648,2.4389134521651252,2.490041418656462,2.427742918169573,2.097305696664066,1.966331504375224,2.4165723841740214,1.4364312536530504,1.9329637457045936,1.7928592398148753,1.5417115524165543,1.5688073941031448,1.6242415541436657,1.8012649774993628,2.08746193530057
53,2021,XGB,2.520191542446314,2.7813103718740195,2.45924836341138,2.5288298722364897,2.471134056310497,2.1904446296188027,2.034014467457839,2.4830197492096135,1.629065776235414,2.1779183687516013,1.876620737021376,1.626423259910554,1.5067985600865346,1.5967547190980016,1.749249780774793,2.004383271088902
53,2021,WaveletFNN,2.5797303257547766,2.9386992376359236,2.5561400890529384,2.5822611098828996,2.568705924478778,2.335006275753851,2.204917431571845,2.5812717599046175,1.8676069783039961,2.3998504475241726,2.0806754867596617,1.8419532177460627,1.7930164520088665,1.8741526480523367,2.170693232472404,2.3501716802523873
53,2021,LSTM,2.213237777433945,2.5306868782849117,2.3174390626958523,2.3706349870858126,2.247779039960126,2.0024055504570963,1.9068916520796515,2.178119017224399,1.5116585714510364,1.9182992491028301,1.7539723403945526,1.5932162929109603,1.5892979594606793,1.596544231820202,1.6795961386247005,1.9239021595668035
53,2021,FeedForwardNN,2.3793438688711714,2.627365754435732,2.3989142382347937,2.421969781983373,2.1887792092239167,1.9278513709286855,1.8738889078523935,1.9786441802130392,1.4059956943382237,1.7410498925397804,1.6785131545925764,1.589713125032476,1.6428122428163026,1.6883707471179232,1.7464887421377044,2.2307744342577576
53,2022,HBA,2.1761396794978523,2.037863345762144,1.9907247255178346,2.0384965746370796,1.9791964360485195,2.071074750208244,2.260481162778212,1.9676681465792045,2.2548313785276926,2.321430334800527,2.3266490898603616,2.532671189743305,2.580902424476343,2.8375085592233025,3.058827189548343,4.02748163615231
53,2022,Alaton,1.877809200530696,1.8801772212180645,1.904409352135894,1.8942924219582509,1.785442484822709,1.952115998395872,2.1250254195144587,1.6664756175095246,2.285463025542197,2.222712721449292,2.1696337800837515,2.441044703536309,2.4611982840696167,2.6404192110969333,2.948840196367858,4.43961149783336
53,2022,Benth,1.8430442157909217,2.03485791570443,2.094478416959821,2.066769841967711,1.9242734382292295,2.1037923309245286,2.267780849155781,1.7540684594986378,2.4628301163151267,2.354316550298535,2.3040831125959063,2.603427540554302,2.557757159009267,2.7686742087523655,3.0249723508810624,4.389356562210387
53,2022,XGB,2.0648723621471277,1.7822035415666124,1.798168442111401,1.840387497716435,1.7726973613975676,1.8772394660060576,2.089288212364286,1.7472262806837338,2.086323675223038,2.1354734986632904,2.156719333202988,2.3764526630749567,2.5006291944472268,2.7178511124304854,2.9882358644152447,4.29291902566095
53,2022,WaveletFNN,2.5245137098207704,1.9614826804071537,1.8146904890703135,1.9061104505946258,1.862859859526995,1.8583834032137694,2.086300446252895,1.9110292299836762,1.8494304905873182,2.1079332411436114,2.1372458598892123,2.2717506365826163,2.506202734505239,2.7705459481616383,3.0154440996573744,4.5616328465657885
53,2022,LSTM,1.871081450538779,1.598293532712058,1.627270842250015,1.6995182114648242,1.6940450461788057,1.8496156240302075,1.9262174231662426,1.7608192501075965,2.1607567797330107,2.167759519190092,1.986382401810068,2.1096763703928776,2.0789486356916225,2.1366378679981812,2.5508763422742504,3.8441987338890837
53,2022,FeedForwardNN,2.0436187433839925,1.9411410874061727,1.9182503793858678,1.8916739851900337,1.8554332321544895,1.9282792630705827,1.9877958753973606,1.7926160849231116,2.073971324902769,2.1139970317846166,1.9810902130550139,2.077002062416317,2.1152185021811554,2.143023115627563,2.5001120742847474,3.8395061645798143
53,2023,HBA,2.8563240540905634,2.342663250846891,2.2350062703771254,1.9697099515871492,1.922836023081592,1.920165461520212,1.99563836579966,1.6106657757860587,1.914824338397452,1.6078887485098177,1.9416380062499035,2.101760792142868,2.4661866151188088,2.185713430350223,2.303175102762367,2.8586925674779446
53,2023,Alaton,2.169454293777892,1.9407662887593886,1.9849315167857862,1.76437208420692,1.6503664382693364,1.7203397932438815,1.7819370472568976,1.3158013597528868,1.8602865031929714,1.3894894679694736,1.7246839522498676,1.9319969992391905,2.2264607681026574,1.937147636005703,2.0720065345983096,2.5352780946899633
53,2023,Benth,2.132739220491856,1.9937950126189026,2.110096579168387,1.8553712364208248,1.7904157835799297,1.8241401044296948,1.9054896546479285,1.4707349879914722,1.891588746129225,1.4537795036183039,1.8517794817201905,2.0503302601822067,2.43759045070996,2.1024961348574727,2.212189916325713,2.8070621624421506
53,2023,XGB,2.6802047379475886,2.186463086897157,2.1271661588049744,1.8719455727745289,1.735912954511625,1.7894530505475574,1.8404431190507544,1.3446597502182758,1.8965332426194221,1.514654164988935,1.7568076681169962,1.9602757516040852,2.197524145999462,1.974175760788169,2.099344160940951,2.57388917604711
53,2023,WaveletFNN,3.232343143874331,2.5564794817336085,2.522850242067471,2.2416191697581325,1.9530334504990485,1.9586521116388722,1.9452835328584388,1.3832166589306263,1.9698894339185198,1.5798210240936852,1.754174529875189,1.8958063121921174,2.0906204252855374,1.9164648110440168,2.053053669633275,2.262306250805385
53,2023,LSTM,2.4692321531608514,2.0343578639434954,1.8710542073451046,1.7970164228364247,1.549273032535637,1.5987146855212053,1.6418624553484864,1.2274918577261695,1.6975979914923427,1.11589225317911,1.5497670614770167,1.708908206316686,1.891312743523898,1.7636692075780351,1.872637379909539,2.111594860496172
53,2023,FeedForwardNN,2.3903735950520875,1.959386218059009,1.8272901618894395,1.6928713772362303,1.4416533486680667,1.4957648668576395,1.606197173840587,1.0560165354466937,1.6039879032367852,1.0555238225936652,1.536907347479274,1.753980583421787,1.9785095499451415,1.9236856391543855,2.1160325531880093,2.5647164672571607
53,2024,HBA,3.68071398774408,3.3735352048877303,2.7969783773862336,2.5968380589078404,2.170847685748759,1.935174866218226,1.8977905738201746,1.5447169941112842,1.4638292271571594,1.317906691730766,1.5809757399569646,1.6468879848146825,1.7647617863318097,1.7891864258855006,1.979930622618123,1.9292025665521038
53,2024,Alaton,3.5321108886823267,3.2386919145109343,2.7154043926439693,2.5583528935654387,2.201303886213171,1.9783941773867477,1.8902206273138982,1.6872033797823733,1.532574759733901,1.5573404194118716,1.613704841889941,1.5848436807000552,1.6561882623761184,1.609017867555239,1.7756112517831644,1.900169998628455
53,2024,Benth,3.49599513606963,3.4264610241229554,2.901583152238333,2.6740978971084477,2.221100575743032,1.9528679542125786,1.8770808695610843,1.5406179992477314,1.416402711151672,1.36961952036331,1.5241096326697874,1.5527424999358155,1.6324448756713268,1.6591758701919364,1.8518355000285842,1.9635919377203805
53,2024,XGB,3.603164960317991,3.013305744553401,2.542075564981308,2.394817196844704,2.068111402945836,1.9488789679912737,1.8767635241194613,1.5941472409103634,1.7104140980821503,1.5684523484777877,1.6536651172997492,1.6850529306091846,1.7349888200875587,1.63392284110967,1.8077149706139797,1.9040427771927961
53,2024,WaveletFNN,3.776621135323301,3.084312154289166,2.680359043306509,2.592793488189473,2.1732160074140956,1.952523368558522,1.9035868385006471,1.666072971521682,1.511138090847375,1.4796210371736496,1.6001030532913798,1.647221254932306,1.7066831489593406,1.8019962053637266,1.8699542296500096,1.8912600459190085
53,2024,LSTM,3.2373844838611885,2.426283581348916,2.2381014987168655,2.171158116991459,1.8624152301951766,1.7086297500302141,1.6915678295808323,1.4867289616734878,1.4010587897002884,1.2893118115741913,1.5099594222921833,1.5486941311450244,1.602456747608186,1.653057673482144,1.8617754889065046,1.930499870059126
53,2024,FeedForwardNN,3.2259923386124365,2.691191318937966,2.4726960664544864,2.4944950449765764,2.1620327923346507,1.9598904403890873,1.8759784413613831,1.8513695182148155,1.5556057364979612,1.4907693427707671,1.6609308180407016,1.6153059714119107,1.6581770232169233,1.664737575232223,1.873089350761798,2.064408064887143
