region,year,model,30,60,90,120,180,270,365,ISL,IISL,mid90,-270,-180,-120,-90,-60,-30
11,2015,HBA,2.750579047119126,2.012427432923129,1.4208891740439098,1.1181238465585142,0.7913517825262744,0.5774297756603889,0.5246841339340359,0.161814391008639,0.14958576192861803,0.14324397681391965,0.23252893681283138,0.2645135347134164,0.32839576543261245,0.38833990208316077,0.45049536306798277,0.4648904926351264
11,2015,Alaton,2.5196363990068558,1.871435484395237,1.3265750458189698,1.0444502445373118,0.7503223319418987,0.5518221352402011,0.5032471683829458,0.17406961806482746,0.15482174183680633,0.1544591756907798,0.23341591670092598,0.2630877926232863,0.32920916374502923,0.37722042546126483,0.42375368694386667,0.39251051995358205
11,2015,Benth,2.1472075008331553,1.565984757549102,1.1191132944137516,0.8886401235625727,0.6407128822734849,0.47571074198914814,0.4476874232034427,0.1623124701332181,0.14570646142047441,0.14965126820746683,0.22910174704338837,0.25925463750503475,0.32107523070851823,0.38319236492352027,0.4429983478285813,0.4390406197477652
11,2015,XGB,2.871376637204601,2.1883836964500913,1.546539483364836,1.2106860406290678,0.8573625849417458,0.6275293012511874,0.559832047716464,0.16818568651865548,0.16786273387007059,0.1443006599348454,0.23583881868549103,0.27088344654356883,0.3403580941228224,0.37824705317278284,0.42261533663168915,0.3966467899717711
11,2015,WaveletFNN,3.619765224843415,2.5186626022898833,1.766611854396758,1.3748255902993516,0.9759807032351726,0.7173337429405132,0.6376186616930344,0.18534955207358697,0.2000398223511944,0.15892888012168202,0.2680808140583143,0.31155672301092713,0.3966865929494115,0.42191084726009126,0.45192668280982434,0.3612428074336494
11,2015,LSTM,3.5091183353471127,2.6005654720323954,1.8259814269897678,1.4250935584251654,1.0205335432986868,0.730096787240536,0.6360957568001483,0.21508565960760603,0.14922327512423428,0.1802064826264775,0.24450148504461033,0.2641761152665899,0.3294611282362323,0.3814795617032577,0.4165631066210201,0.28948116465214796
11,2015,FeedForwardNN,2.780885341419195,2.1197545208023008,1.4991180344316934,1.1746337749796962,0.8497665641595668,0.6117439023878576,0.5543196288403921,0.20041509388744017,0.13569857884443903,0.17121808230415742,0.24535516739372476,0.2697059185844794,0.33883815042401755,0.4067699804425422,0.4541107253871371,0.3606491653513469
11,2016,HBA,0.9696764018272506,0.8063896231199993,0.6193208891822928,0.5571813654283495,0.42542094037283607,0.32394581819386686,0.4352292713608286,0.2336754354390399,0.12212307519347256,0.1310290915696579,0.37558909523034206,0.4542032229461199,0.620528134591766,0.7854230529901542,1.083839075434368,1.3354349501631637
11,2016,Alaton,0.8712363169340431,0.793254583350234,0.6074268286610107,0.5592994233448094,0.4401670267178333,0.33085200859577124,0.5007365815484313,0.2747656670184689,0.11343658366411438,0.15310366887253216,0.46923958791337433,0.5713124543502279,0.7991219014698071,1.0306304943448399,1.4383639916424962,1.7888910754186713
11,2016,Benth,0.8171291432779119,0.7365321051069534,0.5491771059618422,0.5058418118450468,0.3955736015010054,0.3050239522742088,0.4452489123590797,0.2436768026452889,0.12493076103424687,0.13510578767225395,0.41381233734021733,0.5043920310767528,0.6942175557300369,0.8822735341006863,1.2344941713857238,1.499178110062027
11,2016,XGB,0.9378112010223579,0.8703996788173964,0.6887097203139005,0.6197093340548961,0.47604867591737443,0.352330028399651,0.513379515479917,0.26575053201414306,0.1062673850032899,0.15019983862042546,0.4593580381353594,0.5609766737223183,0.7856778185783234,1.0177563679056105,1.4190473751902084,1.8037460441393633
11,2016,WaveletFNN,0.8458238548036022,0.825908994996845,0.6240010862333648,0.5641695768726245,0.4318025746718797,0.3272283621401246,0.4984950890740607,0.24173960212774448,0.11924187277141135,0.13638410119725325,0.46091796342268215,0.5751338739048577,0.8010417746507945,1.0323735182760165,1.4383448694459664,1.9117782826573448
11,2016,LSTM,1.5132094350659,1.1838695060787467,0.8658369013025227,0.7372032253740826,0.547587872077158,0.40000557902885564,0.48476936413162997,0.23287494317651958,0.1064807961883434,0.14161324925537247,0.3625418482630842,0.4322545036637087,0.5918984811646351,0.7588226995735822,1.0191007493792243,1.2026356379105536
11,2016,FeedForwardNN,1.490306242651413,1.1251612632473917,0.8157648328173355,0.705157342777588,0.5300786465865973,0.39340953900958814,0.47490782790509584,0.24756675131397848,0.12158986949531439,0.1515104870530066,0.3661569716429322,0.43056332977566397,0.5804278923456904,0.7382150709605824,0.9714929169923692,1.0660278113570665
11,2017,HBA,2.926256635561221,1.949775824354351,1.384771451106504,1.1118276739069681,0.8002606215887285,0.5798813133312428,0.575857725582705,0.21574979207095316,0.1391226968162717,0.15600764347241333,0.3123299167185885,0.36501012358843965,0.4837032296265421,0.5888351281524757,0.7907070365171083,1.2288806609268519
11,2017,Alaton,2.176037407472568,1.5611966483083222,1.125118934239341,0.9273640607645904,0.6736982182850614,0.4987557292764097,0.5614646559989267,0.22227750233078164,0.14887075125910643,0.14572905793657082,0.38036219352475586,0.46147983518803354,0.6280745221060056,0.7743574517558913,1.0701792084310067,1.6176911682528634
11,2017,Benth,1.863631331845742,1.3879264257014021,1.0321845685874107,0.8515134457393198,0.6234884041969303,0.4602154169296683,0.5123285446086671,0.21479223980645,0.1336694423951442,0.144501707266903,0.34373415466865104,0.41282046966977615,0.5590668226844692,0.6894492475540278,0.9411042633425889,1.4419294251869015
11,2017,XGB,3.290238450163207,2.1468594930080362,1.5054722012624602,1.2076700906950781,0.8608372729270684,0.6276460403846356,0.6418534321710203,0.21620234459167662,0.16126357529977012,0.15485436735949856,0.36249200905541523,0.4374406800590068,0.587082170171095,0.7139155318062678,0.9788529652283402,1.4998343535078837
11,2017,WaveletFNN,2.3140199483811146,1.5429187021701967,1.1014830110531142,0.9036079843877884,0.6608585525147663,0.4949165862084988,0.5797715113993576,0.22023409397641858,0.16303265359596367,0.15294918440105484,0.414489432041253,0.5099213384436835,0.6967586214030569,0.8609595993914938,1.1846066513456797,1.8564671736658078
11,2017,LSTM,2.5986583334180424,1.9065770238189013,1.3199324300928714,1.0957089526006716,0.7904585863414509,0.5856910612021912,0.6803584639739533,0.2609847425900305,0.1761560109236717,0.1657308945061125,0.47894550014116966,0.5832536674640023,0.7952454897655886,0.9953389673302647,1.3997563372637478,2.129629335375611
11,2017,FeedForwardNN,1.9301414541082085,1.4651969601197332,1.034165243348139,0.8688687019832275,0.6353970363824306,0.47998871977235436,0.6040379414643202,0.23662882941672225,0.1691720865522021,0.16105113567520463,0.47058927538866374,0.5836113245171526,0.7999835442818777,1.0022483784271874,1.3948838603754672,2.256797157149494
11,2018,HBA,0.41917522518568523,2.024550574734134,2.1933851585287027,1.708225047526518,1.1904273974181783,0.836154278709232,1.6802102690739469,0.18746963630765395,0.1276080412913402,0.14917471255182924,1.5375667831896285,2.2102497541700847,3.2545647241994407,4.295512647560236,6.30183999699102,12.012061013432463
11,2018,Alaton,0.2989024386097088,1.967221601283799,2.1169396908667455,1.6388275848875582,1.1407840094409456,0.8015144614808091,1.9521695964119625,0.16462832801514587,0.12297536556053561,0.13353547050992484,1.9308082469820744,2.8123819678551367,4.158312779508706,5.5011628109283235,8.105194180499879,15.495774112042065
11,2018,Benth,0.3587585258492779,1.736177461684074,1.8897025207085838,1.4759457698329468,1.0336020776147032,0.7351285164899503,1.7128366500348347,0.1775016345208232,0.13818139424044348,0.1507312357820864,1.6829224724908005,2.433382895664207,3.5813500195562837,4.732656242888414,6.95675274143208,13.271217295927139
11,2018,XGB,0.3413429502030599,2.240435059664167,2.34979479316637,1.8132671667104192,1.2583166790992455,0.8783632294653068,1.983442071464549,0.1668385650321205,0.11845633019742913,0.13143333974048604,1.8954855088619051,2.7582684159579656,4.080932063739719,5.396835496489639,7.955387611135966,15.249878584722474
11,2018,WaveletFNN,0.39633218255147223,2.0091278031057547,2.2270931822968416,1.7255424949309763,1.2006494758301962,0.842034791002769,2.4695260977135742,0.17420576936355062,0.12480542134791467,0.13952743022288747,2.5940026657393096,3.8019608451765103,5.642770908570792,7.4723357709909815,11.056172048117743,21.35590498306588
11,2018,LSTM,0.2710953617902401,2.125471664218639,2.2789458642954163,1.7572941440306278,1.2336941233966818,0.8619524840734423,2.2514041331528243,0.188442382497947,0.11846920542696263,0.12043638099917149,2.2814323274184227,3.3296193058563848,4.940542041251039,6.525462226923151,9.628584682143575,18.50393290224206
11,2018,FeedForwardNN,0.40999532946348377,1.9390453018508291,2.124259255414135,1.6345774046368011,1.1395412415502206,0.7964418558303702,2.0625825704991767,0.1548232276863063,0.1102430843906693,0.11425307576261091,2.077690809503763,3.039805170806227,4.510522919940428,5.954465513409161,8.744691583738847,16.726153541367548
11,2019,HBA,2.6245016756463024,1.6262959652601237,1.157138624707659,0.9382009297025307,0.6842352102364339,0.49530468128401506,0.47803037400036097,0.21133179576520889,0.11744362337917727,0.12306559492488643,0.25559262833775587,0.2830017039211093,0.3684132361111034,0.4459948441011591,0.5923864023241465,0.8178821409820045
11,2019,Alaton,2.601504507514473,1.6206282654532922,1.146613310904035,0.94253825355404,0.7024845959990712,0.5041744082836098,0.5030824687508947,0.2583558810941073,0.10755403285268685,0.12926435655800195,0.29101737842541364,0.31607624881580915,0.4218542348347951,0.5221251349281542,0.7129527511569367,0.9510207422351032
11,2019,Benth,2.1613020211948566,1.3923664970333471,1.0088035216719586,0.8326088463519601,0.6183646000011848,0.451217258909754,0.45525794114120444,0.22792567833041086,0.11692257672689262,0.12738611136816244,0.27317577939251336,0.30282255723883034,0.39688079346174654,0.48568347713974536,0.652054571961013,0.8871769386874234
11,2019,XGB,2.79601864545977,1.7271158657043375,1.2115779975965322,0.9898432920611727,0.7269116482794462,0.5208168334961082,0.509745024011383,0.24224529896236022,0.10862720392943262,0.12166858435704643,0.27824431688826307,0.3051604793289987,0.40583315149087557,0.49933110455217705,0.6775333318684563,0.9205232002068684
11,2019,WaveletFNN,2.093511791210041,1.3798062528862909,1.0245905246094758,0.8482507556493871,0.6387526138469207,0.4639724179100544,0.47556513446499443,0.2529147030843658,0.11441202603632171,0.13945554351791387,0.29508787292583416,0.32318249430211177,0.42623559217144563,0.5308233543707674,0.7042565782141461,1.0581021905591719
11,2019,LSTM,4.091457107234627,2.4704731565984432,1.7115662878705522,1.367884305575687,0.9832539414202529,0.7012725860679145,0.6689734912420433,0.2549415949699532,0.13730987536323822,0.14743320941911944,0.32623958062726155,0.3702073615007511,0.4853644245404079,0.6038779429160837,0.8335998716570153,1.1280483429958676
11,2019,FeedForwardNN,2.0854122226955387,1.4083865307040868,1.0085554963060375,0.8426799947311784,0.6283495299796579,0.4584774250521674,0.47449194327533767,0.24814356365327828,0.11873321519718623,0.1432372964083341,0.2983496498034316,0.33134174285251783,0.44087065106116036,0.5427563550630291,0.6953497811650718,1.0383942635086578
11,2020,HBA,1.710979738705985,1.0534061572201947,0.7890588488702716,0.6701123043218753,0.4975169253360389,0.3777373470740452,0.3623179011698132,0.20597500180180625,0.13817819055005798,0.12115245997494135,0.21945808641662565,0.2356827155671361,0.29611873550194723,0.32773791052639667,0.39362821183064906,0.49650504415735214
11,2020,Alaton,1.6116078743446969,0.9812719723581576,0.7491311469824952,0.6253719433420419,0.47547887949485534,0.3647814743206287,0.3636546294856525,0.20182661200721566,0.14338666397217503,0.13411027037147136,0.2359561621452488,0.25902931664344786,0.3269276591119912,0.37119691761090656,0.45085486282804693,0.6136465263909623
11,2020,Benth,1.4015775975913474,0.9151823229404468,0.7036725171341505,0.5987436110398959,0.45304154686963627,0.3503508537443181,0.3426011487784224,0.20241057660512216,0.1449694674936817,0.12766460238716643,0.22290917107468905,0.24009091810826513,0.297636143360381,0.33065614491156115,0.40088855440941806,0.5287922915134863
11,2020,XGB,1.733664292472199,1.0170047905615482,0.7745610869450708,0.6460984422350603,0.48652768789133577,0.371689245207015,0.3649422226443311,0.19849428883760076,0.14201235983837354,0.1302302101033399,0.22900896491178854,0.25059575921907,0.3141168001775257,0.35548964948682993,0.4290127930923072,0.580907912406859
11,2020,WaveletFNN,0.7718287088565466,0.5361079156499496,0.4863753496460826,0.4417024573435136,0.35979970124104227,0.2915575742824698,0.3076297917358704,0.23322405283600195,0.1550733203653249,0.15368589830457047,0.2461112730647166,0.2599061667074082,0.3223555530070673,0.35926526216751364,0.4560401976464117,0.6261557608822745
11,2020,LSTM,2.5726191283432445,1.4285201460388384,1.0987699704491993,0.8874786356522858,0.6519584237203238,0.4854529373920039,0.46319557870855704,0.20514687699144807,0.15244196473536406,0.14002023203025982,0.2506612063050813,0.28340394852440043,0.35439264713114277,0.4087305313254198,0.4834525156058952,0.6675197449082394
11,2020,FeedForwardNN,1.4067951383026984,0.833706106390303,0.6930356629901403,0.5924548648090704,0.4484679778104664,0.34695474963144707,0.33674172072505804,0.20390029263079248,0.14392829327340836,0.12685010524201598,0.21482247219143913,0.23309086066746657,0.28438397923525316,0.31513756205627097,0.3898590526583277,0.4743706216317672
11,2021,HBA,2.3058609762421844,1.7027640751857231,1.2416582882035705,1.0361678203782203,0.7540342791828655,0.5374492691870574,0.4889778670673193,0.26641027016216,0.10427924919544142,0.13640504156623584,0.24179313368842625,0.23554633055945481,0.30089984102334355,0.3624180209696227,0.4774462949100242,0.6128923161261152
11,2021,Alaton,2.299810996918526,1.7016232224348045,1.2432401277426914,1.077224705920439,0.7973044999733342,0.5665419580045981,0.535857977589251,0.35136887220397667,0.1050168740671259,0.1548709604372395,0.30234149798559123,0.2859321805261829,0.37269770017111276,0.46290651284339707,0.6101782642073743,0.6462544222000582
11,2021,Benth,1.9384714824707536,1.5017556266525773,1.0946109099864219,0.9373575888108315,0.6936614344052184,0.49403207391828946,0.4622938096517786,0.2927119588240149,0.09477335294443176,0.13115089564626653,0.25370486035869183,0.24163311530852358,0.31745908106046544,0.38555960738356126,0.5146112063389182,0.5797840988608314
11,2021,XGB,2.7220361608299544,1.9313084583949445,1.4085395206746292,1.1953968780187134,0.8682151577450402,0.6167933975277565,0.5616163320201455,0.32789079481545125,0.11394987709318918,0.1532791582180365,0.28196407012187613,0.26739216137564975,0.33591644168146223,0.41661845882919274,0.5475585300478111,0.6107495886464853
11,2021,WaveletFNN,2.1614432301415656,1.6516445135941926,1.1982516920944615,1.0253755058879195,0.7571428248844967,0.5464017875851123,0.5185133666826558,0.31603395767453185,0.12491971298634372,0.15642005122893876,0.2940729501643162,0.2903579908915719,0.3736058574004083,0.45347560092947375,0.6332210177659878,0.6265949569235726
11,2021,LSTM,3.4282795703820503,2.3442236929293694,1.684019939980331,1.3744031991359442,0.9803522115323738,0.6929155634369192,0.6282882269737727,0.2766844830844164,0.11804226724600973,0.15057044180235582,0.2815834816736228,0.29034391629573414,0.3698276388737835,0.4590272710455393,0.6087605339632162,0.6766283462310819
11,2021,FeedForwardNN,2.542737796218127,1.8985434605926843,1.362584520922535,1.1239456461448352,0.8065860057869241,0.577656661271965,0.5225350000785455,0.2505874906513135,0.11979797224204702,0.13315891557030102,0.24699073626963064,0.24965643025062584,0.3189342810530717,0.3814481950261819,0.5025749376066034,0.5882733102552572
11,2022,HBA,0.8211011994305637,0.5629688745128542,0.46731989267319846,0.4642074236289916,0.35688692601508676,0.28073887173882794,0.5938034832953737,0.24645395935697503,0.12844276318631034,0.12923267754339154,0.6161434087852288,0.8440357314881466,1.2057338786396892,1.5555148302126813,2.210484203391191,4.224567217520761
11,2022,Alaton,0.92040328518518,0.6008147529086505,0.4940205926469198,0.48118125808455764,0.3603242209288502,0.2843420639741674,0.6945844645665403,0.22662784921078075,0.1323777500648016,0.12414056102418228,0.7426724307784879,1.0433534956064938,1.5083154814858162,1.9524424770416073,2.8212053890221838,5.483308851224859
11,2022,Benth,0.7366958188461321,0.5426695463376335,0.46888600455424473,0.456978576136474,0.34646001003797994,0.2785540688743337,0.6359015754677044,0.22403401552171506,0.14274218654704118,0.13133448271412063,0.675660872190624,0.939640865340907,1.3395790206580895,1.7329978246541462,2.481998873438995,4.799937207976315
11,2022,XGB,1.0104977501725032,0.6241688804971931,0.5023521216395885,0.4910570138611411,0.3676029361385376,0.28568029998045635,0.6795579455406437,0.23285375063748665,0.1218350276642939,0.11846483326486149,0.7183269207018449,1.0054519493440697,1.460865957523815,1.8871132277480862,2.717727469143348,5.273856811655005
11,2022,WaveletFNN,0.7972459558325474,0.5824386492617251,0.4961085467249558,0.47235367192988015,0.35677124749683203,0.2844079774285617,0.7364236964269085,0.2174339482687082,0.13968143729202112,0.12615096504256734,0.8027823003787439,1.1302613011189016,1.642755203538703,2.113311676518607,3.0276202141595774,5.858587791784371
11,2022,LSTM,1.7716165702147524,1.0693428945448875,0.8188335767534501,0.7663213161077027,0.56411303066989,0.42789334840979243,0.9586861250999553,0.30939248458632984,0.15545398388959714,0.15766079656999438,0.9787721650660446,1.3703646832867462,2.003460899454751,2.586957369055295,3.786667979923498,7.3124382779737065
11,2022,FeedForwardNN,0.844445956270672,0.5530395035536919,0.4649703726788823,0.4772709930428637,0.36282505166125834,0.29135705909111925,0.8032919050733666,0.2606797306436343,0.1484210739508411,0.13295948039950045,0.8945200863174448,1.2579174763028054,1.8385731084635115,2.369954454227145,3.441341594301575,6.707235801225149
11,2023,HBA,1.4476538831845038,1.0677964620679754,0.8122772821672336,0.654240244835301,0.4830751309449018,0.3670210588463335,0.45875040891811786,0.1538729797225701,0.13491291464919694,0.12235095017930278,0.34529420361409313,0.4460482253777355,0.6133343791240914,0.7488724613299402,1.0236257910260815,1.748690410342085
11,2023,Alaton,1.4461257073133174,1.0735352394690192,0.8267057126381575,0.6819535877427872,0.4938124095136815,0.3725286529342851,0.5067323300285395,0.16091910638920554,0.12996113977549262,0.10535991389595879,0.4030068636603688,0.5321182577896244,0.7418672123908993,0.928978081705512,1.3108912945855535,2.2681158380616417
11,2023,Benth,1.1622906960960304,0.9055095682764956,0.7116594768069232,0.5794258595141071,0.42806055845137625,0.3305363649359917,0.45937650263166757,0.14446164009582918,0.1354879779052224,0.10823232642389334,0.3789615610405799,0.5025340784694643,0.6983726634974673,0.8602133564114428,1.1917902574668637,2.0650838697511187
11,2023,XGB,1.6200932105167982,1.1805567086243947,0.9065455848457432,0.7367783771908589,0.5305124628693806,0.396920447834585,0.5108695932750472,0.154479340893018,0.129736417764994,0.11272537810972873,0.3820190570842547,0.5039906291980036,0.6972517141556035,0.8724468324177735,1.2177212507272739,2.110632969517467
11,2023,WaveletFNN,1.2197180387358924,0.9809792813543239,0.7576539893641279,0.6140128430763059,0.45349360354715545,0.3512627128430487,0.5468041979858268,0.14933321773018288,0.14680093143483522,0.1338600043347989,0.482379941314264,0.6520638732159136,0.9100605124079837,1.153891423854705,1.6261834774950508,2.8396885701556185
11,2023,LSTM,1.9141474149608333,1.3298737387195405,1.0129824718933405,0.8351414520541873,0.597229765755201,0.4494457054275906,0.5966686710196405,0.1814770596170616,0.15387758477236962,0.1364228873157061,0.46171409911088573,0.6090842304213947,0.8336704346185638,1.066860432542917,1.4993081159294879,2.5180260396929497
11,2023,FeedForwardNN,1.695190245276772,1.2908864198696228,1.0062487986713269,0.8255773599912027,0.5921983810933484,0.43990158097825144,0.5690182881015721,0.17814796351537016,0.13530798074805717,0.1290468050536895,0.42621082467500543,0.5578695350034973,0.7698540045400477,0.9812403825665739,1.3871825481317444,2.388897154803644
11,2024,HBA,2.8952389122904583,1.6486840295826843,1.1628017684712173,0.9552925346745905,0.6768413205849028,0.4908398260250991,0.6621406336885474,0.19088087269858833,0.11883683690549209,0.10744894161861941,0.5027597234673997,0.6635373670790276,0.9414702152944048,1.1995324333101725,1.714467675255097,0.8060167769508979
11,2024,Alaton,3.346004959937112,1.8440256471358114,1.292371856611874,1.0584143090748637,0.7563441047468437,0.5463147824810303,0.795362865493944,0.22031635288181323,0.1262561379494032,0.13567353607161284,0.6409485070654218,0.8524767935097523,1.2233831014189087,1.5702617139535286,2.2824338464455556,1.0178782207737
11,2024,Benth,2.836728666116195,1.6409308176638435,1.1743810594056365,0.9624908451525236,0.6834504721300275,0.4958692399859244,0.7106700194413279,0.19251988485441854,0.12070677569771861,0.11755265663463699,0.5643012364031138,0.7551775509458918,1.0760874350519418,1.3823059395594974,1.9923426015992745,0.8624151252514131
11,2024,XGB,3.5494769878750208,1.912392498851032,1.3360065107572459,1.0876450337173058,0.7712742254434038,0.5578093763508458,0.7862201760069448,0.20654194012956176,0.1308796781657298,0.12754393902440014,0.6143949163786117,0.8188135815964713,1.1731114410676307,1.497673106248237,2.1705225294883896,1.0134597569124173
11,2024,WaveletFNN,3.842609350887442,2.0921665517596892,1.4864708377969236,1.2162691050724495,0.8544986383393134,0.6092240897784195,0.7762732668721215,0.22252643888170287,0.11867499265663176,0.1179635585240013,0.5452556406147774,0.7171737456334908,1.018413959063223,1.3092360770933897,1.8660510617795867,0.7845411908449188
11,2024,LSTM,4.791071775448752,2.5137041125725355,1.761224712226891,1.4056517906073969,0.9780456663628153,0.6935928896319754,0.8974260976558585,0.19486662049873968,0.12468733617029587,0.11256889198109551,0.6231864111840184,0.8383132597133117,1.2038358001137734,1.54303504940862,2.240270650316049,1.0457031186993706
11,2024,FeedForwardNN,4.409892168394553,2.3283148327743457,1.624416750142509,1.3138525876765057,0.919783081617205,0.65530462860325,0.84155630148318,0.21514941309190078,0.12634772257534002,0.12322556803275517,0.5937401140031274,0.7816044217405594,1.1155988235895016,1.434509836591972,2.072218105359681,0.9590557233563042
24,2015,HBA,4.453170004076564,3.5745529832623406,2.4779089770580507,1.9131369828952505,1.316151914518048,0.9279660396554501,0.7923779491516937,0.15439485197804487,0.151594289930255,0.1280338853852515,0.24260182061885924,0.28251762309747885,0.3584101234624155,0.420721556922024,0.49826735527866645,0.4488499065571887
24,2015,Alaton,3.716357783008067,3.040870464738582,2.117885912747997,1.638485223551272,1.1404017263560564,0.8109276964302922,0.7130515361911194,0.162917539964116,0.1519796365787634,0.14074408836710456,0.2551170411484833,0.298300751946363,0.385880295397211,0.4497245511079143,0.5336242134069785,0.4236217310558674
24,2015,Benth,3.2321647217829748,2.6147942381616422,1.8291428016951008,1.4234255120347512,0.9929391696913802,0.7104821349291501,0.6358079908916564,0.15673553768765958,0.14556806540468983,0.1378734634069987,0.24724495165302587,0.2884856609674258,0.36880561524510636,0.44026342044552924,0.5302798711325147,0.43681854231096506
24,2015,XGB,4.5645034301518,3.833151649524591,2.6577225128094186,2.0449835966342147,1.4085632940529411,0.995786855439477,0.84898906512272,0.15940407529646347,0.17023397821254851,0.13202330944262372,0.25795168685691483,0.3061326840925254,0.39630540964138017,0.44406135785173906,0.5187532474955986,0.41284748671395743
24,2015,WaveletFNN,4.2976110195710975,4.230929641026578,2.9343254897769304,2.2623538085426174,1.5710121737999887,1.113734216116388,0.9350334904374462,0.20769885782304726,0.1991783007491866,0.17725049416878308,0.27745293739463334,0.31868413952054425,0.4024442137970594,0.4367830272545478,0.5203182061661507,0.41753072746670766
24,2015,LSTM,4.670019194108117,3.3045992306895013,2.31491546668601,1.7924200623136517,1.2454772483516654,0.8732972996433805,0.7612874257617962,0.1760390300173207,0.1289374022268109,0.1463880460133154,0.25153915385589115,0.2930756380082622,0.3718518404728834,0.4647060097135399,0.5778030101057325,0.4143015941748292
24,2015,FeedForwardNN,4.146413877432132,2.982771736417612,2.089156226776343,1.6205362099468918,1.129753219505057,0.7949694922902074,0.7050762855447001,0.17035021223377161,0.12540203786050777,0.14477144813711207,0.2516491338605774,0.2930719913914866,0.37221016005929264,0.4711408735533121,0.6040881667446766,0.4571770367570236
24,2016,HBA,4.08632677242425,2.6971580338111916,1.9011507772877883,1.5209868374154183,1.069924423204776,0.7543270393767347,0.7570518016806901,0.2386980691217637,0.12313227172065254,0.1375466507550111,0.38236858175013644,0.4626134578921517,0.6283686395792041,0.799846506550696,1.0919889965215062,1.1118600880814613
24,2016,Alaton,3.9194860296935166,2.6866131506641606,1.8808021818114122,1.522060939752876,1.0862841354430803,0.7648057822597513,0.8222511729014927,0.2917660890747485,0.12184907589309318,0.16397396367245407,0.47858003705939695,0.5773936386355771,0.8016246237799798,1.0335389818792644,1.4274664306888192,1.5186755183233305
24,2016,Benth,3.4139020453380198,2.3624783939316623,1.6495892020037326,1.3372686281005366,0.954092700718836,0.6788079261082947,0.7302803968698767,0.25859619943393963,0.1282383768872117,0.14758867745322077,0.4315026750517891,0.5240753074297346,0.718744877161436,0.918389373062239,1.272865324382951,1.3259021536025437
24,2016,XGB,4.152793783888502,2.9066916998680883,2.051554721698221,1.642166246725823,1.1560988541708204,0.8101613819666654,0.8292417164473163,0.26064298664342,0.11828643755835573,0.1512310342582181,0.43101065091027807,0.5218745814058002,0.7195120524129291,0.9259465607121828,1.2739025809450897,1.3534453100705837
24,2016,WaveletFNN,4.428009954116612,3.1732928836542365,2.2457390984245027,1.7892796212124766,1.2590597163055472,0.8827713823926391,0.8791951704412109,0.2723803341865917,0.13019471456682266,0.1720175839732969,0.43391759852333717,0.5182606673192991,0.7093860851540169,0.9094166774383071,1.24377011881242,1.23967176450675
24,2016,LSTM,5.885871775208174,3.7254874228852612,2.581219114870652,2.032528382085912,1.4113283624815964,0.9806552435360418,0.9353692715745938,0.24143761009254053,0.119309005644933,0.15030753077781964,0.3980159065881134,0.4820706274356859,0.658815441728287,0.8452674584740287,1.176854095019052,1.1260676973382553
24,2016,FeedForwardNN,7.520369572798822,4.557604384846745,3.1352753725736116,2.450205966038975,1.6878812547125306,1.1647450300844042,1.0487746335760046,0.24048713685144943,0.11847258082815242,0.14327975493269107,0.36656710879684185,0.4353625070466469,0.5906648879910338,0.7524600652692368,1.0289557017185715,1.0576530834246642
24,2017,HBA,3.9631710636344843,2.580214455915926,1.8066096909579534,1.427313207572807,1.0097450708270816,0.7253934869353497,0.782158984260855,0.2128804506962098,0.15669031915188575,0.16783662129104948,0.45133814986274295,0.571343014669296,0.7865028387317868,0.9879551716929359,1.3832298282564393,2.2243757043689145
24,2017,Alaton,3.0544325515653403,2.1209272406609254,1.5029540248171243,1.2148779938636252,0.8684323007266169,0.6329067230814598,0.7841395860779904,0.23391057663610962,0.1618555677911453,0.15506560529989358,0.5559088114234003,0.7159174951707704,1.0037249848319514,1.2737647480920558,1.8087821547996965,2.8495381365105996
24,2017,Benth,2.6367358385979345,1.8803982658860927,1.3566667698622683,1.097380908847134,0.788642940780183,0.5771671338203979,0.7160614277432068,0.2206191116980976,0.15421551990082735,0.15687322257109745,0.5116198667654481,0.6582829770983455,0.9175613175974332,1.163923495991257,1.6440234422529012,2.607657520664525
24,2017,XGB,4.473534274381793,2.9193175441690538,2.015376124615707,1.5962460628984507,1.1208937090487632,0.8066457595621286,0.898390577479929,0.22641129348181963,0.17814986058885923,0.16580790042966836,0.5403566452933865,0.6947489421633409,0.9676117113404366,1.2164755282384516,1.7221756389242213,2.7287987632890625
24,2017,WaveletFNN,3.563863760844815,2.460884912029893,1.7196034404874885,1.374662397508301,0.97251727973964,0.7069016823905596,0.8513061488027506,0.22543111899179147,0.1756704876923985,0.1667160531745676,0.5746905308779217,0.7473178243967826,1.0461379221340852,1.3242926708072829,1.8546178177400923,2.97571756287906
24,2017,LSTM,2.6020586765607603,1.9969202248560274,1.4076390833573196,1.1229658130621851,0.8007774867236623,0.5914341411308516,0.6983182349830446,0.1939158900900049,0.17274744994523042,0.1616679755171143,0.4726091518189814,0.6062796544379844,0.8371603455955745,1.0505245999089343,1.472920681419721,2.3800758381918943
24,2017,FeedForwardNN,1.6287969390842079,1.7285200741093012,1.2371133340088871,0.9928883649594977,0.7137154815301199,0.5265235277352948,0.6103289553564514,0.19031762905135258,0.1521396201456447,0.15262774041921037,0.4096792395734631,0.515753062111393,0.7043527798234273,0.8885661449880723,1.2338660975195925,2.048110020419096
24,2018,HBA,0.47134826407353075,1.9363778467582544,1.4956106831044875,1.1808228443109101,0.8368037337733287,0.6002366658456907,0.7787194361410328,0.17799678444217015,0.12710252999041435,0.13603372110757952,0.5508036654476859,0.736475431301084,1.04598099804456,1.3465439020208012,1.8522838393730516,3.0797464166159045
24,2018,Alaton,0.3652711179597635,1.751101215603142,1.3627444128210422,1.0712242525888096,0.7597573022604922,0.5484291482631507,0.836068210802177,0.15677019169994225,0.12577284026846783,0.11944032470334781,0.6735457303565987,0.9307136935517026,1.3362865213789994,1.7341602282896698,2.4307865461214404,4.106553467992402
24,2018,Benth,0.40775655114193826,1.5797495618656285,1.24166912484125,0.9867338897550829,0.7049265716430375,0.5158800812510586,0.7739596429404394,0.16818401844482483,0.13778710046710071,0.1354301786017635,0.6293807814703274,0.858882187247901,1.221890713234685,1.581638335684473,2.2026272743809057,3.7068729911334994
24,2018,XGB,0.4253826229665547,2.038953196433124,1.5587439383992856,1.21932320864102,0.8601058020390989,0.6131601111988558,0.8464188470402255,0.161467665678912,0.11926872951836984,0.12223817218528653,0.6221978607390709,0.8512923901326218,1.2211866597133265,1.5817829358329918,2.209367172338321,3.7382422125716674
24,2018,WaveletFNN,0.4389618246281718,2.0213659250440568,1.591440579108741,1.2437162935589738,0.8878357221783337,0.652475180275817,0.8676516944085338,0.18423086524792653,0.18175409647078342,0.18390833270643953,0.6402896060896526,0.8657939026019117,1.207278620265133,1.5530038930288346,2.123083731454125,3.5491056713571387
24,2018,LSTM,0.3668101992188804,1.350238928965435,1.1338287502657896,0.9025413716468837,0.6548849399651656,0.47492028218041954,0.8090163458764743,0.17594112966454173,0.11499096661092718,0.10585848986822219,0.7131349585403458,0.9842087366778786,1.421414273903262,1.8384771068573678,2.587475511142071,4.361986577021047
24,2018,FeedForwardNN,0.3151485946269388,1.4609886590021857,1.202181587167478,0.9500574887481054,0.6827947242203533,0.49114658310035847,0.8576855032707367,0.16340786127322848,0.10785030086036862,0.10506884871507512,0.7559628253975833,1.0544567951638892,1.5316905409203505,1.9892820360204972,2.806976059712063,4.748439822715862
24,2019,HBA,1.4629597016399503,1.2846243071884502,0.9321860491103462,0.7607328212895578,0.5666633291343287,0.42066601778557045,0.5344055012808124,0.20114060915831095,0.12867139508805422,0.13476112454635103,0.40649726286878707,0.513109379242723,0.7120788308391462,0.899955828524874,1.2707280792294129,2.1776959537566296
24,2019,Alaton,1.448488425805236,1.2356331196739514,0.8940665653995146,0.7475322039226041,0.5756779992480611,0.42358659309947544,0.5791349018775074,0.2572894330966075,0.11940378080230431,0.14400299307194403,0.4781167957162293,0.5957579635249067,0.8383574202266696,1.0733787773903727,1.5356575740557525,2.6243944170405906
24,2019,Benth,1.2317371716980767,1.0902209683926072,0.8069626954325995,0.6728568560354279,0.5165130220728504,0.387400738099284,0.5260004839691507,0.22606334871310144,0.12917617015215122,0.14365487947576328,0.43605212914954433,0.5463271668004616,0.7586292042480866,0.965314401797216,1.3677641813420574,2.338611751721482
24,2019,XGB,1.665414644934902,1.4113700653794676,1.0062079557806791,0.8333288690403386,0.6266870079234557,0.4569503924397509,0.6041433847608251,0.2471660600662323,0.11747716147234129,0.13435722922451648,0.47416273040032225,0.5958856363912451,0.8409618128355769,1.0749849217653844,1.5381237431429347,2.659536695549778
24,2019,WaveletFNN,2.02266126398786,1.6208079406776144,1.1561317755952243,0.9368644832465918,0.6807297972555839,0.4942045915331305,0.6346479701655753,0.20532781891594365,0.1211541800882235,0.13364834583091956,0.4669587392135933,0.6038667436082059,0.8457935996208014,1.0867564563763747,1.5520076409294545,2.759414576857095
24,2019,LSTM,1.8524457189991461,1.4693460239886063,1.0619722185289862,0.869782295802702,0.6407399447458096,0.4714756107803072,0.6883669897170085,0.21950767096263302,0.13294694284930225,0.14785899792809307,0.569214420997166,0.7528258464557346,1.0651132047718428,1.3712526499957138,1.9798300112256182,3.5262880181236858
24,2019,FeedForwardNN,1.3777140567466355,1.1385701329841058,0.8429285117686989,0.7062251549236491,0.5346879070483733,0.39695930316109096,0.6322720568715947,0.22644730232804763,0.12150209538652648,0.14417578327087827,0.5654584668727419,0.7453731660566836,1.0621724954347385,1.368957657999625,1.9769877246583312,3.566677876086117
24,2020,HBA,0.5023171615208804,0.4448691340064958,0.38062930826104585,0.3569176505313084,0.2910926403467936,0.23807914883867426,0.2703708905892235,0.20155597243254142,0.13205216582243534,0.12713810609930942,0.23224788554661438,0.2553270420277889,0.32979612028703065,0.3739366815817178,0.4269614215211911,0.4779983639377663
24,2020,Alaton,0.513032052459262,0.44084332687723454,0.38609479571268,0.3467918552327323,0.29242241234210276,0.24050437449590242,0.28282118035799425,0.19875002897152547,0.13666829880350173,0.14019538688574223,0.2481134345920028,0.2784509008666214,0.36064252742504205,0.41696260732827206,0.486898024108978,0.554407792408122
24,2020,Benth,0.5406273156446384,0.48972873683539553,0.4189269908565452,0.376948338090688,0.3081536524359412,0.2530643316781594,0.281861939756009,0.1973803140153372,0.14288569016259586,0.13665959542341236,0.23667329685829558,0.2614690575594404,0.33176148273628575,0.3770785307555766,0.4396351399291943,0.4836319192938216
24,2020,XGB,0.4700661412215352,0.3766699486453485,0.35081126739898844,0.3217928502048443,0.27454453731462036,0.22842842187017848,0.27325286918549063,0.19827780723025232,0.13619619098129468,0.13785090106434994,0.2461030294223774,0.27644997372042673,0.3568235045029535,0.4130868838706657,0.4753097397738247,0.5451366219950775
24,2020,WaveletFNN,0.5241408408392925,0.3940569359372165,0.36799500327014745,0.330122613242226,0.2796706789585466,0.23544054568965536,0.2866345825286941,0.19134635464694558,0.14698027915187298,0.1485408107324987,0.2594475539457706,0.2963006582472197,0.38187961791424113,0.4472823720663259,0.5089457796984699,0.5771479337777641
24,2020,LSTM,0.8948519805179417,0.5710196474117438,0.5109726347872557,0.4388161241415575,0.34899001882759983,0.28044963994353217,0.307847147837728,0.18700740286794384,0.14336888217539684,0.11978677712383116,0.23638259357918004,0.27321050724744317,0.3453956871985588,0.4004332637074628,0.4784672404790082,0.5207348666284575
24,2020,FeedForwardNN,0.6747587758630124,0.46062786669473726,0.4289440192803833,0.3843194784115563,0.31670964412380503,0.25912551429595304,0.2870266886269657,0.2044752689672268,0.1439572546402491,0.13224515288171593,0.2352732732357263,0.26276189548485107,0.3310320696528395,0.38129741199803696,0.4450080156314551,0.5197198974019454
24,2021,HBA,5.769624885281201,3.3809637068862584,2.3530344803996175,1.8758932506573223,1.3081979341201706,0.9090487667495265,0.8325179610310386,0.2749706827993844,0.11518542275680156,0.13280307576234113,0.3418491136990241,0.3810069164715563,0.5123052800848098,0.6400861004494737,0.8666024401843513,1.2732988307467155
24,2021,Alaton,5.655378726733146,3.311741582689735,2.3035783216185743,1.8694192508743395,1.3209833621144533,0.9167318387940274,0.878462963682399,0.3493061243826005,0.11272047574562451,0.14865677193944013,0.4183910970175306,0.46040672991486303,0.6308945612271819,0.8015769692471972,1.0994642857096475,1.41915341577784
24,2021,Benth,4.95384154143623,2.949373852458004,2.050247129428631,1.6614146704969839,1.17323417997194,0.8156255813425806,0.7757025171330457,0.3059658188425448,0.10438181295752137,0.1285705413940798,0.3641589341531579,0.400264975431725,0.5501032310070714,0.6902476244293914,0.9460187375524688,1.2412739960274708
24,2021,XGB,7.076968383244484,4.054936456080673,2.8221907873969183,2.260852625804042,1.5754694410297936,1.0924264174428606,1.0003836311029273,0.34260055406674794,0.13170751497551686,0.1575603986517466,0.41141907598115157,0.45335422147837323,0.6042927329245986,0.7680373456925107,1.0453778771890125,1.3785257102298332
24,2021,WaveletFNN,7.8954679114677075,4.502517002058199,3.1113138060303904,2.4997751929694694,1.7382229517851224,1.2064044020884184,1.101116978272086,0.3803886625870244,0.14867639769164015,0.1759197613431923,0.4515091312488096,0.49496122741188986,0.6589516994336326,0.8337232195209642,1.1350334135538163,1.4941466805896164
24,2021,LSTM,6.83596574282933,3.917696179681146,2.7168477507347246,2.1384826219931363,1.4753605288608123,1.0164081681437234,0.921255258679623,0.24766760945216532,0.10360291738418101,0.1217286163933687,0.34131407544573134,0.39335099271821117,0.5352812631790821,0.6747584961837999,0.9191140286334338,1.349828076893801
24,2021,FeedForwardNN,5.720230234644128,3.4358307790433984,2.3805940809284065,1.8962095544698807,1.3140312203923643,0.9103282528335745,0.8489821856207818,0.25931905830672264,0.10740790624442587,0.12159661693391036,0.3543571007625071,0.40708810022358477,0.5565192079293839,0.6998212849212875,0.956458381169425,1.4074634181704597
24,2022,HBA,3.69389451940084,1.9875157598939963,1.4006839634703465,1.1667769427713253,0.8327385966372483,0.5968508794723452,1.0458690674023325,0.26479322980414993,0.12507544514253904,0.13910920876646338,0.9130680011396543,1.284999441594893,1.8707944381417374,2.43843153138644,3.538516920304762,6.844638712420622
24,2022,Alaton,4.020591728624861,2.1487033820847676,1.5152311525778568,1.2480838167383466,0.8776949823546886,0.6288182555487717,1.2075986718666387,0.24015881213152032,0.13106480193693806,0.13141597143363165,1.0921586042445508,1.5668292606711702,2.294063469313784,2.997570083129608,4.389058476287217,8.556311638974629
24,2022,Benth,3.4290156704989987,1.8754806990523691,1.35036606963839,1.118043846892689,0.7941630560369406,0.5771467480529617,1.0913542011848498,0.2379600424354912,0.14311413208500418,0.14198204032351755,0.9941139149924153,1.4157285720886537,2.055244335114601,2.682224811565066,3.906363615707731,7.591541215750927
24,2022,XGB,4.221705124269555,2.237904682736458,1.5660571212350138,1.2889642174499598,0.908482392448855,0.6448609528450385,1.1601930956879998,0.25090766366269623,0.11761807363740526,0.12717239687658113,1.010642947497447,1.4398580492662811,2.114449324333336,2.756934087540856,4.020568192477556,7.819716288621663
24,2022,WaveletFNN,4.438558964167666,2.3746550407431863,1.6662230154848658,1.36126268387824,0.9603590321579031,0.6781608170960977,1.2042264942309695,0.25449504883094043,0.11376438697248652,0.1272547312140765,1.0381236023608835,1.4764485102297944,2.1784663339069548,2.8344895372455787,4.148605265885174,8.10271236742595
24,2022,LSTM,4.437158176477242,2.348478199782573,1.639958271332908,1.345211611608945,0.9449759645949246,0.6676555074748595,1.1061313163538213,0.24999365785694116,0.11301459323472908,0.12482726096383963,0.9120916906466827,1.292164331309133,1.8985421040903627,2.4683713143771895,3.623992398165208,7.04347107850976
24,2022,FeedForwardNN,3.926490187574473,2.131072187610667,1.503954735380168,1.2524302169112533,0.8827840502357515,0.6258992223286369,1.07670486824077,0.2616133650913347,0.11212956651440843,0.12674142897241536,0.9154419804642621,1.2948654966578355,1.9004491968846935,2.4736604723093842,3.6367487171559514,7.053329794083477
24,2023,HBA,2.535815713100951,1.853887076925323,1.3442038183633782,1.0517149027871338,0.7501259191441485,0.5459007326207184,0.581768973792595,0.15604801992491862,0.1374503595738583,0.12270222052748478,0.33393315085765646,0.42880903375470397,0.5853027817632938,0.7090747208602368,0.9648441094415596,1.6393755726122927
24,2023,Alaton,2.4451945604521645,1.7976081062286424,1.3147078886750672,1.0406956963503764,0.7336276561613513,0.5338885256086238,0.6090341316334399,0.1525474236476358,0.13441026450316826,0.1040270865339761,0.37860935010000074,0.49997965191307236,0.6919959811163697,0.8571297969958666,1.201456028553377,2.0514686750566438
24,2023,Benth,2.025839390927922,1.5244820994620438,1.128381192427589,0.8895411544912226,0.6374786586425624,0.47203388211321423,0.5504272641511886,0.14657612485753568,0.141144329054518,0.11221221986224195,0.3629139239689292,0.4777490260531873,0.6577536247957473,0.8028507762412698,1.1071533506006088,1.8904083250266175
24,2023,XGB,2.9797683786128877,2.1787797273097342,1.5856984706025297,1.245268018677163,0.8701083303676415,0.6243713656423966,0.6670427628216061,0.15451819013275292,0.13289743619190708,0.11224954101429656,0.3660395558875775,0.4808283423446372,0.6606707725060207,0.8222213193703013,1.1466339778300731,1.960926678959846
24,2023,WaveletFNN,2.8037623444767834,2.194575670888795,1.6059587005902864,1.2600573956481294,0.8795558508258404,0.6314215471847996,0.6773000502362214,0.1531530010613945,0.13515293990271773,0.10638414247276962,0.3749418151885663,0.4914469149202921,0.6792777687167868,0.8399172253084485,1.1775160826136533,1.9612856259340214
24,2023,LSTM,3.272259700025386,2.1980616858955506,1.577852521445448,1.2447307423410612,0.8619518169417628,0.6206060259061021,0.6952739822659547,0.14605111243807767,0.13791444383478096,0.09624419511430125,0.40575022339044853,0.5433875829349842,0.7534928367968686,0.954914991947832,1.3512077583605537,2.297953349256215
24,2023,FeedForwardNN,3.143104851464245,2.1767041561206026,1.5597167087783235,1.2282095805455424,0.8507058969536965,0.609554386788682,0.6973637474881256,0.14169508512906953,0.12725136645865287,0.09567007168316491,0.4168369091303943,0.5575874401946922,0.7771461289844535,0.9921486128248969,1.4128702068255485,2.4422627680802695
24,2024,HBA,4.783663638939228,2.577782263907328,1.7839772864823156,1.4259554765895985,0.9856034518875357,0.6954407685715569,0.6199577110718373,0.18722961729275578,0.11511540193959943,0.09835152735543724,0.23709423111317351,0.26995083936295,0.3507740803162807,0.41028964532702655,0.5289432241517641,0.6350131918765399
24,2024,Alaton,5.705879909596174,3.0259139175528915,2.085048880695543,1.6591478867169807,1.1546156119291526,0.8094018989096782,0.7276594476102196,0.2241823431627622,0.11897447287072926,0.1277724204231869,0.28336642727979733,0.3180977804571506,0.42297294386508655,0.5041353084197495,0.6870521210923377,0.8359253311543469
24,2024,Benth,4.92732510677709,2.682942661856939,1.870204997232495,1.491536091365435,1.033621541136969,0.7279686370963349,0.6543609770744518,0.19703808504144282,0.11666282901506637,0.11516630984181685,0.2547280388578761,0.2916747125379968,0.3790765032293767,0.4539018637980907,0.5965742888348383,0.7088414357462423
24,2024,XGB,5.587178842251438,2.9295720802188843,2.01731939752542,1.6019301477040682,1.1072433213058135,0.7785175725908164,0.6966558040051865,0.19716724508620673,0.12106607516082254,0.11075234513441233,0.26408744754908225,0.30261326205315636,0.40152432982036174,0.47074617458006185,0.6289508527393848,0.7721775056597381
24,2024,WaveletFNN,5.648835050398758,2.9417785703361328,2.0290366357594745,1.6475965416446985,1.1528127093980862,0.8152952229261597,0.7248062686678339,0.27658878303669787,0.1402602499823067,0.14744897268151183,0.2956736150018244,0.3109058271460797,0.4115057705701733,0.47767831001938865,0.6488985882578359,0.818002379606462
24,2024,LSTM,6.774822051255763,3.5192580822877084,2.4411372789779153,1.9235348766068319,1.3190424591632588,0.9201879530100892,0.80656361159828,0.19694763934860227,0.12247894070375004,0.1097872571073819,0.27302923923517397,0.3136768864329785,0.410048979893171,0.49209664429108846,0.6679372735706102,0.7633684738082509
24,2024,FeedForwardNN,6.658279139355035,3.4657644741291915,2.399406706607547,1.9022241266454052,1.3073817922725774,0.9122424844078846,0.7953016701964785,0.21535687793760794,0.12196386867849852,0.11640827629104215,0.27129780192243974,0.3018184636900013,0.39473065318230355,0.478766018980461,0.6596494430305851,0.8329834332805689
27,2015,HBA,1.3917908824480762,7.829328765906242,5.28236741632046,4.0215349946715255,2.7295979985987087,1.8729787461202791,1.5452088060940352,0.17682858087695758,0.1597402411634211,0.14926528955742924,0.3223948000467175,0.39634319214369584,0.5182642253264992,0.6370730239150559,0.7956844428495954,0.5717923395455177
27,2015,Alaton,4.614315527121091,26.69705188813504,18.144911003423218,13.701835551195442,9.230498504686707,6.32673846740089,5.000301229672847,0.3160860059501929,0.5192183928292624,0.4475078715219782,0.6920643808703683,0.8918878409753218,1.0553961557698692,1.2846059567672847,1.7898661032928231,1.2730332197990861
27,2015,Benth,1.0185307686366938,5.220243254773942,3.549332513366576,2.7157572138183075,1.8616182696683807,1.290199821770069,1.1270368642125113,0.1739040259701859,0.14736292597344516,0.15375505614494722,0.33590953626763514,0.4165088866632366,0.5539687413686702,0.6907832869132138,0.8778432079162736,0.5228733330648259
27,2015,XGB,1.252672344531664,6.544466309647215,4.429456906293062,3.378806210693237,2.3009840385994793,1.5863426780545944,1.3431574907834427,0.1725111709058963,0.15705995696482428,0.14513080026164926,0.33333548569142873,0.41533954844797705,0.5526396939300059,0.6774705198355485,0.8552348522031948,0.5421427719717619
27,2015,WaveletFNN,1.702965020335759,2.046029047604537,1.6494557990203746,1.3762742187475412,0.9976823620599602,0.7436521594875009,0.7305268070043082,0.34590892509954585,0.23559175434258225,0.23890073873763817,0.421638330857071,0.47240070466509076,0.5821812160118931,0.7276050091887655,0.968421143988898,0.526467975574873
27,2015,LSTM,1.2889837927042238,6.2829654442687435,4.25405438034932,3.2462742215492,2.2272237818940885,1.5324663505433245,1.337743573015612,0.20039318343885767,0.1429514878417968,0.1681610170557579,0.3836581462752743,0.48049565015110063,0.6521173086738579,0.8188350896754655,1.0827475027946982,0.5083194613927288
27,2015,FeedForwardNN,0.7794829844175767,5.069848696327563,3.4684157054703078,2.646981571266386,1.8188698870641327,1.2548521002514836,1.0852333490904893,0.1693240686579579,0.12681652662618526,0.14919234481269564,0.3094168545126481,0.3744462473422072,0.49338293168562547,0.6338631099263777,0.8302705621873085,0.43370156136871063
27,2016,HBA,2.85292226700517,1.6939690455996466,1.2919947218557477,1.0632806191206603,0.7698102638115591,0.5562806899498879,1.2080805016332337,0.24762580576737064,0.12922154222654553,0.14394798477542395,1.198265205098333,1.676733524768333,2.449053159780496,3.2235773729276946,4.701355062562266,8.348979548905827
27,2016,Alaton,11.127552708139183,6.915446820800957,5.268795056620134,4.10251388078128,2.827154642560443,2.061118470191501,4.702242044800538,0.3855142285007511,0.529046125453617,0.4026107903696863,4.5928426055407,6.695307668765329,9.770237950380654,12.86333224005478,19.20785747397256,35.76322101479381
27,2016,Benth,2.1636931728242454,1.356440310798486,1.0123351472175244,0.855343593890185,0.6402193104619778,0.46836979209523655,1.4020644164627056,0.268103473706431,0.12467075536175415,0.1515958461698869,1.554340104061753,2.2001266496973892,3.2375980014934904,4.274589920591767,6.279754805193065,11.326235846895383
27,2016,XGB,2.529879900854538,1.5850392161789009,1.2156748215667226,1.0071215321007096,0.7357146274748421,0.5306225593090197,1.4035359870196993,0.2557544333829617,0.12043842297737482,0.1470428785391016,1.4890363404163967,2.1075167558189554,3.099241558345835,4.094541671341011,6.00609842166803,10.836455084739063
27,2016,WaveletFNN,4.287550252849759,2.5635169597115146,1.8303451242723359,1.4758084574796053,1.0539188962835113,0.7476152439812332,1.7103832376491388,0.27749266829468683,0.13500793937667707,0.158237940145832,1.6999381240933746,2.4123325878404853,3.5511510829562996,4.686232934721924,6.871410188484273,12.862140341616387
27,2016,LSTM,4.915174668621701,2.8282557308994805,2.029182773400995,1.6107016150713127,1.1309569125492454,0.7935013397515711,1.1706448001591545,0.2327310516974962,0.11859019415622256,0.13869668620941658,0.9017678054197376,1.2401747034592323,1.8008879923353762,2.3630133019024173,3.397073151596308,5.9075703827233115
27,2016,FeedForwardNN,3.3721101881448567,1.9826491550388832,1.4416744999165645,1.168921431995862,0.8306046492103083,0.5920166965245155,0.8052675130934968,0.21953479850405258,0.11484079115292974,0.11839728466501803,0.599975885711204,0.7999295809354834,1.1431725040018914,1.4827239661321232,2.070350341201109,3.5200745332274503
27,2017,HBA,2.4213942099982737,1.4153115061682326,1.0306723506446491,0.871265428818808,0.6441867827721801,0.4810478567056249,0.6476195153107598,0.25770121489971104,0.1547700045725146,0.1503597089442002,0.527953369655162,0.6631864607213888,0.9293121411288737,1.176451215523698,1.650185035554289,2.2480544314306643
27,2017,Alaton,5.1874017715573535,3.321527797351077,2.4079426553766456,1.9506179516301738,1.4177028310305835,1.111916521578132,1.7329260230047623,0.4274630066845211,0.5003439026732301,0.46787687854043203,1.5358407132977383,2.0851385671841336,2.8492009666866323,3.669615486779713,5.3500683970796015,7.773825328540285
27,2017,Benth,1.8250289324372646,1.1311993141950447,0.8665713561914038,0.7544708945968145,0.5626787019052405,0.4265280256746988,0.6542466951795445,0.25878604761907725,0.15422667321361522,0.13986310454462586,0.5908825820846836,0.7582606428045187,1.0710415116851726,1.3663245555435939,1.9359463668048031,2.539466052027938
27,2017,XGB,2.4927604471868086,1.4280918770314046,1.0433060341732214,0.8817272186031236,0.6476208028718765,0.4861034646274544,0.6720262457782146,0.2519355715705317,0.16306878813861017,0.14966796668089036,0.556783390484484,0.7094436815179224,0.9961939042765271,1.2597920082917944,1.7773942215066731,2.342240429768459
27,2017,WaveletFNN,2.8546001762581343,1.6270959924298265,1.1761816184498122,0.9680746984037748,0.7134170550032904,0.5261835803031817,0.6798090290859188,0.25065249155676855,0.15171663090296403,0.16460353913434986,0.5257800986809085,0.6597775818737254,0.9235240201398403,1.171100398204761,1.6393624122212584,2.3051400120288634
27,2017,LSTM,1.2961852416351827,0.8058466134766651,0.5943699863922807,0.5622400274711625,0.4352701626719573,0.34670880622803163,0.7062617120227667,0.27617033895163395,0.1695860933401802,0.15407920232490196,0.7549661456757562,0.9888429844650752,1.408780849919825,1.8164668111487916,2.6075135897165804,3.611772107247356
27,2017,FeedForwardNN,2.051694357487666,1.2436199748311756,0.8834152303747629,0.7587495819697322,0.5681769263889366,0.4239947275082505,0.6835250432768465,0.25293862240311044,0.1356303297468781,0.1509993099584275,0.6271271651603677,0.8114167968548843,1.1545453703622521,1.4914171381885502,2.135451962952134,3.100438203947158
27,2018,HBA,0.6275889829548889,2.534231378472909,1.9585132643143768,1.526092174191014,1.0645442311780162,0.7538850005870429,1.1514695096561118,0.17057519804165594,0.13256653940509602,0.12707960606381347,0.9001029986032705,1.265385958995896,1.8345825290663464,2.398614960339127,3.448729213494471,6.259821378485549
27,2018,Alaton,1.0832815787300494,9.432313579544394,6.97959225643299,5.285927399945779,3.6427413882930875,2.619091303701435,4.6938020343466125,0.30589052015318474,0.5717911345181299,0.5018956342492511,4.009986798857272,5.858674423483886,8.491687309546734,11.161863085461162,16.529970988570074,31.70565638724674
27,2018,Benth,0.5456886251315879,2.194375380932263,1.6876912435849871,1.316253733662363,0.9221620445321846,0.6625522245632213,1.325530881423412,0.1566328454793821,0.1433325846252945,0.12516711214541065,1.2264889949307975,1.7607839260916462,2.570934045300438,3.3790006432901816,4.920020891284324,9.184724786087786
27,2018,XGB,0.5864539878112993,2.740576857541514,2.075620686166959,1.604829698846992,1.1164681118538993,0.7877394063127847,1.3651451581629626,0.15731553754083946,0.13028199523055575,0.1215634621066166,1.1507110696997616,1.6468672056574332,2.40738033919602,3.1640801299475583,4.602470931402139,8.584030926192977
27,2018,WaveletFNN,0.6041730773955873,2.7449764699318377,2.07290410824064,1.6113824624357078,1.1316974058446692,0.8073348094314811,1.667510881756251,0.19049070344869845,0.15860961660510486,0.15873872438804373,1.559921680612155,2.241413773474754,3.2915163952432716,4.333430498592528,6.3847720966118695,12.166201048775314
27,2018,LSTM,0.33155461053304486,2.8416923329031425,2.147642312542147,1.6526777012995917,1.152659740233037,0.8078982582729125,1.6306932764595288,0.15767716792392675,0.11837529435266311,0.1022030722599284,1.4854978155748964,2.1520689152953216,3.1710495038577005,4.172543564113743,6.097949346882335,11.453360580575557
27,2018,FeedForwardNN,0.2785951714679049,2.888665448998028,2.1650886217940997,1.6611958852327389,1.1595604955829955,0.8117788426718268,1.4310133308012358,0.15403236937189096,0.11621553684948943,0.10956972810329868,1.2094951357110233,1.7396629461203843,2.5537265762485473,3.3519562954676902,4.887077084135935,9.16012994645041
27,2019,HBA,1.9784914150037174,1.355538393198941,0.9865030280818284,0.8182143646067457,0.6123893838199593,0.45030402665519115,0.5131915503577071,0.2424325578276666,0.12793426073859662,0.13114361220335155,0.35929467312754765,0.42396633752156215,0.5775897170542476,0.7241224217858314,0.9822847667652419,1.5034803568833612
27,2019,Alaton,8.537955745437383,5.886900170509352,4.185977849922803,3.2801051159985692,2.2945488413234223,1.7137834111529808,1.7999238044789772,0.42413571059736926,0.5587055000362134,0.47178390373678886,1.029401761284689,1.3414057967265933,1.7184761352317797,2.134221875272294,3.071748137680142,5.01730954770664
27,2019,Benth,1.6966341734317945,1.1747820729783447,0.8704664622385001,0.7363646220214255,0.564298155921295,0.4174255976339255,0.4977600673029699,0.261531719674281,0.1253123983734906,0.13718252064697325,0.37605420225979613,0.4405468457701457,0.6032536330263689,0.7602121673272718,1.0417471878974096,1.5529886501875116
27,2019,XGB,1.9141263710439707,1.2967499303722214,0.939739588605389,0.7910245897844829,0.594713096152453,0.4371554522523404,0.5077496740945397,0.2535202313934386,0.1237908049398942,0.12861202654850873,0.36597791408253055,0.4306642652556238,0.5907751425052593,0.742405731380567,1.0127326403441355,1.51585172843636
27,2019,WaveletFNN,2.51087319185013,1.6364553388861804,1.2071872271221205,0.9863954971521952,0.7354679333443952,0.5559816192269882,0.6284807887242645,0.2689899650530891,0.19900328337125675,0.18610292782044055,0.44334581971757664,0.530260329057574,0.7091961870201169,0.8613268153274687,1.0742695001608458,1.6021578303021973
27,2019,LSTM,2.81257047636504,1.8191262985990788,1.2810153465425695,1.0458902677978967,0.7650036386206897,0.5548634058879012,0.6724817404791236,0.25472539412016404,0.1369178318971331,0.13510731481576582,0.4755321202437585,0.5965138500872348,0.830826411759588,1.0587018626625155,1.5089349793522122,2.3919399457878288
27,2019,FeedForwardNN,1.6350845231372373,1.1599721692814906,0.859529401682485,0.7266392545505794,0.5409862547851694,0.4038187233761393,0.46303089385266744,0.22598247618671258,0.13100774424040168,0.12693982545436303,0.334001358844779,0.3937002965522205,0.5346819927586359,0.6609750636997279,0.8385974972412295,1.1949108892600075
27,2020,HBA,3.5476873272533824,2.0155706332828816,1.4467621508586967,1.1560328085618503,0.8189157653744114,0.5906267547389121,0.5648045865999393,0.191069379890126,0.13404873346791374,0.11935252143450407,0.2734887016810382,0.32453365523915856,0.4315284306369076,0.5074225776442263,0.6381692912804177,0.5589011606577318
27,2020,Alaton,5.606961807144586,3.3278885472264417,2.5871204271415764,2.0026120055126975,1.4337950309279826,1.1411042763643524,1.2186349460181154,0.2804696347143887,0.5557227672370914,0.4564961826084007,0.7672397912370442,1.0233330933757872,1.2433613156716339,1.5056104233352414,2.1695563812821677,2.505886557226557
27,2020,Benth,1.8287936506394904,1.1771252185552652,0.890519763760222,0.7293604405489998,0.5405280719972199,0.40846073179752884,0.4318903570329385,0.19053638023421757,0.14432605139814655,0.12959203597097974,0.2814988883729858,0.33366543288843054,0.43864177519748765,0.5156827971152623,0.649909533138814,0.5138195823528648
27,2020,XGB,2.737334308766957,1.5821206736315685,1.1559257265500944,0.9280981804646175,0.669727317298886,0.4917786460105075,0.49004050381835634,0.18352890804767769,0.13588130343375046,0.12048275377717932,0.27086249243271193,0.3223058159633095,0.4259826463849957,0.5003895502959577,0.6232761154876522,0.49468218346999987
27,2020,WaveletFNN,1.92028156701774,1.1241063878639865,0.8901027242547636,0.7438260011511186,0.5441318654755302,0.4332082746849091,0.44801675055555323,0.1981610066962968,0.21136109310366685,0.1667307603752446,0.300496877331655,0.35817984441401907,0.4413491576841686,0.5091639460755815,0.6901634396649317,0.541628882860572
27,2020,LSTM,3.9496317686913103,2.1319542826089157,1.5725550096158085,1.2351179261761898,0.8781402832237557,0.6308455370138404,0.6195954051547181,0.1837255568317033,0.13625604459400956,0.12057087685003842,0.3034376698323063,0.3762856948393723,0.5045681131829689,0.6018811947270803,0.7643515270386533,0.6377670539210663
27,2020,FeedForwardNN,3.3361239616637812,1.8366925748595222,1.3872177752102082,1.1032627596552282,0.7848690812009568,0.5690393360918693,0.5536583653724318,0.18252038719170555,0.13737984587369462,0.11685372062734863,0.2770332809332886,0.3368319359415027,0.442984378115014,0.5248915559900288,0.6610229962720765,0.4050082887606196
27,2021,HBA,6.559717555889009,3.7585287070441824,2.6595768945928495,2.14521137806165,1.4966536357510298,1.0414510290880692,0.9641817682731583,0.33373037690921026,0.1310458157621475,0.14838271581025902,0.4129448213143936,0.454613859965476,0.6152386789872325,0.7777099247726224,1.0633442162004738,0.9851333186702717
27,2021,Alaton,23.06784872556759,12.869869083833338,9.127993575477472,7.127004605492131,4.857724939980348,3.412594334010606,3.201745346441408,0.5874563044832234,0.5223331220711216,0.4290235173378649,1.2753550250010708,1.622024919897016,2.1666080409003117,2.7312132243439,4.014952531691601,4.663552788383665
27,2021,Benth,9.571948152120545,5.25190352423054,3.625552121262277,2.879704944495131,1.9944137438276932,1.3692982833392067,1.2360312818968584,0.3632753663931093,0.11906736236223386,0.14719836108739107,0.457796384581995,0.5082486407277287,0.7051747162101877,0.8964777430977116,1.2373087638643656,1.0940008450333167
27,2021,XGB,10.487080861492206,5.7316623961520285,3.9741684560943837,3.1537064513210926,2.172737988230131,1.4928713975801913,1.3211361015777534,0.3713075203658787,0.1331382162803113,0.15524163605314328,0.45605505744994373,0.5020614183071467,0.6808234850580289,0.8695635735444608,1.1922728221860055,1.0725361029940115
27,2021,WaveletFNN,17.040999343783863,8.986493837882211,6.099076239640861,4.709315141530808,3.199018994940903,2.1656915836791013,1.7716455961311162,0.29896175024094435,0.0990367611554993,0.12123520274927685,0.3579955727505966,0.39175672925761335,0.5400559488109127,0.6799983274339877,0.892202188923603,1.0470181537889425
27,2021,LSTM,13.023543916964362,7.006919616151731,4.810879932292607,3.7462013863607018,2.5561104100286993,1.7462445356132628,1.505739480734093,0.30134088776479234,0.12651278678239,0.13965128552266623,0.42801957875672164,0.49345246290322364,0.6754553768060731,0.8582473512206631,1.1876725773483183,1.1001536356290411
27,2021,FeedForwardNN,14.553065799525585,7.738129375852309,5.27534155777691,4.116941444176402,2.7938292750745135,1.904678675982044,1.5732769792434187,0.3123169923721165,0.12637747779710481,0.11441821526560068,0.36305317135567416,0.3944361342902084,0.5387408833846963,0.6590769975134366,0.8852004539607228,0.8123651487100284
27,2022,HBA,2.2018875309252364,1.279810147695645,0.9487028480178255,0.8623202073078382,0.626431829272899,0.45921319001202077,0.5886711139934392,0.3041608105279725,0.12477591149026439,0.13597865561302785,0.42812447387134506,0.5648302291986156,0.7934313657340769,0.9931971657997767,1.3550075673330082,2.46238293262227
27,2022,Alaton,11.134733354836007,6.619247488905426,4.795450263016651,3.84792648492558,2.690835000062388,1.9809389401307196,2.1362046299605115,0.5862197371081257,0.5611468202673829,0.5236307798776717,1.200338540509946,1.6268233983286133,2.130165304456571,2.708751887653844,3.8858448863358235,7.240184543507288
27,2022,Benth,2.10284680322136,1.2555733490744954,0.9587134943363858,0.8547202364638583,0.6176267564139132,0.4578052271576162,0.5966912510463399,0.2765400184914405,0.1381621686450223,0.13952819384353624,0.44069851191373116,0.589819246634681,0.8216336863670244,1.0296497291210265,1.414593052795019,2.652008823706304
27,2022,XGB,2.412769824916916,1.3849883555282316,1.036377507227973,0.9218461749168497,0.6638356973205976,0.48201486447640834,0.6072875173362933,0.29129388741322176,0.11837319878803042,0.12696640927656472,0.4243403224255879,0.5650542079447907,0.8005366125194643,0.9984996814084482,1.3673070813783688,2.542284914901777
27,2022,WaveletFNN,1.5330426130120343,0.9880588684234132,0.8612613410137094,0.7258299337818777,0.5542110282731881,0.4378941117605156,0.4650728171765464,0.24716071553266677,0.20526027873517055,0.18533183018779556,0.3267910664843934,0.38535537754037763,0.4654144873307342,0.5638498746049434,0.6492402293362513,0.8937731691413281
27,2022,LSTM,2.3574722066578757,1.3523135010997946,1.0144746038834493,0.9373601348091003,0.6756042618309316,0.49135936506077477,0.7297705409171292,0.33673391977841377,0.12286957152046105,0.12582436517954887,0.5883914095264855,0.7984590075092715,1.1626532283642486,1.4614896788679732,2.0977958247487516,3.9440327874171777
27,2022,FeedForwardNN,1.3488122634463613,0.9050387994015135,0.7261416071565477,0.7156006067083811,0.524979422603617,0.39087911236298406,0.5821091394132695,0.3238172380506862,0.12267849188171827,0.11631553489340885,0.48579643420191965,0.6529179293672338,0.9269087009137844,1.1714110786097953,1.6269896248559155,3.0086836107965715
27,2023,HBA,3.008529587786915,2.45831149021551,1.7728319214541424,1.3807466090985672,0.9643722924703796,0.6908920197725753,0.6762837746899627,0.15591266348661703,0.1439314743769667,0.12190445213003742,0.3166463007706403,0.40622997095275626,0.5421322490520549,0.6568526965516539,0.8895365963756,1.4143309340080423
27,2023,Alaton,16.742753612447768,12.588903019553783,8.88155688677179,6.803625140572801,4.653281569669434,3.2949509890591755,2.942527167330463,0.42500625256707875,0.578289827838657,0.5034763845252799,0.9962770723393861,1.2987945576669568,1.6511840189006675,2.0207386935702445,2.9007414587509937,4.622438637402454
27,2023,Benth,2.7605324522329187,2.2471271788061262,1.6373512464905222,1.2812882983851552,0.8937339393563075,0.6444886130767541,0.6646355124263534,0.15011663222209295,0.1459979605176475,0.10838863433404239,0.3457126935159304,0.45298161294794487,0.6126606101490898,0.7489005943831469,1.028567957855426,1.653741753223127
27,2023,XGB,3.5256319022585183,2.845754707161056,2.0510521785064904,1.5991422969506421,1.1065633382882503,0.7844057507163181,0.7628520688114869,0.16207449807000993,0.14009057557245402,0.11511633036592823,0.339278312152675,0.43938810146242163,0.5913185507190571,0.7288139131410943,0.9992944303910677,1.605609089152278
27,2023,WaveletFNN,5.085538114028393,3.8546187906804237,2.7589178303291573,2.1178762593716085,1.4583140163823887,1.026274754493073,0.9304542779808096,0.1577102024356207,0.16219623071444123,0.1400730478403566,0.3316218477336348,0.4272145449203696,0.5548961645547628,0.6812369880115512,0.932136329667855,1.3487034812083758
27,2023,LSTM,5.024549030264418,3.6090298140803614,2.5620930635677968,1.9986315577167233,1.3657089116800296,0.9586296683918257,0.9253830825353896,0.16932475979226272,0.14447118181541843,0.11417387030182218,0.3881930006128633,0.5079660903447784,0.6844671063539021,0.8742371226058986,1.237397901559123,1.9294379299128026
27,2023,FeedForwardNN,6.702859262316691,4.509705280562654,3.149638589228832,2.4413434168181043,1.6676369290151973,1.1640767013437707,1.0995093147027029,0.18563526880156284,0.15695624600091732,0.12806144679902115,0.4273586374852013,0.5593291854032205,0.753026104415546,0.963767820394077,1.3655713007578025,2.2013428096264884
27,2024,HBA,3.7067184363037993,2.081943826926435,1.4692650194826582,1.2167867558131467,0.8487804759838957,0.6075870350152073,0.7642007381853795,0.2282959324851333,0.12520015307783006,0.10223713600222502,0.5388614006813726,0.6969816307696096,0.9906386085993216,1.2622200689694634,1.7843086804545616,1.501214812016712
27,2024,Alaton,13.117081417167997,7.099189332186876,4.969389879065666,3.868156113318069,2.682163605909938,1.9703833044420607,2.535589941086638,0.39493733275420956,0.5468227015063062,0.47445380298329376,1.7665745586821113,2.4463372099213787,3.3662478248260204,4.359931482905717,6.418089710091409,7.7533830918470175
27,2024,Benth,3.806646535563225,2.170905081962809,1.5515679096735482,1.2807788735006236,0.895013247976135,0.6389516774272123,0.8366330035519228,0.2384585862787221,0.1268285363293666,0.11855521542040963,0.6088804593233037,0.7975800336564252,1.1381564646115965,1.462255061603567,2.0846727067092012,1.7462959715408333
27,2024,XGB,3.909988967055172,2.137108753872697,1.4982913784938305,1.2409048739978057,0.8666715075283986,0.619245288731854,0.8279156298240037,0.23505163656296643,0.1243928511387652,0.1072027097920304,0.6162092321527834,0.8074370478899582,1.1616453102956725,1.4838228274296212,2.1191418585909703,1.836418589142768
27,2024,WaveletFNN,6.016065186935066,3.2225081031656613,2.2518743526458485,1.8389324345852214,1.2719766134775448,0.9251945783871975,1.2034133432656657,0.2920788743092414,0.2316305082065028,0.15235330676453174,0.8703159519351703,1.1648560045638188,1.6338493149831994,2.0872584925932167,2.8816768095304672,4.134714363637846
27,2024,LSTM,5.0600233818026,2.6484586187760137,1.841811299027254,1.5076528036494645,1.0442793949046996,0.7412667504957243,0.9426582022546005,0.246747490782145,0.13524146167777404,0.10472268821353646,0.6577129398393589,0.8618198591865801,1.2444777755338785,1.5790612755980649,2.276158486598418,1.9008996169020025
27,2024,FeedForwardNN,5.851981753428624,3.036268399331031,2.0979998830841486,1.6894140596752856,1.1741686940183722,0.8243442847670004,0.8353080030141181,0.2503375049525957,0.12469546626425672,0.1172915313180297,0.4256445209296275,0.5163887536045487,0.7189198858446827,0.9018255857650593,1.2144798854367205,1.1245516573273675
28,2015,HBA,1.038371302611005,0.9606580762234521,0.7183322141775679,0.5841915641774056,0.42456486504263496,0.3245958199521921,0.3049595280937421,0.1307975159077021,0.12465772977130622,0.10374864672627654,0.170360161215946,0.1873820769197839,0.22929035725217334,0.25619123132110866,0.2979283844333168,0.31897929978205614
28,2015,Alaton,0.8761659046899904,0.8406672587179517,0.636139980697618,0.520345453101632,0.3872255834975036,0.29993847082757935,0.285288457333422,0.13831118629738906,0.12536424548773087,0.11255122001681477,0.1702261885179859,0.18514423979800196,0.22752051383507593,0.25060463892054535,0.27964489755005556,0.2916369597114405
28,2015,Benth,0.8290664787732991,0.7851035551930728,0.5947954428263051,0.4903365041332639,0.3644793248372026,0.2834634854392132,0.2732921163416721,0.13416320684810012,0.12143180664323441,0.10935979170597179,0.16803751860895566,0.1831799315450624,0.2242239973975803,0.25251289232662366,0.2895407293889102,0.3069382682199734
28,2015,XGB,0.9838389424832663,0.9805296655586606,0.7361244295589479,0.595565442444607,0.4345993867489592,0.3349913086516082,0.3116031293152632,0.1330743439389706,0.13577515245690625,0.10627502737159587,0.17243277471202628,0.19127683852256633,0.23520924822329806,0.2514084441682741,0.2824335933426307,0.2899307570356051
28,2015,WaveletFNN,0.6296596142852408,0.8650307116104355,0.6594818993852709,0.5349637476252435,0.3999696387979603,0.3124013774535075,0.29483053074473003,0.1404573782106497,0.13726485476460176,0.12062461281415975,0.17443501048491977,0.1920171159980275,0.2356703033005121,0.255025238979114,0.28565487232616066,0.26116765522094343
28,2015,LSTM,0.9015167465233805,0.7847212569232868,0.6236624612386816,0.5208270704831744,0.3921149776749936,0.29772284802395504,0.2747779652436775,0.16056749411130555,0.10893858872187785,0.12271183261010912,0.15681596752954177,0.16098409034852051,0.1858787693667395,0.2198726638043749,0.25008096117129497,0.20413204617741645
28,2015,FeedForwardNN,0.7892296801400345,0.7453359158333251,0.5717502002474595,0.4809788442301296,0.36208255312992044,0.2745576208316766,0.2657686645046142,0.15241490601238142,0.099507756235189,0.10851102250641702,0.16231194689497974,0.17226103571089368,0.2105981898054335,0.251320381646758,0.30044416864086065,0.27980263000901384
28,2016,HBA,1.2000378168887798,0.832435837738833,0.6361114119119594,0.5510056397328068,0.40849578549192866,0.305175496396018,0.5818439256765774,0.18088015907189792,0.09853491820419666,0.08924917936883404,0.5690431417851808,0.7697122657152522,1.1079950358062822,1.4382801870735022,2.0732675427022538,3.6081515799588084
28,2016,Alaton,1.1191478631016412,0.8123415031220069,0.6131149578380746,0.5379833499639041,0.4034693783651785,0.3008308485310316,0.6100952787355549,0.1938237988922822,0.09555378886273787,0.09441144878066123,0.6160942482060167,0.8318757977865252,1.2017656487393444,1.5660275939130652,2.252801459196905,3.8707847832240714
28,2016,Benth,1.0774965953154285,0.7787871332108979,0.5805783159335699,0.509762927940439,0.38254993829628964,0.2892913912082829,0.582242283017157,0.18452156065900954,0.10277429703226919,0.09062130825660303,0.5893164092529343,0.7966497938530783,1.1459528141427922,1.4875927019265407,2.14497919228872,3.690463705440493
28,2016,XGB,1.1953630204981491,0.8830821819506932,0.6782161952751847,0.5850031062497113,0.4331668791099966,0.3175924622225569,0.6246015305145585,0.18811756294480858,0.0864436284476773,0.0929561375444789,0.61394558018937,0.8313985677456495,1.204173017574881,1.5747092174021187,2.269413267090551,3.944669187057014
28,2016,WaveletFNN,1.5056688683729382,1.0969789097157303,0.8622568655084119,0.7364179981323318,0.5398059948542535,0.39163923769552633,0.769801691762606,0.2173551242000951,0.09530572337807208,0.10841843850331488,0.7481236891998612,1.0195860057674844,1.480345999149407,1.9406608548790492,2.806574288095059,5.004159428705066
28,2016,LSTM,1.3545787471796695,0.9498921765763949,0.7079697633692352,0.6072814099807841,0.45157869808831186,0.3319320331810403,0.5460216215759601,0.19518763280738852,0.0926387033664972,0.11135919358304944,0.49766731611081727,0.6530317826708455,0.9282146837259859,1.2135820239955981,1.735268310374473,2.969809650751521
28,2016,FeedForwardNN,1.6121830502930583,1.093133771390831,0.799846737530551,0.6771466110861984,0.5009717668962205,0.36642385126268445,0.486184854234164,0.20209679626188992,0.09732801999561258,0.11291389805354891,0.38624689263747136,0.4822682343941593,0.6705913155214785,0.8673428720418506,1.194483937158479,1.9255943071331023
28,2017,HBA,7.35883416522315,3.9125913869388884,2.6844158294161313,2.0731442180038955,1.4369837008818693,0.997216872078672,0.7993084063409098,0.1895515723476075,0.11768321447227727,0.1402265540665404,0.1823539548931383,0.18225014382397042,0.22095526921785474,0.24474654555483855,0.28366275479935305,0.296835497936982
28,2017,Alaton,6.375348989772271,3.412494258740337,2.3557486319457848,1.8296225455666135,1.270121379617464,0.8862394563532701,0.7299821640057673,0.1844941272891435,0.11847560982488188,0.12704778960847213,0.1986527891515798,0.20840620917502378,0.2619805378900149,0.2964544276352178,0.36500491211197483,0.3867201012551151
28,2017,Benth,6.034970784228501,3.245241409926284,2.252038682800669,1.749460402861256,1.217811448355923,0.8502541101964319,0.699399809476146,0.183584213911177,0.11513943387744995,0.12989439141948328,0.1913330238344939,0.19898678086242194,0.24758903356089648,0.279481248763044,0.33917068508498305,0.3577528082762506
28,2017,XGB,7.455663072718552,3.959692495914071,2.7119135671159063,2.093380640538624,1.4464790710817352,1.007477334120514,0.8156677890855842,0.18104457504756424,0.12947386019807178,0.13437551381321702,0.19595280238794424,0.2057170326362883,0.2539174873841005,0.28069920444155705,0.3408374892891498,0.36888203659433605
28,2017,WaveletFNN,7.396909440697623,3.9123532165060655,2.673471125449218,2.0684952977123543,1.42966201369127,0.9997801046759482,0.8310918628627667,0.18585290193332263,0.14001628664530472,0.13559283241467315,0.23085378745252105,0.2526233267434173,0.32174046666867445,0.3687100585541837,0.46563998106535703,0.5317630321016312
28,2017,LSTM,5.198277493445511,2.8709305558324956,1.9814041240592426,1.5427588475462561,1.0771286012623003,0.7611750916323979,0.6243259413612164,0.1728530784653577,0.12926807237259327,0.1359404146088871,0.18307173634274862,0.18299615204008757,0.2211150206107762,0.24487106783727602,0.28811469441385434,0.3116374905872297
28,2017,FeedForwardNN,5.230565997411609,2.895523171657102,1.99599348286132,1.553763280262752,1.084222831549612,0.7658431404704633,0.6288041527261025,0.17245218023790407,0.1290837583121658,0.13248215471984492,0.18336853358095262,0.18483268964803262,0.22571911297981542,0.24921805162104832,0.2939301170287623,0.31752324440028584
28,2018,HBA,0.2653053578047113,1.1256394010857846,1.2743084441638428,1.0143418551230976,0.7219529448228261,0.5187417920073837,0.5372551216475491,0.16959744548180936,0.11231948637649875,0.13416398628871778,0.298807263118795,0.3612338464313188,0.4893351640710123,0.6115185361268219,0.7942015071659976,1.0688782660599396
28,2018,Alaton,0.2647024184805558,1.0765175673574139,1.2283191466657153,0.9710919585275839,0.6914742660883619,0.4990935246356832,0.5367727266092339,0.15462938551100847,0.1143320417303259,0.12779507711983523,0.31374898178295696,0.39100727064357965,0.5326222071116941,0.6686600773468601,0.8761453067555792,1.1674884939199115
28,2018,Benth,0.2703460121028033,1.0196219333967758,1.1697216659194327,0.9304809364765703,0.6650740091031162,0.48392502248084424,0.5206313266118541,0.16042635228679977,0.12162704923630033,0.13721238336214456,0.31141487733335205,0.38427474537014883,0.5179534210103273,0.6496294911800526,0.8506092472458063,1.1361929389608023
28,2018,XGB,0.24893764040168784,1.201506689048293,1.3389082879342107,1.0538812530823207,0.7470150305392022,0.5333328854027337,0.5586198730776251,0.15512177314419376,0.1059685951297966,0.12131703579161433,0.30645126232134895,0.3799485819009457,0.5217481268727335,0.6538135558076195,0.8589761242542874,1.1587506526167837
28,2018,WaveletFNN,0.272506794442804,1.1039146062524663,1.3153022811398287,1.0383907310768115,0.7349152998647284,0.5255472404608241,0.5561997587117404,0.15452831858962826,0.10681112165301519,0.11817541505694995,0.31076214652003764,0.3870340000406958,0.5341991198981039,0.6650203026767416,0.8740281930947736,1.1949559938749466
28,2018,LSTM,0.2676573976439686,0.9054593316393088,1.112054685424315,0.8821407080064735,0.6385663045503219,0.4547523330464562,0.5017961825345677,0.16507792367632904,0.08712439003872458,0.09736076798680754,0.30528998939743984,0.37739223494363316,0.5276104058943977,0.6567579561323438,0.8700683661536838,1.182472408826073
28,2018,FeedForwardNN,0.2901638983629945,0.96299028479576,1.1808747589579967,0.9442306985591292,0.6786292069363772,0.4855821107255031,0.5437942201247774,0.17638365491475766,0.09948791830375517,0.09607634610991672,0.3365100409367841,0.4220153196593653,0.5924839655913594,0.7287187184604109,0.9709239052794213,1.3490907700551975
28,2019,HBA,0.6967853678219462,0.6633879539956273,0.5010494771330793,0.4355865124607278,0.33281422045791087,0.25522992263960165,0.26936801430530305,0.16457896378274242,0.10006132700298304,0.10206034106462052,0.19135732150846793,0.2116498881512504,0.2696724697096217,0.3195988108069203,0.4187674969651067,0.4486099721204329
28,2019,Alaton,0.675623170244,0.6572947655215912,0.4967772379838905,0.43710679807086356,0.341397352292723,0.2599814277250627,0.2837728993438999,0.18601746660155546,0.09714957858974213,0.10715658099895434,0.21148009200813273,0.2324552743563615,0.3010126778491126,0.36393845193220253,0.48606872492026715,0.4965599718146128
28,2019,Benth,0.6307462540233727,0.629215181588462,0.48675294312689643,0.4278149795628258,0.3316149997395241,0.2557021887887021,0.27748795656034947,0.17647705635215166,0.10387656688705811,0.11046948022585076,0.20681241344846962,0.2293395687324397,0.29197120432944385,0.3507375152940733,0.4664735263077293,0.48710572899547944
28,2019,XGB,0.7238062787003569,0.692909148334553,0.5133661197738175,0.4493805477188518,0.3460603048081972,0.2616030435990964,0.28121583985435256,0.17875448984257683,0.09268852118089478,0.09919745978108999,0.20231739977995622,0.22255215853940874,0.29061878407669844,0.34907253767404045,0.4647514589586415,0.48736319737103645
28,2019,WaveletFNN,0.9147515869200527,0.8135233310916716,0.597065786226824,0.51627417496356,0.3937105198898817,0.2990133785179293,0.30902137043288136,0.1903552535529395,0.1096190957740245,0.12251615252303664,0.21213978678045217,0.23116266635252,0.29134537277386235,0.34736332872277886,0.4627513819574263,0.5058407556112605
28,2019,LSTM,0.7098119305587497,0.6986463339282044,0.5345029491071872,0.47678306498433015,0.36711070383504635,0.28116015191459626,0.28906480055216605,0.19971845856290543,0.10925904807369592,0.11813802600438641,0.20322389620823786,0.2152587431320679,0.2696984719914761,0.3233792785001825,0.4186605230916284,0.4700119119183734
28,2019,FeedForwardNN,0.6926151694003472,0.5995918429308971,0.46187800398588724,0.41628556239105985,0.3232607657507077,0.24944513815966451,0.25988140344895083,0.18464352751552832,0.10181388297757811,0.10177455750410838,0.18934458742976498,0.20141626499388932,0.25490943547866146,0.2995947203745561,0.3764780160085143,0.4573057182788755
28,2020,HBA,0.4963090232385188,0.39163176286236584,0.32828562473572864,0.3139612207989156,0.2557625634225184,0.20990386311741613,0.22357499858722,0.18323950210930812,0.11818646250721167,0.10878649324527527,0.18621502503736545,0.19697694692651616,0.24291283290106686,0.2698731833255079,0.2978466270805169,0.4101093801624795
28,2020,Alaton,0.4714680040340692,0.3659180355600684,0.3147718527892183,0.29385278136934784,0.24540202954942544,0.20305919930745986,0.22352585233919567,0.17603220630963248,0.11837353882352875,0.11109863537739767,0.19176305870786414,0.20715788477602043,0.2563320732231938,0.2902768672072789,0.31997150746099795,0.46445802471567554
28,2020,Benth,0.46645471871357086,0.3785891914462229,0.3231484818811636,0.30357534663928926,0.2502762498028542,0.20695402916265948,0.2227671228588464,0.1774040177245447,0.12030958788227007,0.11075397997669537,0.1880308536740109,0.20064033401873516,0.24594881934138194,0.2759293727158501,0.3057657213143533,0.4372230779602393
28,2020,XGB,0.4769357146342953,0.3513540010872092,0.3052762648647108,0.2877395710234774,0.2400775137943415,0.19987636016371946,0.22085873704769238,0.17487876272397213,0.11947405290247541,0.10986418331078335,0.19124719715534813,0.2071049013618809,0.2545169219203791,0.28887402710512095,0.3186227093151564,0.4611992159513376
28,2020,WaveletFNN,0.4525725220092795,0.34329993144023224,0.30227555184459837,0.28565524965328337,0.24666939772918342,0.20542994106432877,0.22559755234533022,0.19106324361376842,0.1229510277346196,0.12480175914692193,0.19859941382476387,0.20955323399461936,0.25494542516306484,0.29165197940030885,0.32762953916696863,0.45467743420239776
28,2020,LSTM,0.6634572889353186,0.44473962690481844,0.40985793174983226,0.3597174045453371,0.29511932952214637,0.24155236514137787,0.24903848310309357,0.18038072729446053,0.13441843637984097,0.11938474869199582,0.19106749506499032,0.20859724347404807,0.24486250263827083,0.27902087238571366,0.3192351366494593,0.44802594591144373
28,2020,FeedForwardNN,0.694672786562514,0.46922133253331294,0.45482518986925363,0.3992895056261941,0.3354182136542019,0.27070398474878077,0.27113054189953106,0.21601123743915004,0.14127552693793854,0.13560018401610566,0.20745298582783694,0.21283203697685366,0.24899519398160505,0.28023319195717106,0.3243203173023305,0.4410095094490552
28,2021,HBA,0.9769028783748549,1.5954093680193215,1.1546859632392092,0.9562344359995218,0.6862900376941334,0.4824791600510421,0.5232780751652214,0.21789411214905752,0.07485740476485955,0.09102318551980162,0.3181572186510811,0.3736303706733408,0.5296954510406431,0.6698753404935626,0.9553709706666565,1.705758018168079
28,2021,Alaton,0.7876412837619513,1.499734634660757,1.089323952407176,0.9332001503512317,0.6792956887111951,0.4766342189096605,0.5177878365263618,0.2692674250152139,0.07131127930659144,0.09511563696784958,0.3312021230062345,0.3695407105888981,0.5241824396821759,0.6646327714249417,0.9450628364824635,1.6063218025206296
28,2021,Benth,0.7315826539538911,1.4207460501976088,1.0325250027396287,0.8780814713879103,0.6380317866478964,0.4493246528929288,0.4869973277617268,0.24353857055616424,0.07191038538299359,0.08745747369152888,0.30893337642962676,0.3485259380691478,0.4948117540296559,0.6232016493288123,0.8884125965011685,1.5265799952738959
28,2021,XGB,0.9577498459751312,1.6427541558641494,1.1895253400785784,0.9993214066600349,0.717478113495541,0.5027378484743215,0.5277618840772866,0.24543088691250345,0.07325731843188264,0.09297699038630344,0.3114411607552562,0.35162533808115687,0.4942301348239805,0.6271373038381028,0.8924736165461604,1.5524293046101099
28,2021,WaveletFNN,1.0163299808385147,1.8011311636914933,1.296582935864644,1.1068824728613937,0.793891552821173,0.5551324802938572,0.5808500554053013,0.29120016977770186,0.07761433523922577,0.10019577762622361,0.3469198439989737,0.38221871478764746,0.540320954729197,0.6854268565994768,0.9766726956723801,1.6876859054559248
28,2021,LSTM,0.7584546747902942,1.6547851211065645,1.2225678311774817,1.0000193685973044,0.7139889379746815,0.5053758317645828,0.553985918600499,0.20541004477188135,0.08814961934438545,0.10331734292496733,0.33657942131822943,0.4066516641233641,0.5674085839408619,0.7199512211057938,1.017848544069788,1.7980421519479737
28,2021,FeedForwardNN,0.47654334094444667,1.4264674363797838,1.0521113058395324,0.8617823084180434,0.6119863116583157,0.4306572432200005,0.4652146350639304,0.17186131747709904,0.06799910634336981,0.08032653549037944,0.2736656267579667,0.32969578759524754,0.46452193853359947,0.5884601945035062,0.8283205413285424,1.4358982424789446
28,2022,HBA,0.5393939242915899,0.38755675515943,0.3389322366544356,0.32882981693302593,0.262698905321414,0.21598633870295691,0.5021766802057664,0.18646557398839242,0.12256120546604282,0.1260055608517449,0.5486006810537943,0.7529985375392583,1.0667772816856174,1.379839282440187,1.9734830892246567,3.799502616648323
28,2022,Alaton,0.5040728304151919,0.3712186881940647,0.330870426204826,0.3218372015591988,0.24964537858224997,0.208561462820868,0.5346453090519959,0.16842033095967396,0.12639363129810394,0.11816679992224541,0.59498921679185,0.8314546766566869,1.1837699021978036,1.5337644043487748,2.2139756132617907,4.297714456411346
28,2022,Benth,0.4637583545586838,0.36715357440580315,0.3368015296539615,0.324419213434269,0.2543465982469791,0.21431258426385505,0.5238949442710346,0.1718916668399967,0.134244556297607,0.12559747674117103,0.5797463870851628,0.8056431784194883,1.1376120212154324,1.4733735092210838,2.1187021075832053,4.101251679379796
28,2022,XGB,0.5664486437425543,0.37881985484149205,0.3314850031113562,0.3228375078633069,0.253148040949358,0.2065810995129396,0.5249430083006837,0.17481107878735974,0.11344721664010282,0.11445367180300486,0.5814183430443044,0.8080452761626311,1.157912371648262,1.5001186070430896,2.1581264510960696,4.177901932734288
28,2022,WaveletFNN,0.48077282736634797,0.3801878692873898,0.3484719797905051,0.3208926452588788,0.2564115289338528,0.21296442516906453,0.5617725034124423,0.1643510780772004,0.12607021763948803,0.12784873556521087,0.6305723407163076,0.8790635397752805,1.255665667802858,1.6314016942884233,2.3490790403454684,4.5606584225846944
28,2022,LSTM,0.5794845739694703,0.4011464950153693,0.34224167830097757,0.3440552483860958,0.27267639998024656,0.21970321414884958,0.5032606948890883,0.2031111216595155,0.11375684248605569,0.12690434110428075,0.5451094189398116,0.7417569632724987,1.0641428669094348,1.3702297624804287,1.990292841874891,3.863574985983268
28,2022,FeedForwardNN,0.8196229450169711,0.51345580714266,0.42714512926459514,0.41225896577184223,0.313850670404967,0.24562843961585962,0.5425104160074908,0.20055621154533887,0.10918397803764478,0.12253944053500546,0.5667689012191403,0.7808116349595333,1.1222694083139548,1.4508889961472045,2.106331776594686,4.08287391944579
28,2023,HBA,0.6388238444593259,0.5212072504602557,0.43197892311111563,0.3566912777426998,0.27994980792225954,0.22143635741738077,0.234477910902878,0.12792069273340337,0.10440945640762332,0.09662366418388574,0.16922116969303075,0.1945437966884928,0.2537646349864946,0.2773960351483045,0.33975619655070854,0.4575035778623875
28,2023,Alaton,0.5598284972664002,0.46932050623704796,0.39947893159030984,0.3382861060455517,0.2591225244013155,0.20685462126234477,0.22682146203734288,0.11876611721232114,0.10231881498440336,0.08332019997601826,0.1681698238662538,0.19984072838779998,0.2613311204736959,0.2908607682410617,0.36868711638798773,0.48464740157697567
28,2023,Benth,0.5134422265877597,0.4464819331227571,0.3845584162107142,0.32210909944654487,0.2518510960407071,0.20467329291988767,0.22511717834306325,0.11914377587070012,0.11031768667824872,0.09018171112640047,0.17164826655629642,0.20362403543039,0.2643638847970523,0.2892048339538008,0.35890842910246856,0.487676481725115
28,2023,XGB,0.6688804282313858,0.5351226109190875,0.4488143069547779,0.3743874983100062,0.2841584649964393,0.22235187159088482,0.2357313680444984,0.11950262303810066,0.0987386847797758,0.08592663449480531,0.1635655877691403,0.19282477589335925,0.2505502360412656,0.2808656446155847,0.3500378578549897,0.4679282133949296
28,2023,WaveletFNN,0.6583706264908734,0.5548465752478884,0.46683846199685736,0.38736491272802204,0.29082795231367886,0.2277756546699434,0.2488684580787936,0.11481744263050042,0.10167105938247253,0.08334296165057938,0.1775972610540039,0.21175376179154837,0.2807200620923196,0.31826828483781866,0.40429685333986703,0.5599762164029938
28,2023,LSTM,0.7577190808834631,0.6024422875189324,0.4970122080906384,0.4346158618637434,0.3201927792682873,0.24986366713923522,0.2624505630148972,0.14337335044593622,0.10920544288113097,0.08994341299145252,0.18058650118121405,0.20711289980952452,0.26499239145807285,0.307902165770868,0.3966670427107702,0.4968318170954095
28,2023,FeedForwardNN,0.8548628034216819,0.6044200372175799,0.48586778559128446,0.42072602153915734,0.3077875134647569,0.23883185818875483,0.25558178762023964,0.12970724133822933,0.1009205476367507,0.07755661792848259,0.17579623920801807,0.2056734786140664,0.26895792474151275,0.3130256065723002,0.38881410015865614,0.5514764894443875
28,2024,HBA,7.1042709812247455,3.714616089498369,2.530724418683903,1.9621945342640323,1.3396680665024379,0.9246215858086174,0.7471965351438399,0.1486117143209727,0.09452862442097651,0.08255951158600942,0.16126819899090375,0.1744243966002373,0.21850199081845958,0.24718589667822333,0.30238561907589184,0.32283767096519095
28,2024,Alaton,7.302014934037284,3.800871216463264,2.5902483670285084,2.006821198397098,1.3692574817293346,0.9450619781749583,0.7700621376609229,0.14826659643016066,0.09667097106620649,0.09048018827947012,0.1731345224898847,0.19043128778617585,0.24217217187986112,0.2776463098564925,0.35927767504594504,0.3758083916390699
28,2024,Benth,6.777027219747223,3.5594730400178416,2.4391969196547736,1.8911763475049312,1.2910879477559383,0.8936473853704454,0.7278338155281179,0.14297897585710256,0.09876626059945924,0.08963199782379294,0.16561387904285546,0.18382152407336402,0.22802680182769278,0.26206933339326444,0.33045252941862074,0.35443876130307755
28,2024,XGB,7.698412303259065,3.9761768345678097,2.704852490797109,2.08964213449527,1.4238899642528982,0.9819306761740001,0.7956462108110833,0.1429274377086875,0.09801210001620389,0.08762701428037704,0.16969475671450773,0.1874379212003427,0.2394675251251082,0.2701431535847609,0.3438427399873183,0.37324507380169186
28,2024,WaveletFNN,7.063551383778762,3.6548437054746787,2.4972624989165126,1.9524161826038555,1.3447083235292925,0.9318378655649118,0.7670330129125743,0.19215414814207207,0.10609694963615009,0.11782130978022752,0.19931183534484123,0.20632637793565725,0.2644109453237226,0.30062531246065693,0.3889095417363324,0.4204435289069156
28,2024,LSTM,6.004954008209778,3.1355856651014777,2.1809883944838377,1.709548228783349,1.17189872562372,0.81571411425678,0.6767649485335632,0.16280905676360252,0.10334489152289981,0.09276566859176673,0.185079937970202,0.19837409685324547,0.24970657749137104,0.28746561994355857,0.3788068870105191,0.4130088224965759
28,2024,FeedForwardNN,6.744487562488656,3.4805459810390946,2.3996793016937774,1.881119601756961,1.2888268258827522,0.8911630789538239,0.7318106726349642,0.17797435007172746,0.09583558509596628,0.09029439132930166,0.183453529782612,0.1938839845830543,0.24590484142353397,0.2855944364955731,0.36848968847593994,0.385116126943948
32,2015,HBA,2.673508752629386,4.5386773452141345,3.10053537320907,2.3803630197041232,1.63214868656628,1.1328059005726505,0.9318749642505565,0.16376199992349033,0.13412032858539094,0.12645575649112323,0.22123812661332729,0.250641894151321,0.31890347766793636,0.37444329937130644,0.44976584453743607,0.5049868603977059
32,2015,Alaton,4.719182289482475,7.425152785372608,5.06367414310385,3.8507178201905936,2.622490841858841,1.8117888194423637,1.4254491774622389,0.1813075406138318,0.19038477460940947,0.2012973845279443,0.2332653530760277,0.25629559894669435,0.28059829568835054,0.3395579731125151,0.35745335719286897,0.23106285032871512
32,2015,Benth,2.1008271015381466,3.215943854340004,2.2184446849185,1.7119241029732195,1.1906110207705012,0.8361382050717968,0.7063687534866908,0.1627773566225023,0.12719257367438833,0.13360101505726948,0.2117585763333492,0.23489613895634964,0.29821401415563115,0.3518104260009104,0.41667827100222504,0.4496317053055655
32,2015,XGB,2.6570158917322293,4.163056058574435,2.854840529599138,2.192610003041162,1.5114345126729243,1.0576452033126649,0.8720252992016282,0.16802849574670978,0.15006658459214509,0.13232540636572152,0.22157285974501947,0.2503768988346903,0.31958835717310435,0.35596284594978506,0.41480715262736345,0.44574497958551723
32,2015,WaveletFNN,1.894224950013668,2.418839047119918,1.82717807035367,1.4512137248643309,1.012037472362892,0.7191482899020419,0.6229770651607043,0.19689687437211403,0.13336992498034186,0.12519690864696154,0.21950712468729217,0.24464406962435048,0.30760267106101546,0.36250531690516846,0.4337596538604458,0.5142054138142214
32,2015,LSTM,2.95761209189397,4.11074054150477,2.8250320725814424,2.171202852218228,1.5126254591592163,1.0509936443952708,0.853051576688118,0.2002188457369904,0.12773001486737856,0.16199513721765324,0.20574041231695137,0.21203360621076872,0.261446646449832,0.3006743691949285,0.32704154142070313,0.20127851167367652
32,2015,FeedForwardNN,1.7930715139938613,3.405340635858788,2.3844836808123775,1.8485187192763088,1.2966615944756652,0.9090453548624575,0.7577438271053079,0.2088395081389525,0.1338128756360423,0.16334357997077123,0.22275629345969142,0.23486359181100103,0.29262145231011405,0.34404217032072715,0.3565353570676828,0.2766022715477516
32,2016,HBA,1.7305859765948577,13.317638797254835,8.952383342938791,6.8011056672013,4.582807213633039,3.095951784393162,2.4646983883110334,0.21323108432728613,0.12224092591340772,0.10923090338702626,0.3416148055910495,0.4123157641608562,0.5615463708761484,0.7019028458449892,0.9614545145924461,0.8818228246263348
32,2016,Alaton,2.9216085868612827,28.908734278106255,19.42097855271307,14.639309744512696,9.82088635285615,6.617656189211325,5.2865141110855856,0.22079415299922892,0.21119586192167747,0.1790152321821838,0.6682505537566124,0.8946307498986961,1.2303671891365449,1.580164604799122,2.2388015255528235,2.2662428152553713
32,2016,Benth,1.4123721377124276,14.738699193328916,9.874710008982463,7.489149608606843,5.044601825272922,3.4032556743816964,2.709516404697651,0.21449364156338144,0.12056337259924549,0.10605824424315682,0.3669230183025574,0.4472981664690909,0.6157018826097986,0.7720252549001748,1.070043344565138,0.9414513328508078
32,2016,XGB,1.6326621472618472,18.516687350800577,12.42602912248277,9.408526089353277,6.325253058675077,4.2517018999518355,3.342022600822199,0.22447699486738537,0.10459958250535559,0.11453761265236968,0.3714067328793995,0.4486253650368406,0.6212315933679096,0.7925858023729938,1.0907582405062008,0.9802302440613642
32,2016,WaveletFNN,0.9435326072944151,13.396973907478571,8.987383768764568,6.819301333204097,4.614945551481096,3.1195741485587685,2.579169767867487,0.24250733419762321,0.12883134271411312,0.16608405049040087,0.48472832495634716,0.6111478833837443,0.8512938250633921,1.097827083276595,1.5114979489304015,1.301104191861535
32,2016,LSTM,2.6472014703864315,21.933202627557282,14.70029991530404,11.108195994385353,7.462069086393425,5.012577715692563,3.8967692436503167,0.22383825748281128,0.11359497429083833,0.13843209324206765,0.3631288957304538,0.43540424633745956,0.5913785063337685,0.7599573062585236,1.0128847052872707,0.9368362490156834
32,2016,FeedForwardNN,1.9259623229708063,16.61773643851778,11.147018103591884,8.452670770117058,5.684669382650348,3.830916320257465,3.0163567229157575,0.22232066170881346,0.12341019547169982,0.12984829746191343,0.3565044847667218,0.4272211434250159,0.5755366752091905,0.7350897056252945,0.97797464877546,0.9228020689597961
32,2017,HBA,3.414902107640053,2.0440110833836878,1.4450568547591254,1.1515407847130623,0.8228185601511234,0.5846774800489629,0.5912904515158087,0.20749402437209935,0.11104133184577727,0.13603486823801308,0.31771694180624505,0.37602032750044806,0.5134964481103511,0.6368266739596398,0.8641504879387233,1.4174541092286426
32,2017,Alaton,5.168731750581804,3.0914341019307026,2.110235662143315,1.634490534042242,1.1741465583395585,0.8408967213913033,0.9763534364952787,0.24845844457806585,0.17809982346088443,0.25540564560981516,0.6180361483281729,0.8012383924098291,1.1033485737875188,1.428357829103404,2.054039465650692,3.236324407407747
32,2017,Benth,2.7876524224987054,1.7184487057009992,1.2509508928500763,1.00663250470651,0.7205806546571177,0.5145873779366068,0.565201802616473,0.19610341911074766,0.10488963868136839,0.11943190930200301,0.345576161585846,0.4250064614363548,0.5908678728728529,0.7395169779751236,1.0225798142838805,1.656941914411906
32,2017,XGB,3.642770774000348,2.1547621172620794,1.5090463982124178,1.1989240261227967,0.8487631303747627,0.6062163919959165,0.6320279200648357,0.19581634329085934,0.12381787899798909,0.1272527928015383,0.3518687357537933,0.4325303285981892,0.5967474063157343,0.7381476324504139,1.0217346251064117,1.6614119199048418
32,2017,WaveletFNN,0.9321146585669519,0.7921565504342287,0.6769821291516597,0.5979508137719891,0.45181727082506845,0.3358947650476145,0.43120795455303196,0.22915424425766168,0.10533778133467821,0.1408064896261986,0.35376586807388555,0.4209116709611939,0.5791670465129084,0.7356439370318522,1.024904945297048,1.7396051429766244
32,2017,LSTM,3.3526186185067974,2.0179522745382212,1.3832757941221283,1.1330256256003277,0.8047189134732805,0.5831020204907029,0.6734384162412703,0.23259044260942,0.1423306444475766,0.13331887206214793,0.4508770608684588,0.5572369056707039,0.7722120864257366,0.9747224157974294,1.3783347736625449,2.2157956927255045
32,2017,FeedForwardNN,2.2994371666073485,1.4906298315814868,1.040513400136771,0.8655999885590233,0.6274408092723053,0.4605677771498941,0.5605180302833753,0.21895791386188915,0.12867585770643206,0.127061530356517,0.4117092915904508,0.5063168545589162,0.7030976711454554,0.8844254120664847,1.2443034048889667,2.0323574242501063
32,2018,HBA,0.34278136617726446,7.766498284049246,5.81200791673655,4.424822112421932,2.998851019385719,2.040500299030773,1.683925322796151,0.18569412203488767,0.12379885832087933,0.1424265249343113,0.33553667602748505,0.40983427546227696,0.55701520715488,0.6950401263904085,0.9053659159234851,1.3425444600868557
32,2018,Alaton,0.5788433618051984,11.672138892685139,8.589246713237456,6.501856752528459,4.410869785431519,3.0171452181098615,2.56164737090533,0.232492857625582,0.22969608346654513,0.2738364493511641,0.5962751418001446,0.7730060908650025,1.0345283492139512,1.3249252653724892,1.8076774973922818,2.6614517644872406
32,2018,Benth,0.3362723988864882,5.497493974616602,4.252523356512027,3.2491306451313715,2.214227658202717,1.5197212998526177,1.309912575792669,0.1759319598934064,0.1307085831524197,0.14396691707795414,0.34968690676714265,0.43594118000065374,0.5916101331295238,0.742606513176159,0.972661788307399,1.421525786589598
32,2018,XGB,0.2979215598691189,7.043552430799233,5.379465726962577,4.087631555716855,2.7734272026490716,1.8892863074486852,1.5880767157644033,0.16738867833556595,0.12100451704791257,0.13047526803645976,0.35002845966512586,0.4413253619400734,0.6065790494547997,0.7584791690162314,1.0004004468695016,1.4774593455632248
32,2018,WaveletFNN,0.37611797777088657,3.5988677351591725,2.982736144016997,2.2859737415502215,1.5792470332778235,1.0923321174498966,0.9947951500298555,0.17575792253864927,0.11850228579404273,0.14020504508664597,0.3467589597583931,0.43155160956195904,0.5975199493056028,0.7450644675905036,0.9758902743299641,1.4147927894910002
32,2018,LSTM,0.31044226461540425,5.6872630879799,4.457869673960855,3.393536382804076,2.324224829697373,1.5870531077386503,1.382411693348271,0.19057998543389154,0.11270966382120479,0.1253913932624702,0.37920872641233694,0.4765669700616186,0.6652810212912053,0.8260094909894686,1.0919497062638162,1.614350169968271
32,2018,FeedForwardNN,0.5515210140266519,6.190957729668093,4.748551906771307,3.6232535593330635,2.4743565449153295,1.6873970825821651,1.4427561346597333,0.20016118305935263,0.11347815791583572,0.13474375787025683,0.364179179303391,0.44611112113829293,0.6234861691602624,0.7639532197874376,0.9833317374268143,1.4418618373685272
32,2019,HBA,4.017267472559563,2.2854562987380245,1.5973002412912543,1.273296118468536,0.9005717700852969,0.6368313208992129,0.5750412894020344,0.20384329887933994,0.1093504225270449,0.10561882808082178,0.2405050234817105,0.2637371701386992,0.3439199030293352,0.41366758486467703,0.5407351176611883,0.6973672737215791
32,2019,Alaton,8.014966553190702,4.377595245541376,2.966488183925783,2.3040978022539518,1.5988154386219346,1.1283442408029516,1.0422648714053022,0.23114269331808618,0.1874018451649851,0.21174670712766866,0.41411899132487856,0.5085256078436956,0.6570232402718037,0.8336629360394616,1.16324193153939,1.407126302330861
32,2019,Benth,3.4209217606475226,1.9835334515840835,1.410127003088249,1.1364067655751853,0.8116626321046915,0.5781099082323861,0.5439553562757706,0.21319826112113419,0.11100446048777488,0.11081477824765541,0.25998428732944523,0.2897021684695899,0.38028203753019374,0.46291298393240515,0.6135474647135895,0.7754432025820677
32,2019,XGB,4.259079087453341,2.394497611234571,1.6597828143682258,1.3266157522850852,0.9405754518046578,0.6632817880524416,0.6060336416603428,0.22136808924108992,0.10869446054800964,0.10575213201960984,0.2599025514293413,0.28644656556194636,0.3788860516552424,0.4604890944738233,0.6136640349826804,0.7745607339135396
32,2019,WaveletFNN,1.0350563762056741,0.752368687737719,0.5989515277442213,0.5340321901412775,0.42218950758288526,0.325080577965806,0.36855619333337786,0.24542748742154907,0.13086271873164732,0.12648600482690925,0.29424139774400554,0.3231662594032958,0.4213990311704929,0.5126185268230058,0.6474755714271614,0.9005960562382747
32,2019,LSTM,6.204152275018836,3.3951630372806645,2.3240600745215363,1.8352775250131403,1.28672958733841,0.9049857261273945,0.808202336324175,0.24939910015528355,0.14149800370536425,0.1308761067576551,0.3108115726714392,0.3485069388519851,0.4529261514432384,0.5566738949008637,0.7588854559234125,0.9534137604574161
32,2019,FeedForwardNN,3.2041820636099927,1.8778934944823151,1.322762394991089,1.0745478258500987,0.7723267318805905,0.5571833611755761,0.5487096992078475,0.221891068770092,0.12689661976554745,0.13425036670352478,0.2941758235594788,0.3376216618923541,0.44682464619464285,0.543305080338651,0.7266692105876242,1.02212753606985
32,2020,HBA,0.870535336922985,0.6461158407861074,0.5142090478557289,0.46006771624434367,0.36000409312247406,0.2836677016245914,0.29715035418909536,0.20579913838921923,0.13099491862882598,0.12991434250678088,0.22226430827348087,0.2408515481164592,0.3024418977716892,0.3474899864966642,0.4313134566981718,0.5930684799737608
32,2020,Alaton,1.3206719394972377,0.7961698064358935,0.6293195626442591,0.5399420169277779,0.42703218235132023,0.34916160087576814,0.42880959132373747,0.2247448020583813,0.19342043792466412,0.205629629569752,0.36318941189081183,0.43835486549794284,0.5588937556750341,0.6845320339151663,0.9180211650592459,1.4080893331926396
32,2020,Benth,0.7913534077990863,0.6102784954733426,0.4922053410754998,0.43486512562916874,0.3438304522858224,0.2744758006428756,0.29310663882010385,0.19545556349614496,0.1357664973569819,0.12867640113189294,0.22610726932796435,0.24909725925182882,0.3102391187646489,0.35899028049197707,0.45138465312818626,0.6454733007282591
32,2020,XGB,0.8804218236916477,0.6010397580942944,0.48670679129432043,0.42542383121268845,0.3381654579751893,0.2708980397634395,0.2941517649759604,0.18962412465605824,0.13636320333993995,0.1322364896647722,0.22892002943305526,0.2560555948296283,0.3182290370555426,0.37303397886831535,0.4639900950890668,0.6706410595390602
32,2020,WaveletFNN,0.683484466263418,0.6235062606784021,0.5498571571272672,0.49040975219605915,0.38470954736174195,0.3012817728364074,0.31161153689992216,0.21956193759621678,0.13442622378573815,0.1378082903723277,0.23185629920619202,0.24494114773705072,0.30285454009138785,0.3526723374709069,0.45547881916448124,0.6126837216326523
32,2020,LSTM,1.2425836079574877,0.7565113991100526,0.6423719462044891,0.5426078641253061,0.42289706595580384,0.333984279759978,0.3568413484058446,0.20342218570711862,0.15615870736832618,0.1493011858612803,0.2586408441668434,0.29664885614993663,0.3665525618308774,0.4346401713058933,0.5371049128384289,0.8131592019665972
32,2020,FeedForwardNN,0.7651350315276827,0.5469852854355943,0.4940052365154759,0.44095957533480973,0.3522491805069732,0.2812819890072683,0.28418538924423575,0.21049312449847052,0.13934760600785845,0.13738864547643487,0.20988284121223966,0.22154206705971072,0.26644339824743274,0.3004198513144905,0.3631754929136184,0.43660862021175695
32,2021,HBA,5.349559094906106,3.1857211724115957,2.2237544114531493,1.7961521340069682,1.257491005647554,0.8691440624504547,0.7249209497132911,0.2912275998419585,0.09245017605625676,0.11404457881632421,0.2320868770986531,0.210487209023982,0.27714087467977755,0.32759440274616725,0.43323307644902137,0.6302168252285407
32,2021,Alaton,7.595814488390173,4.509491963189591,3.1586239594394314,2.5162367665213368,1.7401058709107047,1.2078350858877605,1.0687989664192485,0.3215877823819782,0.14329351584187142,0.15520418209347717,0.3833261988490774,0.42308106790513733,0.5668758978176766,0.7052775285787473,0.9688756860498313,1.1961164293873616
32,2021,Benth,4.330629306889577,2.674746673963537,1.8768865675093849,1.5481922516941131,1.0956016760149765,0.7592590295387709,0.6439565842143891,0.31431678452056805,0.08657373658635965,0.10724990958705923,0.2381003823846321,0.20816272625205937,0.2790186560448979,0.3298241866936733,0.43989663589940997,0.6005055316359863
32,2021,XGB,5.239343965065339,3.1596723731567775,2.2104256460154064,1.8151805325565629,1.2739122050800518,0.8785717346052065,0.7330366911911499,0.33739876414469727,0.08789079365551614,0.11727181020395426,0.24603871655963397,0.21037508811494557,0.2739169972126446,0.3313221436203265,0.4364826974505989,0.603681661056188
32,2021,WaveletFNN,3.3468451699238337,2.2041985997865154,1.5777043001987303,1.2726663689961897,0.9114257820460582,0.636067531210671,0.5532791709981796,0.24514726389338576,0.08535102953989707,0.10755319176460484,0.21807130455402687,0.20900162317545967,0.281235421884477,0.32954487054561565,0.43792124426980816,0.5772070053331725
32,2021,LSTM,6.545375978196932,3.823440771948601,2.6507274284517903,2.1139812206226973,1.467193132229213,1.0125083131587005,0.8506008778572655,0.28365883600663566,0.10313867501767505,0.12597869027401745,0.259975866499069,0.25494515110948957,0.32715557072546697,0.40322580122351853,0.531253143849536,0.6948874109849076
32,2021,FeedForwardNN,4.6564942725749034,2.8819335285580405,2.0162778341004333,1.588593670128359,1.1156429906850984,0.7734417791702258,0.6512072727711207,0.21500814726976394,0.08903935614048003,0.11237189599915488,0.2036284268174161,0.20274727486286181,0.26559615803845366,0.3153044571300401,0.4130499566638234,0.5594208644627511
32,2022,HBA,0.5641485409456767,0.4479560728109728,0.4047021217757337,0.4032431866900758,0.3122407414487288,0.2507026211720339,0.6726323955637075,0.21977936112172405,0.1276263806186439,0.12248354726806904,0.7483754212124147,1.0489497614288592,1.5092516447794349,1.9646722193184736,2.828448625056794,5.45738876504467
32,2022,Alaton,1.8818012300763627,1.097478030841025,0.8328940087382835,0.7224780910589547,0.5497728920128377,0.4403272341402256,1.2894865806283469,0.2666517752873919,0.22143591839500157,0.22437347899350193,1.4398257409308042,2.0621731937393926,2.964541922374517,3.897153653807158,5.761974102866363,11.171548645812262
32,2022,Benth,0.5255690047426166,0.44293244569506945,0.41186708455340937,0.3976277473468351,0.30525478175451976,0.24999847820682058,0.7443444865657511,0.1986424789556301,0.13948587111142238,0.12221898707266655,0.8470923687497816,1.201542679516182,1.7303173007981352,2.2587028288749513,3.273064622692791,6.37417969186393
32,2022,XGB,0.6742113166894943,0.466523549501358,0.4115921368975739,0.40219601657998966,0.30771674040695923,0.24488321252602857,0.7641141827339492,0.2038413439163444,0.11921615676416739,0.11399549931957564,0.8704491625548073,1.2382494838338007,1.8026182343324142,2.3517520671732712,3.4142680987426783,6.657887274388745
32,2022,WaveletFNN,0.5430155911842809,0.5105153477527964,0.47004167829391513,0.4295351432790278,0.3339948454232108,0.26493918529684335,0.778681964881819,0.19794801255250652,0.12682786504410856,0.12571373851176312,0.8767910578598499,1.2412599575753993,1.8035581883709075,2.3477951908998724,3.411647194531931,6.676035399847434
32,2022,LSTM,1.1111891434014356,0.6819230503295262,0.5502113162336506,0.5210838880603811,0.3947983757237613,0.30754515244963165,0.9502761352296597,0.23938543521387207,0.13303870590137212,0.13999582077777495,1.0705349750445714,1.524954229964249,2.238589118602717,2.912666977998758,4.269999995721855,8.351542739343923
32,2022,FeedForwardNN,0.8704692691687798,0.5603018896471074,0.47839397174217174,0.46920454571333353,0.35828315393617827,0.2813562634105447,0.9629619777320613,0.23817233613018468,0.1275024823592776,0.13198004198852858,1.109029533254551,1.5883895107060158,2.3306661703333873,3.0488565028949837,4.467436296238892,8.781521894751881
32,2023,HBA,1.2185858370711222,0.908438105014758,0.7096061748958662,0.5783635230171013,0.42996037149248634,0.3260811447970116,0.42040552889416155,0.15031456808910665,0.11832269140606216,0.11324365624156729,0.3259496440212266,0.42163166978876915,0.5871570843272027,0.7163582504051171,0.974242417817995,1.0996168751822224
32,2023,Alaton,2.732614090200968,1.799598153058244,1.3456163763110611,1.0559242072255846,0.7695015124787393,0.5737535327857536,0.7210497751985306,0.1933866486464177,0.182257573399782,0.19046089828679638,0.5183098456374579,0.6883603922668151,0.949736013218171,1.1938665071862384,1.706554461564567,1.745505320430344
32,2023,Benth,1.0821086534777387,0.8201950828673035,0.6473598873031123,0.5299671003281005,0.3934895037249416,0.3024410436788512,0.4239785703571631,0.13961912014677091,0.12034412358667053,0.10063400859657724,0.3512707704964264,0.46528027511985304,0.6526129397220047,0.8012039787711213,1.1013914636102589,1.2560886587726483
32,2023,XGB,1.4522566190171584,1.0225562462074766,0.7972361138975917,0.6530113607278795,0.47380058117244717,0.353486603825224,0.46113904008943746,0.1503650484473027,0.11285864913077771,0.10567414566619827,0.3497580157199929,0.459718598383835,0.6421319967099846,0.8010463069236977,1.1109961156594166,1.2539889162325508
32,2023,WaveletFNN,0.911822910153745,0.8510169554695399,0.6856646214054785,0.5746820893212428,0.4470981749497704,0.34435230523809834,0.4804787510564226,0.20853172849406232,0.1388605658147544,0.14542857041120485,0.4174768528253919,0.524039408210565,0.7260377736915588,0.9096519781102883,1.241566252312383,1.4743030582305579
32,2023,LSTM,1.8198023688188019,1.2063075626018398,0.9253233284053626,0.7632785928715371,0.5499670274898631,0.41091975682253573,0.5339449608800669,0.17461072657436358,0.13282521548788087,0.13307826520638172,0.4045915513733959,0.5291720237593491,0.7245157920230532,0.9274181809722213,1.3018583170276397,1.3727473932635745
32,2023,FeedForwardNN,1.15436437825953,0.8397120843291904,0.6583321040848813,0.5414481474251436,0.40099010178738953,0.30577863080078416,0.4186316522380418,0.14364809948989776,0.11535568882757351,0.11850848168760193,0.3436541714221307,0.4453304378609728,0.6110899292292958,0.7734278249920008,1.0614033650935617,1.1775852633449944
32,2024,HBA,3.1679214971407763,1.802605126746824,1.2727826364436954,1.0347157214128866,0.7275201954648386,0.5217636445794653,0.5119990769444643,0.1822577544859819,0.11025054280871859,0.09699291060020591,0.26269184219332514,0.3082951935419906,0.413197795922371,0.501304487842593,0.6575137913636872,0.9256846810057958
32,2024,Alaton,6.260882426374005,3.2400596910582116,2.220365122470652,1.7367071394718347,1.204560189709599,0.8601714753433072,0.8908308280273228,0.1887552569485459,0.17139404661072363,0.1560473345991963,0.45993813851364523,0.599292565432955,0.8041915470184828,1.0210585137157735,1.45321736783821,2.022534011645005
32,2024,Benth,3.1245276516909515,1.7948770026487835,1.2880930845278402,1.0449817987761827,0.7352985573061461,0.5287574682060305,0.5244259821093608,0.182504030084452,0.11567529000579915,0.10818770771646156,0.2737975953767938,0.3258627593869756,0.4343653267478787,0.5314280928590246,0.705354152235985,0.971385336832976
32,2024,XGB,3.770486218941923,2.0387833489095826,1.4167576848720762,1.1430313046693263,0.8016173535850815,0.5700562606382309,0.5619212171771759,0.18647702229808663,0.10693407474453001,0.10782417706541292,0.2830466816607948,0.3344568861283223,0.45564875653153974,0.5561926668137871,0.7430257841376835,1.0382069695079883
32,2024,WaveletFNN,3.09738115543202,1.798327952081823,1.291722685224786,1.0662177298180793,0.7589479777839705,0.5385633066689595,0.5273135511914179,0.2261732703431549,0.09779396443893719,0.11485857285555746,0.27399894098911215,0.30852404471551875,0.4206205562279136,0.5107373749148137,0.6917560780921534,0.9348494335251553
32,2024,LSTM,5.267615467172879,2.7605192154964304,1.9144462296414342,1.521193309017462,1.0543825125282416,0.7416052569616081,0.7090188010203432,0.19431879541504898,0.11605074582834093,0.11146379985062094,0.31805526280338997,0.3793095416297397,0.5211399544923762,0.6343099759498183,0.8651819199717223,1.2086433703432982
32,2024,FeedForwardNN,5.182857634648431,2.718291418457734,1.8724195198639564,1.4869330146963258,1.0367408636406996,0.7291832176353561,0.6979493039648647,0.20106220741744288,0.1140679256246686,0.12241463012828126,0.31675443718470886,0.37290326994779327,0.510348653283486,0.6280151521621679,0.847235237764036,1.2043599736428405
44,2015,HBA,2.319516799982908,1.7987326563303834,1.265000982434999,1.0231305646970645,0.7287291421601255,0.5377318066829545,0.599206156192326,0.19245730188525204,0.15573713572861256,0.15146048386901592,0.3780171734325723,0.47822761573568784,0.6426117616879329,0.8084738360564246,1.0743509965224214,0.5794893332513147
44,2015,Alaton,2.233750675147962,1.7884151601638278,1.257522030150213,1.014776071120329,0.7327604871365726,0.5398265354465248,0.6399228533671277,0.20799894412293238,0.15395863206642896,0.16422986614865412,0.43527037045920297,0.5579150446376256,0.7676948384197948,0.9657055564516338,1.2960659886884338,0.4765656560645517
44,2015,Benth,1.7472302907715558,1.3945156642696288,0.991036580621546,0.8095429042413801,0.5900348300281439,0.44268438238301644,0.5551836893260454,0.18903307943474185,0.14798348709276138,0.1590436790055172,0.41197976107563933,0.5280480342388171,0.7200154301370242,0.9166069638368689,1.2328218968542035,0.5501262092496935
44,2015,XGB,2.750801009464266,2.182918668597101,1.5316329461207592,1.2234013614074397,0.8681867325292308,0.6335312276947174,0.7023382689394404,0.20474051893770245,0.1642202180256907,0.15565533055493283,0.4268479088164463,0.5489911010287849,0.7539154447401455,0.9364330904370154,1.2519338548898888,0.4954262059876892
44,2015,WaveletFNN,3.144111086791369,2.3243784650373964,1.638337936260538,1.3054301351408275,0.920926240635865,0.669534495176039,0.7516678297844142,0.20351454501119193,0.16675100425638692,0.1552849642101283,0.4573589952186276,0.5951253203024898,0.8234136618666593,1.029868524326764,1.3863339304212827,0.44103671545389184
44,2015,LSTM,3.607146458808196,2.4828196144911394,1.7362315633345395,1.384795096377602,0.9800919366519147,0.6993218160303349,0.823436012353235,0.2239523099692897,0.13778157478717512,0.16247236035761234,0.520063372916811,0.68443627194991,0.9518892316802127,1.237975561079516,1.6965875252087284,0.3884768320079182
44,2015,FeedForwardNN,2.6299655771925012,2.0652933020437785,1.4556160809353436,1.1668422540326533,0.8307186103501029,0.6008030152208313,0.7053967593739473,0.20582113976486213,0.14097182496228816,0.1588146184669068,0.4557618158187849,0.5937070678406077,0.81463279142342,1.0534776645000175,1.4376436333192095,0.36976035176321437
44,2016,HBA,0.9457557895879574,11.095266603626639,7.537187184670547,5.756190736742757,3.8893866387540412,2.6362611640254108,2.3690089908643746,0.24158609283753493,0.13001021456814954,0.13213087529406092,0.6851511426366071,0.9115388938190493,1.3011853161867748,1.6914618361551792,2.4157694452159424,2.4459036183729324
44,2016,Alaton,0.8618506762693078,16.594767106136732,11.196398510770873,8.509755814783682,5.74120850121279,3.8671289798457558,3.4362521108347925,0.2860184916547063,0.11896993711168984,0.15625128775516892,0.9092319455534565,1.2236049590817422,1.7727145381122331,2.3284266309161756,3.3591216328523092,3.3613840320930675
44,2016,Benth,0.8107348152441383,13.310825162317139,8.97014611891003,6.831687009689156,4.612821969312563,3.1177658577197365,2.7825820322351587,0.25549781971509583,0.1276536345340843,0.13647437517076216,0.7670486644242325,1.0270357615472792,1.4760623534835713,1.9253022438017016,2.7723656922008617,2.616647832648518
44,2016,XGB,0.9235378579513756,19.632800062370908,13.265049092080545,10.061582945095747,6.770490959105661,4.5523066500645095,3.924957345033453,0.27593282613077746,0.11593803198220666,0.15191254987799124,0.8802648165133173,1.1852674191351475,1.7149529838308724,2.2550393342331194,3.2473459539513834,3.2838015780069862
44,2016,WaveletFNN,0.9159889994317432,19.66626473233383,13.33620630598859,10.13035198854988,6.820883667674703,4.589145870718095,3.905310911676275,0.30556102936081675,0.12567027680487738,0.16164555630385014,0.8306342094160654,1.0962013394192822,1.5772049829151484,2.062402003189299,2.9658524563392112,3.475187311609084
44,2016,LSTM,1.4167247863187407,23.776511188766428,16.039447676358037,12.132330353305601,8.14744708492376,5.473129376285607,4.543235361781758,0.25544649348948456,0.1244939590093005,0.15371111546569668,0.7911328334271279,1.062227385852151,1.5265266082010702,2.0008754225446097,2.8784119575657394,2.429313097288173
44,2016,FeedForwardNN,1.2206646458799741,19.861244260277374,13.364027436916329,10.113015266313818,6.790879697305851,4.565834871439707,3.761155405477362,0.2177319576953732,0.1157452197074192,0.1385917417321151,0.6254420008004505,0.8316334703575043,1.1824143228480817,1.5502250699599756,2.211238175156182,1.402301676237194
44,2017,HBA,1.885255391151678,1.1855920592439368,0.8824402860190597,0.7563955023919167,0.5622626888564676,0.4207056065506776,0.4805196645608015,0.2420850916938758,0.13759144193909764,0.14699833897355002,0.3515305474360629,0.40865384510956293,0.5505938725188568,0.67862282869334,0.903589161739893,1.1872015278526424
44,2017,Alaton,1.6040429179947788,1.0181045899762153,0.7728762780616939,0.6935507461400218,0.5146402755310259,0.3927920402606315,0.518961895393702,0.25640427300035795,0.14909556971984295,0.13339791467606585,0.44025489880045504,0.5331864930173353,0.7364865351617377,0.9192916607511067,1.2645988338632137,1.6126316928058766
44,2017,Benth,1.3782915162499279,0.934921289346739,0.743413337608003,0.6607220293131992,0.49359149937167074,0.3745075026496136,0.47495729599625175,0.24376966113533866,0.13633950920549942,0.13585481458090007,0.38931803288125955,0.4655934251610478,0.6363517940834639,0.7944060339223883,1.081279548407959,1.3896941552473114
44,2017,XGB,2.486244595725874,1.443968998958598,1.0333179339644831,0.8883072286926199,0.6452534899884387,0.48502301089868977,0.5760613875445977,0.2571890460123942,0.16456205271919194,0.14224809314567546,0.431420003148544,0.5183793747448239,0.7104873725215224,0.8745183592706652,1.197720544448546,1.5405970995470386
44,2017,WaveletFNN,2.63591336271945,1.5310700740275174,1.0810388940389308,0.9195049369497087,0.669737587293955,0.5059622991956806,0.5837076452123857,0.25843628054897916,0.1784117229991316,0.14781165720364284,0.42737395693898994,0.5096299520889563,0.6901030057509071,0.8422991635885203,1.1514682945331873,1.4314622267122927
44,2017,LSTM,1.0911320040982875,0.7907512731677341,0.604787641798896,0.5392404841528922,0.4071592389108852,0.327064785512595,0.4684831849617462,0.20953083602287434,0.16687587871601484,0.14811947030206535,0.4294032181840986,0.5347495971214975,0.7345482277793077,0.9122686389690254,1.2481809479446033,1.6950452246727992
44,2017,FeedForwardNN,1.6186267749698489,1.1001830103912154,0.7932498034469516,0.6669974865685674,0.49217789650506033,0.38006588970115984,0.45645631645227114,0.19110598956316913,0.1558418760933586,0.1384772103371727,0.3513439399652281,0.42595453239807596,0.5744646093853537,0.7045176558461802,0.9378715453025948,1.2844897440331797
44,2018,HBA,0.6632907622262867,19.764457769660638,14.00855921866332,10.57004874156348,7.0980566948332,4.776381550528829,3.979037921672893,0.18755417100308142,0.13303126192008616,0.1429879855653228,0.7056146150387862,0.9653464407191266,1.3869532068611392,1.7959913097627476,2.555398601729851,4.59933082568904
44,2018,Alaton,0.42177223918178103,22.655417436421132,15.914703998177629,11.984878904093906,8.034939080321665,5.398701754365436,4.5464339192431735,0.15517416246570126,0.12622710245297783,0.12401272210586449,0.8372901160722183,1.1802185962212588,1.7103201749944814,2.2294738800923923,3.202400291520239,5.8194321955505375
44,2018,Benth,0.49793793856785373,18.577477150878515,13.10495829222082,9.88489101404579,6.637761823017906,4.47293023050382,3.7806375775634913,0.17056535381499233,0.143267045475648,0.14257594951758246,0.7389620610094583,1.0236386941809426,1.4665959844028118,1.9033493173762424,2.7150909975250204,4.90501461404433
44,2018,XGB,0.5006475210572645,26.756446118781653,18.73604084224024,14.09976621461373,9.446850356806648,6.337455756025579,5.216491781454315,0.15765987137305726,0.11866655446344758,0.12146649123475653,0.8022683643781995,1.1270467536851003,1.6346511381854925,2.129916139441329,3.057329057083963,5.56315586556337
44,2018,WaveletFNN,0.46105571352977204,27.259317614708984,19.134998597957487,14.404495034003336,9.649510794538612,6.472162976410956,5.519368299761193,0.1640229911197342,0.11746734015564547,0.11671823928687286,1.0768029090157583,1.5383600953640904,2.2528330413455837,2.9463865043565463,4.283566121839155,7.919882170496476
44,2018,LSTM,0.3489410867843384,11.367935882170068,8.276634837119595,6.256065242530358,4.224710451988278,2.8551312290327893,2.8059027328838013,0.17278606685696113,0.11597278312181226,0.11468193113512622,1.0290633879170232,1.4639491547564445,2.1380892116411103,2.7965144963939474,4.049230182411045,7.38934446020095
44,2018,FeedForwardNN,0.4153385851252134,12.692099183902503,9.119260978025986,6.887522073127076,4.644834220265678,3.138875648575147,2.9914947656100557,0.17040746250536978,0.1269585051940834,0.11915992245767042,0.9988897023082134,1.4202309510954405,2.066193518656002,2.696205162623205,3.889759286070813,7.029855336324019
44,2019,HBA,3.015191953213932,2.319460428929798,1.6348111221328145,1.3067115206283981,0.9375466472031946,0.6669959441759706,0.6499273850849726,0.24028217227357473,0.12589453812152257,0.12348226978852014,0.32588415327886716,0.3765438650531689,0.5054979997966886,0.6265649026899907,0.8441165067581194,1.0405366661226718
44,2019,Alaton,3.5612663030536793,2.572723310395934,1.8009532082036919,1.448466121469499,1.0490437391373786,0.7394118470274275,0.7468835465813372,0.2971342700710653,0.12014806280752553,0.13376339712677182,0.40007872118024984,0.46292085710916936,0.6372704699851259,0.804223794746487,1.1210701821243434,1.386607085883557
44,2019,Benth,2.832252918549863,2.067997024314003,1.4763336587898155,1.1948666434850381,0.8677498524553441,0.6203971703914891,0.6353584989215363,0.2591660461208724,0.12569180626377904,0.12890469320907774,0.3586761332263297,0.41703913512340474,0.5649976290162341,0.7075632647164884,0.9663616196205217,1.1972134771994312
44,2019,XGB,3.4688123400123643,2.6068976276989257,1.818231454512341,1.46343851657839,1.051711382264329,0.7418885901008765,0.7401655799891692,0.2851913100163168,0.12224300577397192,0.12543186684261232,0.38478250197745856,0.4465817675004008,0.6131675408360652,0.7699488922243919,1.0676070103489466,1.3393986394447983
44,2019,WaveletFNN,5.49046612361653,4.2975259866745095,2.9551430451736937,2.3157291190774867,1.6153240127582023,1.1187334226964538,0.9964605287051157,0.2755049803427108,0.12555224257295663,0.14662632524499009,0.35153460435553474,0.4007554680946442,0.5420908827732198,0.6779254373019772,0.9428094464190012,1.2245344311417388
44,2019,LSTM,3.8077547355165877,2.9602985795699146,2.0710738892589835,1.6481562592623638,1.1607867521096649,0.8194993843065115,0.856875954111542,0.2504996149603457,0.13692464870020513,0.1388939664162914,0.4581166832572776,0.5741867074849337,0.7937019968628366,1.0116249934949764,1.4316066600856436,1.9429614147117722
44,2019,FeedForwardNN,4.19182815995824,3.0127879967775137,2.1299172962864925,1.693654394057725,1.1920711954304506,0.8426236324183524,0.8838472290630146,0.25422509457440845,0.14372850639415638,0.13917267437001934,0.47367464207927146,0.5975388561627706,0.826500445136167,1.0511370560819424,1.4870602130425123,2.10202032973787
44,2020,HBA,7.266750644290287,3.8865153752985915,2.7082982093049974,2.1117823553657087,1.4573298459930346,1.0151232926932872,0.8607278887887152,0.2063614826810718,0.13071018609379162,0.11661736181118416,0.2525299582314639,0.2861906089167815,0.37597554033959324,0.4343313666207376,0.5428025255733309,0.5357900673830169
44,2020,Alaton,7.246287663142258,3.8441399397451126,2.6803949553495636,2.0765461505209273,1.450321554699011,1.011872044194039,0.8848022503298527,0.22024815404845827,0.13497302318409513,0.14079838116212695,0.29511016592839523,0.34158646849542745,0.45479179188641705,0.5403079083852865,0.6955005724683574,0.653427562003539
44,2020,Benth,5.254529835495945,2.901723567790283,2.0551329390141038,1.6116612479000443,1.1299032398109639,0.8006037194005046,0.7114503059935107,0.2046735406078239,0.14200467857958599,0.12895224486596546,0.27085425966499294,0.3109922789726899,0.4058869095009738,0.4736329184527932,0.6055526745532986,0.5694661850491575
44,2020,XGB,8.251013887503184,4.324726912275806,3.00621736822535,2.322005114710912,1.6087077344238236,1.1165057136930547,0.9575175977915508,0.2111981006222971,0.1321016722315169,0.13257603107206967,0.2838678658998492,0.33059770918807174,0.43916361075800175,0.5205819537812764,0.6640877574518541,0.6254489567864521
44,2020,WaveletFNN,4.3860724667399245,2.3818583668332622,1.7227794366091185,1.3635044713988222,0.9752549135344984,0.6975919513591139,0.66349137661024,0.2277303904598785,0.14226602700834462,0.14767786293290916,0.3137543291085199,0.3679114556090923,0.48844401967646583,0.5816422743169902,0.7350868295665733,0.8155725002355505
44,2020,LSTM,17.891364109922325,9.121762803572208,6.255671641306037,4.756458277407611,3.2328005636810784,2.203344031199848,1.7905121247979603,0.20992948605611833,0.14443096623738833,0.12281272473479364,0.32332176822480085,0.3960796769941388,0.5258447264727373,0.6384994876542738,0.8373626699829316,0.768932953247599
44,2020,FeedForwardNN,17.74676635793038,9.071530236578962,6.209028328854079,4.71856802007365,3.2023414586343524,2.187275917622168,1.789076339252222,0.1956545884146262,0.15714483559779713,0.1227509505798492,0.3361187034579978,0.4223545936257683,0.5564814705849722,0.6786823608933332,0.8956185245442594,0.7333870930295118
44,2021,HBA,13.365227659159773,7.173753528719959,4.930424101635366,3.837544657830496,2.626730489072698,1.7870420689682027,1.5170164701816908,0.32303687651003,0.10766522875921207,0.13922513047188104,0.40166145237539225,0.4463548523089023,0.6164305895583093,0.782964252517274,1.0798147390545998,0.6135445454677967
44,2021,Alaton,18.711208995822563,9.830787254261725,6.700905722261921,5.210988516143952,3.5607680022597608,2.411426137059524,2.0553991046744917,0.42063028225759896,0.11274240665905069,0.16300982942613435,0.5377867365921329,0.6022560762621626,0.8438493264170788,1.0906533823510682,1.5260026419657746,0.7363389973658919
44,2021,Benth,16.539373030276007,8.729373458213871,5.945645187106011,4.611793808454932,3.1489994893238342,2.1317986769192747,1.8027633608579672,0.352353791541657,0.09739705211015538,0.13606783109628862,0.44906900140205275,0.5032025718848242,0.7097549245264256,0.9075412363753893,1.2668205257030167,0.6202236064096613
44,2021,XGB,21.443547988811556,11.206162240239964,7.640775985795433,5.920009427051358,4.027042079859488,2.7267137356653213,2.271549836397765,0.41330817392354124,0.12605704727698872,0.16444727604125275,0.5163184627423205,0.5743132696311521,0.7897414349279906,1.0207895860714302,1.4209509526556212,0.6986206078450519
44,2021,WaveletFNN,28.678224974706428,14.875637072726265,10.096012806327677,7.774201316650148,5.258714021154041,3.5435911983842514,2.84310870256628,0.42141523598040354,0.1133455528446745,0.16216665460068977,0.4681897126868862,0.5013727793165805,0.6928244128826918,0.8918637038719086,1.2325665955834273,0.810587231002319
44,2021,LSTM,25.657984771474656,13.3596392147711,9.097811042350825,6.951099549259205,4.688358336582818,3.1617512901368157,2.6010421553497984,0.2789056308148098,0.10853719724481022,0.129175942182433,0.47813210436197423,0.5807137741390945,0.8144919110469575,1.0504161857825285,1.4643921277372065,0.8664554078880523
44,2021,FeedForwardNN,13.895252692406858,7.457413340673783,5.180208528444813,4.021993944587032,2.734549543086468,1.8614347045373973,1.584956414033727,0.28889055772812405,0.11520502743925512,0.13195144399166836,0.41017697663968594,0.4733979541263881,0.6577454383376684,0.8307827897560849,1.160510369229871,0.8360131935078882
44,2022,HBA,2.9205450298795963,1.6887993941210917,1.2423611138961135,1.0767247251654095,0.767632750619606,0.5545291931524625,0.5883023551146255,0.2929043873430986,0.12832207821817548,0.12365115482557806,0.3326611778352484,0.42409385153395535,0.578343531231179,0.7102228257135839,0.927290583942538,1.5673498531116734
44,2022,Alaton,4.582589232541821,2.5047867499390457,1.8004200325958992,1.493542219096685,1.0367913064687437,0.7344093330720065,0.7430465835548596,0.27316258034158836,0.12964538627853228,0.1142861725519709,0.35581183813212597,0.46781160048082937,0.6478259039790545,0.7952712504382501,1.0735086989270102,2.006339261414558
44,2022,Benth,3.6532485328955984,2.070901766188253,1.5164012332766534,1.2644713635153741,0.8877546161463007,0.6403604307501285,0.6593295208980469,0.259107999015948,0.14557205995778408,0.12720768700713328,0.34383533720856935,0.4476509866315284,0.6024708274392961,0.7406002727337904,0.9765728582912047,1.754653574661545
44,2022,XGB,4.253040979105714,2.330696894310101,1.6880282420250543,1.414319316010926,0.9855256103949017,0.696108317397306,0.7092632650725795,0.2830229787647493,0.11727373140211464,0.10884815425055115,0.3450011786587682,0.4506047864647758,0.6318979901524552,0.7725219410319203,1.0346219543772563,1.905942192809696
44,2022,WaveletFNN,5.511181004211616,3.004459501092773,2.201404727501789,1.8157034337875033,1.2598036559585382,0.8765882048135718,0.8200885871841016,0.31820258441528687,0.11015730252363927,0.11486545391050496,0.322465612593723,0.4017310675610243,0.5580506148475053,0.6811177610728809,0.9040577525887666,1.61928299144889
44,2022,LSTM,2.747762890935859,1.582550053425059,1.20957385752152,1.0521181803340462,0.744746883863076,0.5351523563604144,0.6005004031147829,0.27991991020463214,0.11596330135509111,0.11307879762372952,0.36150453987453685,0.4695889335836184,0.6649263860886945,0.8122709927709524,1.1392046331564993,2.091733170710198
44,2022,FeedForwardNN,5.01810704685107,2.758951827041185,2.0025305576337367,1.6880639342821457,1.1687136486175282,0.8193093626231229,0.8093413464593215,0.3348967396013196,0.1205007906343122,0.11254796981930792,0.36447633437866456,0.4694939377285511,0.6620368016561925,0.8047028569896867,1.1396185150989633,2.0620525281961632
44,2023,HBA,2.7689460761286075,14.675301235243278,9.918839330897205,7.49074956829395,5.040241251537871,3.407081512521433,2.6315638845434592,0.16164317217853652,0.14076203448855795,0.12496860892758127,0.24295107312065584,0.29494214172305433,0.3812383768200708,0.43796671038296,0.5428543987845263,0.7545087875293164
44,2023,Alaton,3.390659426582554,18.019911105163583,12.16463459643636,9.19125176749127,6.162478963589864,4.1534807800161655,3.2011550197145704,0.16032333074336727,0.135484412868773,0.10187210143109351,0.26231982364543854,0.3269699486160195,0.42905765168756166,0.5113155716865148,0.6671721039663067,0.8678292736036505
44,2023,Benth,2.4898587530845715,14.517413770758695,9.81940392990271,7.417108592693734,4.985329301096923,3.3704712737296822,2.6172935339564183,0.15125467229113468,0.14075521899519983,0.10982499928564715,0.256933023172435,0.3210348503639728,0.42071780358410343,0.48973305331920797,0.6197199658993137,0.8311192692367124
44,2023,XGB,3.731397393311043,20.60809464091971,13.899529247365193,10.494603773253568,7.033316247311643,4.733990507785083,3.6267305836237616,0.1671032472580958,0.1353390287319615,0.11409782908697641,0.2586256136505957,0.31908610214589705,0.4139315316153864,0.4962532617843298,0.6404191741916855,0.8427213225471045
44,2023,WaveletFNN,2.714937389025849,19.06196752423747,12.871828941958853,9.738543706027277,6.531001357548454,4.401965860743296,3.38510834987137,0.1901737731380549,0.14389486713297886,0.12512508054974883,0.2761550970682601,0.32955828197634623,0.42608336084825466,0.5081185857692887,0.6678695372397147,0.8629763461277536
44,2023,LSTM,6.5748636467684936,22.90443285067833,15.43025357679761,11.654479118113407,7.799427414347905,5.245294815047869,4.0337904052022155,0.16860125189819894,0.1370296164477982,0.1024259716448711,0.2966417785049216,0.37474154126949993,0.49734674592669326,0.619951208698878,0.8365993045513779,0.9986413435391231
44,2023,FeedForwardNN,5.716681481894174,18.29355868904647,12.33138418753374,9.343182006156265,6.262679866568991,4.222191461707869,3.262333612754415,0.19397554560424418,0.14121465198561908,0.10953421850635837,0.28675715838479027,0.34739063752584587,0.45044610894238546,0.5604283949540128,0.7413371052258451,0.8797477527340506
44,2024,HBA,1.1626492371685333,0.8656150444148984,0.6670620817012161,0.6067147511781843,0.4385338667038299,0.33446182138051106,0.5458498047945857,0.21000565170644364,0.12631773073387345,0.09489107682710131,0.5105919965299012,0.6646757867588655,0.9448743969249498,1.1975193014708057,1.6791674479162308,2.04576886913076
44,2024,Alaton,1.3522076911568237,0.9172245876986115,0.6935740431378595,0.634835307883313,0.4687323587256707,0.35442420304986344,0.6520003118024573,0.24389067431348208,0.1258078916982489,0.12608636232039763,0.646075221422701,0.8477420115187415,1.2207614007960512,1.5641730354582373,2.2487412743686956,2.6529867774542546
44,2024,Benth,1.20042017485788,0.9049979365336454,0.7157051486764364,0.644390436940493,0.46617120963919156,0.35552900152819933,0.5789368777909232,0.21663727060194668,0.1342445853062147,0.11097393164971078,0.5383518244677581,0.7037950099237631,0.9975622123447885,1.2686791186016497,1.7892257541956265,2.008748789068066
44,2024,XGB,1.3559008013538134,0.8800360582336015,0.6545846783268453,0.6021064036296399,0.4407226001353656,0.3350462212998135,0.6235045404733218,0.226860521943886,0.12369346362870917,0.11151080216753909,0.621051468313978,0.817975558832233,1.1781334952152762,1.5058324657998696,2.155295319446455,2.594089196503647
44,2024,WaveletFNN,1.3565834038425506,0.9880487200096003,0.7550955901490718,0.7171609777150043,0.5238657728390851,0.39556386580065717,0.6654029075247292,0.29263595552909843,0.13896005172380133,0.13096279118328652,0.6381799415610411,0.8208756555640329,1.167207176425616,1.4998543391640407,2.1583629888380544,3.217985395975339
44,2024,LSTM,1.5155240142628008,0.8737733001088516,0.6744196822691246,0.6208824209306625,0.4537952433164115,0.3491334892442073,0.6435287599745689,0.23317080436369847,0.1398099810997989,0.12057301962902105,0.6427195656393329,0.8457457804612465,1.2079280715462983,1.5434357696920213,2.233685967662445,2.34409334387226
44,2024,FeedForwardNN,1.8060455914212388,1.02152571382402,0.7742069251250734,0.6915568161098645,0.49879027292541706,0.37964518315948076,0.716715353528479,0.2233736207257607,0.14135500362760822,0.10723511933384978,0.7084321114134285,0.9500074029577348,1.3634492889535654,1.7485776154442603,2.5344804472847873,2.950732178073888
52,2015,HBA,1.5218291666227646,1.1600661731590283,0.8473185671408279,0.6854606635569075,0.493072261820242,0.37291931700825554,0.34918548778556424,0.1388259564996562,0.1326134273842826,0.1063305241932862,0.1875037507407696,0.20919709493795605,0.2593626039418442,0.28953487435645564,0.34926757756819693,0.3833783032602157
52,2015,Alaton,1.1539396629413927,0.9302474859343434,0.6897828367412019,0.5604779580125211,0.41477620634961376,0.31980947524858944,0.30664443621402043,0.13976957595802547,0.12987601304654067,0.11592747885937903,0.18243099796105963,0.20190035529705738,0.25151867660534016,0.27646100371377447,0.32097622047775215,0.3402737918729388
52,2015,Benth,1.1063770539235427,0.8723071623421228,0.6500387318854537,0.534202800772953,0.3939134537379911,0.303905171265925,0.2957019292799786,0.13778817559052853,0.12388860632179285,0.11121599657449052,0.18082019460646304,0.2000795333492787,0.24883136310747042,0.28134397476988376,0.3362371447268451,0.3628821229962074
52,2015,XGB,1.3831913534433924,1.1401997268882695,0.8358202098301769,0.6709356123575424,0.48566185355645014,0.37163377992786484,0.34722972906115096,0.13550349728272326,0.14357763267069415,0.10980497855053718,0.18866096097174945,0.2135473277905691,0.2661621486248907,0.2841838608013252,0.33042109088086513,0.35021295410257686
52,2015,WaveletFNN,1.4301835245896912,1.2410130470474547,0.9167579477750034,0.7253143594196355,0.5342618941769093,0.40410713083617855,0.36944665161961415,0.15176584057881523,0.14379760415471687,0.1386175848287876,0.19188938611279954,0.21076866604676886,0.25760692656929773,0.2817841070584324,0.33404598991570855,0.32689572224712055
52,2015,LSTM,1.35305619277571,1.0967375276296993,0.8075822904576574,0.6478943060142074,0.48339233463423265,0.3605317083975794,0.327778766124836,0.1592023788108081,0.11481045592427301,0.13491328121026583,0.17104769475859008,0.1769628921497519,0.2140234202100583,0.24199734111814045,0.282986830279603,0.24930018256170347
52,2015,FeedForwardNN,0.9561558451165341,0.7280109827930424,0.557968510439168,0.46461898963071246,0.3578630867603574,0.27868050236941555,0.26754417196250685,0.1577576630815469,0.12031533358753174,0.12620596213716195,0.1726244936708166,0.1808145636551424,0.21933921569550607,0.2450921186619769,0.2796755793184761,0.2784481504186735
52,2016,HBA,0.45465325281093594,0.4472978922089897,0.36966485469403604,0.34747160141888,0.27357586567886066,0.2190558224069046,0.2683031303080566,0.17748687666368543,0.11001573586299242,0.10523601292162461,0.2342876132703569,0.26754895564691317,0.34374847459820596,0.42324567623566045,0.5515600539842681,0.7172327688779974
52,2016,Alaton,0.38862946762344425,0.4381355358570835,0.3551458782136014,0.3462395501276941,0.28011090933622584,0.22282297701039208,0.28187528864778016,0.2050759404588503,0.10824711235872453,0.11762794224659452,0.2587388229200584,0.2881128282834907,0.3757517046467939,0.46714860869886154,0.601874327995226,0.7724923982086618
52,2016,Benth,0.38508451088943146,0.4279350253688883,0.33780476745886756,0.32656902161957446,0.26206518546924484,0.21257559942984042,0.2663911272252074,0.18632560347962218,0.11359642735103158,0.10765947714143985,0.24362417428153169,0.27530807059579987,0.35489627405947455,0.43557880078461003,0.5672313785188579,0.7321235568009676
52,2016,XGB,0.42915045433572485,0.47899220615914617,0.3981391188323241,0.37380123988917835,0.29394750097814487,0.23033624390958365,0.2833191130392265,0.18975588312396563,0.10311372977246111,0.11230760937859022,0.24612967034735994,0.27698335892599957,0.3605570088356061,0.45032627754321347,0.5811128879267163,0.7663187388373933
52,2016,WaveletFNN,0.4494717611043713,0.5161893789580336,0.42825427212051476,0.3920922229560267,0.30193833892320737,0.24349941400675038,0.296492557346659,0.1756224057259001,0.12662156417383644,0.11110166923319367,0.2541274595885337,0.2943538361154832,0.37731482836049085,0.46510238216496824,0.6284716907017038,0.7797295746178565
52,2016,LSTM,0.6478470328073254,0.6401158193050182,0.5018865370152991,0.4462839053426241,0.34258739767268054,0.2627433786128027,0.302801672348841,0.18328825833006196,0.10305534049304733,0.1205726874973835,0.23781373723128538,0.266916356339972,0.3454225131502896,0.4314109273728474,0.5528984160703173,0.73610209225061
52,2016,FeedForwardNN,0.5958343049531193,0.5543800043690361,0.42609846708084825,0.3904548774119039,0.30661424055312847,0.2407260900454962,0.2851305957353522,0.18713001402540866,0.1089497890302318,0.12849661918605104,0.24004541970316706,0.267347734133855,0.3417193748408713,0.42487745659555326,0.5302157259605118,0.6653019535614896
52,2017,HBA,4.637337552587372,2.581561317658948,1.8001844439353736,1.4070000762068946,0.9887580966408432,0.7005745923922253,0.5928170697025551,0.17733174934631282,0.1242075838949893,0.1403030020701852,0.19840700804192984,0.21040465739758282,0.2572739880233692,0.2976227712661205,0.3584660725807295,0.36729600532446066
52,2017,Alaton,3.7031767613007296,2.1081067877192567,1.485991973799426,1.1781274809243978,0.8322167347821237,0.5969831051047548,0.5290462623130296,0.17844149576482132,0.12651584575001676,0.12810241172883277,0.21794930254468164,0.23720433395917767,0.29810188623531203,0.349365992987486,0.43833101706438315,0.42497116646005456
52,2017,Benth,3.429005937817148,1.974694744542931,1.4058581267281403,1.115976221087336,0.7920337803152854,0.5679887646507654,0.5035306947851511,0.17820943390243033,0.11989873332172575,0.12990883442982432,0.2094453607111009,0.22590844121522075,0.2825536220174312,0.332175349900959,0.41068220136967165,0.40304623675140405
52,2017,XGB,4.7149030257317435,2.6205320386621915,1.81991716036166,1.4229752038589405,0.99633733253208,0.7094331470255951,0.6044358693827411,0.17275750470250012,0.13562477601262538,0.1377517499652046,0.20838009413785893,0.22602698376055785,0.2776466552207143,0.31786308966014687,0.3892324954289321,0.38836338937792453
52,2017,WaveletFNN,4.0723739345165715,2.310009325064184,1.6493401094543023,1.2919949337923067,0.9135607655725391,0.6524835779293473,0.5766925878908066,0.1777814216907763,0.13032920264296394,0.1399712161779508,0.22611094693458825,0.2529022638370745,0.32108371126415974,0.37469232989190493,0.44774000652743057,0.5112889987429766
52,2017,LSTM,3.8311868868073,2.198051188188243,1.5230684680771471,1.2270202220131992,0.865816303830188,0.6256243581179338,0.5642863239307977,0.20856413958322884,0.14524046669342514,0.1439562505303384,0.2539976832486413,0.27320373498012285,0.33882302217388005,0.40533545308998203,0.5142152251032803,0.53860009966926
52,2017,FeedForwardNN,3.6877812028119075,2.1296471120249314,1.4818761863098535,1.1926571294656536,0.8480567348941329,0.6176928449781878,0.5657057003161021,0.21423728347841214,0.1569650651462974,0.1499253743729405,0.2698649485309063,0.2934933094487933,0.3669612071639392,0.4350811597864214,0.5523743035096048,0.5946912323244044
52,2018,HBA,0.3124554717105229,1.0756769526195642,0.8615829075222549,0.6973391698498925,0.5107878529900247,0.37541938154402893,0.3945196799767292,0.15999279845779457,0.10468243865203729,0.11997379747212615,0.2427715709705048,0.2836801723518192,0.3754525839742258,0.46188044281806034,0.5728947410202513,0.7006374115343325
52,2018,Alaton,0.26708644495223033,0.9848670472204357,0.7965689983906064,0.6414821848662684,0.4707454466605551,0.34803809206995195,0.3860703253320327,0.14492189493050392,0.10262338288874591,0.10558759847282381,0.2537817938058086,0.3072327733171931,0.4112160716438949,0.5097709060749535,0.6418788226358431,0.7761830019763077
52,2018,Benth,0.2902352176929587,0.929073225938149,0.758428987510021,0.6159751437718629,0.4549349257597781,0.34059650356691723,0.3762657765481682,0.15144086400953527,0.11191965918119562,0.11797285455423062,0.25319349060700214,0.30264295410448994,0.3995586646991776,0.49348896121266417,0.6199731975121224,0.7537447178961951
52,2018,XGB,0.27524973391582147,1.138866646570392,0.8991470304074635,0.7187212794684623,0.5224751801759449,0.3807229016731678,0.40635471539747187,0.14580332994442627,0.09721834466761346,0.1032880614935554,0.24702657413732712,0.2968795942153281,0.3989485102515119,0.4932233814011465,0.6223482175873715,0.7643677858531019
52,2018,WaveletFNN,0.30720166741913046,0.8278841037525887,0.6844298324519464,0.5770851905821973,0.4524811882171695,0.3775744444593656,0.4003541192843331,0.22053254398239247,0.22776095694375809,0.19914650448021623,0.3096035196225106,0.3537158102044133,0.42808727350725645,0.4829422787282753,0.5805098838819365,0.6362800807433309
52,2018,LSTM,0.22013587888432928,1.050550343934286,0.8403426229107781,0.6758247323112219,0.500156110920563,0.36585369025585385,0.40177475270687224,0.15996959893034796,0.09724884892643541,0.09129979258040856,0.2603383557978315,0.3124775287311954,0.41982145791088016,0.5176230955604815,0.6558593695680778,0.8153000715721532
52,2018,FeedForwardNN,0.31406842804657287,0.9910061192814812,0.7916110055211315,0.6378007408730482,0.47095734672086675,0.3442608763588823,0.38903154293173775,0.15030368792060195,0.09086793563491355,0.0906803073137751,0.2592661845144177,0.3152701876431239,0.43102539990889177,0.5269746688529447,0.6552482193095693,0.8179745260983383
52,2019,HBA,0.5358928536259435,0.40710597094241846,0.3323081084767395,0.29627141619538594,0.24815998252583135,0.20290567509135427,0.28272774197238537,0.16401185657492315,0.11239706022240004,0.11894877653266214,0.2648211973875252,0.32215625191988906,0.43297146855525825,0.5345623415308286,0.7421850078784653,1.1294268407982504
52,2019,Alaton,0.5536547222231246,0.40781950246486753,0.3296540092344094,0.3088513776892615,0.26898521291875965,0.21365817142564741,0.3066325058215212,0.20831641660310993,0.10300408843942285,0.12719370096306168,0.2965964664407123,0.35049789855987423,0.4778525966134033,0.5989374859811643,0.8442992830052423,1.249682384791601
52,2019,Benth,0.5177758041699073,0.40180132883355574,0.33187287873330673,0.3037268401717474,0.25938695206830986,0.20941449533112896,0.2979943475318155,0.18690102540331302,0.10946958185676708,0.1273916592948675,0.2849874311985759,0.3419461601611081,0.46171151139815425,0.5764344286521731,0.8042709656553476,1.2038389480299638
52,2019,XGB,0.5811430426798072,0.418393591446231,0.332338670083601,0.308791624600853,0.2629477956881748,0.20944373646659734,0.296268335096136,0.19355692129274857,0.10243561802344245,0.12039063528391131,0.28162815963140514,0.3357295743833641,0.45653041075478945,0.5697490228000588,0.7989866999799159,1.1999854591401962
52,2019,WaveletFNN,0.7024071430047688,0.5062109089556893,0.4224797257674891,0.3721789203705883,0.2964699877096637,0.23847784733115143,0.3061027368343829,0.1704602496518383,0.12249356657412679,0.12719794450934965,0.2666871165498983,0.32062346550722415,0.4204599015499145,0.5199383331901448,0.680959176401548,1.0771564511345013
52,2019,LSTM,0.8502846965578785,0.5903932334431694,0.44738801316741017,0.4013304185683613,0.32735586467498423,0.2566625938718635,0.34788788834977535,0.20732371618255832,0.11527605226562204,0.13233374294451702,0.31209940704460454,0.37629585460217385,0.5084527741745225,0.6376510508147063,0.8987251638103888,1.3674001085847474
52,2019,FeedForwardNN,0.47949254690393717,0.3731764738705332,0.3024471564190988,0.2905018316392853,0.25117640428460597,0.20626713252956133,0.3200043861068272,0.1999056521501131,0.11644858901947214,0.13599166859712142,0.32188871060254565,0.3961698038866621,0.5373652600235881,0.6754566813416925,0.9557886976751823,1.4315651191553216
52,2020,HBA,0.40422566846766456,0.34427207836335166,0.296369784612319,0.28241051372290304,0.24573859148871968,0.20326308275665475,0.21780574564233945,0.19510739836512042,0.11831206529252487,0.13485951532100324,0.19082548712077702,0.19364311470325424,0.24073756464674415,0.26332087675579646,0.28687185354831285,0.34508413945409416
52,2020,Alaton,0.38277717846279763,0.33345222517466144,0.29346830018683384,0.2693974828895445,0.24392740959058692,0.20224063732236894,0.223587326604754,0.19438651899434,0.118867092785933,0.14498994812480032,0.20046091137679284,0.20661874715232129,0.2586380222181139,0.29015432941699354,0.3231259273032151,0.3940664260084781
52,2020,Benth,0.39213688085665893,0.36191575720505476,0.3144191332013631,0.28893103942246395,0.25386567090658435,0.208781969661727,0.22455386416606637,0.19331220861180565,0.11861456717201227,0.13924783427920417,0.19504776702092622,0.19914562721926907,0.24864889850340008,0.2750761398603273,0.3077007414940406,0.37322379144260037
52,2020,XGB,0.3722967275673073,0.30446004822302447,0.2691867571474479,0.25508751431038745,0.231993802307084,0.19454812465050675,0.21419998485265676,0.19480084746672013,0.11965676933735231,0.14262153364785063,0.19595047122857503,0.19955644359638341,0.24667042952982215,0.2752287496445065,0.3036820376309409,0.3683897016747015
52,2020,WaveletFNN,0.36902894924751073,0.29687841841972523,0.27318850510193643,0.2622032429524734,0.23597798524332553,0.20363033261797,0.22740493957167354,0.1987674653847146,0.13893502736725902,0.15650812330839467,0.21217213692065237,0.2198346588883033,0.26791526841769786,0.29938809505971814,0.3427576926565455,0.42079476691435114
52,2020,LSTM,0.4919137213784462,0.35856936321950067,0.35695730001637216,0.31486830377359,0.27490598372322156,0.2259100000233525,0.24371918101638135,0.19285466743007104,0.1279180326236144,0.14642990890487004,0.20296809197657417,0.21597676992590473,0.2660424523212478,0.29973139592402753,0.33840480051395705,0.41652498557246903
52,2020,FeedForwardNN,0.4242829828091247,0.30763471798052616,0.28472614230171434,0.26370296546503996,0.23814851923812713,0.20032852890177075,0.21624035937515093,0.19157089617453996,0.12468854822905791,0.1447907698456369,0.19170497315750795,0.1979555198277786,0.24109663019995253,0.26578507790711065,0.29413479820566313,0.3767281062751596
52,2021,HBA,2.4160755778947216,2.8267211431441797,1.9842011855613035,1.5704677771829012,1.1069689237781053,0.770831497332238,0.6712661329214377,0.22973666199490728,0.09855664444050338,0.13873839802491567,0.2417917739499004,0.2533762466751327,0.3270460797952173,0.4028837153809834,0.5439924041990647,0.7104891879355429
52,2021,Alaton,2.2469385113513742,2.7806637084165677,1.9526478271563539,1.5654456400389178,1.1148292694013502,0.7757914952155283,0.6920214854814771,0.2770107116463463,0.09771594684388474,0.14840987858755353,0.27875630080369873,0.2867441725513229,0.37762409625866433,0.47121283508162815,0.6417128213468325,0.7333233738262608
52,2021,Benth,2.0761681129633276,2.5795328948150678,1.8109507536465554,1.449671920955703,1.0313666738595955,0.7183657675383024,0.6381287571837668,0.251782594072635,0.09236395489571654,0.13316089719012505,0.25363424043307925,0.26167445009757284,0.3464216454474223,0.42693485386316105,0.5813699636688142,0.6764207115045033
52,2021,XGB,2.6049139101017866,3.1726517162197743,2.2247949757290013,1.767875584849406,1.2449279027244862,0.8660969917374557,0.7517863116102459,0.26506082971997064,0.10843516976339525,0.15502951246276717,0.2687988015284921,0.27750016321084003,0.3536404415031878,0.4416330417135501,0.5948830895712083,0.7023012357099859
52,2021,WaveletFNN,1.8566660745538148,2.5168069729932525,1.76285833568247,1.4020763652043913,0.9840743682015574,0.6889310191179139,0.598629368009953,0.2052904007206448,0.09864432095062722,0.11958790131160987,0.2175955376942753,0.22914235221881,0.2956490298582669,0.35749633430537314,0.47471626920703136,0.6330094947738403
52,2021,LSTM,2.6682737994825834,3.285354784691632,2.29719329897023,1.8162146423266097,1.2733936722151862,0.8834452985848896,0.756191770985413,0.24959404546014277,0.1035485513242964,0.14694351788455454,0.25102635137896434,0.2581929928223923,0.3291271608520529,0.40791514810184604,0.5520088942881827,0.6713019860757423
52,2021,FeedForwardNN,1.9455161994069485,2.8362220864719245,1.9868896520608648,1.5722124138193359,1.10548741908751,0.7653961249109613,0.660055399145104,0.22408518611415518,0.0852135365578636,0.12183998433116648,0.225438278497237,0.23178178165762123,0.3058651368488905,0.37560684369924235,0.5050616935379584,0.5957825199722725
52,2022,HBA,3.62474511462983,1.9315925337652646,1.3580288701267937,1.0963173619269426,0.7809165895464111,0.5642558859426015,0.9014385976156886,0.20380430896602839,0.13093447873498237,0.14410133084785148,0.7474372403811972,1.0436478144634402,1.498194339986835,1.9526124900697688,2.8238719029281185,5.43565603299388
52,2022,Alaton,3.6053763714619222,1.9211525597021086,1.3568429253383023,1.092186618481192,0.7681879803111059,0.5571114331961798,0.9970149996535447,0.17953303528390963,0.13495833896632722,0.13724042191785532,0.875700283215991,1.249274751694886,1.8069889462194553,2.3609773548697097,3.4472591834635042,6.72679978291136
52,2022,Benth,3.31677420096535,1.79163948827974,1.2796487619585837,1.034034349358457,0.7319518743879145,0.5362270418870866,0.9498563974058452,0.18425498681724536,0.14477737688543085,0.14483531806228556,0.8392496071079342,1.1907185363587918,1.7098692400374367,2.2330203134087623,3.247050246257003,6.315338969812113
52,2022,XGB,3.924185383617211,2.0637012163272503,1.4463365213187735,1.16213472423417,0.8173154960463074,0.5855299496635871,0.9919875546914538,0.18829447077384118,0.12195885689814664,0.13064035747461744,0.8387475852166627,1.1896033113911315,1.7279051378230141,2.254913259393242,3.28385274361184,6.3874146585296465
52,2022,WaveletFNN,3.164355900313723,1.7006763772223719,1.2044992506509828,0.9740055981592932,0.6889155362336855,0.4967799145241882,1.0705821630506096,0.17333182181638815,0.11250867110519333,0.12157396452077496,1.0283263824596918,1.4765818569511515,2.166626675569501,2.8409935985364125,4.1444382341697805,8.113923751501101
52,2022,LSTM,4.144727127555352,2.1812013402206745,1.522359885420658,1.2293660125312702,0.8670619963147794,0.6199891868498286,1.131608077544629,0.211764107208901,0.12584356791992724,0.13958536702141824,0.9960360811029625,1.4187427956342746,2.0834480209963244,2.7152435885472075,3.994874612768903,7.807413956252532
52,2022,FeedForwardNN,3.094893232939676,1.6662528224709396,1.1824276955777187,0.9653653162808519,0.6860772603711578,0.499191788143135,1.0543191730421217,0.18972682516459685,0.12542084368708956,0.12900835324156867,1.0092999905125326,1.4436422930124988,2.119130683691541,2.7629751443896335,4.0646512266288175,7.95213645575661
52,2023,HBA,6.566992100510924,3.487107918849503,2.4093174355002627,1.8370219896200786,1.2720837301262826,0.8876419408820748,0.7379756053952823,0.13485002475230293,0.11875836239365896,0.11512813735962092,0.19166078421376417,0.22260296652832462,0.28682483483771387,0.3193625957516109,0.40160266524011917,0.5318715912580366
52,2023,Alaton,5.977485619680534,3.188810038404462,2.218207042401197,1.6967622933505448,1.1691979117263502,0.8185636630884114,0.6861855771463687,0.12018878105150335,0.11729516581253449,0.10214920776331951,0.18330961453549097,0.21996669492611517,0.2827179451244934,0.3175863397266571,0.4114208539884215,0.5415544731079263
52,2023,Benth,5.429234437874496,2.9116263630158574,2.037322013769403,1.557932441136423,1.0819063712779136,0.7614526360091628,0.6451501909945362,0.12649072878642378,0.12054516547166132,0.10762094390901865,0.18881704004832614,0.22427858134619885,0.2901303784986197,0.3209433420936865,0.4066922378417331,0.5442224555899255
52,2023,XGB,6.6736847671635955,3.5573147088248533,2.467066983843715,1.8829014988723956,1.2950956747845774,0.9030968068156492,0.7474062692135136,0.12312436572543957,0.11909907087779328,0.11162038467688326,0.1830419668997415,0.21800659645249337,0.2752177166204343,0.3130242469941376,0.4010911384771883,0.5334484561217359
52,2023,WaveletFNN,4.259291791462728,2.3630320914588663,1.7201346062962772,1.3260115730153772,0.930095922771146,0.6594775303058557,0.5771983068890979,0.14005723924601482,0.11824074537527511,0.114869783296573,0.20357388228182485,0.2387122096025318,0.30979856638722997,0.3495014421271136,0.4382270367510438,0.5563809237302043
52,2023,LSTM,7.389898143701517,3.919878356922416,2.708523256014022,2.0903234159227266,1.4300306101152962,0.9985863047339586,0.8241940932069934,0.15153796421656998,0.13569769397128373,0.11829493167024854,0.20399876783870172,0.23691995639543842,0.2890574952092866,0.3428142054575361,0.4508114476140932,0.5490131708387839
52,2023,FeedForwardNN,6.597232801051376,3.5034599145582437,2.4260898517234875,1.8689509726419786,1.284126303406496,0.901733132245284,0.7547721746221824,0.14216275508950438,0.13694678992285986,0.12657948862630497,0.2043822569674702,0.2401806867861043,0.2928745275522694,0.3508928338539677,0.4593638371733312,0.5763756666814562
52,2024,HBA,3.4664373187048576,1.8952910275610433,1.3207221633076263,1.0437053861887386,0.7247408814434461,0.518816185986711,0.4459266978637679,0.12875959957926583,0.10696679507324082,0.08349350701527944,0.15806987680003903,0.17702124339475528,0.21754807732058287,0.24024837057496476,0.2958576199251785,0.34628013252611106
52,2024,Alaton,3.45562911303009,1.8813301198185157,1.3129490989369605,1.0455235827023321,0.7366620434391774,0.5286081252235632,0.4590016770642279,0.16037498794139418,0.11250028879233462,0.10906550635060314,0.1795285642195421,0.19032660297254825,0.23624765521843127,0.2633108762561258,0.3387212002657675,0.4177152526602601
52,2024,Benth,3.1709486644946434,1.7652651501453183,1.2395294292724988,0.985310890165367,0.6894052582920249,0.49358614484693975,0.42955775674617136,0.13928108731155117,0.10194791795676955,0.09220535755348974,0.16333074680230397,0.17890553242376403,0.221265118235283,0.2509479455111248,0.3128868980243949,0.38466781481505524
52,2024,XGB,3.6363218634763874,1.9407460952972684,1.3556054173665664,1.0730887432963525,0.750884536161024,0.5424496546278363,0.4679171939406356,0.14616365495548173,0.12557989156146135,0.1049755340936028,0.17739467443095844,0.19384363372782173,0.23735115402403548,0.2567802874944762,0.326522451870525,0.40993148297677906
52,2024,WaveletFNN,4.160417032796726,2.1844510762656255,1.513258502329167,1.2130928522411148,0.8533264967279618,0.6148719690331613,0.5269170340043898,0.1933944911267567,0.13796291364356034,0.1296787193904025,0.20264964952460282,0.2098338457030124,0.25480505568550654,0.28141488789997265,0.35577727337958304,0.42866781257816194
52,2024,LSTM,4.5595643191235835,2.383537519416114,1.6869147845716317,1.3310516252390423,0.9224583044198292,0.6545603885417037,0.563475322301086,0.15800182426802678,0.11876455678545214,0.10182485304735255,0.19653006295382244,0.21583261940825113,0.27096586523621347,0.309399165596196,0.4041542697952929,0.5420737055443581
52,2024,FeedForwardNN,4.006483214045,2.093779239749249,1.4870805452503315,1.1812874210207729,0.8223422619352685,0.5883234037231627,0.5041577832713785,0.15760397862020542,0.12028568729895124,0.11351085191472812,0.18266272955512217,0.19530011050824633,0.23284389365587604,0.2702792829145724,0.34725950796235916,0.4245889997314892
53,2015,HBA,0.338556289227718,0.40043348276709595,0.33064488021981886,0.29092805071309447,0.22844187927828166,0.19201923612925303,0.20140659054242693,0.1262388783367445,0.11917394983119575,0.0986396608904007,0.1599784117395023,0.1755339016045444,0.21209026483422005,0.23639501352629455,0.2920480557922472,0.34572438339909045
53,2015,Alaton,0.34696452643989933,0.38909484949147627,0.3205749710050941,0.2771301306605063,0.2269111356550446,0.1913439084499315,0.19364802971224945,0.1332473003049951,0.12020945403970532,0.11399323655061099,0.15281760161095706,0.16189307939907263,0.19350827810689838,0.2064538814608043,0.23585482517802533,0.27764152267488285
53,2015,Benth,0.34369626153465777,0.361548430029332,0.2981444161733741,0.2625654155338033,0.2117954437549283,0.17778215227548694,0.1862823242169292,0.1254464713364824,0.10975556931660425,0.10103362674050312,0.15044094058278823,0.1615595277374526,0.19645160884665966,0.21885018332547218,0.26258278089904086,0.3140605678852844
53,2015,XGB,0.3255002000009661,0.41930594821544614,0.34331595227693656,0.29545142020547444,0.23429231422261454,0.20010064668094318,0.20417541401673586,0.12526867616829251,0.1317173115976005,0.10772056618700485,0.1595652126836606,0.17587883939080068,0.2091541551428189,0.22270499657786272,0.263069792208852,0.3073541095922632
53,2015,WaveletFNN,0.2725189210967408,0.35680933280208155,0.307032436231852,0.2697006197232618,0.2202238627994125,0.18437237400795228,0.1919103294633041,0.13341528936697303,0.1126693964250319,0.10559715262343655,0.15489293431743864,0.16434049445492754,0.20127324790359177,0.22041499696014233,0.264074808843593,0.30041199339494784
53,2015,LSTM,0.3374365670424369,0.28420735385738394,0.26696431038011115,0.23968710637982818,0.19122805668474854,0.1583718526766034,0.15162076377955308,0.11549180298938595,0.09265944466031314,0.092309215485542,0.11282337086198536,0.11244095312166374,0.12213093464510602,0.13687981644195227,0.14575063075129352,0.11835349216985444
53,2015,FeedForwardNN,0.41968730926703607,0.370582114968628,0.3240544801114253,0.2808771795843285,0.22246089374129102,0.18089499842997178,0.17323929870839877,0.12086730737115677,0.09776320780733322,0.0936804151651098,0.12386332533968658,0.12352649591606865,0.13820016230520002,0.15255054997744646,0.1657362495209254,0.16288611261379235
53,2016,HBA,0.264420592408723,0.2534006292831002,0.2310368039082953,0.23212905733017283,0.18829884189170057,0.15444019086285005,0.18600597851288772,0.14556087987510583,0.08672288880514901,0.08252992433923662,0.17164000515923616,0.18683532728933047,0.2366701133095273,0.28612722399788904,0.35676615697553105,0.4324451776173015
53,2016,Alaton,0.2329560359219686,0.25302276995819706,0.22806442034506466,0.2385679050159349,0.19518512628781462,0.15884820364910515,0.1996384875340812,0.16230583223056458,0.08617435837168623,0.0910533830448551,0.19216479841494635,0.20691363495537327,0.26715165110071565,0.3281960302140651,0.40600681554131285,0.4560544526883587
53,2016,Benth,0.2348859854604165,0.2518586181444162,0.21361147369821296,0.22079876405267612,0.1799603286395572,0.14947797644098815,0.18656008254247214,0.14630918358090136,0.08851327204385011,0.08128491415814959,0.17925545806620685,0.1963727617049789,0.2507684861215727,0.3036988848536918,0.38041381820653425,0.4384025376332867
53,2016,XGB,0.2419312893778775,0.2680411914960389,0.25302446724163424,0.2546398074887334,0.20488041217879827,0.16585001677051728,0.20293697521077686,0.15673635711596232,0.08778922595395545,0.0957456351026359,0.1882381017359822,0.20349349667200786,0.2596258227931203,0.3204221581340809,0.39482564673872367,0.460267624086913
53,2016,WaveletFNN,0.28709091929405606,0.3058514981783931,0.2656800800918965,0.2678855134328508,0.2190036190455289,0.17944699217747137,0.22199798150909816,0.1723271579991613,0.10033373844135635,0.115592909220095,0.2095815826177569,0.22589692459306326,0.287325236071054,0.35505119159922516,0.4597967817895057,0.505730790456015
53,2016,LSTM,0.2722979390829592,0.27571190579092136,0.23422188065096827,0.2362960734975877,0.1914690151411062,0.15639322880060277,0.18526005092822498,0.1487161496312442,0.08624165611959582,0.08937399256122915,0.1697693197772606,0.18200066178657262,0.2263994542053983,0.27784751411812075,0.3568700400486611,0.4150121727493738
53,2016,FeedForwardNN,0.35080745918610934,0.3121787231550337,0.2604182569883568,0.2569020781751254,0.2039016404443345,0.16444811269955223,0.1979906703836154,0.14738502390031222,0.0855410572099877,0.08957403202760414,0.1784299038973865,0.19508369534700307,0.24570054056813492,0.3049965579341082,0.38013849115758835,0.47142854494830444
53,2017,HBA,1.4450692556605582,0.8915804675947167,0.6601317582402108,0.5370996555363753,0.399503015017593,0.31022530534113163,0.27558866777023255,0.13887427179497525,0.13166988598820892,0.12777024305771162,0.14991464761843168,0.15715825718142687,0.1761538842033032,0.1844845890607732,0.20725845752815358,0.2098692561962284
53,2017,Alaton,1.3224852071563216,0.8186126929471794,0.6106019874234994,0.5057256491942886,0.3768671396602631,0.2965001222326858,0.2735529332148751,0.14313229189702678,0.1357660873775313,0.12383709650801179,0.16480958598971804,0.17511601936637228,0.203822441586977,0.2173818739834194,0.25721901228197525,0.24116483863652813
53,2017,Benth,1.2323020756022482,0.7826863594861398,0.5969523314384091,0.49300520668177683,0.36882618416685325,0.2868890365313995,0.2637745682486799,0.14070003689529734,0.12301474126049232,0.12003036893431403,0.15538612175286787,0.1637974089241284,0.1911296034922751,0.20596585080348898,0.23923488452005684,0.2349650698725309
53,2017,XGB,1.4843363464331651,0.8955272998868665,0.6565821974185878,0.5360492151748741,0.3971244725100529,0.31393008324160493,0.28256398266507354,0.13766674760151798,0.1475413047047091,0.13100021744415832,0.16146081205992585,0.1731062873933173,0.1948407711924044,0.20162222694107904,0.23283471750025925,0.23217483349252654
53,2017,WaveletFNN,1.613267576700795,0.9826243792452385,0.727858532488989,0.57891461291522,0.4289003663493808,0.32741825156647747,0.2954063463199754,0.12994220020977254,0.12445402200067107,0.1285692319728214,0.15615989853520584,0.16738137358199054,0.19506913228383999,0.20764087083532645,0.23461364248356747,0.2614115708054927
53,2017,LSTM,1.2186870585211336,0.7744799099630827,0.5722414279243441,0.4705451405115502,0.3536609153810414,0.27547148413556455,0.2507209329391344,0.13508040283773862,0.11909262164461094,0.12335649845844707,0.1471791559464274,0.1504930901291173,0.17145599086074298,0.1873282245500756,0.21378749235095237,0.22686609105643102
53,2017,FeedForwardNN,0.8186161541577036,0.5818966328069126,0.43640520471774347,0.36726994320146555,0.28851391937756593,0.2306243047210976,0.21936684540708495,0.14062263403738834,0.11484507540816093,0.12435009856257379,0.1493206040876444,0.15273961936113997,0.17635505559836845,0.19377870084555257,0.22334315022827045,0.2585328453357068
53,2018,HBA,0.24982758064753302,0.9538532733438501,0.7854627054019718,0.6314115338917722,0.46403399480975077,0.33956489221613645,0.31696561928091577,0.1426052842175296,0.09062668702890786,0.09905332188099666,0.1625918376312697,0.17413309278030414,0.21937150159109872,0.2567015347365354,0.28858653928914346,0.3103113035093962
53,2018,Alaton,0.2430642829363234,0.9462594539185034,0.7758143301398475,0.6188384749590564,0.45473373511791515,0.33284107275996844,0.3145233737921747,0.13365314009598264,0.08905574804407518,0.08690281267625953,0.16289243591762206,0.1790447089842358,0.22773667784881071,0.26652196437387154,0.29777395928435624,0.29596540192433995
53,2018,Benth,0.2601936472007236,0.896402239531678,0.7322990001301765,0.588206310740143,0.43493584775035327,0.3210957637427781,0.30454668305831245,0.13757269537053007,0.09341559572762777,0.09814923513124812,0.16391144405289887,0.17805007595382585,0.22331956215402177,0.262401554074619,0.29610260790632026,0.30708203473152185
53,2018,XGB,0.22889695516320402,1.0487784412593308,0.8527342483771954,0.6759891476933717,0.4923131894088231,0.3583130053758453,0.33209084098721786,0.13189213044045084,0.0903126373098895,0.0840141442957193,0.16099249307231717,0.17743915022856885,0.22615257883377549,0.2607713914426564,0.2929983696171672,0.29919114069368075
53,2018,WaveletFNN,0.29521474919451607,0.9707345212619451,0.7706267264016166,0.6212764262416718,0.46559972478549816,0.34551762385009965,0.3155072359913685,0.16057272316937968,0.10535342197930235,0.12679698121836247,0.1658718579179158,0.17015472092998116,0.20538107948132292,0.23775480378040637,0.26895225173450765,0.25080918509869277
53,2018,LSTM,0.2925421009569098,0.770913208760362,0.6560827271765509,0.5309131853771469,0.39594780810557595,0.29065308101879783,0.2801179630546894,0.13581288903460115,0.08006362684524147,0.07657512142342575,0.15615878557821541,0.17034104159338379,0.21803302506393518,0.25476003580101564,0.291108510220286,0.29074087127761045
53,2018,FeedForwardNN,0.2702932246850862,0.7372415517688392,0.6234775848157339,0.5055521961342352,0.38292170600577285,0.28453145142597736,0.27732425513895964,0.14236582719581176,0.08775094226638634,0.08399357193451325,0.16316925621513478,0.17748099125646513,0.2272460631037169,0.26049379711853254,0.2953410730615832,0.27425769429999547
53,2019,HBA,0.2771569295912842,0.2687960949002741,0.22768946341067983,0.2163278894926544,0.1847297628532138,0.15227014193113836,0.16311008918845557,0.1417700622957478,0.08735090008698741,0.09077159456788911,0.13871800977773063,0.14427703869343608,0.17755513340350562,0.20135334346527292,0.2571578680371605,0.2966696580579916
53,2019,Alaton,0.28487469743172456,0.27012241794719005,0.22712297250121224,0.22536347594740225,0.20205788440803246,0.161937359216915,0.17586654336099117,0.1769927963148527,0.08169630883468006,0.10218407365225064,0.15440070704791403,0.15290007785720333,0.19148362877669658,0.2242405456530373,0.28664672859815127,0.2971774329256849
53,2019,Benth,0.27552805996358454,0.277779837763709,0.2411385854010472,0.23183875682326543,0.20018546678698776,0.16136385876359555,0.17325527067775884,0.15923234817292828,0.08372064271681111,0.09862399074348918,0.1470289194632793,0.14938335335040634,0.18522967380847655,0.2147973888096847,0.275242675380247,0.30307985662729564
53,2019,XGB,0.289766025344558,0.25286364794209304,0.20824452593841059,0.2110295980590359,0.18926069029765158,0.15536802639182914,0.16863921564170947,0.17027685465689252,0.08758269858018439,0.09924436137648653,0.1508186040260852,0.15107455117533886,0.18587218446021433,0.21479052477194635,0.27308719277357635,0.293592465995775
53,2019,WaveletFNN,0.3256503906634595,0.2967809795953451,0.26308993336558706,0.24765862118338172,0.20516796903283424,0.16568683225199285,0.1781406597389471,0.14724600470008145,0.08672455869031007,0.09404684757838455,0.14622146918990986,0.15440757265443508,0.1956324128870765,0.22071114347784418,0.2716065526925412,0.30793506402656273
53,2019,LSTM,0.32760667596028875,0.25375454211473886,0.21099804692091806,0.21583990137347442,0.1846074308810923,0.1490980713667815,0.1584460434024219,0.15821681484126646,0.07807935233815998,0.09171892670223365,0.13540006970493257,0.13480159287003057,0.16520899326896962,0.19210258341196684,0.23660553509764484,0.2765974510940589
53,2019,FeedForwardNN,0.30594867189560865,0.2609496149427771,0.2224201065582019,0.2201842196611302,0.1870581767590638,0.14991828501383697,0.16162310261417467,0.15169624695992567,0.07563850152338329,0.09185477551141129,0.13758937899962226,0.13944891857208092,0.17424814028874294,0.2028613277854891,0.24946468919571804,0.2957533448265612
53,2020,HBA,0.2537060066827719,0.24482553135695367,0.2121323810943406,0.21156289181309837,0.19485692125776358,0.16364588021147727,0.17379322872131509,0.17758146142118655,0.10122379811890478,0.11979325491754941,0.16032019389881988,0.155647699192321,0.1926561077744236,0.2003898482847876,0.2094885365533443,0.23660654446928958
53,2020,Alaton,0.23266142873297332,0.22920966578648844,0.20445632011792184,0.19962860533087437,0.19218454759465314,0.16266702295711816,0.17382369402112155,0.17991277507138442,0.1036319736820482,0.13039121470185433,0.16331486592593472,0.15773851263994867,0.19410301928367565,0.20297125326999851,0.20358499731928112,0.26879902612305706
53,2020,Benth,0.24113971262136075,0.25320360068265874,0.22108132473814407,0.2143349763461244,0.1986115576604225,0.16501860632688567,0.17327182614364686,0.1761417905827009,0.09783270365981195,0.12018043012010805,0.1573628643000044,0.15094385093591628,0.18734704054056428,0.19493443915193365,0.2007389532918701,0.2501291285781544
53,2020,XGB,0.2317448855022913,0.20488806759800993,0.18623693697000274,0.18753835251905088,0.18255596930127302,0.15782228459659403,0.17010482236043734,0.17887500163254338,0.10835491518723607,0.1319420792683768,0.1643968352471347,0.1596410058788252,0.1932632200924684,0.2023916015453356,0.20651120662131592,0.2580461090108231
53,2020,WaveletFNN,0.2271393982853124,0.19173279931703105,0.18153638522684884,0.18216829596199466,0.18037905024358294,0.1608290000155899,0.17852223852567947,0.17922171526031702,0.12172889955960384,0.14365890635565257,0.17757169877827436,0.17836779163025346,0.21602855548973168,0.22529713675530266,0.2360909834856332,0.3134336452196464
53,2020,LSTM,0.31144300592081253,0.2336068796410256,0.2273164596889124,0.214017848321721,0.19976685473904182,0.16593911362963348,0.1689905161958204,0.17221724978917138,0.09828363141081671,0.11029621799114715,0.14749042800169646,0.14141968173382177,0.17007398254627065,0.17815947372405694,0.19353170531451597,0.26530914290804625
53,2020,FeedForwardNN,0.23604511523295238,0.19911714062887081,0.17931813499654423,0.16944998764170047,0.16210178144742488,0.1388331553091366,0.14886737006680473,0.1448854278983055,0.09229590303256001,0.10370442631268771,0.13813990963554026,0.13813391530911304,0.17119136925888673,0.1798973767275112,0.19654769965226976,0.25739779608650026
53,2021,HBA,0.594294093559324,0.9324354135971166,0.6965398801018529,0.5880613771367682,0.4524406691336171,0.33027483948328396,0.29091155453983397,0.20834145816538124,0.08594318018261776,0.1329982457906006,0.1578319289242976,0.13639072557474027,0.15639100956721308,0.18411205603195535,0.22820205893802123,0.29945450926070216
53,2021,Alaton,0.5069682525378814,0.8865580850058727,0.6646799360608345,0.5847534747278418,0.46098576847842754,0.3360981707801533,0.30128177500924946,0.2572916008960205,0.0863229753836049,0.14364795394589186,0.18107381509891676,0.14840629147408393,0.17417373307122574,0.20765116048271162,0.2613333071763297,0.29794320300694216
53,2021,Benth,0.4807897662435143,0.8449021644096034,0.6325204908462876,0.5519279765410753,0.43214113705120216,0.31467352797069226,0.2809190643734884,0.2317617832561168,0.07973830980967243,0.12862822281902603,0.16464861242307538,0.13642850009517507,0.16224771652093434,0.19087993664902336,0.23905812368082932,0.28665264291141196
53,2021,XGB,0.6163981692445665,0.9853370360738576,0.735803007463465,0.6332955017940437,0.4877281573979366,0.35649622865400993,0.3121099755475731,0.23965330733240814,0.09403237116615663,0.14560548606433213,0.17212095188828058,0.14351899985544891,0.16019061865550674,0.1902555054399522,0.2368669108689535,0.2854805666313002
53,2021,WaveletFNN,0.651061155650154,1.1659820300389385,0.8546343169249897,0.7220877310246984,0.5517997357800161,0.4040889896787664,0.35655060685703777,0.2489651546350423,0.10866749747626692,0.16074260353904435,0.19327380910827777,0.16755998174742068,0.1935443588582844,0.22903731210782347,0.2961428384106875,0.3461153509410637
53,2021,LSTM,0.5211370876118023,0.9516955072691732,0.7201241049915381,0.612466579485556,0.4610265277529418,0.33630793269024695,0.29829561932522924,0.2019289505143455,0.08687074256485716,0.1243223327690374,0.15896935034520535,0.1422844223744235,0.1671498379544409,0.19125031759716166,0.23350100570776694,0.28914466582269155
53,2021,FeedForwardNN,0.45467635906911524,0.895588947253281,0.6796229818247903,0.5782653436110202,0.4292828208742391,0.3127049992879885,0.28468203570478545,0.17894265992368794,0.07954935611548743,0.11081040449363104,0.15380867568368986,0.1466835156716109,0.1774213829353368,0.20698834182866288,0.2527480232588413,0.3490432021734506
53,2022,HBA,0.3776260655238611,0.2907762177307382,0.258786637731517,0.2515202437470109,0.20522294611566297,0.17390067160135292,0.25717982096102904,0.1516592544998089,0.11125612257273293,0.12029205537808955,0.2502233288475332,0.311287580975388,0.4116360531062867,0.5128951239195694,0.6943447859127244,1.2070540233582387
53,2022,Alaton,0.3579506047415744,0.28097423718424946,0.25463301606254896,0.24519030396822353,0.1955477044827738,0.1684578111937037,0.2621627031281941,0.1364623929029987,0.11427802461556345,0.11611604268026832,0.25737304419632484,0.3303253804011282,0.4409859954010821,0.5489743136899281,0.75972372037933,1.3835902102541353
53,2022,Benth,0.33473156818284555,0.2879897882550663,0.26597897307852975,0.253915614682466,0.2022054615677753,0.1752492053368348,0.263662446486132,0.1384319500570209,0.12133669287495373,0.12079813578586224,0.25664967511983616,0.3275168555993764,0.4298088424624621,0.5351843969807193,0.7319632881671301,1.3145785781910007
53,2022,XGB,0.3891149627108906,0.2781277235639868,0.25036980608928827,0.24362158805101206,0.19564069470923787,0.1656844401049983,0.25785537896672395,0.14091158332918743,0.10577193089651918,0.1123077484609655,0.25299119041927165,0.3211642429755074,0.4334432151088239,0.5396159907582166,0.7408457757319912,1.3304516023166135
53,2022,WaveletFNN,0.5314790956799852,0.3480907502466079,0.2958004241951395,0.28588319629844094,0.22899911853875643,0.18425869426123723,0.27807452295662083,0.16219781288237334,0.09477784570619881,0.11610885552115954,0.26310229718333056,0.3282182790038599,0.4512407052101617,0.566488355750102,0.7776551884204922,1.4169083866717473
53,2022,LSTM,0.35567084395411425,0.2597102340977867,0.23905000517750716,0.23818837735304446,0.19482108879373294,0.16863866372155265,0.24059522248145704,0.15059217240995879,0.11627381357719206,0.12062830941672747,0.23191738005706028,0.2859761799886924,0.3756295227802333,0.46011429643903373,0.6469131070551886,1.1745064860921137
53,2022,FeedForwardNN,0.4103594164173373,0.3145798867899102,0.28081736325038964,0.26444527724518513,0.21501476119730753,0.18086804138902515,0.255063211112834,0.14921215914422542,0.11257460177246034,0.1190882082544499,0.23965734663692403,0.2953439901758083,0.3935532928592346,0.48140844654825216,0.6746084469702847,1.230090320321601
53,2023,HBA,0.49357695638461835,0.3793856876276361,0.32232725439691556,0.2678859408860061,0.21436965634623825,0.1768746533312771,0.18020735457102122,0.10641205829556094,0.10188464730135487,0.09130962849664415,0.13495519647527834,0.1496568391536821,0.18550356144898753,0.19225873165576246,0.2270460512237652,0.2823738205540988
53,2023,Alaton,0.4194782109501491,0.3356767159660356,0.2967079410808295,0.2499886801938093,0.19536268896337847,0.16338389373443124,0.16770942807323724,0.09401743684592746,0.09942630327653666,0.08051569164172323,0.12519888216177652,0.14275247761610224,0.17583169203076107,0.183137342398521,0.22155810199926684,0.26441133909130093
53,2023,Benth,0.3880728027483984,0.3225585030473216,0.29360538003621767,0.24609046937402457,0.19678021394423134,0.16421271834947687,0.17079164987556447,0.09995504785224504,0.09907772715996796,0.08244063723870561,0.13069704605798624,0.14808246218961763,0.1866077291765069,0.1917552494561897,0.22817135638121813,0.28439184005135976
53,2023,XGB,0.4975215755731531,0.384058784979645,0.3303822479678737,0.27476749315139976,0.21233211490915577,0.17606631428249006,0.17688016340630816,0.09428198185043785,0.10353471302915879,0.0877584670983517,0.1264191244378016,0.14408556391901872,0.17286008091881525,0.18269453709028996,0.21906433377702889,0.26466708500868036
53,2023,WaveletFNN,0.6263193727051551,0.4634347222817693,0.40159457769278506,0.33530630623218705,0.2514815870488403,0.20436108880922887,0.19797163342567878,0.10136859640489558,0.1101200923300061,0.0928284289323935,0.12993866306396074,0.14406754031448638,0.1717124113328155,0.18474237138128183,0.22282367724930774,0.23892567606302537
53,2023,LSTM,0.5281333865231305,0.3954607100161451,0.32682432448138826,0.28631752030413066,0.2140196434160602,0.17534614166197923,0.175111307369898,0.10121496235073218,0.09799913815381733,0.0677950909402537,0.12246286670333532,0.13666099513826221,0.1657672423740569,0.17849908601785225,0.21540959517790345,0.23647292729083766
53,2023,FeedForwardNN,0.5073546991945687,0.36299190171322476,0.3005192839128149,0.2575928433195515,0.19202333691136117,0.15823468358615397,0.16644022743265507,0.08352738990990738,0.0906573769357395,0.0625321906293903,0.12186172642132846,0.14167761155541217,0.1755959761440499,0.1946739893261366,0.23943271738551938,0.2792832192639597
53,2024,HBA,2.275162432828311,1.2838403577265225,0.9070891132697525,0.7225659886998061,0.5113101290910554,0.3699431324222544,0.3196797072190512,0.11553114491235807,0.08720913908465232,0.08030132875818022,0.12573611906397417,0.13498834533167628,0.16345559192938153,0.17857762296859003,0.2174582664485586,0.24586878578296018
53,2024,Alaton,2.260124374991808,1.269936742691918,0.8986595734254375,0.7210555963163727,0.5154237839061369,0.3744147968460331,0.32306139340674805,0.1321879943868364,0.09239682272582553,0.09776985594603912,0.1343553075545892,0.13671691150507398,0.16482468532232672,0.17738093790802875,0.21875811741579346,0.2660728905566169
53,2024,Benth,2.1248400387968736,1.2215905606985167,0.8705939924265453,0.6963503268705825,0.494230932803072,0.35718522843147227,0.30904451532064847,0.11786787317959868,0.08309381968827245,0.08341566410048577,0.12393176824952395,0.13038474222836277,0.15777895515008059,0.17427645334924727,0.21560585455752712,0.25830785473160717
53,2024,XGB,2.3345190249863075,1.2833874370148064,0.9072071613339925,0.723874975291858,0.5153099630322008,0.37847145637723545,0.32598300163824845,0.12341276473040935,0.10479444306730466,0.09847360632480338,0.13549292296969898,0.14239832904508484,0.16833131900995682,0.17636317837384352,0.21717480761275473,0.2627298890593447
53,2024,WaveletFNN,2.2988823487022905,1.2619023646851832,0.8990227148774811,0.7249058230199664,0.5128732915336965,0.3709811637764282,0.32195282197485336,0.1267238681899118,0.08719690826189139,0.08860095865119598,0.12904479213454034,0.13747200594750972,0.16523572930749503,0.18804473703566024,0.22271021197132823,0.26401024466269535
53,2024,LSTM,2.144941992611645,1.1607395219935448,0.8435318307898431,0.6771868374743135,0.4795208660642691,0.347383417033348,0.30334369830277497,0.11550990133869499,0.0831085189715057,0.07802871173057849,0.12653594249404426,0.13437949238531433,0.1610964778324196,0.18160600044559116,0.22636862118315867,0.26620484010517337
53,2024,FeedForwardNN,2.2675528821306794,1.2484931737201386,0.9064137583550894,0.7371222663808223,0.5247294223672649,0.380178154759796,0.32715562982107044,0.14304508637944047,0.09107561954485806,0.08933835031999886,0.13607716761619054,0.13696845879983913,0.16287584743773412,0.181376214868533,0.2265270203060206,0.27458812990260717
