region,year,model,30,60,90,120,180,270,360,365,ISL,IISL,mid90,-270,-180,-120,-90,-60,-30
11,2010,HBA,,,,,,,,,,,,,,,,,
11,2010,Alaton,,,,,,,,,,,,,,,,,
11,2010,Benth,,,,,,,,,,,,,,,,,
11,2010,XGB,,,,,,,,,,,,,,,,,
11,2010,RandomForest,,,,,,,,,,,,,,,,,
11,2010,SVM,,,,,,,,,,,,,,,,,
11,2010,KNN,,,,,,,,,,,,,,,,,
11,2010,LSTM,,,,,,,,,,,,,,,,,
11,2010,FeedForwardNN,,,,,,,,,,,,,,,,,
11,2011,HBA,,,,,,,,,,,,,,,,,
11,2011,Alaton,,,,,,,,,,,,,,,,,
11,2011,Benth,,,,,,,,,,,,,,,,,
11,2011,XGB,,,,,,,,,,,,,,,,,
11,2011,RandomForest,,,,,,,,,,,,,,,,,
11,2011,SVM,11.632212473357942,11.355443498162257,11.442810621491624,11.957443665910336,11.64252443631417,10.883259883314315,11.235620576219766,11.256783503707723,11.8388696918677,9.178196258684546,9.155888018286001,11.167934519846558,10.955781068738304,11.92434832284735,12.05700199766592,12.595311590679254,13.161502747853888
11,2011,KNN,12.583778222433356,12.365284454701255,12.597704661315857,13.321060877187396,13.07225781289957,12.36260599707356,12.591580994576562,12.593167483102373,13.530176862114127,10.804361733245036,10.82895939483406,12.538623505644393,12.178660257131046,12.999504381059133,12.977743346749957,13.3733821014812,13.43038066023579
11,2011,LSTM,4.213821718149012,3.867092313269531,3.5432310294341764,3.3810405704792688,3.2708727030854843,3.0489556661005093,2.9846006528317326,2.979695320584446,2.973672872330498,2.5477785386410092,2.711547382314253,2.7816741272885146,2.672037109534368,2.7411688288117713,2.6962567832244013,2.2955103765443985,2.130567496384667
11,2011,FeedForwardNN,4.298372497293082,4.030909767445339,3.6654553245082404,3.460778221518835,3.286074510083781,3.2462312544233685,3.2031970381278265,3.1936230421384075,2.8567479125185185,3.1650403946775496,3.1027181573219065,3.023016456666511,3.103402292313347,3.103349180656768,3.0230670350772173,2.689781971572055,2.296226858426858
11,2012,HBA,,,,,,,,,,,,,,,,,
11,2012,Alaton,,,,,,,,,,,,,,,,,
11,2012,Benth,,,,,,,,,,,,,,,,,
11,2012,XGB,,,,,,,,,,,,,,,,,
11,2012,RandomForest,,,,,,,,,,,,,,,,,
11,2012,SVM,10.921019663732501,9.461049829636314,10.351722810864237,9.70437957662309,9.71184314940538,9.661339331403497,9.774529630043554,9.859558211197637,9.026717540963462,9.559531280992188,9.324309049821487,9.71537138076488,10.010460308856183,10.104386976078324,10.531930491032265,10.654556972111397,11.809168445035025
11,2012,KNN,13.793755077342803,11.900312506701592,12.602532353937729,11.99292176904425,11.881581946920216,11.605968794186992,11.567216196155663,11.63409618930777,11.113962272327253,11.034108746616829,10.955814819381576,11.313251131050578,11.379879767200908,11.465698441722127,11.832282211123427,11.781060212832843,12.64922592269469
11,2012,LSTM,2.9146822337340326,5.125327845841595,4.547831946440636,4.228767868726753,3.8802198576171643,3.5693407326535205,3.4941602417898556,3.5027617518372822,3.070738815631691,2.847519536446691,2.8465461734870203,3.1031904613989663,3.119692869242565,3.157351295336037,3.3302940775700134,3.376262607714504,4.055630144487072
11,2012,FeedForwardNN,3.3095536218961232,4.8754840497477385,4.797823656039165,4.453963284708858,4.171182735586147,3.815852321745857,3.7396450983038743,3.7595212444748536,3.431970132861711,2.9807140078873524,3.2661654557358237,3.3756378160236777,3.3411982528335926,3.4328544412353543,3.6220437908151375,3.840719346378908,4.908039767087171
11,2013,HBA,,,,,,,,,,,,,,,,,
11,2013,Alaton,,,,,,,,,,,,,,,,,
11,2013,Benth,,,,,,,,,,,,,,,,,
11,2013,XGB,,,,,,,,,,,,,,,,,
11,2013,RandomForest,,,,,,,,,,,,,,,,,
11,2013,SVM,8.060903397045472,8.00874104341633,7.805082839013257,8.26706152294086,8.154506807100681,8.904627692405231,9.331981513577714,9.371488147635704,8.489560907976541,10.241348567788698,9.593910808344313,9.905984219179294,10.477364993514593,10.35900141233114,10.496453182110569,9.94385490237273,10.756778705289719
11,2013,KNN,10.90056018813924,10.074685603587675,9.86722750425419,10.25124555270066,10.117606131014574,10.774928414211871,11.044763076076979,11.071660865533643,10.361936547961342,11.981875452093618,11.325546354277426,11.510012298418136,11.974807552337946,11.711982836740772,11.764283235132877,10.988444546923533,11.590453287124118
11,2013,LSTM,4.803778707418905,4.145993162746222,4.205878165116439,4.175109792065819,3.929885899950162,3.6141985511221892,3.4873467122649626,3.4686155056231995,3.632987095139614,2.8808483347005605,3.3479693043576133,3.1821773867866856,2.9548261231836825,3.028964021081013,3.058289679815979,2.9866826405111215,2.581297979850034
11,2013,FeedForwardNN,5.592681660161139,4.725445942881996,4.537768580494489,4.607566938815342,4.404167595759514,4.101143015911919,3.9124673531754497,3.891641794440121,4.266384972427278,3.4153678700563224,3.9346453473265375,3.6420326071540807,3.3248503167077432,3.30217006361708,3.294489974523176,3.1182099860419306,2.6071949178800606
11,2014,HBA,,,,,,,,,,,,,,,,,
11,2014,Alaton,,,,,,,,,,,,,,,,,
11,2014,Benth,,,,,,,,,,,,,,,,,
11,2014,XGB,,,,,,,,,,,,,,,,,
11,2014,RandomForest,,,,,,,,,,,,,,,,,
11,2014,SVM,11.711546857248225,11.767666906545564,11.819889020710397,11.68587391131585,11.069200708078851,10.511936142658469,10.812418356491204,10.77802604883123,10.263753317844134,9.297741433838738,9.728980306833462,10.331503626020025,10.496698887161651,11.319989671930694,11.435587888428241,11.22707253039989,10.815551704478517
11,2014,KNN,14.006608942520739,13.633847001961708,13.596513849647069,13.448774649333178,12.764373581422591,12.189443015559918,12.427238686743683,12.386068442540575,11.874058993814769,10.949387984563772,11.288332973765165,11.885856938082167,12.021216547393243,12.780205798514833,12.822677142439845,12.40183195768179,11.77075432288999
11,2014,LSTM,2.168935733524692,1.96197803198302,2.2396712382904327,2.303325439130349,2.3617376834708814,2.5492733960995455,2.5560523300598708,2.5877769091492304,2.4777979165838784,2.8880399535203662,2.48945634158823,2.7034232402024148,2.8035778514975793,2.6248122894256825,2.7443240314603083,2.8861887181363,3.6280529886975126
11,2014,FeedForwardNN,2.97288710581578,2.5606719311162602,2.8047768871505006,2.6444233737103633,2.562900063949726,2.6486809865506875,2.6217136373388694,2.654930168901751,2.2956785682872427,2.8124045637067145,2.5408051609304976,2.6188531816193925,2.7583771534212596,2.642758601366598,2.727441260392397,2.8279474136724936,3.542186904913535
11,2015,HBA,,,,,,,,,,,,,,,,,
11,2015,Alaton,,,,,,,,,,,,,,,,,
11,2015,Benth,,,,,,,,,,,,,,,,,
11,2015,XGB,3.180025272663813,2.957913542715725,2.6851506328947377,2.719775419476683,2.7126817434613315,2.994276570540825,3.2764187317477016,3.2840678266022145,2.739936233068538,3.48995588225014,3.2486931292604266,3.474310513840067,3.6345847917328054,3.889997041985042,4.0684537702073005,4.431068449120078,4.460952579163881
11,2015,RandomForest,,,,,,,,,,,,,,,,,
11,2015,SVM,10.49274281479007,9.766141154812042,9.892376021036405,10.24884732678483,10.331522778719675,10.477739746857242,11.058398746895508,11.126690267143692,10.752749532693066,10.764216866739964,11.214442816756103,11.550581097178583,11.65463348387032,11.879176334144853,13.002101866494092,14.412083439976985,15.139636061286373
11,2015,KNN,11.843382027048394,10.898053848111346,11.11948916877248,11.488916744456118,11.471943701043177,11.516498651939512,11.982175038625646,12.02956075572246,11.813887809919304,11.605095391273846,12.143496331917891,12.362320848498046,12.351895754784113,12.513410337178794,13.572090164251703,14.810210922117049,15.20391325753276
11,2015,LSTM,3.1383867425553262,2.835836993944881,2.607076205479527,2.644643079681211,2.9113374767316307,2.9953437077384155,3.084622336648682,3.064465400045653,3.186679379176177,3.156656455115153,3.5466491575238512,3.211434986312982,3.1198200330016648,3.1033401388072597,3.318607362432725,3.3882323285882414,2.468883253782509
11,2015,FeedForwardNN,4.174947528290036,3.9559275713222974,3.6673235737138357,3.434556139937973,3.4731598156726764,3.4938300872777934,3.4828278063837987,3.4639330886487105,3.267478541029719,3.534808032396631,3.670309171632526,3.4198452042128262,3.4095877151844904,3.2390879611641195,3.4407530898580543,3.582932405591589,3.341979136884736
11,2016,HBA,,,,,,,,,,,,,,,,,
11,2016,Alaton,,,,,,,,,,,,,,,,,
11,2016,Benth,,,,,,,,,,,,,,,,,
11,2016,XGB,3.4240236239484774,3.449513598873073,3.066678099093912,3.2589729415158213,3.1962003635009455,3.113827709371868,3.0594131786326764,3.1086955671438536,3.320674474233344,2.942171899068614,2.885300387280481,3.1227158036708524,3.029598608455543,3.020332155635046,3.139349471568922,3.3672434660474853,3.000025157597636
11,2016,RandomForest,,,,,,,,,,,,,,,,,
11,2016,SVM,10.548386434124136,10.95104758372923,10.264163514012841,9.89315126528496,9.75060669198895,10.248780918966528,10.096343900755937,10.052883853213963,9.208453131841791,11.178723954512781,9.400440433689262,9.958689191133468,10.393953256718405,10.069408753140808,9.355851432942552,9.385808190962234,9.277981794622836
11,2016,KNN,12.661803902965042,12.438499250705943,11.74625586973004,11.431079599618275,11.212052661847782,11.59349756488333,11.405426355634757,11.359659301043704,10.651090217763082,12.321010817979637,10.644425438693938,11.199680495265028,11.562874989208487,11.19460300347164,10.528164195100208,10.594428401809056,10.43910983742979
11,2016,LSTM,4.20335830116105,3.7313582388479696,3.1959546621823844,3.2336963641961955,3.134401769766587,3.033752121553944,3.0066334934285117,3.0384742431968226,3.071615650745794,2.821702836314863,2.876510861611461,2.9725823539228253,2.948636811187629,2.931941450421388,3.101610281432703,3.1448132930493933,2.6960635069801615
11,2016,FeedForwardNN,4.787566755373523,4.378730077606938,3.6858544538132665,3.720502168673412,3.5704657670206847,3.497560048057097,3.49866696837904,3.4922506036277485,3.4512213102375973,3.3469877923832168,3.161836787693202,3.4337056066172655,3.4397707187615154,3.3260900795352706,3.5418922811418767,3.738856627141936,3.360852899256712
11,2017,HBA,,,,,,,,,,,,,,,,,
11,2017,Alaton,,,,,,,,,,,,,,,,,
11,2017,Benth,,,,,,,,,,,,,,,,,
11,2017,XGB,4.525359794576517,3.9039187177216195,3.600882212434195,3.518546985313995,3.5596796974242726,3.4336585983356485,3.2931316016808125,3.3098104102501984,3.517994654442236,3.166606229587736,3.6230043644015653,3.222594195869716,3.0665108384851734,3.044973143553257,2.9551385786771425,2.9297349074054897,3.103639359725974
11,2017,RandomForest,,,,,,,,,,,,,,,,,
11,2017,SVM,7.3571121273342825,9.714056199984965,10.572130209420399,10.244881656145852,10.736943634904154,10.186362818123131,10.235072525361431,10.27798466988732,10.899265116202939,8.984544793650182,11.119761516950447,10.148228561653566,9.850709478293377,9.943398092769772,10.485974576235424,9.973301503422032,10.416026082590577
11,2017,KNN,9.189053593955645,11.43654986991362,12.345401563833205,12.022405319575041,12.406715793102988,11.844517852513201,11.801800606223956,11.833538816241273,12.467728492767513,10.631303585819078,12.628913855067816,11.61422739288604,11.285612527565158,11.28582690989268,11.732446816053018,11.16044843640183,11.475547609358099
11,2017,LSTM,3.7894433836080244,3.385267341530423,2.9444025586024942,3.2939623320255658,3.3329947019113844,3.2888609631189403,3.2842823501224605,3.2928839449584997,3.6807880866512543,3.1987672529029396,3.4980156778847573,3.4294750898914743,3.2392830021139725,3.2056083791030883,3.32107323136201,3.446012791008125,3.6094324361856254
11,2017,FeedForwardNN,4.925512897274439,4.077831458181283,3.522596040471265,3.719798772642007,3.636637694105203,3.539481608057246,3.521786867570284,3.5205753154670822,3.7472102385681247,3.336693381920627,3.556560834847898,3.5468690695579097,3.3913731996636782,3.3876478453448007,3.478051937392924,3.601662970015632,3.8762811181194583
11,2018,HBA,,,,,,,,,,,,,,,,,
11,2018,Alaton,,,,,,,,,,,,,,,,,
11,2018,Benth,,,,,,,,,,,,,,,,,
11,2018,XGB,3.380274933021193,4.485304121313664,4.2114087132785265,4.1270529543105,3.776452408158689,3.5452151869430146,3.609883205592986,3.6158369903465806,3.284390694161829,3.0302585010224883,3.2873106501050855,3.42444108727147,3.404471141050148,3.5491285799062973,3.8565291506781993,3.7557610173336324,4.189750998046744
11,2018,RandomForest,,,,,,,,,,,,,,,,,
11,2018,SVM,12.022921372652739,9.587289536333298,9.407150253597859,10.116430557669775,10.345142460309223,10.60042288314077,10.662233518798764,10.646599434097716,11.204885950085318,11.093374187146932,11.593288562357644,11.046561825553127,10.825220456477743,10.631134738573952,10.952216245828435,10.858629869764071,11.736100926032462
11,2018,KNN,14.475050570591508,11.697411037522038,11.516554621776285,12.18006291453726,12.354491902266028,12.552094323198185,12.529719174574991,12.509755357644439,13.139098521967062,12.938248543333774,13.67946059546841,12.840967213295071,12.534295591495649,12.178241818669223,12.553873816144371,12.293984228094157,13.162701778079104
11,2018,LSTM,2.7906367500496603,3.9706366054463587,3.896014154062192,3.7926475049414154,3.651767144207636,3.3484594191111885,3.460873030355148,3.4740635294756093,3.3899675901659965,2.6392678706934096,2.8651453395202653,3.3499193162823233,3.3166573254351883,3.5965704443659647,3.784673833676889,3.7668217465694207,4.05526557520428
11,2018,FeedForwardNN,3.679424962957475,4.161826742826442,3.937047634474705,3.8277072474117517,3.552894753844677,3.288229640595943,3.4840016954003836,3.4928064037363726,3.1218228949879885,2.681648792084287,2.6822724406298475,3.35787112182761,3.441518124946198,3.8455117756400625,3.935473203114397,3.953389550142299,4.280432879632313
11,2019,HBA,,,,,,,,,,,,,,,,,
11,2019,Alaton,,,,,,,,,,,,,,,,,
11,2019,Benth,,,,,,,,,,,,,,,,,
11,2019,XGB,2.906846062051299,2.8609715254676966,2.6456162037753446,2.899538571431171,3.0968221112197667,3.0392850833155265,3.0233937511020965,3.0210167887154613,3.490176110083937,2.9208127423567385,3.2787388168591853,3.1326939096792596,2.9706033537485856,2.8656274490503892,3.0217107530475253,3.2396924310963993,3.618215813097106
11,2019,RandomForest,,,,,,,,,,,,,,,,,
11,2019,SVM,7.921245864133968,9.763586785437326,10.058093680055851,9.881642181089527,9.673514506524578,9.764477437279998,9.86263195979796,9.859641914463918,9.272999371244637,9.943907333315591,10.098787629476982,9.808477908199082,10.042906487673772,9.939941677891166,10.14991634192313,10.230661303102506,11.168183236304724
11,2019,KNN,11.100973838542041,12.120221984020992,12.316107001360798,12.16099722718425,11.909259191625505,11.978252308009134,11.98413803135193,11.9693233391904,11.488011895783565,12.115059887443612,12.298041181283516,11.859811935138245,12.039513500616232,11.843791367920119,11.937907377592342,11.839670352111588,12.786114542142053
11,2019,LSTM,3.809151650964287,3.2069280679103325,2.8534052946416177,3.0617569266164724,3.16537106137224,3.1374132621768167,3.0817400226496234,3.0981545612638945,3.449235587323201,3.0807366035906547,3.2477363769506846,3.1719277360445526,3.051515097833485,2.924180540607257,3.037927774539788,3.2909536243865287,3.472372278518872
11,2019,FeedForwardNN,2.797295654138863,2.6999919418778444,2.5008686575137897,2.8327060700343365,3.3488939319287163,3.398409207444325,3.3487165370533707,3.374610437457975,4.021919578072532,3.4953360767040906,3.8343545201291627,3.624287898742811,3.411192553379782,3.281842188181706,3.3562843459153666,3.498247383246471,3.351614212854508
11,2020,HBA,,,,,,,,,,,,,,,,,
11,2020,Alaton,,,,,,,,,,,,,,,,,
11,2020,Benth,,,,,,,,,,,,,,,,,
11,2020,XGB,3.222380424266863,3.3815467720024177,3.18196728843388,3.3978008462329523,3.2503206862071807,3.28976160904867,3.1731644528981855,3.156003299783297,3.3172659377429143,3.3672578170877934,3.0899929649773283,3.1502286944261693,3.0873438876689243,3.0127656834754704,2.756082785814152,2.737317380539911,2.8343772912124807
11,2020,RandomForest,,,,,,,,,,,,,,,,,
11,2020,SVM,10.84638178116061,11.419976985598485,10.733891272700788,11.000967604823975,10.41892972814272,10.313393069488233,10.183605864994371,10.157992287534231,10.094145407402756,10.099011657452007,9.634668321475319,9.984828763602785,9.96953507426232,10.053687079581765,9.793790917335558,10.179541391350195,9.897877005589718
11,2020,KNN,12.97699264826391,13.52848236334059,13.038733218670183,13.34084164501848,12.707305374870588,12.556171678533232,12.385161991508403,12.355298958474949,12.36699865904321,12.248310980783037,11.998534978396709,12.141748906692271,12.063580727802005,12.02817744391575,11.850398978122334,12.156326097910483,11.992560605164192
11,2020,LSTM,3.1925451974223202,2.9387920106609444,3.146247146379629,3.190327474003264,3.1793925287789513,3.2310810037603996,3.16242789922382,3.1548888940070077,3.2121959152593527,3.332053369091364,3.037741338257412,3.1382784419022234,3.146648410864892,3.0835278539972597,2.894733645519405,2.698554557843209,2.826292865472843
11,2020,FeedForwardNN,3.592409338085249,3.0725037348296493,3.0241688186695717,3.182206990250736,3.3808103373043394,3.3623752345037716,3.244691447594187,3.2432820507510027,3.703263429710942,3.325198427036365,3.4447544415621514,3.30504181159786,3.1200925924664635,3.0818754653869513,2.9011598605082507,2.8986154374434303,3.5149443915943195
11,2021,HBA,,,,,,,,,,,,,,,,,
11,2021,Alaton,,,,,,,,,,,,,,,,,
11,2021,Benth,,,,,,,,,,,,,,,,,
11,2021,XGB,3.1195682699738145,4.3274212082535914,3.8859462606889585,3.886707556135891,3.681824241517706,3.3086452704596017,3.1185777238431696,3.1883732418467945,3.46570067228726,2.393687758741563,2.8642480420488705,2.899323193450073,2.6279220770179115,2.6400878230996234,2.8301267032816506,3.0872741661234033,3.468980440290857
11,2021,RandomForest,,,,,,,,,,,,,,,,,
11,2021,SVM,8.798968393853736,9.843602349252992,9.64043197636162,9.025981300397575,8.934399473304735,8.73277501910249,8.723437187477026,8.868154145829982,8.167561398992984,8.314871658997848,8.442150349674376,8.584781824603944,8.835326840769374,9.384715292564717,9.355163713785146,9.48751905437265,10.978400501887458
11,2021,KNN,11.11199950026121,11.967953538810786,11.749144039358264,11.15357938840589,11.01023024299163,10.872109696837548,10.741555294115107,10.85225684505972,10.218021058394195,10.590465890263376,10.52217044414689,10.525504021843963,10.72219978159242,11.086014369766922,10.889825534399458,10.952591513069791,12.329716463862578
11,2021,LSTM,3.635258587416433,4.490823710036609,4.022599548395348,3.847346718058196,3.5865697788480726,3.244419698279712,3.0907680438845904,3.1342279350655877,3.0896048987438762,2.4190518759761286,2.805003768635328,2.7604855959111085,2.6269940966326972,2.663747325168085,2.8126284106659183,3.0667103459453324,3.264391265508084
11,2021,FeedForwardNN,3.492182337574301,4.706659103763948,4.182609692289031,3.9730905847256506,3.6212915284790923,3.294398155644503,3.1563970334081755,3.1929823952169407,2.9552124848204646,2.516281573129849,2.5617181697998115,2.7662593584349815,2.7103898203416095,2.8480640380840345,2.9101402077218483,3.2462887753129466,3.1443512406177203
11,2022,HBA,,,,,,,,,,,,,,,,,
11,2022,Alaton,,,,,,,,,,,,,,,,,
11,2022,Benth,,,,,,,,,,,,,,,,,
11,2022,XGB,2.7309929585173625,2.5067345207703213,2.4587803847472367,2.6779782895191286,2.778377797476555,2.848076799977537,3.199631699066182,3.2438916605898362,3.0648271387801915,2.9825924972562907,3.1759995158086425,3.3987876989153145,3.6522909534477903,3.9631067324462452,4.224242112795743,4.180642287275023,5.65546991922184
11,2022,RandomForest,,,,,,,,,,,,,,,,,
11,2022,SVM,9.0120070959672,10.254297053336874,10.553039547176843,10.493594495104235,10.861797742092229,11.044260835801314,11.19110108821973,11.260776420392341,11.162018486634093,11.400429458902172,11.651463394597915,11.563937510997526,11.725036468049995,11.448106296181757,12.012097107155183,11.211738358523332,11.039650024318645
11,2022,KNN,11.425787948519261,12.15620321078157,12.40165944656223,12.145880640175982,12.384253102214712,12.440426912033054,12.453812169091572,12.515097839215938,12.366822258402653,12.552020373688023,13.010902034869167,12.629354876792416,12.733370070222165,12.362488705836837,12.86513659487244,11.959619598533495,11.819652281108374
11,2022,LSTM,3.1226215364942957,2.680925591860125,2.5543569415132144,2.9204814212776133,2.9448616667612457,2.9953640365040175,3.362836165419033,3.3699789784837564,3.289328364280906,3.09389667908049,3.223961865289134,3.490161910208054,3.6858272600901496,4.141315045762854,4.269872504531885,4.617876525449918,6.228298608931337
11,2022,FeedForwardNN,2.5653712808282823,2.8529440687452294,2.8002016897017237,2.9080412944093195,2.937461361747182,3.02792912147578,3.268169942541916,3.3069398306757622,3.0685874601364764,3.201203803341495,3.166003637359092,3.3980921208876,3.589839439888076,3.9273936718579114,4.011858828840919,3.903125968618209,5.228750928503731
11,2023,HBA,,,,,,,,,,,,,,,,,
11,2023,Alaton,,,,,,,,,,,,,,,,,
11,2023,Benth,,,,,,,,,,,,,,,,,
11,2023,XGB,4.080586475331114,3.5464920996504663,3.3856131054683596,3.1668947087165655,2.9767284921909205,3.0744741352662537,3.110963418021521,3.1315325006475443,2.501889072785472,3.2611882179385288,2.5926043603272992,3.049492535766647,3.3144585643498505,3.5968707648827913,3.274968252849777,3.2594038920923127,3.9241822763671785
11,2023,RandomForest,,,,,,,,,,,,,,,,,
11,2023,SVM,9.570616682310007,9.796120638732354,10.100248427978322,9.692010084881508,10.037538146599838,10.155696148432286,10.458200791165366,10.512149398045015,9.97443360707841,10.387980972689224,9.916570282847616,10.683309078539633,11.011002659343214,11.803551120569159,11.365566463716062,11.339108425959337,12.466455523343056
11,2023,KNN,13.225662861975806,12.574511117303448,12.557801906564032,12.077753210405398,12.292029343474907,12.320696082138422,12.427650157974528,12.465029264653442,12.020381942234323,12.377830386766776,12.002391761504573,12.472692960719245,12.678440989457053,13.328116426178266,12.796241014647558,12.638329122636991,13.499499227455551
11,2023,LSTM,3.3458391122952906,3.138143603000521,3.0413339451976276,3.0722774306753933,2.874218281701272,3.036741678560891,3.0275034752431713,3.021406829048393,2.696766451793751,3.338134000485126,2.8853494888956566,3.0108612343255983,3.1765776793398937,3.096422905066096,3.027138566352719,3.071780144929653,3.3039362660492966
11,2023,FeedForwardNN,3.6005940243179593,3.0695583629553638,3.0896654204683776,3.1014049067720593,2.937282270285916,3.031718992842719,3.0812179453451067,3.1211725774448977,2.776548551751604,3.2122742541722435,2.8392837907683206,3.14356520701522,3.3071254856943613,3.493257407077496,3.4075606836092747,3.6523978079920743,4.527690014507292
11,2024,HBA,,,,,,,,,,,,,,,,,
11,2024,Alaton,,,,,,,,,,,,,,,,,
11,2024,Benth,,,,,,,,,,,,,,,,,
11,2024,XGB,4.824820943570415,4.165029513044012,3.6915597114255965,3.7765907197796986,3.4338977380906757,3.2474560289441095,3.131400313681873,3.136668888105104,3.155264529054241,2.838063534956154,2.7609298527539634,2.9303977752135504,2.8198033051086746,2.875635236809817,2.7138211481682593,2.7523397250685,2.609538851429571
11,2024,RandomForest,,,,,,,,,,,,,,,,,
11,2024,SVM,9.039080151169959,10.90653978323777,10.884712881428639,10.78918901266517,10.25021099404804,9.960211507891927,9.963804596251041,9.925016728266021,9.57374933523267,9.353276912442064,9.248995268837849,9.52994244209382,9.656038604543209,9.475650087471022,9.969540862067667,9.815845982744412,10.136667565276566
11,2024,KNN,11.591028766601102,13.156540106728663,13.034877131652646,12.777144876342046,12.17024531792736,11.859198436782561,11.767119844745139,11.72523758364649,11.239293588112401,11.211245269455663,11.071137580428175,11.194850754877955,11.322726766317722,11.105237110320656,11.481555498004289,11.118710327325735,11.439640943596956
11,2024,LSTM,5.438859052457502,4.245638203856239,3.764561525804734,3.8085469573297064,3.423454579462485,3.2287026306377404,3.115921929305109,3.1348017640487598,3.04436512818618,2.7988353856516612,2.6160302668855016,2.909057210127405,2.8283781418752656,2.8996378974549253,2.776765463920003,2.8860268450363873,2.7524850297008348
11,2024,FeedForwardNN,4.335738622013461,3.7087899308481123,3.432364854679544,3.7353798631092046,3.3941905908779333,3.2229307026396223,3.127692774348678,3.1299548374165367,3.355582071529359,2.849699529361438,2.7480978097623168,3.0183312565892537,2.8519246528406508,2.9012804381639956,2.7834122244702217,2.8863197636922413,2.77986198258476
24,2010,HBA,,,,,,,,,,,,,,,,,
24,2010,Alaton,,,,,,,,,,,,,,,,,
24,2010,Benth,,,,,,,,,,,,,,,,,
24,2010,XGB,,,,,,,,,,,,,,,,,
24,2010,RandomForest,,,,,,,,,,,,,,,,,
24,2010,SVM,,,,,,,,,,,,,,,,,
24,2010,KNN,,,,,,,,,,,,,,,,,
24,2010,LSTM,,,,,,,,,,,,,,,,,
24,2010,FeedForwardNN,,,,,,,,,,,,,,,,,
24,2011,HBA,,,,,,,,,,,,,,,,,
24,2011,Alaton,,,,,,,,,,,,,,,,,
24,2011,Benth,,,,,,,,,,,,,,,,,
24,2011,XGB,,,,,,,,,,,,,,,,,
24,2011,RandomForest,,,,,,,,,,,,,,,,,
24,2011,SVM,10.274359923558924,9.960411664324251,10.01961227838079,10.410468629121972,10.24842074046528,9.631025274003575,10.030475268357966,10.049157005703513,10.472231144227038,8.25891567569793,8.219010473905255,10.024187489913423,9.931459117892548,10.820632509428814,10.986320509235751,11.596539005846624,11.890061855555723
24,2011,KNN,12.36114408125472,12.15286369276975,12.38442284845593,13.000897775458208,12.876325856528954,12.262027223759473,12.645649734013837,12.656614740111555,13.35011632300164,10.930343077032086,11.056563318429676,12.700504743084373,12.502599176017615,13.358807267061113,13.531199619668458,14.08907986790567,13.890895587583005
24,2011,LSTM,4.413272313587545,3.777250402009283,3.313858502567918,3.2145544237402968,3.0997787489138644,2.9514260361120277,2.8632390241935317,2.878210942948124,2.8697732330960086,2.629731993090526,2.581549948297441,2.7220566667892148,2.652021968327291,2.6890209416795563,2.643591711417401,2.6159539901173123,2.906901019473518
24,2011,FeedForwardNN,4.640052321069092,3.9452448575565047,3.6077212749031715,3.442506075498191,3.3990650149425674,3.2001240679478378,3.1233360486302235,3.123730688016933,3.1767330945838164,2.759546375613937,2.888575514909734,2.959110676317689,2.852152339427759,2.865994347975875,2.808770583628509,2.8402997828664875,2.4621279272067524
24,2012,HBA,,,,,,,,,,,,,,,,,
24,2012,Alaton,,,,,,,,,,,,,,,,,
24,2012,Benth,,,,,,,,,,,,,,,,,
24,2012,XGB,,,,,,,,,,,,,,,,,
24,2012,RandomForest,,,,,,,,,,,,,,,,,
24,2012,SVM,9.759930842958855,8.213635035109919,9.056338331119779,8.493742212555683,8.653984759121778,8.595375349242362,8.73878706041495,8.816705287424217,8.231988851700095,8.476940943575443,8.332882428609812,8.756628168609534,9.011618468951365,9.162752480788948,9.57342692580074,9.50704049518395,10.66668334166249
24,2012,KNN,13.398262680662828,11.153390435217894,12.060379628740844,11.63931295357379,11.79905980284401,11.594894892753235,11.789871210648373,11.858892794837947,11.531819790164587,11.175380899987543,11.081849867104587,11.797668480981748,11.950917764370407,12.268728322743632,12.729068992125509,12.731723509498103,13.673149094220332
24,2012,LSTM,3.6214638928175287,4.580739689992328,4.044445330668443,3.7830030986063155,3.5344449056861635,3.2965559972665663,3.2826692668745197,3.284371677268578,2.937186332171653,2.7599352794369567,2.6062369178838063,3.0072698202698533,3.0478352130472834,3.1610150534530432,3.258614050091585,3.0897279173324455,3.488457086092706
24,2012,FeedForwardNN,3.7283040686833746,4.672717725652044,4.182862001352052,3.904069598404117,3.6706712045199197,3.434273137811621,3.4447824904513755,3.4592185738673353,3.074299865177199,2.904314337653554,2.8002347041616127,3.1955766317192698,3.273244686414208,3.368682247584804,3.5728764221298155,3.372226686168745,4.005026025936041
24,2013,HBA,,,,,,,,,,,,,,,,,
24,2013,Alaton,,,,,,,,,,,,,,,,,
24,2013,Benth,,,,,,,,,,,,,,,,,
24,2013,XGB,,,,,,,,,,,,,,,,,
24,2013,RandomForest,,,,,,,,,,,,,,,,,
24,2013,SVM,7.860419800212397,7.530987992304982,7.462083294436352,7.650855153720123,7.391892965210536,7.991892036808836,8.277834170337348,8.306224436466305,7.321029717543285,9.073634980853454,8.48592019255911,8.63468667757034,9.163430348147177,9.010765151298855,9.03448907290798,8.297627738460742,8.888129931554921
24,2013,KNN,11.366312751114947,10.251625935381687,10.335092935601129,10.453783379272988,10.285855684969757,10.89894793767811,11.25643608791576,11.292229915970173,10.236381604675405,12.031772275961861,11.343541826741205,11.66298765181605,12.242127646733257,12.121599985125991,12.247176950495602,11.47672574126971,12.130827347289403
24,2013,LSTM,4.299423880220957,3.5856603273335845,3.827241105771329,3.8053169237875886,3.5281797238783015,3.185364839909161,3.102608087927683,3.0904278353764996,3.201301273898818,2.354473011528612,2.779001717821133,2.759737102960853,2.5711660378871377,2.822130583783035,2.8598467400738548,2.4179034969070545,2.3209545569966568
24,2013,FeedForwardNN,4.662888676442134,3.933588384023827,3.968768503203814,3.994257343754195,3.651796982808248,3.323459424451647,3.311544247058306,3.300221762908223,3.3045603301002404,2.542617790906562,2.787376807165561,2.9937599503039585,2.913679308677219,3.1628021488000377,3.295823481786264,2.717156480177238,2.8103931286928834
24,2014,HBA,,,,,,,,,,,,,,,,,
24,2014,Alaton,,,,,,,,,,,,,,,,,
24,2014,Benth,,,,,,,,,,,,,,,,,
24,2014,XGB,,,,,,,,,,,,,,,,,
24,2014,RandomForest,,,,,,,,,,,,,,,,,
24,2014,SVM,11.368943303069512,11.026485490206554,10.70707104144093,10.490424805114479,9.917672145316368,9.363713718035628,9.667636505838418,9.624971027188945,9.059750067055127,8.143522715386595,8.535517045537743,9.169290978407785,9.335604414429051,10.17914097475836,10.317073530228747,10.242684951116578,9.517036547701931
24,2014,KNN,14.58449264192407,13.765680811359049,13.389373860429227,13.171144882345963,12.534900960008114,12.055250022752535,12.462621129145353,12.420715243094419,11.617751580236137,11.033570373129468,11.328446847315334,12.030088020229835,12.323388294677194,13.157171848955933,13.356930048294672,13.033633398680104,12.351364176003464
24,2014,LSTM,2.1406933647440227,1.9745381193259943,2.1668903748121866,2.133561605819472,2.2178039667131046,2.3397607108216403,2.371193907485182,2.4385968007603345,2.267574689637161,2.5663459786585663,2.5529241457502505,2.534106233132437,2.6445674619673922,2.621799491792905,2.7699048545702514,2.9776208615803217,3.58413996256989
24,2014,FeedForwardNN,2.0609066803273524,1.9824203779241933,2.212648521119525,2.21719739068691,2.224744027880649,2.3945296710746025,2.4152288194190454,2.445091739095794,2.2367741283305316,2.7022851547882025,2.54228771230474,2.523902655836896,2.655115492568534,2.5617863435176704,2.6466479677044856,2.749628556862203,3.2168295283984887
24,2015,HBA,,,,,,,,,,,,,,,,,
24,2015,Alaton,,,,,,,,,,,,,,,,,
24,2015,Benth,,,,,,,,,,,,,,,,,
24,2015,XGB,3.1835306738411484,3.156783718947861,2.9012659039483117,2.8576321198233283,2.7519770843763887,3.0146389066222947,3.230045455786264,3.233143571016605,2.594111003880236,3.4810038015056883,3.029578145331404,3.3547104348923074,3.5232249093980417,3.776969419202789,3.8352672026185957,4.111029588503387,3.9166636785948
24,2015,RandomForest,,,,,,,,,,,,,,,,,
24,2015,SVM,9.401296233134657,8.453233378929225,8.649919318853586,9.055491646697522,9.256758479130275,9.376073498461594,9.741350321950978,9.797553679402675,9.826192083366982,9.610260540888632,10.141056164442224,10.180657424182513,10.08563864244523,10.089688391080202,11.092629935176834,12.304349829035363,12.603291578422255
24,2015,KNN,12.329424442255824,11.160811031124783,11.369298335776124,11.735529117328236,11.809697216461966,11.788111185272724,12.27043164675982,12.315326030638477,12.234253227767407,11.744820103349253,12.361572636509184,12.643539937535271,12.60067385168268,12.835789226357761,13.88995713054946,15.081059874062916,15.254668423178481
24,2015,LSTM,2.9966862419715765,2.598966788275562,2.578944842021673,2.6107635735133394,2.64178954588439,2.7893689396816517,2.9072765978903368,2.88822268330755,2.703173599918789,3.0632716555170427,3.1563703200183326,2.9827788842323524,3.0303651222717423,2.9004229097755627,3.231032559078952,3.4602649024254695,2.75128071772598
24,2015,FeedForwardNN,2.897198752720691,2.562620189656777,2.5799443200922325,2.719343940296403,2.699565334227648,2.804994638515453,2.975423025900941,2.965655634499853,2.8141061267747336,3.00477599477466,3.021971608221371,3.080208295083739,3.1258292061619932,3.0884622204109755,3.4661970844581513,3.7753180281872205,3.284826643299527
24,2016,HBA,,,,,,,,,,,,,,,,,
24,2016,Alaton,,,,,,,,,,,,,,,,,
24,2016,Benth,,,,,,,,,,,,,,,,,
24,2016,XGB,3.1082928310586317,3.274715850407275,2.9244264340028017,3.105785461418312,3.0308198101980794,3.021967818230274,2.9616769557492426,3.0084119108888223,3.1336029544094925,3.004185586723977,2.889932432516955,3.0348244227501375,2.997622746652239,2.8795593748465573,3.0116839086907357,3.174576551958567,2.9980578218959564
24,2016,RandomForest,,,,,,,,,,,,,,,,,
24,2016,SVM,10.34081675475113,10.353939868023787,9.615325603404411,9.151779005433808,8.864833377181181,9.27825891285876,9.075901281498279,9.029128805136747,8.044628962909764,10.054239093624048,8.318908233680503,8.805103221807881,9.24315201182096,8.852523345297076,8.161425387104925,8.297626748280894,7.999793096254042
24,2016,KNN,13.195152402422512,12.604854814489148,11.878717337665789,11.47724737232534,11.21337162505789,11.616204582390102,11.512904179433658,11.466975782399977,10.50597357769117,12.382617667380176,10.82208213458817,11.314049716546663,11.75246523483137,11.36127687963058,10.965663970545895,11.352563716533783,11.059221069201381
24,2016,LSTM,3.2313595278402523,3.17275993307616,2.7769313403791593,2.8990211407139586,2.8273631507656627,2.8091217853998343,2.7577902830014676,2.779655048589738,2.8769110350226463,2.7722789980463345,2.864757007585719,2.7701334050619097,2.746137927060637,2.588037639007635,2.7325168896235104,2.9630451515752703,2.7927889194755524
24,2016,FeedForwardNN,3.7784855440563607,3.6486862548587102,3.1480470004429724,3.1542643782491377,2.996922841060883,2.9526001551827075,2.9174637127323018,2.9252261118908045,2.837761990292152,2.8618962242908057,2.8411823701895655,2.849594576020535,2.8772002383155444,2.7211680722645224,2.8876883161520133,3.1624450522420924,2.8384439680835643
24,2017,HBA,,,,,,,,,,,,,,,,,
24,2017,Alaton,,,,,,,,,,,,,,,,,
24,2017,Benth,,,,,,,,,,,,,,,,,
24,2017,XGB,4.731058836658631,3.9997814542903822,3.581985800362037,3.52322202072103,3.5189828862803965,3.5245957723572694,3.4119005150316823,3.4304797883209663,3.4548312308813798,3.5357948141383426,3.6655060706284623,3.4044822886875212,3.324030961090639,3.2864657394816748,3.179805539164526,3.259353578873625,3.2310528346027785
24,2017,RandomForest,,,,,,,,,,,,,,,,,
24,2017,SVM,6.896908787269718,9.111321011096637,9.909571157820464,9.593995431805501,10.105030674499194,9.626675323029188,9.626115939581734,9.671643462973995,10.296780532439836,8.59042161130163,10.456536135634863,9.56897591988142,9.288303237435336,9.289753203524453,9.728645679698309,9.142963788814715,9.830751982850417
24,2017,KNN,9.446069858457262,11.496658884648031,12.172486897721464,11.843803171205384,12.26515216277809,11.913671006471233,11.939083311972912,11.972014152906013,12.357122556525828,11.177600610108582,12.592586311689605,11.875202657729059,11.743027414871719,11.675767710446669,12.05349199139876,11.599550611042053,12.188907358527034
24,2017,LSTM,3.4225179947437705,3.468553461158622,3.1789997565231225,3.0950398437540754,3.111764347798931,3.2184966607282846,3.1029024028362424,3.116539158661019,3.0430437493553955,3.4219888300361734,3.4176657569036664,3.120812266418667,3.023630365242884,2.9057316961920354,2.831393428064203,2.8448545837280306,2.777965483552375
24,2017,FeedForwardNN,2.712038792547179,3.1952275254532663,2.994730176811321,2.956764278944757,3.0368972103969782,3.182237241170878,3.1105146124376777,3.1380636921056753,3.0784867225845773,3.4546218670428503,3.420070082568222,3.1985572944467155,3.1622428512369676,2.949442630484705,3.017855151574639,2.8563795471697784,2.862977037403305
24,2018,HBA,,,,,,,,,,,,,,,,,
24,2018,Alaton,,,,,,,,,,,,,,,,,
24,2018,Benth,,,,,,,,,,,,,,,,,
24,2018,XGB,3.783251073404357,4.591295836166792,4.198739276451653,4.077983739326263,3.7007770912040217,3.469514545530467,3.5724042106843528,3.559726284551744,3.124434452175824,2.9531494014664146,3.0541322962876176,3.3467539657307426,3.3822337597350116,3.5698627460021792,3.8556233983452546,3.7201600787450313,4.249756180304505
24,2018,RandomForest,,,,,,,,,,,,,,,,,
24,2018,SVM,12.100681762062965,9.50253168915826,9.227244426664718,9.769336316172526,9.862626088354347,10.070346797288403,10.134914773458899,10.10268420976002,10.459481201663895,10.473436262067711,10.749088412838804,10.388178695111801,10.245772168264725,10.141835465345848,10.348600227150996,10.256472453499157,11.007543271058427
24,2018,KNN,14.92044334606942,12.178571489296065,12.047076976859055,12.557575807332267,12.753499376613632,12.853002321967288,12.90955212239718,12.877257195305091,13.422795126656784,13.049732310163336,13.781634455013664,13.138485827184342,12.89774981511089,12.767266169475047,13.103466717616424,12.853527954302963,13.599871504989702
24,2018,LSTM,2.3565384865936627,3.3842595378088673,3.634390485773322,3.5025308308566174,3.319485882363844,3.097007264053026,3.27738423955469,3.2734133896079696,2.9713934178001553,2.595455438717045,2.565475900790836,3.1659816319754728,3.26166132929883,3.520041398613772,3.7142865224347013,3.6401037932335982,3.9308806799050853
24,2018,FeedForwardNN,2.6426652264247936,3.477574014575483,3.5936181544224888,3.4329727236033802,3.2301895269666185,3.043193794946005,3.2968667133847,3.291726856858737,2.8203115644294985,2.6296077008831467,2.7279813841933414,3.2060798320895074,3.366770137895914,3.677766410209776,3.9254078564518684,3.7550735870322103,4.0425872117575965
24,2019,HBA,,,,,,,,,,,,,,,,,
24,2019,Alaton,,,,,,,,,,,,,,,,,
24,2019,Benth,,,,,,,,,,,,,,,,,
24,2019,XGB,2.734588693075288,2.6298625685702444,2.463463668923605,2.6616353204732395,3.0695182888786285,3.0568481587925085,3.067476234361824,3.0749571449082356,3.574245627179842,3.031349030748303,3.508603323908315,3.252463444711064,3.0863386733739504,3.0942152213597,3.194185276400964,3.4653487697321435,3.9142169041905697
24,2019,RandomForest,,,,,,,,,,,,,,,,,
24,2019,SVM,7.507258601003711,9.340969360373903,9.577687689989814,9.338014649871107,9.229227036233171,9.441071718983055,9.601083526903953,9.592026009016823,8.867083053952534,9.851103604991184,9.959898403934767,9.617029032724774,9.892126794138994,9.850983007653111,10.02301942471969,10.020917170916142,10.948938793126626
24,2019,KNN,11.09864762938438,11.979530809107546,12.165169186535474,12.07379209577537,12.03724978270673,12.34660695914193,12.52798093501475,12.510237032068654,11.907956303476862,12.943158252453271,13.165035802103318,12.644359969153498,12.90652744769717,12.761885015925873,12.995853594444462,12.937285831316485,14.004425414414614
24,2019,LSTM,2.7940817625649186,2.423759744260982,2.410882750824536,2.6440583722059703,2.854994824611544,2.8972369528389312,2.8617490979400197,2.910196582764117,3.238770640056829,2.9799253322136856,3.2998302152228836,3.052966280003696,2.9862354156267203,2.932434312162636,2.9984678936722635,3.235776856316577,3.583962407785977
24,2019,FeedForwardNN,2.3312003489714406,2.2622025228942557,2.221807075947826,2.5217912211026294,2.9295010127101815,2.885119120300262,2.8866475564046907,2.923999541986574,3.4967879095261307,2.7942413367543115,3.423467634824469,3.1170999524491996,2.938637190858769,3.0014878132927985,3.0959691815126344,3.3438670362795477,3.64064192475436
24,2020,HBA,,,,,,,,,,,,,,,,,
24,2020,Alaton,,,,,,,,,,,,,,,,,
24,2020,Benth,,,,,,,,,,,,,,,,,
24,2020,XGB,2.9251025037717686,3.2428705269438876,3.112226002043433,3.1901921401690667,3.1385175899789037,3.1491109575806666,3.1518270134128543,3.1339807356005567,3.164590753544401,3.17019149961795,2.9733496230938536,3.1477099309767462,3.1515640740123354,3.253533808801761,3.1187370339357092,2.9458454744845777,3.057327234128482
24,2020,RandomForest,,,,,,,,,,,,,,,,,
24,2020,SVM,11.171362089619482,11.494199755817123,10.810442983115612,10.95230126447616,10.31492920496849,10.080953141433866,9.911699255880686,9.887430367523438,9.79437856710829,9.595901193339383,9.128746072658686,9.593688714410797,9.522245140370966,9.645389821582674,9.413220805182005,9.938134371941445,9.804473513741371
24,2020,KNN,13.537705910724013,14.103805706823705,13.532770101338638,13.656236710665508,12.981997660032976,12.850143362989254,12.71932084184807,12.693259777327885,12.40679893745838,12.582290207189107,12.141437465368334,12.435575014096637,12.460754590346756,12.517795463608365,12.33072630168908,12.80559288234022,13.081900536696867
24,2020,LSTM,3.040115380863333,2.8470535472321568,2.9899964553393747,2.9471427137976134,2.9640624970005773,3.0603746267896783,3.064322039437675,3.0460716005771267,2.9378996186576165,3.2444330162053876,2.648323392395557,3.0392354467947404,3.157840088256579,3.199982051325998,3.052260121995803,3.043761267666682,3.1193022857996886
24,2020,FeedForwardNN,2.643443640673209,2.888047211135413,2.943615733362413,3.0557181518037857,3.1782779044137777,3.2565181320451932,3.159732443969134,3.1384220783897465,3.3967671821411214,3.4076135575572057,3.028107962915528,3.184499133813431,3.1330842868471827,3.179731852733524,2.8206782616580393,2.7294967004533124,2.767266972530983
24,2021,HBA,,,,,,,,,,,,,,,,,
24,2021,Alaton,,,,,,,,,,,,,,,,,
24,2021,Benth,,,,,,,,,,,,,,,,,
24,2021,XGB,3.7883075539092723,4.496712748760344,4.003062288112317,3.988743683020774,3.7422959287699378,3.437459635402724,3.3234187606995618,3.357547290813068,3.4619430894324483,2.727421602556704,2.9504594869376852,3.1039284096955244,2.9546855763343984,2.929418851851537,3.1163243058438517,3.2807237571722907,3.35359181380906
24,2021,RandomForest,,,,,,,,,,,,,,,,,
24,2021,SVM,8.86032153085257,9.877123420241915,9.481921170512585,9.024315010472128,8.960282307721286,8.80428045017294,8.659119895803613,8.771657379001917,8.406336240260167,8.483675186366227,8.4837706058556,8.490218172057814,8.609576435670032,9.043095154988354,8.760849402396389,8.691902676379012,10.101273193054995
24,2021,KNN,11.474839282736305,12.595940388047154,12.13183884020844,11.711558459216963,11.495313173535603,11.375552558871785,11.220933527528413,11.31374468743733,10.82141101107117,11.132166821586933,10.86998085959601,11.006319951151811,11.158532206265447,11.576058602376966,11.247973203950952,11.29137128792382,12.626815899126607
24,2021,LSTM,3.710224344543259,4.40806321397816,3.962184417794095,3.7814107076055157,3.4740992806513873,3.138997026913058,3.0490476457707385,3.085475637055131,2.905137907748036,2.3283417664213473,2.5174491374828323,2.716636144872972,2.665656450811573,2.754603985169616,2.892015888449618,2.94895902425437,3.381020012041048
24,2021,FeedForwardNN,3.4379024244648297,4.343995703335118,3.835232486267369,3.7147860176254137,3.3725922797888837,3.086365374248783,3.0075205768461974,3.088192488124997,2.8354451410074177,2.4141657562608083,2.5030907995708445,2.7597100466091473,2.7885569892231015,2.9401048602159365,3.1136183486708764,3.203359261549248,3.9605946454978835
24,2022,HBA,,,,,,,,,,,,,,,,,
24,2022,Alaton,,,,,,,,,,,,,,,,,
24,2022,Benth,,,,,,,,,,,,,,,,,
24,2022,XGB,3.6193883143346466,3.00942918240403,2.775630057584215,2.8833569020412506,3.1367040327335007,3.0426415025728897,3.3635802561010824,3.406968070394257,3.460303767210078,2.8452025519466675,3.376838437119419,3.529811741069319,3.668800198135625,4.070369500453121,4.323971917871523,4.226451390133732,5.57004874554043
24,2022,RandomForest,,,,,,,,,,,,,,,,,
24,2022,SVM,8.802964525265272,9.55365974759806,9.907629582644745,9.926920315534574,10.535029463388593,10.598452181076894,10.750241446666388,10.814016185656047,11.127109581649417,10.724172430299188,11.45015993923886,11.18006042464502,11.162576123859916,10.967755409789017,11.548279993817419,10.687841607853846,10.571159966690393
24,2022,KNN,11.526631741929076,12.086567611649757,12.27097601828749,12.119230444992828,12.662890369848562,12.711123359670177,12.838897283201,12.908682375067961,13.043033872386445,12.80704439582575,13.52746640646618,13.20259963436024,13.232187097845916,13.111284055234806,13.611916479953347,12.744318904242526,12.857254749218205
24,2022,LSTM,3.286780563989976,2.7793508836575103,2.562852170816525,2.8001159211706836,2.9226431662115133,2.8504332316702907,3.0609742140061753,3.0789731691421984,3.2427572996674834,2.7002264109932135,3.009720267913973,3.1301171025282493,3.1900403691789982,3.595659649403886,3.6243335044062897,4.000901608249389,5.252202761129917
24,2022,FeedForwardNN,3.311997532829683,2.996714514118562,2.802368806225722,2.999936152286628,2.968891073085317,2.8629911831557266,3.0771544493981247,3.1114633721868845,3.1265568092686875,2.638470605633292,2.833223678716055,3.095995892994568,3.2370242847404125,3.6109663467920363,3.7111625716885026,4.110394047530158,5.486037141368197
24,2023,HBA,,,,,,,,,,,,,,,,,
24,2023,Alaton,,,,,,,,,,,,,,,,,
24,2023,Benth,,,,,,,,,,,,,,,,,
24,2023,XGB,4.150007579785029,3.621283307517938,3.4287877225555827,3.2008782438581718,2.975902545427468,3.1137777623845753,3.1489761324938805,3.1644411343746865,2.4403701918798033,3.3726612549733925,2.5140305461703156,3.0751232588022046,3.3766754029827486,3.585046317348479,3.2847459862420134,3.346832168489404,3.970513573177977
24,2023,RandomForest,,,,,,,,,,,,,,,,,
24,2023,SVM,10.30509848803345,9.8663509297604,10.04805159516187,9.689051993650367,10.074926326593323,10.242293821437345,10.509010479921454,10.548365960336074,10.101729560502571,10.569080716949527,9.958469260654432,10.754656068014725,11.044865044834983,11.732275248371613,11.228587945201882,11.21928469811582,12.231958138126041
24,2023,KNN,13.049989675368979,12.447615976185974,12.5143253007566,12.114557258409894,12.600531703372967,12.776747114054666,13.013758030245635,13.066050531429244,12.686152319842993,13.122080705212044,12.675556135620603,13.303470852604727,13.577438541538582,14.196412354290587,13.778704703708293,13.571932817541942,14.35167352364025
24,2023,LSTM,3.69436140914047,3.3129641259735925,3.1442321559752013,3.0554929304402947,2.7193734637187843,2.884939028549985,2.9444372540990904,2.9437694110333545,2.214449868406899,3.1903973929585963,2.140987059583359,2.8595343247256606,3.139652733443425,3.220560472606506,3.1762163795591825,3.339931212661445,3.674585711307483
24,2023,FeedForwardNN,3.489173435660889,3.143899831322799,2.9494057930908695,2.84924696341851,2.572523568696775,2.7133601109286585,2.850790803315382,2.8629919078757435,2.129967251082232,2.975099032256837,2.0817758465803373,2.8500230952826127,3.1300107436451743,3.178369142242668,3.281115643489728,3.5158088702341543,4.157754206342088
24,2024,HBA,,,,,,,,,,,,,,,,,
24,2024,Alaton,,,,,,,,,,,,,,,,,
24,2024,Benth,,,,,,,,,,,,,,,,,
24,2024,XGB,4.662891463867248,4.025486552512213,3.637413139836008,3.77654842421017,3.3544539701533473,3.172688186257,3.0930049116402545,3.093948174574031,3.0453158335226016,2.7736488793445164,2.5722783818012322,2.8641344099559145,2.8364862056658775,2.890040486288958,2.7642318142288755,2.757503704355676,2.523367502708844
24,2024,RandomForest,,,,,,,,,,,,,,,,,
24,2024,SVM,9.92531819851163,11.077200143314839,10.983950921438593,10.949294755298293,10.317113230527328,9.95755663248587,9.969968130755664,9.926756622733519,9.604086264630924,9.196366208696016,9.381582416941267,9.457961188096697,9.578963195102933,9.372814869196333,9.998389006141386,9.733919088188241,9.670036198162302
24,2024,KNN,12.38926860358495,13.3236319162829,13.184453152041904,13.007025189679025,12.48623582914075,12.152788513022639,12.223318588682037,12.186568648121831,11.746589523919216,11.456816118142449,11.563816106834823,11.758591063446177,11.941708368095322,11.89421092505783,12.466674071827596,12.032093705253558,12.073713515743343
24,2024,LSTM,4.572766365837244,3.7190864144565725,3.4234037535425985,3.617492530915259,3.1967299322786493,3.020913853675987,2.95423756046986,2.9632957183667368,2.9527057523706897,2.6343114876836404,2.4470387616583964,2.791245021488936,2.731489883365078,2.6974851989268447,2.7079468048310447,2.9087066209540264,2.571018071062279
24,2024,FeedForwardNN,5.11539005076214,3.9921491351202345,3.549930036227204,3.8357756896857134,3.374750950962903,3.12290251309263,3.073527782987089,3.0770724477100653,3.189966253730899,2.5455200562538813,2.458131432378526,2.870532249495176,2.7731942873526028,2.844964170842153,2.9667515764265007,3.2026615079363623,3.0038090785290548
27,2010,HBA,,,,,,,,,,,,,,,,,
27,2010,Alaton,,,,,,,,,,,,,,,,,
27,2010,Benth,,,,,,,,,,,,,,,,,
27,2010,XGB,,,,,,,,,,,,,,,,,
27,2010,RandomForest,,,,,,,,,,,,,,,,,
27,2010,SVM,,,,,,,,,,,,,,,,,
27,2010,KNN,,,,,,,,,,,,,,,,,
27,2010,LSTM,,,,,,,,,,,,,,,,,
27,2010,FeedForwardNN,,,,,,,,,,,,,,,,,
27,2011,HBA,,,,,,,,,,,,,,,,,
27,2011,Alaton,,,,,,,,,,,,,,,,,
27,2011,Benth,,,,,,,,,,,,,,,,,
27,2011,XGB,,,,,,,,,,,,,,,,,
27,2011,RandomForest,,,,,,,,,,,,,,,,,
27,2011,SVM,9.895308306255364,9.395574906408498,9.525532382884538,9.863535663757446,9.6567622393791,9.012121605860331,9.227731417475036,9.23553501187348,9.786232508908324,7.559688725116114,7.297880561550044,9.076530219875618,8.887988784430561,9.644070966731942,9.728446352289806,10.158828572057633,10.667040371436842
27,2011,KNN,12.249167374660557,11.506345310424297,11.651308377268899,12.073798642477502,11.937979516132513,11.31196776206922,11.62740432680782,11.632744735646424,12.217926295119911,9.94239076354782,9.785362579468803,11.564281971679403,11.41419617315789,12.230477839063372,12.381342027297531,12.851199360673895,13.166519286251207
27,2011,LSTM,4.416897082550497,3.601225036891628,3.2869265134541923,3.182527353810033,3.1347065031637102,3.0921334347719505,3.0140459927643044,3.004599172768447,2.974707349825454,3.005178499415639,2.873523600376502,2.9057151672761385,2.8718473240592015,2.7230140145572928,2.7768614684955866,2.3461517928875706,2.2070793027802473
27,2011,FeedForwardNN,5.298675173967441,4.051451852436906,3.594523301153778,3.400236745263808,3.384629543902717,3.423158980403009,3.4097789150006768,3.4340499150695307,3.1608284572846994,3.4989452577059668,2.945735166132839,3.3954702482973724,3.5182175147985384,3.333856518325648,3.404834822928101,3.7456616411800914,4.349356902784675
27,2012,HBA,,,,,,,,,,,,,,,,,
27,2012,Alaton,,,,,,,,,,,,,,,,,
27,2012,Benth,,,,,,,,,,,,,,,,,
27,2012,XGB,,,,,,,,,,,,,,,,,
27,2012,RandomForest,,,,,,,,,,,,,,,,,
27,2012,SVM,8.78645890661562,7.414111327469571,8.560598101903144,8.13477264578554,8.21844488635176,8.152933684736704,8.359824716870506,8.439444976499667,7.8614141754327544,8.020306122782378,7.91233662953735,8.4018303193386,8.677081575654991,8.934873489831983,9.355592429227626,9.3342910507427,10.1492622217798
27,2012,KNN,12.682514873931224,10.252431420328797,11.200933768393778,10.806608502489413,10.814506895922387,10.598422612766962,10.749187006775971,10.824421858755093,10.41375059812562,10.152466046854057,10.050143053133976,10.688817340403151,10.86591659118934,11.166795152704445,11.583909152135549,11.566364889517985,12.372358716556732
27,2012,LSTM,3.225270324931632,5.11398548079186,4.583050321992214,4.231862295948494,3.8628894086820385,3.5247705634728863,3.565711212761431,3.574722964287633,2.973126117994795,2.7254712267714676,2.6242966701678214,3.201467407999272,3.2870813880495473,3.4827073842267664,3.766238699353341,3.5370021018929934,4.158337678163339
27,2012,FeedForwardNN,3.7698356892962877,4.5233065712970735,5.182126690609316,4.639349325074361,4.390791465583459,4.049847726397587,4.165910165319476,4.224878577916927,3.4210615824558923,3.262774958917951,3.3076844641330623,3.8825071292381836,4.068272752934162,4.413515961117012,4.809264281523212,4.615610049567578,5.9896923947251475
27,2013,HBA,,,,,,,,,,,,,,,,,
27,2013,Alaton,,,,,,,,,,,,,,,,,
27,2013,Benth,,,,,,,,,,,,,,,,,
27,2013,XGB,,,,,,,,,,,,,,,,,
27,2013,RandomForest,,,,,,,,,,,,,,,,,
27,2013,SVM,6.263792208865914,6.50331771941198,6.592889589768259,7.014832503825124,6.8428271982112,7.36715001850862,7.736156166285245,7.751773924013549,7.083951932804401,8.317218889537344,7.952770077920574,8.149378120945798,8.610013765024036,8.543923378747888,8.660717349967017,7.857040247514112,8.46544810781173
27,2013,KNN,10.469623439164748,9.705396074231492,9.587363595191727,9.764583232370509,9.453960203584337,9.86508066734995,10.220032828887444,10.251055638723592,9.318647238494718,10.639770799131545,10.147231124045671,10.510011577242178,11.034741359676799,11.01215672751579,11.20100650742153,10.43719673056289,11.0965864832803
27,2013,LSTM,3.420776821214731,3.6370816443026928,3.616857759763684,3.6030752848132774,3.6276275178818693,3.360045405326351,3.4636474224243856,3.444852503963512,3.6383653970739074,2.747790487023459,3.390495830602154,3.4046129831996095,3.2782627569144975,3.570414639765161,3.741708120358072,3.619077611284046,3.55603190329729
27,2013,FeedForwardNN,3.1910838045681627,3.256870154398157,3.6666824714819906,3.5988569891756352,3.4780811663024265,3.268063637540553,3.54389249768264,3.5345200264198606,3.2786486319979478,2.8011823607664446,3.0869283630890605,3.5109190723164594,3.6310547254896557,4.019832487250423,4.236173886553175,4.054673530851429,4.8277324115012705
27,2014,HBA,,,,,,,,,,,,,,,,,
27,2014,Alaton,,,,,,,,,,,,,,,,,
27,2014,Benth,,,,,,,,,,,,,,,,,
27,2014,XGB,,,,,,,,,,,,,,,,,
27,2014,RandomForest,,,,,,,,,,,,,,,,,
27,2014,SVM,10.892065615689214,10.933432769827535,10.70657975333751,10.502928512112241,9.948554002648955,9.168502275627308,9.403643753715665,,9.127792913550808,7.364567091642546,8.274723869917958,,,,,,
27,2014,KNN,13.872771615805775,13.123647768732427,12.77444661560392,12.46676387158813,11.830066990966499,10.986946033084505,11.27437381829063,,10.803447768494829,9.068515831172357,9.95028161636199,,,,,,
27,2014,LSTM,2.798221362942902,2.26174328831638,2.42904496646399,2.514919123995778,2.645595229623873,2.7144535309628774,2.659126037944443,,2.8457141087806317,2.847178546781587,2.7121414217207644,,,,,,
27,2014,FeedForwardNN,2.6772337296521207,2.16012863298012,2.420829311778761,2.6309451916150723,2.7014426665454425,2.6120048744822717,2.6753615719304045,,2.9555321694234813,2.4232464653215,2.764571479725424,,,,,,
27,2015,HBA,,,,,,,,,,,,,,,,,
27,2015,Alaton,,,,,,,,,,,,,,,,,
27,2015,Benth,,,,,,,,,,,,,,,,,
27,2015,XGB,3.460355459131907,2.8721660989820963,2.551735473582913,2.5660590417166635,2.7109187108285893,3.094306822505726,3.3297472632473752,3.327923280883176,2.8612596153267305,3.7451359951242584,3.6555364597669047,3.5645524584575243,3.701901474808656,3.691492071614592,3.9840364262049435,4.372397399010947,4.361011368641265
27,2015,RandomForest,,,,,,,,,,,,,,,,,
27,2015,SVM,8.924198766982286,8.002621366133425,8.164623844692045,8.332581583801913,8.587697965203748,8.925402261750294,9.118734702471313,9.149869365368486,8.990885949549982,9.565108672620642,9.88681987288203,9.504568987193254,9.466516777586337,9.091250021242763,9.939828468223965,11.052640174129026,11.624367448715267
27,2015,KNN,11.409120901755653,10.15853809296453,10.279562868389421,10.38822000627096,10.536367020667136,10.800878495396605,11.02570744961139,11.063129672776753,10.787059248156263,11.311360167042615,11.730101465402475,11.36201443905109,11.361292622418198,11.043098238971155,11.959391969554918,13.048521795855374,13.643198563360025
27,2015,LSTM,3.3006187963009572,2.6493229624948786,2.3843031145105784,2.4264031941836115,2.7859207284822753,2.9501587437511874,3.044617004514261,3.032151810364026,3.136527900228145,3.253859435996018,3.5453197810152677,3.224761900301178,3.1969526103475197,3.097391996574388,3.3091834981809685,3.485058090319643,2.537871721673643
27,2015,FeedForwardNN,3.697818478183831,3.0511748930973543,2.833337771573877,2.8175148140850994,2.9859120691703542,3.234094527696967,3.431156395110267,3.428139768275175,3.1310603382571767,3.6805924078338306,3.6508926415183973,3.627679134236118,3.7267141592801325,3.5686304650951426,4.028525135788167,4.250918131783356,4.033419672124177
27,2016,HBA,,,,,,,,,,,,,,,,,
27,2016,Alaton,,,,,,,,,,,,,,,,,
27,2016,Benth,,,,,,,,,,,,,,,,,
27,2016,XGB,3.518641203385552,3.520695254848429,3.1661268616018923,3.2359535757397873,3.1497997179733157,3.0832131057241896,3.0277401862950217,3.038994609871746,3.133387499645154,2.9455275655200794,2.867742224580941,3.0093060124895703,2.9467013242821185,2.9065375073167363,2.9547601785975104,2.9833853238955292,2.8604834108922566
27,2016,RandomForest,,,,,,,,,,,,,,,,,
27,2016,SVM,9.541676886111041,9.838859420610959,9.07029887312884,8.628524810897249,8.187961381468668,8.41939247270662,8.14611180378066,8.110221871122864,7.19827073129111,8.86414607616335,7.305247384766132,7.737079428570604,8.064742938976584,7.797345904140725,6.998808018485798,6.922818352608614,6.324793054057952
27,2016,KNN,12.935747690327169,12.478106914511395,11.475147010010671,10.941124971227167,10.368524545814484,10.508648339908463,10.26223694102656,10.233301991386451,9.128724095565495,10.783434855428382,9.238256766223735,9.764800150491102,10.125688325272568,9.93652203152084,9.253301989864996,9.333668991609356,8.86526727028373
27,2016,LSTM,3.479927263594613,3.297434810279139,3.0160430718399796,3.045869577730796,2.9906877633585736,2.9380039510036253,2.9456359018988922,2.9524802271331745,2.965115644390868,2.8296952225519485,2.9245093060624323,2.9298782592657977,2.9321551712811895,2.9187278419565916,3.0573025940995753,2.840060032899592,2.366071023337974
27,2016,FeedForwardNN,3.1095873672274252,3.3958401948914787,3.1093357908190464,3.1283188077267137,3.037136510525757,3.104771748300846,3.1454508797976257,3.1344496759691176,2.963178581703917,3.235803835216859,2.80350208473443,3.1326944498449603,3.2583056962918513,3.2606734925592313,3.2417691135054003,3.5262381009528947,3.17513925803933
27,2017,HBA,,,,,,,,,,,,,,,,,
27,2017,Alaton,,,,,,,,,,,,,,,,,
27,2017,Benth,,,,,,,,,,,,,,,,,
27,2017,XGB,4.721044662700155,4.027577898484332,3.7612520560444187,3.713344235471022,3.6808798772295774,3.565668228287844,3.4273855580593926,3.4571969452861935,3.5987131466801974,3.3232839784581834,3.525637792266798,3.3644624191071397,3.2081923650593027,3.174086802178677,3.162712043198986,3.2072436326041496,3.2065641964764273
27,2017,RandomForest,,,,,,,,,,,,,,,,,
27,2017,SVM,5.3182579974207735,8.398629840979291,9.316586701043303,8.93810844489044,9.324125638349134,8.907197924894366,8.848489565039126,8.894834303751898,9.331658485038036,8.008488420437915,9.703277968371111,8.723725608910366,8.520259145030005,8.347641284806679,8.83076510821004,8.408458262241725,9.133120387845812
27,2017,KNN,7.637287170235916,10.298862286274014,11.163135013189029,10.755670388213547,11.06850753157497,10.671506570874424,10.640307739071613,10.687670438574882,10.973064049315342,9.829518783927545,11.367095719098945,10.490604236043461,10.3679034057125,10.210823369426073,10.71080910940057,10.417222799592896,11.17519880977845
27,2017,LSTM,4.65628821565013,3.7737081550174527,3.253479647936699,3.4486742156786123,3.3934745529943795,3.4136845202271626,3.430019038114143,3.4383135466308885,3.5279185455594777,3.453749690883064,3.43461714633957,3.525954574969451,3.423051693105584,3.424966697408338,3.5437630593281737,3.6614569057922792,3.606826459016931
27,2017,FeedForwardNN,4.473130539953201,4.161651274728347,3.5821161028128166,3.4795753079214276,3.5121774004251227,3.4002314615359177,3.295562065995613,3.3123406840674754,3.4408174043507542,3.1644812832346014,3.545529030681293,3.246231001740342,3.0718052866803083,2.9323052870716384,3.031004721298117,3.096409561236569,2.7097614031805586
27,2018,HBA,,,,,,,,,,,,,,,,,
27,2018,Alaton,,,,,,,,,,,,,,,,,
27,2018,Benth,,,,,,,,,,,,,,,,,
27,2018,XGB,4.80238850871887,4.621731657365073,4.230453775541835,4.0753194788105445,3.704837226068034,3.600158171320557,3.6545508649301572,3.635237731591387,3.091099900734818,3.3810913670380986,3.215568547142112,3.435137750967436,3.5444126445785287,3.5961151965159504,3.791203492135336,3.7627691621300534,4.287835583623374
27,2018,RandomForest,,,,,,,,,,,,,,,,,
27,2018,SVM,11.824471942580894,9.394243049494158,8.898908381773301,9.38542121610576,9.381235895077428,9.574778499014744,9.64848124151728,9.614179548281422,9.839949362216414,9.95057667059587,9.942880077992669,9.857306688509055,9.769786495332262,9.770062341880948,9.855273117830743,9.899944601541284,10.370534943854437
27,2018,KNN,15.399397387992812,12.279625184251707,11.537695191857468,11.872150916469277,11.713751723710422,11.85157544282322,11.853764944896984,11.825698495710299,11.887201039321528,12.122522944557929,12.142827954438076,11.936771613263405,11.864807472849792,11.772456517703588,11.880174587725927,11.880223866827281,12.375100467883929
27,2018,LSTM,2.662682877085008,3.7783598668317944,3.740471383833712,3.5432949913158605,3.3537355216532307,3.2313892117978975,3.3288362121853905,3.324630921821764,2.9161546126909075,2.9716232627932784,2.67374106677934,3.191984326888606,3.328864280230637,3.417415729105831,3.544181415716325,3.544176373419549,3.9961814489200465
27,2018,FeedForwardNN,3.1880471234260255,3.564121239751271,3.5674817093177786,3.658060103739471,3.3605453151408238,3.2576212935874818,3.5105235565236543,3.496879955959619,3.14000061845742,3.0413417839949934,2.9191017004820266,3.4854712221478494,3.636455994310008,3.862753778125532,4.153018573928897,4.291428902932823,4.327030820742981
27,2019,HBA,,,,,,,,,,,,,,,,,
27,2019,Alaton,,,,,,,,,,,,,,,,,
27,2019,Benth,,,,,,,,,,,,,,,,,
27,2019,XGB,2.394191931299032,2.6319529375907043,2.5633860372374686,2.7793046732933004,3.0638083245559464,3.096269106824903,3.2377097254576346,3.2355167565263545,3.4932642218035297,3.1601905395716594,3.4288528746810996,3.4266674482598085,3.3592917526995425,3.471558597420613,3.684827412471607,3.8358806726297505,4.516377496154081
27,2019,RandomForest,,,,,,,,,,,,,,,,,
27,2019,SVM,6.577813708613692,8.68173654406329,9.044135629655942,8.846655503421005,8.659674983535163,8.915523091881278,9.15322943305048,9.15120090434678,8.25733324707907,9.40636562996971,9.46018426712473,9.20579955057103,9.517455493328058,9.551921006716569,9.829279018077749,9.761511819799885,10.835557928656161
27,2019,KNN,9.645159829985854,11.04364794083663,11.213876211722416,10.949733128086573,10.670410454349994,10.835758036759561,11.105898006673192,11.101317301374277,10.097737312723549,11.159105616714761,11.294575315208224,11.084495353774393,11.425154281078607,11.531787774237902,11.852767222966092,11.652795350427914,12.687919247725691
27,2019,LSTM,3.370590253794997,2.8130783400008608,2.5964119993405133,2.819505997031971,2.98831636196485,3.03094784852207,3.074061968802104,3.0964482613252513,3.334473584848779,3.1144606632622662,3.141776833709314,3.240045523752024,3.2039713502565554,3.2556738919279318,3.3582134910228914,3.594070225728148,3.8740912253163544
27,2019,FeedForwardNN,3.396853777348032,2.777191176016741,2.637554478432356,2.8769620194718715,2.9998402448184005,3.149995770917126,3.283105327883761,3.2795879955511036,3.3228586130266904,3.4306467439133255,3.4557908035659928,3.473304019262193,3.5317098179060764,3.6282502277683566,3.715444536787559,3.5922160759277593,4.408297358503737
27,2020,HBA,,,,,,,,,,,,,,,,,
27,2020,Alaton,,,,,,,,,,,,,,,,,
27,2020,Benth,,,,,,,,,,,,,,,,,
27,2020,XGB,3.2690455930880367,4.1525346824413525,3.801176346857685,3.7292626433967344,3.409869577647754,3.352184826821178,3.3311183516492844,3.3109416387089587,2.9674028127682646,3.233729776338006,2.680106376756273,3.1433278441447765,3.2491786924742883,3.3739972206892155,3.2105250181433784,3.3404124117865432,3.278071558210411
27,2020,RandomForest,,,,,,,,,,,,,,,,,
27,2020,SVM,10.439443185625203,11.64576588602095,10.895382883682355,10.919934571611373,10.13191398009957,9.94063072174768,9.720673333516888,9.706568882789998,9.306019214370652,9.546572978728399,8.638951410609641,9.312800637785896,9.33236112168333,9.376973576919022,9.13579698232078,9.646751841733977,9.58406121407351
27,2020,KNN,12.319481848183097,13.172872369647127,12.426988236962998,12.461351745307443,11.66612334146899,11.495303991086663,11.342722794902816,11.340263993569643,10.852042710712047,11.145814187655544,10.379730500202934,10.999901453022128,11.062309852779357,11.109813899086031,11.042504277123301,11.659974544595695,11.833738533726851
27,2020,LSTM,2.750263921269034,3.03747584315824,3.217873393268915,3.1124491006662307,3.014026935401584,3.047957466783535,3.107865373193504,3.093860778485831,2.7953546393158284,3.114709845766053,2.5642395783547194,3.028625080054043,3.201428372801415,3.316497969297817,3.1594232034140934,3.0705645715765097,2.7480214276736326
27,2020,FeedForwardNN,2.876677517777803,3.505966449772655,3.487011214706287,3.6758236568556932,3.351201828880292,3.5253386210584656,3.4648090321408085,3.44255869061802,3.2096511000876427,3.8500558156470897,3.074739791059266,3.4385744569492274,3.57220030114491,3.5473323350356445,3.231677740385242,3.546916354980716,3.411907209134708
27,2021,HBA,,,,,,,,,,,,,,,,,
27,2021,Alaton,,,,,,,,,,,,,,,,,
27,2021,Benth,,,,,,,,,,,,,,,,,
27,2021,XGB,3.2699023651137775,4.322099772827838,3.878498260667964,3.8987615731991268,3.6684134619675315,3.3875664818051403,3.2144041571362005,3.2795873239774327,3.445542903213483,2.7408585060268535,2.9593408671333647,3.0505943856428157,2.8518071991914646,2.7881556190697525,2.9801415093833747,3.13894156139967,3.468946306445292
27,2021,RandomForest,,,,,,,,,,,,,,,,,
27,2021,SVM,8.140431061780337,9.622743185283433,9.21672853766054,8.701299635492868,8.552523761631361,8.252798918686684,8.067147194477004,8.187901913840529,7.832192569747752,7.618053858452973,7.830147477274651,7.774994745008998,7.863036562741194,8.310480684451143,8.044211237918354,7.884823833912358,9.237353225297214
27,2021,KNN,10.556214613311388,11.645800848674291,11.007837623214172,10.417442046909837,10.067831330349183,9.79838650499911,9.610120163773722,9.731166671195394,9.030501993448194,9.235944938733923,9.08182611794853,9.234779432615813,9.43547942746321,9.922237928353898,9.567116000222873,9.485060017942937,10.886240288207627
27,2021,LSTM,4.184940245377062,4.60956724750915,4.108709526893634,3.96571312815754,3.6399680042276983,3.3647444900056946,3.2036330731341787,3.2503936301136687,3.101167549039593,2.7323583779343985,2.8497829131087578,2.899389452961393,2.8232426443859726,2.7706056619805137,2.926990133059821,3.0909346171904697,3.3241973202416646
27,2021,FeedForwardNN,3.8858041603478446,4.82799752909306,4.2351025097001305,4.1059501619141985,3.7287942429445753,3.532791309851598,3.368922960180395,3.472217905771689,3.141929302954616,3.103873435637428,2.7379423956653803,3.1577717653973854,3.2335689953541893,3.420164604945295,3.352894822758739,3.4167450053737913,4.118671072540489
27,2022,HBA,,,,,,,,,,,,,,,,,
27,2022,Alaton,,,,,,,,,,,,,,,,,
27,2022,Benth,,,,,,,,,,,,,,,,,
27,2022,XGB,3.1400102912316137,2.863124465741015,2.741462194296773,2.865509869164411,3.1776945438409405,3.025043251932926,3.4421378271269067,3.503536965810209,3.560880546319195,2.693914401068049,3.4329199155306256,3.652850570869919,3.8330259663741915,4.315162054003694,4.640223692070844,4.442492827459951,5.872758020353801
27,2022,RandomForest,,,,,,,,,,,,,,,,,
27,2022,SVM,7.576027395456327,8.864883955602979,9.331652102984236,9.29173727093203,10.073848512713957,10.140125996232694,10.46239679332135,10.53046627108262,10.764994971809704,10.271398052076648,11.3029775161885,10.981928063745366,11.019637933196295,10.982822044594801,11.767845286401094,10.883410690385208,11.080057810012073
27,2022,KNN,10.414169755473472,11.19310189196557,11.293256288195444,10.985148852953994,11.463642428398302,11.379187005917476,11.631773042483944,11.711917589706363,11.631532911077608,11.208367200202538,12.232125942446391,11.939159050024628,12.017544268354778,12.019491082653351,12.823504293252942,11.965019275008261,12.3114965229487
27,2022,LSTM,3.4355364586442305,2.910564939464194,2.6639606944031358,3.0055211712652863,3.051492233097612,2.959643370801014,3.377383647978801,3.383252467372506,3.395073359440892,2.7668135010638264,2.974431469982332,3.4649115505548282,3.6604942466827914,4.261128277109465,4.327547875540297,4.715476576079483,6.318526232465058
27,2022,FeedForwardNN,2.549882246502725,3.009489964678985,3.09125463133152,3.0002306956407803,3.3033175251102627,3.140499266698912,3.6309998014407285,3.696782035832311,3.5025645101371947,2.786466147113227,3.3218945770516117,3.8647107607616786,4.057480230496299,4.627729899613844,5.037642903885343,4.57134161295182,6.027773012173309
27,2023,HBA,,,,,,,,,,,,,,,,,
27,2023,Alaton,,,,,,,,,,,,,,,,,
27,2023,Benth,,,,,,,,,,,,,,,,,
27,2023,XGB,4.409710092875983,3.8313970889529827,3.6899849358729173,3.409658381397943,3.099084154805861,3.2637422454727307,3.299845121726462,3.31976357436037,2.364879779221019,3.57034944193319,2.5965150855507053,3.1920841300235274,3.5653832894765802,3.592107046476897,3.4383081368300195,3.4876309930710274,4.194549479066308
27,2023,RandomForest,,,,,,,,,,,,,,,,,
27,2023,SVM,9.245007135199103,9.358088607232128,9.625967221162826,9.18131000816282,9.399615501841712,9.65893804930783,9.864700512033835,9.899590900752322,9.167676817058119,10.157741360960792,9.311398565768073,10.03529734119438,10.41439329414936,10.807382587963783,10.40509162145859,10.24030588283299,11.183494268417142
27,2023,KNN,12.983275208364851,12.008598728165023,11.752931537245681,11.117463457220465,11.195026448107013,11.32754319398804,11.456002923221211,11.50262609651077,10.60781950395306,11.58803132923636,10.774544475198244,11.47629913809341,11.855872360024224,12.276182761799562,11.869013425506813,11.604732999099229,12.594118928043335
27,2023,LSTM,3.0829187715728326,3.0811796108159917,3.1348890189970056,3.1109623103985653,2.803525627982069,3.0363854959876098,3.018193349648287,3.009989618494928,2.4273406707910823,3.4553435064009568,2.81852102607225,2.9603072698021933,3.218414640953145,2.9044421251063293,3.0046424213619387,3.25564046564992,3.5679823391386383
27,2023,FeedForwardNN,3.2216910268960732,2.9325336541867686,3.119880558062655,2.9462870102992347,2.7756949438823,3.144904587932563,3.1645828214429037,3.219668924509347,2.3822909449540757,3.7765473330292476,3.051399371944852,3.2606284900046845,3.6367408102036185,3.548513601084237,3.5070267522381267,3.8231953492941644,4.619081897255586
27,2024,HBA,,,,,,,,,,,,,,,,,
27,2024,Alaton,,,,,,,,,,,,,,,,,
27,2024,Benth,,,,,,,,,,,,,,,,,
27,2024,XGB,4.575462834668049,4.1979689794939,3.8196642920314012,4.035222257513331,3.549075342830415,3.3349786898908294,3.23241257449351,3.250280035202098,3.256076822551014,2.85908674368306,2.472045291651245,3.0331479328612097,2.9268148430470404,3.0346545012802446,2.955594553272751,2.7764989035808187,2.5080550334949696
27,2024,RandomForest,,,,,,,,,,,,,,,,,
27,2024,SVM,9.514722952581016,11.093459094461936,11.092097356953309,10.887220139901167,10.24632572481622,9.884142161050713,9.77741585306232,9.72107257630013,9.324149180591798,9.116710868592877,9.013316230228382,9.16286441122015,9.255946074083948,8.884222613863876,9.372425271912544,8.714124303884997,8.429515892533162
27,2024,KNN,11.916505675468379,12.735193852144475,12.553729726321224,12.118503012170489,11.446715946477624,11.07762126824087,11.008064484850111,10.956761620286912,10.220493230620974,10.29982849221564,10.189315828055888,10.33008788849651,10.536053492050138,10.22848998416247,10.747858083328522,9.924069113216921,9.726248112031207
27,2024,LSTM,5.216283012493574,3.986562490983277,3.5324968102365295,3.8302752186284112,3.390960953110148,3.2505076947818807,3.153953694735784,3.173579387532724,3.2432543311778845,2.9496047956418305,2.3883468954295757,3.056267939093169,2.9283306773025095,3.1314330686457295,2.8360505648143617,2.840842847534808,2.5092488450084587
27,2024,FeedForwardNN,4.744959222187649,3.94965907104714,3.7690647277930327,4.070268839064425,3.8019609007071793,3.6312091333435412,3.7097889353426057,3.6981433926169083,3.834574873270664,3.2630087234361405,2.9894037102114583,3.646633254856748,3.632532288362247,3.6911845566953834,3.942716958697056,3.309259128382735,3.164233563768031
28,2010,HBA,,,,,,,,,,,,,,,,,
28,2010,Alaton,,,,,,,,,,,,,,,,,
28,2010,Benth,,,,,,,,,,,,,,,,,
28,2010,XGB,,,,,,,,,,,,,,,,,
28,2010,RandomForest,,,,,,,,,,,,,,,,,
28,2010,SVM,,,,,,,,,,,,,,,,,
28,2010,KNN,,,,,,,,,,,,,,,,,
28,2010,LSTM,,,,,,,,,,,,,,,,,
28,2010,FeedForwardNN,,,,,,,,,,,,,,,,,
28,2011,HBA,,,,,,,,,,,,,,,,,
28,2011,Alaton,,,,,,,,,,,,,,,,,
28,2011,Benth,,,,,,,,,,,,,,,,,
28,2011,XGB,,,,,,,,,,,,,,,,,
28,2011,RandomForest,,,,,,,,,,,,,,,,,
28,2011,SVM,8.481012118581901,8.747738946661702,8.876419666240107,9.573103754867978,9.513355203941307,8.968248342651291,9.056825883912365,9.063603677586377,10.110243735019457,7.764056963578291,8.015974593780237,9.075822505315244,8.657517599392914,9.197221593227782,9.004829016386326,9.109097768263563,9.199758697753174
28,2011,KNN,11.32802598610206,11.677460679236995,11.902959725476274,12.635771889794588,12.581596310002807,12.053300654920132,12.150996480302505,12.157150062678623,13.225455802710256,10.920303961792534,11.212116949946916,12.185409920482169,11.77446506165209,12.299947659482152,12.139367630834817,12.234408969234192,12.222910903660182
28,2011,LSTM,3.660799853617699,3.242894070528519,2.8370624516848704,2.778303388622196,2.65070865738928,2.439604372914842,2.378666825290154,2.3827342993861147,2.4502223201082773,1.9499989016198689,2.024647064657499,2.213517644739191,2.0957129834893324,2.230643973332616,2.1066825785986665,1.9497529577054205,2.100989223601612
28,2011,FeedForwardNN,4.101686077727091,3.5192307607903364,3.059449174006604,2.889482948363993,2.718221492131299,2.478960763747531,2.4782925251734813,2.487022015092989,2.327493697572416,1.9126639129837246,1.9812869098041672,2.2738200325608333,2.2463168224806416,2.461778228663818,2.3447474835565947,2.280856233095213,2.2372301461376276
28,2012,HBA,,,,,,,,,,,,,,,,,
28,2012,Alaton,,,,,,,,,,,,,,,,,
28,2012,Benth,,,,,,,,,,,,,,,,,
28,2012,XGB,,,,,,,,,,,,,,,,,
28,2012,RandomForest,,,,,,,,,,,,,,,,,
28,2012,SVM,8.243750139694889,7.16313640221351,7.8256175188309545,7.4206428225538055,7.666348264938732,7.680913253188886,7.500670292149818,7.536713824712155,7.503699213562887,7.709960685397804,7.838607507528458,7.46658363225484,7.397383474129937,7.071736687175896,7.1805008510157755,7.075206343485032,7.7642404824549764
28,2012,KNN,12.5165442529833,10.866519975158049,11.563137802763904,11.219195212181518,11.42499154790995,11.349300576059171,11.170376207767292,11.212336981336543,11.28515431413855,11.196383655340846,11.399177484418086,11.114277962601573,10.98434671166931,10.733102893518208,10.880504570194386,10.78534106312603,11.488161143942353
28,2012,LSTM,2.8629646281015684,3.84687798859954,3.326777652434653,3.047321153592516,2.892619728452431,2.6433859423343864,2.6103794127161484,2.618552447916576,2.3805562875357116,2.0562027948450816,2.0963458020844348,2.3398691070274324,2.33412763807638,2.4581279304784807,2.5915729841218855,2.7122834020783486,3.294658472787224
28,2012,FeedForwardNN,3.299419695087793,4.115824580622254,3.5814222612293247,3.363068167615019,3.1957637836520645,2.8506529469130997,2.8310987856482948,2.822732075198542,2.756669531985172,1.988178651285819,2.2120242569018336,2.5161539502567933,2.4146443707016108,2.6229990094033537,2.782961565778234,2.7918898779648758,3.3680782852592692
28,2013,HBA,,,,,,,,,,,,,,,,,
28,2013,Alaton,,,,,,,,,,,,,,,,,
28,2013,Benth,,,,,,,,,,,,,,,,,
28,2013,XGB,,,,,,,,,,,,,,,,,
28,2013,RandomForest,,,,,,,,,,,,,,,,,
28,2013,SVM,6.022012223211635,5.767008409675641,5.672389321779343,6.166055324793587,6.220655793596015,6.963392952963287,7.066597000400932,7.070432352711252,6.7243673596081175,8.250661018811579,7.738641630429917,7.536455926948275,7.840414864308624,7.416796754653626,7.205328079432801,6.452392612510758,6.867143885851881
28,2013,KNN,10.277313049089287,9.68679237135523,9.536000718222674,9.911614856919616,10.045052961439682,10.777668063110044,10.907177172669375,10.918860449134364,10.529523650114134,12.110665078330355,11.579147019592865,11.408862465536801,11.729864913949221,11.312907382520416,11.174230087951232,10.48695360144329,11.056730131257186
28,2013,LSTM,4.0971811427064875,3.1988292437525923,3.4075567279626537,3.4371703428326095,3.048012541802433,2.721360751622397,2.5921942674269336,2.576812785041897,2.6399466009156902,1.9070008157949467,2.072192612451881,2.1906554379297356,2.0095856587308965,2.1322530199768135,2.154697206665753,1.7388309443724526,1.5539672448349322
28,2013,FeedForwardNN,3.8850432968108346,3.1871510275056902,3.3699667961768296,3.5409837350039997,3.110223715395575,2.7702491572601784,2.661642747535939,2.647619715453028,2.8267130933796207,1.9172527377171926,2.047720943451192,2.2856227671618394,2.1160423341682115,2.2299964458423513,2.311167021965207,1.8122548672294503,1.5872205256941019
28,2014,HBA,,,,,,,,,,,,,,,,,
28,2014,Alaton,,,,,,,,,,,,,,,,,
28,2014,Benth,,,,,,,,,,,,,,,,,
28,2014,XGB,,,,,,,,,,,,,,,,,
28,2014,RandomForest,,,,,,,,,,,,,,,,,
28,2014,SVM,8.825018289104237,8.888934274717057,9.161652097043307,9.265982392046915,8.984882874932726,8.71341050769511,8.730074653711737,8.685223047850776,8.804565372876771,8.143360944617156,8.469647891540939,8.441421342233484,8.366771887280724,8.68593875454755,8.505410580949299,8.038773521303812,7.558915880351165
28,2014,KNN,12.668227658714459,12.50166251684744,12.621464275252857,12.649402399187398,12.332980977716531,12.087447550680142,12.139504507679028,12.093042979625693,12.037586101123079,11.580773949865982,11.90211591655361,11.847409398997355,11.83824090270281,12.137105736077475,12.020248671026561,11.50765292384702,11.040272667101444
28,2014,LSTM,2.069708498594454,1.7969963383899334,1.9984981729118807,1.9382776622520272,1.836923097629208,1.8453070497339168,1.9548846032562812,1.9913519370191248,1.6596921359322168,1.8619617048118111,1.6685138657861223,1.9833359178580565,2.1438753482537716,2.2867993302192167,2.414137786454924,2.4125592387574435,2.9498015611466313
28,2014,FeedForwardNN,2.3047425506209644,2.2466455659889264,2.5490087196479307,2.4385778000217355,2.2044189052240224,2.1143299696632156,2.1785308878668372,2.1933352539248387,1.79484817368405,1.921522376250146,1.747987031301929,2.047787929999102,2.201796664111498,2.3937282643633773,2.428345776577431,2.408871546250953,2.891215516030476
28,2015,HBA,,,,,,,,,,,,,,,,,
28,2015,Alaton,,,,,,,,,,,,,,,,,
28,2015,Benth,,,,,,,,,,,,,,,,,
28,2015,XGB,2.7708615237817082,2.745403884429844,2.4801944407119905,2.475485100328755,2.2864811223285635,2.4206728397964463,2.575226066414803,2.5838113359983357,2.0747595961438785,2.6688909956112488,2.268737746446126,2.6314381679200602,2.728160996136474,2.9664235290932552,3.053767020055979,3.352828024972785,3.5219240818327866
28,2015,RandomForest,,,,,,,,,,,,,,,,,
28,2015,SVM,7.572400628087229,6.910856570446659,7.27105676912716,7.7670473264469955,7.934072659803283,7.973306986896568,8.305052534887832,8.349882587502039,8.54580314553325,8.051202082906936,8.480445746333062,8.698792105747057,8.576688256725328,8.706985563723862,9.476697750795152,10.493341533642123,10.949225998808984
28,2015,KNN,11.00828956251541,10.37345137117998,10.690951862544043,11.18308997995419,11.299113457716318,11.268032728342618,11.621115374180446,11.665530575911076,11.87617270560925,11.205612649039283,11.730390959508455,11.989019772505069,11.858966480437582,12.048454615728799,12.867719077378245,13.88981144602011,14.355645364651428
28,2015,LSTM,2.5688452641788895,2.2524721450726823,2.2260247836373974,2.262252981459116,2.1755934418292764,2.241715907413276,2.283926098359811,2.2710651243793665,2.1239649975678025,2.368429222161403,2.341495440550501,2.2834058302313194,2.2769679874525544,2.226843540249736,2.412803400723914,2.59338830026152,2.1887950326746988
28,2015,FeedForwardNN,2.796433970209756,2.3700478275350294,2.25361065056905,2.3002981264285434,2.220387914488846,2.293498924690302,2.4025457159294565,2.3929134047000264,2.1866604714170874,2.4331393242168557,2.4542454687929807,2.4377809158210484,2.4562977196201663,2.503301626906463,2.7243069532834694,2.893456045725983,2.6414123379111247
28,2016,HBA,,,,,,,,,,,,,,,,,
28,2016,Alaton,,,,,,,,,,,,,,,,,
28,2016,Benth,,,,,,,,,,,,,,,,,
28,2016,XGB,2.962690720646811,2.856892925407344,2.5338907565027324,2.585596254052201,2.464677546165528,2.4549891717408414,2.491578499701072,2.5561343844067412,2.3934636924873263,2.4354968049556733,1.9548650159412793,2.566518561698944,2.6688970228492943,2.766252924673137,2.870359167748746,3.0813963321523445,2.9911035452105446
28,2016,RandomForest,,,,,,,,,,,,,,,,,
28,2016,SVM,7.863030852164368,7.962581695533269,7.508614133139594,7.335207440114951,7.586222534326634,8.08955813556461,7.736681478520112,7.690934495800828,7.663044987488119,9.012286491528567,7.807974023219575,7.73898147745529,7.825637358996295,7.308554669015106,6.270396236507084,6.133511289790512,6.103082801722661
28,2016,KNN,11.802148865109405,11.68302391091576,11.24842922421769,11.07895197793419,11.289718838912787,11.706156412625106,11.379545316630697,11.327990257256833,11.3308579953669,12.497471382128749,11.407449061673207,11.33906735027477,11.391924063207027,10.902044358791555,10.051119058356512,10.033067430313976,10.09010029142779
28,2016,LSTM,3.542420195447562,3.0807757030270815,2.609571977452839,2.624064398677996,2.5194103072345935,2.404676191154275,2.3781681262273824,2.3976292406756463,2.425899974626469,2.1569761613223433,2.105961610068049,2.3160639800299903,2.2896972550208936,2.2589601059780042,2.4145968918094542,2.5388540973161575,2.3954861964111545
28,2016,FeedForwardNN,3.4680584803541294,3.0475659465458915,2.737465572311065,2.671760260084081,2.4744683109541676,2.452233130839299,2.476376227393221,2.4868811316334356,2.179969973243758,2.407146680226403,2.1233297992834164,2.3859754332045573,2.527087544690771,2.4597230357600957,2.625270840639691,2.8650685143976893,2.9021109923937045
28,2017,HBA,,,,,,,,,,,,,,,,,
28,2017,Alaton,,,,,,,,,,,,,,,,,
28,2017,Benth,,,,,,,,,,,,,,,,,
28,2017,XGB,4.1627274570792,3.4388175292589875,3.242126501226163,3.081148593760423,3.208563684164894,3.004811594715687,2.8552604710362197,2.856428973909786,3.174646055977043,2.5489049273226922,3.2348604581390386,2.7345367124938935,2.4907649050817815,2.484427935884411,2.4192943597222447,2.372285706406343,2.347313303525776
28,2017,RandomForest,,,,,,,,,,,,,,,,,
28,2017,SVM,5.495823558512706,7.117021567619605,8.115470709822654,7.962092675742962,8.652689628698738,8.243572258862056,8.073980145637934,8.079129413531307,9.158450238942828,7.357402744179417,9.269996971411354,8.051737885675937,7.503961856668616,7.280461166968059,7.502149262563519,6.8430488378036465,6.983068399188437
28,2017,KNN,9.131914519980613,10.76809190978785,11.7629723333137,11.598808956426229,12.282660887290108,11.891165663038125,11.729752475173347,11.735719707505197,12.781236201167276,11.066704366391933,12.901948976901654,11.704728730202572,11.197201166105389,10.955671740707158,11.189936590109289,10.616488964545926,10.852038736354155
28,2017,LSTM,3.0783975953811,2.9281836194000905,2.7070457959335004,2.63926473139075,2.650540437449044,2.6010188467800504,2.479702196988817,2.483785687094187,2.59280394164771,2.499033393696436,2.7014652503335967,2.427671728059268,2.2679788669868457,2.2099102460505486,2.1562697127362767,2.064210886027167,1.958300707500744
28,2017,FeedForwardNN,2.8762126316803753,3.038397876131039,2.852651567060479,2.6486020905505185,2.689333703305459,2.649480432198615,2.5671774605317954,2.566677014113714,2.5154344699110545,2.5679190303319084,2.7528619254376014,2.4873294005412205,2.425020972222829,2.3725669429083505,2.3503118603967326,2.4404551865125277,2.599954878330371
28,2018,HBA,,,,,,,,,,,,,,,,,
28,2018,Alaton,,,,,,,,,,,,,,,,,
28,2018,Benth,,,,,,,,,,,,,,,,,
28,2018,XGB,2.294600248274164,3.758627956923862,3.530454441236987,3.4943895404172682,3.215671994128309,2.9801015682550562,3.0562561479743273,3.055498714406899,2.866528246152879,2.441705003415947,2.7431442662185352,2.9041758634008,2.827229885624268,3.0587524953420044,3.2845493026228296,3.3125118423601903,3.4901167129258277
28,2018,RandomForest,,,,,,,,,,,,,,,,,
28,2018,SVM,8.92600549140989,7.197048551358311,7.170773678769985,7.970843828496622,8.29698674577494,8.551347686877303,8.39704723301588,8.381131039918124,9.287625259827706,9.038620672782733,9.568058654603771,8.752785171740154,8.341310904146052,7.93430158073781,7.9927385394071395,7.859773089504767,8.520520103714402
28,2018,KNN,12.813153912746658,10.81383282888319,10.828930422064062,11.56190268752076,11.957917769412523,12.176710546416226,12.019529750014673,12.005067918142272,12.98914395463223,12.602906189984473,13.36305368596934,12.374593485428683,11.924257136877223,11.498504480569036,11.617432531275421,11.412429729787613,12.17736271047675
28,2018,LSTM,2.203135044731622,2.7763628548429025,3.0771114716129673,3.015820958252417,2.867981185415368,2.593440214869593,2.7694318591066214,2.7746395118332625,2.642350686616172,1.930586513087525,2.1187839699489195,2.6871663629925173,2.705254227395944,3.058935003944536,3.2225818217662288,3.274811725215961,3.47454130406065
28,2018,FeedForwardNN,2.4436136759583316,3.1988904532137736,3.2937442069334217,3.210624734002329,3.0131077683658547,2.688295927007391,2.7724070865045665,2.7661793482442327,2.7034951353508756,1.8770104224325073,2.0560444493175436,2.584057202775458,2.514311932781783,2.8577863339376215,2.9432265511308424,3.0673502748547574,3.1233262707989446
28,2019,HBA,,,,,,,,,,,,,,,,,
28,2019,Alaton,,,,,,,,,,,,,,,,,
28,2019,Benth,,,,,,,,,,,,,,,,,
28,2019,XGB,2.5358122188823673,2.5057095568570187,2.3384989994277765,2.4846996556371606,2.5029671815905012,2.4818451074048564,2.4956245477798835,2.496367256192829,2.657275268750582,2.4390522723406476,2.6653346988108764,2.544440112644074,2.511503455802951,2.4527109204848467,2.568188925352964,2.824887753202613,2.6535951360542067
28,2019,RandomForest,,,,,,,,,,,,,,,,,
28,2019,SVM,6.403950270400657,7.74029647350727,8.166577096593864,8.105306936333912,8.039122837536052,8.166589293924478,7.986640789647668,7.967563703808115,7.909615067711952,8.415732296891242,8.63899394582191,7.925725571577065,7.899559312058508,7.452373351139582,7.306979721084953,7.046633371252719,7.710711875320971
28,2019,KNN,10.566663244173984,11.525377903307655,11.888111110159883,11.873697334228206,11.808693722288508,11.91723837330148,11.742835949962046,11.721628102379519,11.728738597399346,12.131414446989922,12.50468707889496,11.689421035801251,11.62932377829052,11.169993286863722,11.097211595698196,10.81770629432915,11.607372940400417
28,2019,LSTM,2.4878556835685632,2.325518417381381,2.130476039346923,2.3855767958302603,2.329185614222331,2.3335433899694413,2.3053344251649714,2.3214360333268993,2.5122267208134623,2.34223461839537,2.4182604443151705,2.3715601833642426,2.314892285325566,2.2479643881953972,2.308306874848914,2.466652497393416,2.4887382940344827
28,2019,FeedForwardNN,2.673069619635921,2.4713756577676205,2.2544702719389638,2.4883422074463075,2.4289440022098177,2.3836169352939853,2.40985818561983,2.4248434763561693,2.5916986176416326,2.2902731607646243,2.482664941510285,2.462519564370015,2.4366051966163242,2.438235982200063,2.5752218315674167,2.8243466133065227,2.8660461197997
28,2020,HBA,,,,,,,,,,,,,,,,,
28,2020,Alaton,,,,,,,,,,,,,,,,,
28,2020,Benth,,,,,,,,,,,,,,,,,
28,2020,XGB,2.490766770488667,2.533534880497712,2.3653472946737795,2.6791260521392455,2.6179401323516345,2.661145569503631,2.612696318625082,2.611766007402892,2.848219311909464,2.7455174654537933,2.624517653723226,2.68492794428184,2.640258234742437,2.5687049509092548,2.491657428300392,2.361910290281957,2.7212064175907
28,2020,RandomForest,,,,,,,,,,,,,,,,,
28,2020,SVM,8.334477164489929,8.810033041663768,8.411049604543376,8.833075688272729,8.624314861288592,8.55193178089107,8.284042987058347,8.246337346319523,8.832432179371507,8.405295824761769,8.46980622332906,8.19932596828836,7.88839890734229,7.67099996783616,7.346251848153488,7.641073154798428,7.191933608965548
28,2020,KNN,12.034788973805524,12.591273300978465,12.223387287620227,12.642609737714075,12.386317802392211,12.286157922544763,12.02773490371724,11.989916921685872,12.54713276492126,12.083347718633773,12.22739154986489,11.920315633759945,11.604649038783554,11.393254625250302,11.145186718947906,11.479390459318765,11.255992705613885
28,2020,LSTM,2.899889728233252,2.4766015158924803,2.5088405255068027,2.5921358288494383,2.5857275982923356,2.6314473211413643,2.574098067796505,2.564820323351263,2.6603935127563454,2.720582766005271,2.3715357288866223,2.561474125924513,2.576184523419956,2.4747635346230474,2.400657098035943,2.4331149502671607,2.838279426432041
28,2020,FeedForwardNN,3.1785813803601024,2.7487361918855,2.6108155316362582,2.728247903677128,2.745691936446488,2.726346469995847,2.685951524903861,2.685043654859078,2.8742461062862055,2.6872377646278185,2.542985538250808,2.6934426502820803,2.6566265739214585,2.7232645543218585,2.613986236482306,2.7038914630072015,3.2697999148651897
28,2021,HBA,,,,,,,,,,,,,,,,,
28,2021,Alaton,,,,,,,,,,,,,,,,,
28,2021,Benth,,,,,,,,,,,,,,,,,
28,2021,XGB,2.963563480457752,3.8027844137412417,3.412194028963203,3.3293546549482524,3.0025987284265225,2.648601282631906,2.486598339385003,2.5473741639968326,2.52747505558512,1.7361071439231481,1.7744189422328438,2.174000468118045,2.031891246305369,2.2656463304763905,2.2737878455809573,2.4938415721891807,2.9808542301709013
28,2021,RandomForest,,,,,,,,,,,,,,,,,
28,2021,SVM,6.992850531383392,7.942553135780712,7.997358622636527,7.4821675966487415,7.562792547535575,7.71810109010589,7.637107104652063,7.732369299253734,7.101684116817676,8.019700186239001,7.762995012191302,7.637922563762518,7.910929299733704,8.148381284768401,7.827977365178414,7.652670905606354,8.531999702751865
28,2021,KNN,10.476830805474586,11.34876604777493,11.392031722941287,10.877527799947377,10.944047969051335,11.106211785043232,11.011936285485026,11.093116822829197,10.476926320314213,11.423635530990397,11.17027470404345,10.986154984151936,11.244591530739172,11.442257660424522,11.110054196308493,10.963686936175577,11.810205277672743
28,2021,LSTM,2.5317887197646765,3.544195864644934,3.266598929133042,3.0141521372313855,2.7333649412791496,2.424582280962246,2.3337641689084974,2.3920944732147706,2.0668573343641308,1.6411063058316235,1.7795485002021336,2.0055485908563435,2.0180662232666893,2.2112173002668407,2.281366540541207,2.429122557049479,2.956484880055335
28,2021,FeedForwardNN,2.549233840490604,3.6714837982658417,3.4906931163111703,3.321630788757195,2.9588317330612957,2.700078608169406,2.5383359254416367,2.5980053466106634,2.307473080423438,2.0885169431300024,1.9776101829682335,2.200748332805448,2.210400728781951,2.2843948468354585,2.291020271999957,2.362373734730755,3.012109058975414
28,2022,HBA,,,,,,,,,,,,,,,,,
28,2022,Alaton,,,,,,,,,,,,,,,,,
28,2022,Benth,,,,,,,,,,,,,,,,,
28,2022,XGB,2.2966394290445953,2.124773096252169,2.1859186357724854,2.2824953383013313,2.370117408043002,2.5265625562095946,2.8006623949075955,2.8250923408680335,2.540998381266606,2.813475074619308,2.9364721525768225,2.9754148088964394,3.2352221814389246,3.3301659815818656,3.595531692096548,3.660451134121638,4.935606257146798
28,2022,RandomForest,,,,,,,,,,,,,,,,,
28,2022,SVM,7.690298557813704,8.491098192336498,8.885950412122053,8.862925844499058,9.122495918987731,9.382451256851388,9.285821276331486,9.318610544808756,9.353060935180713,9.8818677980269,9.932525528971444,9.518399375620124,9.575287509844305,9.027718381548597,9.232199754783425,8.403472912882364,7.843544655302779
28,2022,KNN,11.37498731468699,12.003803946114775,12.308425460104871,12.173413746949409,12.397374068745144,12.604312319637918,12.475124365426174,12.513160269329706,12.48568901958683,13.008316553349234,13.165855810784977,12.646508942730732,12.693035494598242,12.136568210077943,12.352099548947638,11.497108172645515,10.934584048378955
28,2022,LSTM,1.7584148942523052,1.7231664426180273,1.814124879047777,2.047727540569274,2.1516934649977095,2.240066807247722,2.4044555455828047,2.4313231298109073,2.443055557666994,2.4070995758736924,2.6198158042083266,2.5486920078519018,2.6583372598990076,2.807511860821266,2.8951034574201384,3.167527688291129,4.291662722198526
28,2022,FeedForwardNN,1.9071768518807701,2.0255350546609834,2.216861748999011,2.35209520911552,2.330313416885363,2.336531657292636,2.5578132382945196,2.585850240207986,2.438492408775742,2.348918754397466,2.5172086616017957,2.6530059530180927,2.8234616248905136,3.0337868985567176,3.21037079345636,3.4753570418316144,4.763709730952247
28,2023,HBA,,,,,,,,,,,,,,,,,
28,2023,Alaton,,,,,,,,,,,,,,,,,
28,2023,Benth,,,,,,,,,,,,,,,,,
28,2023,XGB,3.261883562624773,2.850485110749172,2.82939529463862,2.573789114806435,2.468097831976429,2.5119552334059425,2.548918592577755,2.5616829588343224,2.043902170626161,2.597449415771752,2.006887449847465,2.472184780052966,2.6833862484808573,3.03067663329364,2.650685025299303,2.636136644415864,3.080113848760906
28,2023,RandomForest,,,,,,,,,,,,,,,,,
28,2023,SVM,8.131144465906736,7.939041506508804,8.325567612259956,8.097974194955599,8.420659872109768,8.558934372485906,8.619092479708184,8.644174675016634,8.514690205592181,8.828989036919387,8.384424630070914,8.780593537732168,8.894743962752402,9.378951581740257,8.748413072876271,8.601029423322336,9.471771152697292
28,2023,KNN,12.345017780963861,11.924914860221513,12.203670933913562,11.954644518094078,12.253126895480614,12.377626718254554,12.389853374913766,12.420003412972859,12.302384044170221,12.622943083760072,12.281765231159493,12.528215747350327,12.614171885612853,13.016597614988614,12.426870924380307,12.19099705818487,13.047757756035683
28,2023,LSTM,2.8929150660149054,2.6591910853781764,2.58006895488122,2.448226129121603,2.1981441768052417,2.236510141546594,2.297840717938377,2.3094355146353513,1.7340472404475364,2.311332342108488,1.6492134208035711,2.1994062565789996,2.402244169789712,2.589649306147084,2.5188179734468137,2.646371729761327,2.946296068715998
28,2023,FeedForwardNN,3.2867492597218804,3.0022973927426513,2.8467499286850333,2.6726758835512228,2.345636178099882,2.2833276931862625,2.3619109128844022,2.3830058601838227,1.702948326742124,2.1533085945567243,1.5000481197916393,2.1964053649240665,2.4281760877674525,2.585554586515044,2.6525620444992395,2.839981641346447,3.3985170504096787
28,2024,HBA,,,,,,,,,,,,,,,,,
28,2024,Alaton,,,,,,,,,,,,,,,,,
28,2024,Benth,,,,,,,,,,,,,,,,,
28,2024,XGB,4.382036045422516,3.8203433637723148,3.3805915843840704,3.358235775217959,2.9355843724060704,2.694241986038262,2.5962025260309023,2.596265935085225,2.4097534634524527,2.1310815148568834,1.9279557864714192,2.2490977151861506,2.237677611411686,2.3156447208983892,2.2537737364606145,2.343788632305315,2.2835419465866655
28,2024,RandomForest,,,,,,,,,,,,,,,,,
28,2024,SVM,7.256737167615874,8.775810775995561,8.807812001528369,8.87354453729592,8.527148445445263,8.310100394133853,8.17285513998678,8.136806261469985,8.236927155623752,7.858039479439623,7.829559024423314,7.836170031223384,7.775989566858484,7.437712427789666,7.713918435524469,7.554724217035194,7.522305729659538
28,2024,KNN,11.07802012903327,12.58780454151166,12.603021456396936,12.57485962508032,12.226287282619436,12.002152169760539,11.85698738151016,11.822968362240058,11.837569497320048,11.54083050235031,11.505815381541014,11.493125774307245,11.45065282928711,11.148462748917517,11.39795911127305,11.211021061796915,11.365962229553134
28,2024,LSTM,3.857714593267433,3.3742777741397014,2.969912958070801,3.061796053791185,2.6732285334964505,2.4706002333542143,2.4111611748594073,2.425758691965075,2.339213245106635,2.0048179355119826,1.7404563498007397,2.19716195674618,2.1818029701159767,2.2732239778395362,2.267616424098515,2.441253971097392,2.4132925876537046
28,2024,FeedForwardNN,4.562875194073433,3.716905801370424,3.352841780541716,3.405834396356037,2.9473430279275914,2.724115117985655,2.609106001287587,2.6278752739094475,2.4763105304465807,2.2110512611803523,1.8246218618591241,2.315634423985284,2.304980699735251,2.449515460387103,2.298671765344135,2.5369682195128416,2.671860926082216
32,2010,HBA,,,,,,,,,,,,,,,,,
32,2010,Alaton,,,,,,,,,,,,,,,,,
32,2010,Benth,,,,,,,,,,,,,,,,,
32,2010,XGB,,,,,,,,,,,,,,,,,
32,2010,RandomForest,,,,,,,,,,,,,,,,,
32,2010,SVM,,,,,,,,,,,,,,,,,
32,2010,KNN,,,,,,,,,,,,,,,,,
32,2010,LSTM,,,,,,,,,,,,,,,,,
32,2010,FeedForwardNN,,,,,,,,,,,,,,,,,
32,2011,HBA,,,,,,,,,,,,,,,,,
32,2011,Alaton,,,,,,,,,,,,,,,,,
32,2011,Benth,,,,,,,,,,,,,,,,,
32,2011,XGB,,,,,,,,,,,,,,,,,
32,2011,RandomForest,,,,,,,,,,,,,,,,,
32,2011,SVM,11.450844954982115,11.651842440069778,11.693668264587718,12.27248461596428,12.015467479707752,11.292955171442635,11.586059322762239,11.61937094314002,12.328870184635866,9.687599909204017,9.912521467863414,11.555505307848005,11.301812575362327,12.187141315627628,12.272637020751182,12.619155812080574,13.374738881420127
32,2011,KNN,10.515509403613384,10.577348351732926,10.674773029979711,11.424017854473737,11.164750154387436,10.529950921803483,10.729420556147385,10.741079366381614,11.634109883364793,9.128872177163041,9.364230207264857,10.712709570724353,10.374428091253723,11.110267947967541,11.055981553036242,11.208737736852264,11.253179059201264
32,2011,LSTM,4.089530297739712,3.6471663588239958,3.4161392685816536,3.2540211046989502,3.1697379171560125,2.86619458181454,2.875613990331166,2.862624702050068,2.9024936562493084,2.1332456997626874,2.5462185965036035,2.6573235841349745,2.537145040356868,2.7451962172211823,2.767474800989089,2.5220713616728054,2.016144903599551
32,2011,FeedForwardNN,5.1136276067274204,4.2536669862597325,4.038197094757891,3.79678485264599,3.57583304140514,3.2437343936434337,3.186118924867789,3.169782921927407,3.0440315543532726,2.447912287952028,2.8023047036177218,2.8310968725661096,2.7346420150745323,2.876559896860619,2.847167301375175,2.4805686683935546,2.323232565633514
32,2012,HBA,,,,,,,,,,,,,,,,,
32,2012,Alaton,,,,,,,,,,,,,,,,,
32,2012,Benth,,,,,,,,,,,,,,,,,
32,2012,XGB,,,,,,,,,,,,,,,,,
32,2012,RandomForest,,,,,,,,,,,,,,,,,
32,2012,SVM,10.724451892944378,9.40621645025617,10.270818882409078,9.710544025955762,9.832805896267818,9.917254993995629,9.969371135400497,10.043221581215747,9.374349207924116,10.084031746302438,9.96587694823086,9.994643622195266,10.24334577083415,10.189076554574791,10.478326916985061,10.587337398001996,11.446513722112847
32,2012,KNN,12.070596697427368,10.22523776408817,10.714721544860135,10.221459131000602,10.15027373989431,9.893593539899145,9.876501634556622,9.951782330071069,9.552531403020145,9.359138069749068,9.449258306437276,9.705376384057468,9.753546021163308,9.870411551952945,10.180781054933659,10.33523878482161,11.102510973357743
32,2012,LSTM,2.882689943948151,4.876607656051532,4.2705883424202264,3.8775624223526255,3.603557698372637,3.2309971365331385,3.1644403416978766,3.181390924288754,2.7808867975136735,2.3123086554036463,2.523663880519567,2.7489125119434465,2.7268986500455434,2.862420831799492,3.0803475495177657,3.2258550876437613,3.9695647288464047
32,2012,FeedForwardNN,3.3967992944734653,5.082172911699013,4.633691050547537,4.136038174169479,3.9236607858745356,3.5127263893732623,3.4204209057470916,3.485956375274119,3.052725859505701,2.4954983739884087,2.8042156449868503,3.040998849536054,3.007314886428599,3.1770959809744026,3.4823619059722972,3.8926374991096373,5.033929345581392
32,2013,HBA,,,,,,,,,,,,,,,,,
32,2013,Alaton,,,,,,,,,,,,,,,,,
32,2013,Benth,,,,,,,,,,,,,,,,,
32,2013,XGB,,,,,,,,,,,,,,,,,
32,2013,RandomForest,,,,,,,,,,,,,,,,,
32,2013,SVM,7.74764611864917,8.042818694767167,7.734397987995046,8.130896473665874,8.141948064628071,8.837214075736055,9.263782319249943,9.291738323550332,8.530048319763479,10.084960152968417,9.51680622704788,9.820174490726037,10.35141500258114,10.245473009648158,10.431607680420424,9.916049491183813,10.776232362234296
32,2013,KNN,9.933151562365833,8.83926696317626,8.498910592809978,8.660747446024759,8.566153184167133,9.131582133876083,9.473669413418715,9.517406273974176,8.632872029901506,10.168550341810837,9.542823708987456,9.899268112889382,10.413200113685342,10.30279199182879,10.499414993749596,10.021600127230537,10.859256276365922
32,2013,LSTM,4.893252850942095,3.957858752010132,3.9472980680675724,3.926484868712802,3.561914030804992,3.2367899924424175,3.110311411871503,3.091240665192331,3.12942504104523,2.4608870839262864,2.7198629602778377,2.754661313253615,2.552031447844907,2.663057865317845,2.6903162788629706,2.5073319266855787,2.2944674723206493
32,2013,FeedForwardNN,4.7323544938129105,4.626479563615512,4.3590939610729675,4.540191591575897,4.1152693645365215,3.7265563270454964,3.6925966057728306,3.6838453548201318,3.856058055050888,2.7911972862094157,2.9716495924927746,3.465040187928183,3.2458031068332702,3.434481026466903,3.6055286314467763,3.1154886458123343,3.6236017983578916
32,2014,HBA,,,,,,,,,,,,,,,,,
32,2014,Alaton,,,,,,,,,,,,,,,,,
32,2014,Benth,,,,,,,,,,,,,,,,,
32,2014,XGB,,,,,,,,,,,,,,,,,
32,2014,RandomForest,,,,,,,,,,,,,,,,,
32,2014,SVM,11.848634780627588,12.09578936003097,12.293642816341439,12.216903997721701,11.64201621131686,11.116303285872087,11.229139885798228,11.185569599303522,10.951686136542888,9.982159751343518,10.480014567964428,10.683466058826982,10.743700851512994,11.310716820344329,11.298840886768021,10.919774596998446,10.54899269745223
32,2014,KNN,12.021918754734447,11.70707692560498,11.659533623311603,11.577342248561896,10.995905366928188,10.62266275850986,10.814777605373846,10.778533512168329,10.289564877279625,9.833769499343402,10.168363906311438,10.402852103864317,10.588284103620273,11.082303698226182,11.099697467716375,10.611215511942216,10.19659775559284
32,2014,LSTM,2.241441926619576,1.97649748702949,2.1426875395022504,2.1790160981308344,2.1709167607147055,2.3231429916280315,2.339172327764218,2.3747065222778967,2.198783589161483,2.601003828283853,2.067495272279642,2.435475572361991,2.578858922658278,2.4914640093284164,2.565810322067705,2.701780915556161,3.4387335806461294
32,2014,FeedForwardNN,2.485811897890986,2.228068083382235,2.534748344161572,2.6352486061765013,2.4743881215336607,2.5384684794156653,2.7492106420063154,2.7447454190964358,2.4125181830908393,2.6620055430045375,2.431476876864197,2.7780353899413175,3.0029034608569174,3.2199842399832894,3.265400037231244,3.335362854991375,4.009555378411008
32,2015,HBA,,,,,,,,,,,,,,,,,
32,2015,Alaton,,,,,,,,,,,,,,,,,
32,2015,Benth,,,,,,,,,,,,,,,,,
32,2015,XGB,3.001011600321913,2.69986796315338,2.4211862218866833,2.427375803698048,2.418502135243857,2.59137878827188,2.9759330297087194,3.0139103964808522,2.415815066453614,2.9064457532453822,2.6845873219405583,3.2002286596951794,3.4087892231539847,3.8195276325357423,4.064918572018644,4.618681435894924,4.976103109424768
32,2015,RandomForest,,,,,,,,,,,,,,,,,
32,2015,SVM,10.003528816471176,9.474412139875417,9.56176650347559,9.743872608699846,9.813737072731296,9.923744004091043,10.573204464900014,10.640522270497673,10.059398192656133,10.140178228749111,10.351690233094088,11.018947412428346,11.23624990359988,11.586528938710579,12.646071116428281,13.98818217605527,14.842515383811326
32,2015,KNN,10.655548036694928,9.853369805497294,9.845191377689542,10.012359933915302,9.839276488480804,9.762495695113259,10.42293154202955,10.481143780544853,9.833358041392055,9.607093366766685,9.966237034544985,10.72308279116341,10.919139164731687,11.431617954117964,12.473098931939509,13.744095121911865,14.388758523959211
32,2015,LSTM,3.0296821346466056,2.737327993302607,2.4600818736827175,2.471520544118809,2.593761402051047,2.6047041150115957,2.681671432371297,2.665495920397156,2.7208810331062536,2.62645277108411,2.8912355302904165,2.739709252845063,2.64560098342648,2.7265641654225807,2.8906920382764194,2.951295094997792,2.2336206530226055
32,2015,FeedForwardNN,2.8987667003457767,2.3572249887868493,2.485779585074488,2.691024909041045,2.6619120011160122,2.750734073492806,2.9969411629767317,3.017385289516712,2.8270922973609856,2.920284716573381,2.744492837163488,3.1897395248640175,3.233413805192475,3.3474225540912266,3.763912237728924,4.029692998123387,4.159801268034364
32,2016,HBA,,,,,,,,,,,,,,,,,
32,2016,Alaton,,,,,,,,,,,,,,,,,
32,2016,Benth,,,,,,,,,,,,,,,,,
32,2016,XGB,3.3882145092466964,3.3140382113702564,2.834773336606122,2.9132773416591924,2.793653735186842,2.7962963721537872,2.7487028185651923,2.7873505109425523,2.7519197870420897,2.801574167948175,2.1867615221934273,2.769209042743862,2.799352574650417,2.819301321262054,2.7955397205117682,3.0254174521944464,2.7755771272595124
32,2016,RandomForest,,,,,,,,,,,,,,,,,
32,2016,SVM,10.849573798602599,11.370997021717779,10.821319390153313,10.441509120868776,10.45011690630673,10.832187770033883,10.554938677071508,10.500641245765044,10.065233895307523,11.558502885099756,10.018898918266814,10.357291438641713,10.599236000573264,10.33166126680589,9.349494154930834,9.122111500129538,9.184558892921714
32,2016,KNN,11.567406364184498,11.140609763575474,10.505609842266676,10.106666254629639,9.989167845184006,10.269318904960365,10.084168965811026,10.043100085821978,9.444528062353656,10.807857504464652,9.249929328959533,9.861204972516589,10.143232288528758,9.974135411789344,9.277436554455543,9.450384399439338,9.725143789221125
32,2016,LSTM,3.7591145266186103,3.3275397549586923,2.8509537504020077,2.868958032792603,2.7758565934219788,2.7287762280142673,2.760535892838485,2.785347383441873,2.6986704814699527,2.632090320114182,2.4385460304317084,2.750679977089308,2.800462462701423,2.81777736512001,2.986744655694082,2.95269342777777,2.740732367947786
32,2016,FeedForwardNN,3.0035358499561378,3.0761262050333973,2.6643580697051803,2.755927737691482,2.7654868294697725,2.8203618203864322,2.862097063288065,2.881826062484082,2.863045735635118,2.927027090024768,2.314710719419039,2.93909744334003,3.0166000248266713,3.0347755374426297,3.108565555827184,3.3810719120824473,3.2406898104940773
32,2017,HBA,,,,,,,,,,,,,,,,,
32,2017,Alaton,,,,,,,,,,,,,,,,,
32,2017,Benth,,,,,,,,,,,,,,,,,
32,2017,XGB,3.9239646810236444,3.4063147633118365,3.2717625833536967,3.141572614043712,3.247849143223264,2.9957299076580965,2.928734134601566,2.940876433705693,3.223758321034461,2.4137408569768595,3.1254640892305856,2.840164347687786,2.637053391576267,2.7834124817735506,2.8074612423588374,2.6922212406428985,2.893435694039061
32,2017,RandomForest,,,,,,,,,,,,,,,,,
32,2017,SVM,8.086719658307178,10.155120346610673,11.298633200759268,10.988290062282509,11.61759763117557,11.093172206246505,11.137700238918594,11.164566474755286,11.928035765979779,9.961840158952926,12.105353024344618,11.100698159395861,10.722535632813997,10.806055899674522,11.317344960890077,10.674664756953893,11.050257627294068
32,2017,KNN,7.906939623342047,9.702913269133022,10.527710380550568,10.144410596665066,10.71799938248792,10.280399702200665,10.295398467124134,10.309598973143329,10.904968393776787,9.343919551505122,11.152232538299575,10.222369943199809,9.91617138001431,10.000085646156295,10.313038664972877,9.704485884195442,10.111512052593316
32,2017,LSTM,4.251281292787272,3.5254212877401323,3.0453740784963905,3.29454758571294,3.178946796577588,3.066049557196941,3.083478003055165,3.0869269095523726,3.30712899551319,2.826760370215498,2.8890110769312973,3.1263073419560885,2.9927589999624202,3.0969245506322354,3.199094401002186,3.433039890968331,3.4484380546144573
32,2017,FeedForwardNN,3.076713326253074,3.08785885454707,2.768863385301044,2.8940644082442053,2.9681878824797727,2.7579041216038944,2.806765673483584,2.8425176083931354,3.1549443996588526,2.279874299271724,2.737057909155621,2.8867506656084108,2.7258674068082076,2.9203861156249658,3.0234539831686953,3.1166210572508204,3.4542408665910695
32,2018,HBA,,,,,,,,,,,,,,,,,
32,2018,Alaton,,,,,,,,,,,,,,,,,
32,2018,Benth,,,,,,,,,,,,,,,,,
32,2018,XGB,2.931536575501116,3.8422459450382367,3.660810926545901,3.6484492214667332,3.3888568776279926,3.2058655268861864,3.3002145266624257,3.298501073522807,3.093083450890913,2.8042859082730205,3.087030413610582,3.189268848150201,3.1561057949108093,3.3213870742726215,3.5762334343450743,3.4977892256703216,3.9383715626885616
32,2018,RandomForest,,,,,,,,,,,,,,,,,
32,2018,SVM,11.935757106678752,9.964836755556174,9.773802580655309,10.560284780350056,10.777590395665655,11.060560224849805,11.056170959273423,11.044814838595974,11.695541568814365,11.605820435845954,11.973038926359974,11.441712794518349,11.198276437147488,10.907842702246194,11.16371645162725,11.081191466428278,11.800851214201392
32,2018,KNN,11.832214009812736,9.826987805924443,9.712335635447284,10.36968204602892,10.602290579617671,10.73428682075065,10.72270875630209,10.712348529511274,11.423119870408437,10.99352580299533,11.823722341292845,11.025210841715714,10.698429215990041,10.42785531246179,10.809857741899968,10.573089958001512,11.346862392815952
32,2018,LSTM,2.8269025356751354,3.570268008497587,3.47538239579009,3.421369249442105,3.320532233240291,3.0586340863137123,3.1938236961896362,3.193562612483448,3.1580984511265386,2.4523170263864427,2.737833543761356,3.11344625883082,3.0785341187306416,3.363414196386586,3.5272072151624854,3.4931673826985103,3.8714216949818545
32,2018,FeedForwardNN,4.528634422759527,4.28181773573206,4.014063318586337,3.844058080995674,3.5510656406385763,3.2227216787187176,3.380175073851412,3.3774916679828624,3.017851892095993,2.436733610225591,2.7102133026719177,3.1620227858963528,3.1833018549773864,3.5762483610081057,3.6746435002777518,3.5089783448036918,3.725091673297275
32,2019,HBA,,,,,,,,,,,,,,,,,
32,2019,Alaton,,,,,,,,,,,,,,,,,
32,2019,Benth,,,,,,,,,,,,,,,,,
32,2019,XGB,2.769207812807354,2.8674936921611196,2.6640085118612986,2.8465333164345115,2.8238897614324223,2.8091971037008534,2.8006666353168623,2.793225522312381,2.9751916607466278,2.7795788049411474,2.7988815401910054,2.841274843549408,2.783762889548816,2.677088547094565,2.780262693863868,2.935838850575146,3.1558668005139467
32,2019,RandomForest,,,,,,,,,,,,,,,,,
32,2019,SVM,8.491466448896187,10.542808444065233,11.108176227665657,10.920211703412216,10.660540961464422,10.630853612777964,10.651057504295194,10.64248788484074,10.19326680104299,10.571228804014286,10.7698217770158,10.50119256455415,10.632945927400309,10.52294419982837,10.6435364022145,10.484364689596253,11.22619507720245
32,2019,KNN,9.687055436124608,10.462844194789788,10.675665562255158,10.665412903507784,10.37626637242081,10.378399736982987,10.36717902955502,10.351322704726133,10.067967643260538,10.382665151056532,10.691485200149785,10.263262545630592,10.324006521526998,10.106595732061663,10.277820559601638,10.081437911992529,11.055064435878302
32,2019,LSTM,3.544239592470648,3.122274231961075,2.7092994400408554,2.903173068644195,2.829155081691586,2.845694486090673,2.814543565923073,2.818639437606149,2.944135441299696,2.878488209456126,2.7365070775685454,2.855960548484093,2.8246673273924325,2.716370167786307,2.7772128390690254,2.9637148112500715,2.9400502691362744
32,2019,FeedForwardNN,3.137617826370419,3.5696240701304776,3.5162506263915567,3.420273416986362,3.3453737128774024,3.2079306101941296,3.263313235654225,3.255286719403118,3.165285467382564,2.913658497806353,3.1417268603355186,3.1726167972269677,3.1902531272863115,3.256286400483463,3.3827726517433416,3.7103180035672088,4.2724864393781985
32,2020,HBA,,,,,,,,,,,,,,,,,
32,2020,Alaton,,,,,,,,,,,,,,,,,
32,2020,Benth,,,,,,,,,,,,,,,,,
32,2020,XGB,3.090959926797672,3.1537162337595657,2.869636008029745,3.043826567616577,2.9671855394961026,3.0542682033054853,2.974346840707986,2.9578536548429457,3.061628526292611,3.221379009303188,3.1087511313819247,2.9863374253387867,2.980519267649203,2.7871676002371744,2.702347040726774,2.79140267528874,2.989946469891972
32,2020,RandomForest,,,,,,,,,,,,,,,,,
32,2020,SVM,11.598902936527042,12.072541477755903,11.431021568684862,11.68669149482442,11.35035525179026,11.236103311841577,11.113888198695816,11.0828574197871,11.269111525756898,11.00404126761829,10.953379099532103,10.982054901242327,10.87729525616807,10.842119701399731,10.713112270223965,11.030397195188657,10.537300111793488
32,2020,KNN,11.468679129087894,11.987873972258612,11.405746156005142,11.564358520399177,11.093833044220021,10.91834207221981,10.796936894535634,10.765459009596041,10.772892733654691,10.558613431315656,10.626822574013698,10.568402873649031,10.4847656311326,10.448098949537004,10.395602694108046,10.705331906002016,10.520991619674751
32,2020,LSTM,3.2047730405531945,2.772986015805494,2.9333753076066675,2.9305019106192245,2.9668718485877124,3.096021851915903,3.0359794039520898,3.0310617629622727,2.9999944060961226,3.3393707177757004,3.139495828457645,3.0456120920443808,3.1041402041247452,2.9051434377783605,2.8277586518834297,2.723604946262695,3.0239998951803657
32,2020,FeedForwardNN,2.664736289804358,2.489153120869716,2.5102690212311143,2.8363618486108897,2.975451135127411,3.047908620605637,2.9341606035382473,2.9340120606465256,3.3771538839841724,3.1878867551443033,3.219409732915997,3.0451214515563545,2.9220017721394447,2.6972716430714065,2.592175538977294,2.6450823525291995,2.9845013195374683
32,2021,HBA,,,,,,,,,,,,,,,,,
32,2021,Alaton,,,,,,,,,,,,,,,,,
32,2021,Benth,,,,,,,,,,,,,,,,,
32,2021,XGB,2.6730717967141326,4.187186558296005,3.7063977815427522,3.7017258466197367,3.425251632680938,2.9989097028615372,2.783913309310608,2.875690521108814,3.1188640527188465,1.8750148595102807,2.196747721884994,2.5310085544986882,2.2271008445225586,2.453928540544276,2.5332310861087097,2.7925967818561337,3.4980579879626967
32,2021,RandomForest,,,,,,,,,,,,,,,,,
32,2021,SVM,9.106008027930518,10.134167042231924,10.23474443379592,9.53883144071399,9.614603481447617,9.679017544219429,9.745495745988466,9.864480795703404,8.951603576221006,9.806576449148462,9.64324516742501,9.74377552571621,10.126875700477303,10.62374893385016,10.449777320751432,10.462980883315275,11.516978745276498
32,2021,KNN,9.178973908399612,10.332229866783344,10.155323674050669,9.47462691978369,9.420413713800489,9.40427882142623,9.380398428952692,9.48869928611949,8.623096320556012,9.37192570260014,9.15556263154345,9.264781765623743,9.582093023977615,10.03256726358908,9.809900395195417,9.952961061768395,10.832865371394227
32,2021,LSTM,3.154614304473969,4.474494528265159,3.9448241353388656,3.8096159361082806,3.4894157436068185,3.1368494105265565,2.9927717371640576,3.0240206058680057,2.964862054920974,2.273197793747864,2.5074204839470013,2.6454253177993055,2.4954872737312352,2.5310993623082974,2.6861806911921855,2.901710320991074,3.1614978286212687
32,2021,FeedForwardNN,3.585951850827701,4.52181267015737,4.008657687021008,3.792356156251258,3.4344513699018546,3.0022271653235406,2.8188295925676408,2.870088757198155,2.7425491741678645,1.857199890205256,2.2312699307197787,2.3631310777535828,2.1997532761649565,2.3970852618099423,2.490575718026177,2.590126730595039,3.1783498741553387
32,2022,HBA,,,,,,,,,,,,,,,,,
32,2022,Alaton,,,,,,,,,,,,,,,,,
32,2022,Benth,,,,,,,,,,,,,,,,,
32,2022,XGB,2.2831161987792097,2.3456237342223023,2.374986968628128,2.481155945677107,2.539704428508199,2.6717143936869463,3.0066860834694094,3.0600230075210644,2.6943708110085534,2.9178718676346467,2.985827966959195,3.213196395765058,3.5233432010069805,3.6936384373675697,4.012350150452751,3.9801054970746743,5.292855624545773
32,2022,RandomForest,,,,,,,,,,,,,,,,,
32,2022,SVM,9.674764571197422,11.11270618856001,11.44270407270239,11.38966514718018,11.568782412499784,11.790992679997647,11.807070515781557,11.86002090125004,11.693501465347701,12.223300377710823,12.109435417146257,12.062813420114617,12.21490901736964,11.743438764170474,12.20555121605727,11.380849908278615,10.731881264340771
32,2022,KNN,10.048404654646811,10.759049374955346,10.864334956233144,10.53266956392789,10.614282279800952,10.759394756373919,10.778074119390958,10.833206081053252,10.358194948414686,11.043901029068795,11.0481244412187,10.890135856657785,11.126997904352146,10.77274754147107,11.188474721299597,10.329968102431991,9.875666914829804
32,2022,LSTM,2.6936977206793022,2.368237409836673,2.323378047043398,2.5667135157883307,2.5931297996970573,2.654929154906957,3.0101709027852244,3.0237789751903907,2.837350659800548,2.774401221267593,2.896968658153826,3.1443958443597544,3.371757144948246,3.729858671132581,3.8716813522748184,4.122599594160259,5.574122290484558
32,2022,FeedForwardNN,2.3175105523284136,3.1273085323720706,3.024029399644979,2.9639427073458013,2.9336775472564343,2.9203676500018667,3.283473133445919,3.3101500936032986,2.8404531491710765,2.8935641916120014,2.9476203880470515,3.3757229685227075,3.6365677826247618,4.065098073897766,4.300367324769357,4.35439110774003,5.988720275421461
32,2023,HBA,,,,,,,,,,,,,,,,,
32,2023,Alaton,,,,,,,,,,,,,,,,,
32,2023,Benth,,,,,,,,,,,,,,,,,
32,2023,XGB,3.8815248406821774,3.3470396104799214,3.186806067668774,2.9497549285741513,2.7946311102230283,2.7733622971900536,2.874526959890466,2.910862744641045,2.3375613727819595,2.730327674469326,2.3445175419844526,2.8142679786162867,3.056273567933219,3.4549313171852765,3.2626759710621043,3.334421621434197,4.042344413802375
32,2023,RandomForest,,,,,,,,,,,,,,,,,
32,2023,SVM,10.077309725413473,10.412065489059305,10.689811103051644,10.259137346106872,10.61084567737289,10.70768787858852,11.019350302653365,11.07403679348068,10.531288171877154,10.898791086068615,10.538966771385683,11.242217766304504,11.562333522459527,12.360278458227247,11.950254146330943,11.88883378682829,13.113499741464324
32,2023,KNN,11.59310061565039,11.101246392174817,11.018826906136121,10.432386637513591,10.552106822004424,10.585229171144633,10.780179538104708,10.83242931544758,10.063765218773504,10.651164868265314,10.249458683472104,10.826746928760189,11.158118087034186,11.816750804472202,11.453149810313489,11.277399064463708,12.201695316722038
32,2023,LSTM,3.3072383059282204,2.9809526616420836,2.927922966414331,2.831363872844922,2.6468939336229957,2.7042179693599286,2.769932507498017,2.7712634474934372,2.332244004053593,2.815366669854387,2.606155630529337,2.7134890730821843,2.903546431340476,2.9365802682172295,2.9979460540409306,3.1319283470919155,3.3425144751823432
32,2023,FeedForwardNN,2.612881398019871,2.543432459020612,2.620329910937463,2.582285939551411,2.5489736724520666,2.5655963438008147,2.8528140691072954,2.882048677930884,2.4755614966213253,2.5985227018952095,2.5396757506471763,2.9757385105986693,3.1900316201163608,3.511801004460627,3.679307836049606,3.7059003342676586,4.674763403700986
32,2024,HBA,,,,,,,,,,,,,,,,,
32,2024,Alaton,,,,,,,,,,,,,,,,,
32,2024,Benth,,,,,,,,,,,,,,,,,
32,2024,XGB,4.525320056939084,4.125360874733219,3.6278955826983594,3.6544380645277013,3.2489978055399593,2.9956756720108055,2.9010753693331233,2.894987573507095,2.8196359910181092,2.4104449205126484,2.317741207512288,2.593230906004404,2.5135582705801602,2.5824462359891593,2.5551221429726003,2.5105996123416356,2.4881818274123826
32,2024,RandomForest,,,,,,,,,,,,,,,,,
32,2024,SVM,9.069652983518564,11.229941655284348,11.391895116348982,11.368263568314985,10.91570710133668,10.702821136998958,10.62753726935828,10.591576607986857,10.417775612022378,10.26381107715019,9.951409312564367,10.246264556416943,10.322761068553403,10.039145592258349,10.395168592265676,10.301142526231313,10.586285269030666
32,2024,KNN,10.03712311453469,11.586847805469448,11.534590777961622,11.320650757565131,10.776914050165816,10.537509609368321,10.483501671416585,10.457970023236276,9.96177536758812,10.041592175211381,9.626352748389523,10.02685374707932,10.19924165636876,10.099950282431275,10.359756592165722,10.199979009734076,10.589912587547092
32,2024,LSTM,5.133840334370549,4.022576636038754,3.5648866413952818,3.6003595624246203,3.207863482650302,2.9848602391078143,2.895753667080679,2.8962538795147568,2.8057725283144603,2.47939421923534,2.30281095707121,2.653034624676256,2.559529053893003,2.6784571445743692,2.5559327209900267,2.5667293146016816,2.434069689968295
32,2024,FeedForwardNN,4.578593191511624,3.678822879799575,3.2412784763067153,3.38095736133489,3.012788979847784,2.8131160817226135,2.8338776638725167,2.823575083908342,2.765485258180798,2.3636986680951257,2.229431936584783,2.6780096365873156,2.625318349244752,2.727431153493764,2.8225423251881203,2.869976360284165,3.1796205917095515
44,2010,HBA,,,,,,,,,,,,,,,,,
44,2010,Alaton,,,,,,,,,,,,,,,,,
44,2010,Benth,,,,,,,,,,,,,,,,,
44,2010,XGB,,,,,,,,,,,,,,,,,
44,2010,RandomForest,,,,,,,,,,,,,,,,,
44,2010,SVM,,,,,,,,,,,,,,,,,
44,2010,KNN,,,,,,,,,,,,,,,,,
44,2010,LSTM,,,,,,,,,,,,,,,,,
44,2010,FeedForwardNN,,,,,,,,,,,,,,,,,
44,2011,HBA,,,,,,,,,,,,,,,,,
44,2011,Alaton,,,,,,,,,,,,,,,,,
44,2011,Benth,,,,,,,,,,,,,,,,,
44,2011,XGB,,,,,,,,,,,,,,,,,
44,2011,RandomForest,,,,,,,,,,,,,,,,,
44,2011,SVM,13.024670322917979,12.259715541066672,12.09475950293064,12.354150988176253,11.992501928137044,11.266784148355864,11.512183622948733,11.558254926783,11.889364893004606,9.6530342454685,9.438157184982224,11.321824564890472,11.223454840747483,12.10128729696659,12.246346677074252,12.854993383253575,13.946152238511015
44,2011,KNN,12.830376838334509,12.282009048397171,12.296420526027289,12.69912483100483,12.433082811506024,11.768574034825841,11.941257332263651,11.967764487510435,12.56825917311653,10.311881886639208,10.259688431932483,11.79446312220878,11.585398217670948,12.32989426861311,12.389676228757292,12.843849368610407,13.445499682772402
44,2011,LSTM,4.434990611296598,4.0040789512159085,3.502877171132184,3.3373332899309394,3.2656911269680813,3.164443314987494,3.1027582696242937,3.0873526920652834,3.0098718573183643,2.951546612844021,2.76024064821314,2.9455777147912534,2.888055858728518,2.9113438398186546,2.9061318248552546,2.75874037732822,2.7335670797599665
44,2011,FeedForwardNN,5.225509684841214,4.315832996387878,3.864891729736973,3.559984166480055,3.508689108044812,3.3896590565124973,3.265963568755523,3.2473296388419945,3.111978539648908,3.1380833392959757,3.009659444592776,3.032415021417381,2.952822600072315,2.9121484674239158,2.8253485328578742,2.7438475958258977,2.341044265197892
44,2012,HBA,,,,,,,,,,,,,,,,,
44,2012,Alaton,,,,,,,,,,,,,,,,,
44,2012,Benth,,,,,,,,,,,,,,,,,
44,2012,XGB,,,,,,,,,,,,,,,,,
44,2012,RandomForest,,,,,,,,,,,,,,,,,
44,2012,SVM,12.042219513963367,10.078671600751667,10.829395637533848,10.23017409544963,10.178553261110293,10.065582678160784,10.214487727679334,10.32499649810326,9.483147320604104,9.835749639664142,9.594578295279787,10.16913189480056,10.493560493323756,10.700148774830707,11.186552499585233,11.481379114065591,12.704409429772554
44,2012,KNN,12.953307989239175,10.858637793838676,11.689897945640972,11.273600299237911,11.271672035289903,11.031248646722162,11.082232717246534,11.162679415168226,10.837318255120675,10.533952685253327,10.281433234773116,10.980841513975692,11.086169581893122,11.291143248648625,11.637663141924913,11.891845136419208,12.837781358451501
44,2012,LSTM,2.813888678125859,4.749560154464282,4.064011525487309,3.937253545956035,3.6768973417975026,3.416514258515914,3.440667599101204,3.439555969533617,3.243910979811469,2.8246346510110922,2.7623294947567225,3.219596217000458,3.2208282725699027,3.3728955142095076,3.557182083140347,3.4842290394990165,4.26183968620033
44,2012,FeedForwardNN,4.267294012329234,5.038968065608806,4.5276779064331,4.121768892164239,3.8277470369650826,3.441091793691529,3.557364833822817,3.5785772754059386,2.9670570492640547,2.4940014915479933,2.517272587817663,3.2297798410734524,3.3450034049286597,3.626991341203405,4.029625316626272,3.6164300005157837,4.557888432335162
44,2013,HBA,,,,,,,,,,,,,,,,,
44,2013,Alaton,,,,,,,,,,,,,,,,,
44,2013,Benth,,,,,,,,,,,,,,,,,
44,2013,XGB,,,,,,,,,,,,,,,,,
44,2013,RandomForest,,,,,,,,,,,,,,,,,
44,2013,SVM,9.50804796229462,9.179387293957234,8.652182834001172,8.917128428217088,8.63743342994742,9.089417237983668,9.52935338466175,9.566299103243656,8.622658796482787,9.931868135699213,9.526180904609124,9.917900146296597,10.453298344761734,10.517823695200905,10.828813917313443,10.242396874825056,11.086221452733247
44,2013,KNN,10.304384658012514,9.656302148348601,9.371910338061964,9.684559451426457,9.552443973104268,10.099271917932958,10.509813577667412,10.541862072990074,9.729628375941155,11.112493334011752,10.597225283532111,10.966958320159224,11.47356493755733,11.437301169819532,11.743576259497086,11.084024948044059,11.825435294269399
44,2013,LSTM,4.271992187105587,3.6002098498672233,3.7674125104018894,3.7176168180591844,3.5352001840438785,3.1928872364064573,3.1207454408585695,3.107022354630199,3.2866219221253727,2.363959820025301,3.018659785840397,2.840291320860805,2.6141649059469314,2.8322401879676438,2.9115069508053915,2.4936634153655515,2.330032252705473
44,2013,FeedForwardNN,5.257674698910656,4.173249252841562,4.325058509419028,4.294995547784921,3.910246911794734,3.5558984013032497,3.5162818271183727,3.5048701530223463,3.445857035993015,2.711674482450375,3.110523872167391,3.1415221183978,3.0798049117453066,3.2658559073794846,3.432598502795244,2.8704897302686625,3.2422266323345883
44,2014,HBA,,,,,,,,,,,,,,,,,
44,2014,Alaton,,,,,,,,,,,,,,,,,
44,2014,Benth,,,,,,,,,,,,,,,,,
44,2014,XGB,,,,,,,,,,,,,,,,,
44,2014,RandomForest,,,,,,,,,,,,,,,,,
44,2014,SVM,13.198357305995586,12.801139037550557,12.527100908771232,12.224515660109157,11.515458384845186,10.652231861431034,10.947966029271647,10.90713842734536,10.405926505970797,8.671710746032575,9.647256024320503,10.204921063867129,10.31164878540813,11.278222809693935,11.587262182085775,11.472216581322598,11.240820179282402
44,2014,KNN,13.600597866305911,12.980826908700829,12.737806265513523,12.610604986550099,11.98832214301068,11.30591131495881,11.636159381297666,11.591778410618668,11.188745557543296,9.79954878430331,10.64545369667157,11.091117390707305,11.21805349435931,12.05848271700063,12.303523988239311,11.961283999864538,11.459344009523091
44,2014,LSTM,2.457369084618394,2.099296288731129,2.2710468591218715,2.2815526653337304,2.4772471479976117,2.528730065050214,2.441431653431827,2.511813387949036,2.6675556279480444,2.6286727375506405,2.760865747222095,2.5860386322998754,2.538031258583735,2.4815342811419323,2.5221910075936327,2.7115182601273355,3.2245529908881565
44,2014,FeedForwardNN,2.03571203846654,1.9795697610349408,2.382080918192746,2.520095646056272,2.492750552717151,2.543233133097917,2.579538471069231,2.640174994620051,2.598711437486919,2.6413052969541067,2.6029733313017513,2.6929254270518794,2.8001815265260395,2.88542124282332,2.973782981787745,2.9921108799650122,3.774225028384753
44,2015,HBA,,,,,,,,,,,,,,,,,
44,2015,Alaton,,,,,,,,,,,,,,,,,
44,2015,Benth,,,,,,,,,,,,,,,,,
44,2015,XGB,3.3134808141592536,2.904328698351248,2.5341626885179283,2.623285035925827,2.6539731119562884,3.0206649812681996,3.344435021478845,3.343285010936384,2.7686036238684437,3.6450108681876587,3.480897231384552,3.567020510707038,3.768410432818267,3.929377348389153,4.197964162208973,4.685915539626792,4.732536067319293
44,2015,RandomForest,,,,,,,,,,,,,,,,,
44,2015,SVM,11.200871922762781,10.019389676257987,9.893535215018998,9.900988927296451,9.882435297909078,10.237842190456298,10.684614721653897,10.744983028786027,9.871322899383728,10.913990256333495,10.975669364156756,11.076753041760542,11.322547307660159,11.24651734884521,12.280597376669277,13.724203719183917,14.591805958846491
44,2015,KNN,11.857770125092097,10.720742126174553,10.689171871923046,10.771664079700312,10.677359883412475,10.952772974157371,11.427776599229366,11.479175754056484,10.66553481323376,11.483800734534022,11.60269655731609,11.7867140268432,12.007291670985849,12.020691315171804,13.055902236354033,14.415457166349544,15.021118191899626
44,2015,LSTM,2.9691554058452243,2.5787933689973026,2.317009668655943,2.5364879280334205,2.676696130519078,2.8940054368538455,3.0260058937764533,3.008887185720218,2.9934713203280374,3.285787280903503,3.418330405278147,3.177816995287495,3.214687388050144,3.04568664609969,3.3976231623777546,3.556896697305786,2.5837391817385154
44,2015,FeedForwardNN,3.3674845295817706,2.7085156107249295,2.454124378159499,2.72740629063768,2.7508765663948016,3.009578328182656,3.186915785443328,3.1743731402060793,3.01859525335931,3.4695880696878167,3.3173216370055516,3.359283849978586,3.405277210966671,3.3059274760846256,3.6924560288784836,4.1062120050855775,3.408580215858061
44,2016,HBA,,,,,,,,,,,,,,,,,
44,2016,Alaton,,,,,,,,,,,,,,,,,
44,2016,Benth,,,,,,,,,,,,,,,,,
44,2016,XGB,3.721722786761202,3.6185172773767484,3.2150757431571133,3.368247330962624,3.240344229588668,3.1255594975148338,3.0706924823487327,3.092885995071048,3.265417189000494,2.882308981538654,2.9405081903507617,3.0610103821637473,2.9532046693538754,2.9116051108357874,3.0483766508071177,3.1758149991982108,2.9058614013277366
44,2016,RandomForest,,,,,,,,,,,,,,,,,
44,2016,SVM,12.561496035000635,12.697422621470913,11.725044741626563,11.147025143325687,10.67661405465977,10.791604566559224,10.542745188485123,10.501799340948988,9.513332809860715,11.017985842186791,9.484392313299441,10.021546916280217,10.372916469623837,10.255035674842693,9.502900572480778,9.508716303420755,9.329199629764185
44,2016,KNN,12.550143323783827,12.206065348059342,11.318610691365906,10.873911957087635,10.502264108583086,10.759060121532059,10.558985868441027,10.519055651012218,9.616868244400688,11.25508868394023,9.717839238915023,10.211708255299493,10.559942293736523,10.31982102061061,9.681530195934643,9.928108248399942,9.746581762072728
44,2016,LSTM,4.448535639788846,3.8120895609802887,3.3914558430130106,3.3964650114672272,3.2313199096306846,3.1004286350113053,3.03253383158728,3.033621840685719,3.0628228779418865,2.8204815981748372,3.0191886357474,2.910481377147556,2.8386688339668584,2.70844934438723,2.8889984644673183,3.0398068597187127,2.889910219114691
44,2016,FeedForwardNN,4.438043478368771,3.9394201215935243,3.434776230625387,3.4184937797421697,3.154743579606714,3.0134397827023283,2.9829297253089613,2.9761696367681147,2.847301591273819,2.7088085694230215,2.784491674008538,2.809017177655641,2.8097305225519174,2.721701902788453,2.9179042773976946,2.9985731337147477,2.4787987674881173
44,2017,HBA,,,,,,,,,,,,,,,,,
44,2017,Alaton,,,,,,,,,,,,,,,,,
44,2017,Benth,,,,,,,,,,,,,,,,,
44,2017,XGB,4.865115290547339,3.9676082431605884,3.542678043209737,3.5995167534530035,3.4708248595544715,3.3553332225505628,3.2439436469474083,3.2648610331978847,3.397452382824851,3.111516140348945,3.2137571489255894,3.187645761875705,3.0481451061689295,3.099273234297,3.021709424990426,3.0537376281099755,3.0444385606350948
44,2017,RandomForest,,,,,,,,,,,,,,,,,
44,2017,SVM,7.372781211686144,9.945414616490325,10.867731698297808,10.397301214528746,10.809231535285951,10.287173507273781,10.362202677672618,10.428380455903865,10.750413038607103,9.154170827520428,11.123086964343782,10.249523657348071,10.100958388051977,10.142778667483045,10.796750342045947,10.4312766361926,11.337323007762791
44,2017,KNN,7.810701006629571,10.500954190862524,11.300245110834721,10.842032266974241,11.192503753110458,10.769643653672784,10.748315451706578,10.79377893525608,11.083715124534704,9.869721006923145,11.440004148691223,10.584737355761087,10.44964979085946,10.373134099897626,10.799494699467427,10.408220176747916,11.041252587139105
44,2017,LSTM,3.4828952393333275,3.139919861720351,2.8821891985063233,2.902853434941661,2.867055196765954,2.9662198983250847,2.91459837628953,2.9258887727978076,2.851840883818521,3.155213218318804,3.1365659166135407,2.9600147759411928,2.899677466801003,2.8919778443956674,2.8357871012017504,2.8793590189204905,2.689067974293718
44,2017,FeedForwardNN,3.0627561438927695,2.8934287955834885,2.6072626499032197,2.630859888152356,2.7468683730727212,2.8355422785798337,2.890068531496921,2.9181465298405107,2.879714081709155,3.005050469271155,3.1496622569581167,3.0380356195901275,3.014757098694371,3.104511733180785,3.182891313242863,3.13133027165797,2.947284578961647
44,2018,HBA,,,,,,,,,,,,,,,,,
44,2018,Alaton,,,,,,,,,,,,,,,,,
44,2018,Benth,,,,,,,,,,,,,,,,,
44,2018,XGB,4.0645023260411355,4.477592193239736,4.257812273886345,4.086269852022851,3.716984318687071,3.4784407137544573,3.5025098033622903,3.496294623435137,3.0826903008693507,2.9439267223527597,3.0555367888484026,3.22027920753589,3.2649158752809337,3.378843989552915,3.5740967670276946,3.6043691996410354,4.2615811457369945
44,2018,RandomForest,,,,,,,,,,,,,,,,,
44,2018,SVM,14.25251284732985,11.259978367582342,10.46406969935679,10.975641698075275,10.94480468401507,11.05223008866393,11.081001093568798,11.059373471966799,11.405294580565622,11.264007752830626,11.434498992249988,11.26901927220381,11.126429464652613,11.085341115551355,11.25037031039294,11.386063015535187,12.105529981688411
44,2018,KNN,14.615706584872205,11.784734166723915,11.259540277594068,11.754441875100671,11.881388884400744,11.931847701425765,11.908193569636222,11.880023581023007,12.472271500490999,12.032130528935209,12.672565086988502,12.08463967402566,11.826319171097985,11.647897179858072,11.89415883251517,11.681809029664972,12.507063721756367
44,2018,LSTM,2.175484899343672,2.967528855469896,3.41496179782229,3.2727409256589897,3.1850106562906784,3.0214235722596245,3.159900778720699,3.1630988293339204,2.9371111114128303,2.6642851663528764,2.6678437786781384,3.0839977408292607,3.1804820192235197,3.3568941101586334,3.522251965335571,3.626189926240238,4.085597259513465
44,2018,FeedForwardNN,2.3503505919329597,3.1727502499540488,3.5471089632514348,3.3482258365571864,3.272638603388904,3.1346066966335804,3.319946888091015,3.325661476709803,2.972935394455096,2.8384768047242726,2.7415626160091913,3.2624520252594973,3.4207798316776903,3.6709515889715156,3.7122459158195764,3.70393138715165,4.146728583620031
44,2019,HBA,,,,,,,,,,,,,,,,,
44,2019,Alaton,,,,,,,,,,,,,,,,,
44,2019,Benth,,,,,,,,,,,,,,,,,
44,2019,XGB,2.7502769438823327,2.76752383130931,2.6168469181842458,2.8324901618069505,3.094278966775828,3.0382301976504373,3.118050596088936,3.1113416649938452,3.5073119130257266,2.9229101172089567,3.159929891185502,3.2520004370338382,3.126466113498811,3.1752264200895732,3.377959320227955,3.5697911760582843,3.97157872324428
44,2019,RandomForest,,,,,,,,,,,,,,,,,
44,2019,SVM,8.662193878423436,10.647785159473381,10.907966744561847,10.46441295912294,10.062035178839453,10.055314297204955,10.273486465244286,10.273620593968287,9.138127017060896,10.041859039357089,10.175456319000409,10.072155423696643,10.432465190282597,10.531332052554736,10.899477499434273,10.823133444287345,12.041733785728878
44,2019,KNN,10.069518629585955,11.377732406361288,11.53251217091129,11.337854544444943,11.062419548092754,11.200303856979493,11.38863975693286,11.37360854081636,10.571443399263524,11.471101383474899,11.752033165961958,11.335526801830925,11.605133177823935,11.541795445115842,11.871824405096923,11.702252150187132,12.845450448405321
44,2019,LSTM,3.114618787157111,2.6212346662054773,2.5460024783455273,2.842850820285005,2.88906190842271,2.9502260040656867,2.969120648775328,3.000363213225369,3.1955013380777317,3.068899314705197,3.1477308052890063,3.1267454913289434,3.125647976929769,3.0559006451884065,3.1949469707516283,3.4540822030319367,3.508122271625314
44,2019,FeedForwardNN,2.7726132253062503,2.672597258933067,2.5208395024030352,2.701398328425297,2.906834158237813,2.9634293982197244,3.0120840757975507,3.0128414749102315,3.2472662117727102,3.0734950378522625,3.3055387556434006,3.158686084682995,3.119256057831363,3.0490879596534324,3.211629369164223,3.5460945097029977,3.5382973500861348
44,2020,HBA,,,,,,,,,,,,,,,,,
44,2020,Alaton,,,,,,,,,,,,,,,,,
44,2020,Benth,,,,,,,,,,,,,,,,,
44,2020,XGB,3.189857206246976,3.759169329587837,3.5073025890851426,3.4958190016848083,3.3060910507130856,3.2177523493373976,3.1988618782166207,3.177454853762517,3.091812513689497,3.0333668544685968,2.817249282343873,3.0619751056743287,3.0747548338976882,3.154142080837267,3.063747944230841,3.1675039376780116,3.1481894362334852
44,2020,RandomForest,,,,,,,,,,,,,,,,,
44,2020,SVM,12.838566628625589,13.223271814155344,12.356773939262556,12.368114176046758,11.44288323019117,11.213396215937664,11.078336175179373,11.075701526513162,10.449367973879676,10.739721171763954,9.833550399094163,10.65528377392686,10.771266120087576,10.89188012989959,10.813549218898864,11.32882796322582,11.424423877993435
44,2020,KNN,12.481029299188846,13.399886786857012,12.729266632467954,12.736771261890379,11.824577693769921,11.698361153386521,11.5774628730011,11.566334935596192,10.844678246565932,11.441751865566129,10.55979902558527,11.199542959948497,11.357794371613332,11.391641432083723,11.314120682711792,11.710879452387314,12.12831866702401
44,2020,LSTM,3.491872066149596,3.134275726767694,3.2497774180367274,3.175838586769315,3.067844607083103,3.0466299739267586,3.0636890449327114,3.0449705892686296,2.8744195587346497,3.0037512426412953,2.482074041640822,2.941548756007704,3.055693155355906,3.096265626515885,3.0417243159453684,3.1692891173139053,2.9799343345389278
44,2020,FeedForwardNN,3.616135337004741,3.334540896325185,3.3616115999091525,3.327593842100239,3.1779264977955717,3.078293741389368,3.02795659479191,3.0099123500809744,2.982951743179678,2.8686657916265554,2.4435893691343535,2.8666688063904484,2.8660125810949744,2.998644008780369,2.8114490420928644,3.044126353675413,3.086462670972509
44,2021,HBA,,,,,,,,,,,,,,,,,
44,2021,Alaton,,,,,,,,,,,,,,,,,
44,2021,Benth,,,,,,,,,,,,,,,,,
44,2021,XGB,3.119057851157226,4.366826216907338,3.9439944038925026,4.008596302606982,3.81072146547767,3.437806380920316,3.2469975209049657,3.326744873512328,3.672615459991584,2.5322602479178062,2.9948710563799015,3.0846060845132257,2.7663512180641354,2.7398116182387358,3.006906570687147,3.223067417712603,3.5625105996255306
44,2021,RandomForest,,,,,,,,,,,,,,,,,
44,2021,SVM,10.08592072622078,11.195068896091506,10.839392618799762,10.131536698064432,9.970351300388131,9.610875349034984,9.564163663641107,9.728599887423249,9.017947535986881,8.848218171912489,9.212996682360126,9.303005260557786,9.535583278176025,10.142265473256852,10.127001510244877,10.232063835966539,11.92341223245747
44,2021,KNN,10.2966904888035,11.910505199306753,11.395812436602384,10.723178081678421,10.366289128861037,10.06102944170557,9.908593100080452,10.039394279011669,9.222546259903686,9.420883168488704,9.39105935380741,9.527655979655067,9.763259925906848,10.24681328098565,10.044086581743157,10.145881219702307,11.648885642582888
44,2021,LSTM,3.3571010626398636,4.41826700493603,4.063256574390661,3.8318175244199537,3.4656768061655585,3.1103228982074715,3.003453973943127,3.0492256622052896,2.740762204252474,2.236178468672249,2.4461123994872134,2.6094266949571887,2.552784313232179,2.653324026917755,2.8605049311420534,2.9670523008897325,3.3711409498124407
44,2021,FeedForwardNN,3.0611055505764027,4.44291448143244,4.129685080240934,3.903777474351741,3.5377051313934373,3.11777981112174,2.9428171939343515,3.027275999680846,2.8242550046712056,2.0324708259997273,2.3620019267766246,2.5005695052751817,2.401450092112397,2.606636911466769,2.772380611859135,2.8579218690325017,3.5956067899997035
44,2022,HBA,,,,,,,,,,,,,,,,,
44,2022,Alaton,,,,,,,,,,,,,,,,,
44,2022,Benth,,,,,,,,,,,,,,,,,
44,2022,XGB,2.8158071806817326,2.748212029192266,2.624901457431698,2.7889944423984283,2.8862624457033927,2.802312470837941,3.2640278809089533,3.32750355144678,3.1258461494015357,2.626374638486689,2.90171894303035,3.4515526378414996,3.7479734909301605,4.248800857433478,4.552014223344128,4.445315282892728,5.960504680971801
44,2022,RandomForest,,,,,,,,,,,,,,,,,
44,2022,SVM,10.891453607769682,11.634356073724673,11.69435008556182,11.428846012492404,11.814900283604969,11.821270793655755,12.08191290935227,12.167608827695766,11.93423284083974,11.834001525593875,12.37558049744916,12.40895716689051,12.565003313357524,12.521462473241506,13.320548925122791,12.559471102632028,12.552481114767389
44,2022,KNN,11.044459467861751,11.799281184767096,11.781780422240375,11.351822389510408,11.741732136071324,11.71676946742913,11.911821417922102,11.99114454028361,11.701546786327587,11.666683896812255,12.325724004821433,12.147568755737968,12.296113245776136,12.260090707845846,12.947414237827308,12.009647443506948,12.161036016139805
44,2022,LSTM,2.394898985450724,2.3146848559282933,2.405324212954139,2.642025599538203,2.6883817352779076,2.6146039014485885,2.941170590287498,2.9630811016079215,2.9443519048728297,2.4604202842723497,2.6577650909762185,3.0458183668884904,3.2249543641967855,3.68149768618327,3.7744979360302704,4.219854037089733,5.675735568407431
44,2022,FeedForwardNN,2.369305673973982,2.434047064063214,2.6100419670470423,2.8068361899351713,2.822645853418291,2.7679189240233164,3.056119105972644,3.085795258698773,3.0203212011129135,2.655083102703234,2.8557694932036886,3.1686418636276525,3.3529668239817934,3.7384795880726682,3.839703606040124,4.284821167348716,5.7714486356487
44,2023,HBA,,,,,,,,,,,,,,,,,
44,2023,Alaton,,,,,,,,,,,,,,,,,
44,2023,Benth,,,,,,,,,,,,,,,,,
44,2023,XGB,4.370808778282372,3.8193746370507546,3.652576344237418,3.4184358086316884,3.0636803749962036,3.084485473736008,3.158160309445371,3.1900757651291607,2.3304422176468944,3.1256802512079798,2.474262664738862,3.0116722386493517,3.3463474351658355,3.5249569238591283,3.4660731167830745,3.497977151366587,4.268933748330656
44,2023,RandomForest,,,,,,,,,,,,,,,,,
44,2023,SVM,12.345571164460939,11.71779253990763,11.70222844886298,11.086486905370213,11.118493012457076,11.097144637465892,11.357229564436533,11.420521339998947,10.502362737343232,11.054324202700055,10.47394773253708,11.373119655505855,11.769623062677832,12.484866182076953,12.166298116191692,12.23629683188521,13.61643297844399
44,2023,KNN,12.840437482116752,12.350800474128745,12.253143991550456,11.615355355820393,11.733767892551706,11.778723433585364,11.99968880982056,12.058996407168618,11.190311891760908,11.868123662235927,11.333918106183637,12.057909278086429,12.433583393276392,13.001401982595196,12.765308200687787,12.51333153823123,13.765416384552132
44,2023,LSTM,4.376322923973936,3.8439208367760496,3.6143258397827513,3.468258515629516,3.0188659405941007,3.0309062452883544,3.0684723510334533,3.0640084697927805,2.2723890200484855,3.054844491725502,2.3131213334574126,2.8277849188629762,3.0869368036563483,3.1360128096482933,3.2272408585628125,3.372141261271572,3.6487302595085986
44,2023,FeedForwardNN,3.9613623786423657,3.6265447318377406,3.4388971561055866,3.3130623526887986,2.89084352806153,2.970197361843832,3.0502305142033332,3.0681968403498883,2.210868371748843,3.122861587941693,2.512548838741813,2.9234512909861476,3.213486506499772,3.2366102512961654,3.4089165255936753,3.5534837234193932,4.074321021999076
44,2024,HBA,,,,,,,,,,,,,,,,,
44,2024,Alaton,,,,,,,,,,,,,,,,,
44,2024,Benth,,,,,,,,,,,,,,,,,
44,2024,XGB,4.65872697455888,4.307083461385863,3.8162739901774607,4.0334871543157105,3.552253623680358,3.303000082256961,3.1846090987935263,3.1916724464659993,3.2669656327845678,2.7372279803238913,2.4634644209396,2.953415918144765,2.7714337109635188,2.906930995775509,2.789413706190464,2.6387383385082632,2.369386061846304
44,2024,RandomForest,,,,,,,,,,,,,,,,,
44,2024,SVM,10.744233034163225,12.554187629437465,12.424629291549312,12.217516068697162,11.479132937582797,11.08461960954171,10.990833464108098,10.946133204619787,10.448424425001665,10.250140958411903,9.962876092933874,10.348996390212092,10.479568526397173,10.223771011921114,10.704379717031635,10.254579875089348,10.344106828462838
44,2024,KNN,11.28932596058251,12.955923551415006,12.894894319020356,12.527583249187357,11.845175460310655,11.531388943316518,11.428771585215397,11.380189862571232,10.69289782390106,10.876692029980244,10.47097709460312,10.79134323578025,10.989743977256442,10.775364476595618,11.081107559635555,10.359399047012547,10.483535329240128
44,2024,LSTM,4.366517188770338,3.461976090567686,3.186177436823547,3.571357702197164,3.1904387259179523,3.086820646094926,3.048051842420253,3.0494567939175887,3.194694331035517,2.8683769933186514,2.495875508653419,3.0132196740928165,2.8867840065940573,2.975425878489938,2.86616289019558,3.056384183085446,2.3460500683515724
44,2024,FeedForwardNN,4.83681388575663,3.856707915068857,3.3912385680656945,3.839317011133193,3.396616948661257,3.2026487764128553,3.1045595779223043,3.110104183228219,3.4019868263015893,2.7743222890123027,2.3165629632728684,3.001370253973536,2.800476190538812,2.8942639647908304,2.8030090213423677,3.074295684209368,2.8470344085053765
52,2010,HBA,,,,,,,,,,,,,,,,,
52,2010,Alaton,,,,,,,,,,,,,,,,,
52,2010,Benth,,,,,,,,,,,,,,,,,
52,2010,XGB,,,,,,,,,,,,,,,,,
52,2010,RandomForest,,,,,,,,,,,,,,,,,
52,2010,SVM,,,,,,,,,,,,,,,,,
52,2010,KNN,,,,,,,,,,,,,,,,,
52,2010,LSTM,,,,,,,,,,,,,,,,,
52,2010,FeedForwardNN,,,,,,,,,,,,,,,,,
52,2011,HBA,,,,,,,,,,,,,,,,,
52,2011,Alaton,,,,,,,,,,,,,,,,,
52,2011,Benth,,,,,,,,,,,,,,,,,
52,2011,XGB,,,,,,,,,,,,,,,,,
52,2011,RandomForest,,,,,,,,,,,,,,,,,
52,2011,SVM,10.615941540235514,10.854332470816313,10.957976386007502,11.569249676383393,11.279598273909048,10.597437369305274,11.075459345100553,11.094168044053685,11.592300374181386,9.08065867365907,9.24647319092872,11.100247951882125,10.960230421962796,11.93321220321697,12.226638208802555,12.874896382464568,12.739192354200684
52,2011,KNN,13.348869680168443,13.402985899636123,13.543694425622625,14.205833132038473,13.904336459906839,13.197798693299449,13.667650069690433,13.681478864643383,14.25585795685226,11.656951842826691,11.872726600133133,13.684182856704815,13.497295533414784,14.489965571481683,14.800913397685997,15.404090978225934,15.028355402998436
52,2011,LSTM,4.0071873863730785,3.5003331418932686,3.151712949217504,3.0163470780320147,2.8825193302045475,2.6423701602348415,2.5627698152936893,2.5750801037006372,2.585447903892177,2.0805107096798987,2.453494197478668,2.3538296224039983,2.2437041669195352,2.3305977642603866,2.2964447106980845,1.7807813022440722,2.0844021215638833
52,2011,FeedForwardNN,3.736049938645966,3.500205957519035,3.228745458542885,3.0966077237569456,2.981655316343228,2.7971119331681176,2.7823869421794747,2.815960780351885,2.7121466801952967,2.385575119139781,2.589231848584956,2.6635616077914874,2.6587458021947876,2.763062608922464,2.7087730290852416,2.7744039735059256,3.0989856287370943
52,2012,HBA,,,,,,,,,,,,,,,,,
52,2012,Alaton,,,,,,,,,,,,,,,,,
52,2012,Benth,,,,,,,,,,,,,,,,,
52,2012,XGB,,,,,,,,,,,,,,,,,
52,2012,RandomForest,,,,,,,,,,,,,,,,,
52,2012,SVM,10.489676305568075,9.138038217212186,10.152430845408722,9.68654657701807,9.821840113698011,9.755700171795294,9.904006977376183,9.981845785740264,9.479727547102199,9.622056489535149,9.594846725727386,9.94475341131285,10.179760063557353,10.35866739500412,10.741681330872721,10.901699984927651,12.075816603032735
52,2012,KNN,14.410163979613495,12.35521685860786,13.092949453850565,12.606302193383872,12.620836760784396,12.387771986094576,12.501272497749381,12.58334454668967,12.130363378054582,11.907965537978146,11.982349397629172,12.427733533652056,12.596043661007192,12.83265986657333,13.273903065912053,13.453724788721763,14.654598305082247
52,2012,LSTM,3.0936879157821755,4.731370395554911,4.309885561664386,3.886188495405808,3.534495409340318,3.2108460831339176,3.123256927361696,3.142617794276787,2.531837680944897,2.4378847617214583,2.5555625002471483,2.670399351675268,2.72298764111528,2.832653992100167,2.9441593693818775,3.102847176663839,3.708605459906728
52,2012,FeedForwardNN,3.064304110700985,4.537198329546092,4.621816844095612,4.165217905881879,3.8604714766624544,3.4509970438645885,3.3608103405144547,3.3799615023580345,2.906077959016733,2.4334464748659683,2.852489245885182,2.8807041252514516,2.865911236138176,2.9921618088739823,3.2029641521626147,3.3049205920429876,3.8707125715417794
52,2013,HBA,,,,,,,,,,,,,,,,,
52,2013,Alaton,,,,,,,,,,,,,,,,,
52,2013,Benth,,,,,,,,,,,,,,,,,
52,2013,XGB,,,,,,,,,,,,,,,,,
52,2013,RandomForest,,,,,,,,,,,,,,,,,
52,2013,SVM,8.74025264771651,8.679910533123651,8.646591786109502,8.79354150948988,8.630594741795727,9.43438402960787,9.725410700301383,9.758019584505421,8.61456799140896,10.865011498389494,10.010475968520236,10.169685274476999,10.792965101725361,10.540095086348387,10.50294199874484,9.846652066132535,10.382605970572838
52,2013,KNN,12.998519147148311,12.028697859264343,11.778857763828915,11.773741137400801,11.531243293644774,12.185528921866203,12.446844245919266,12.490857828550865,11.278193719472211,13.398589534815144,12.531389086923237,12.789446474600291,13.410033678643627,13.193083726474063,13.209806489412893,12.501788155127286,13.14936938341899
52,2013,LSTM,3.3238023073314498,3.166266560989194,3.280814514197998,3.317484027135578,3.099551332323385,2.9143539988128913,2.9402640626651415,2.926717839813941,2.907007575986533,2.503186123278637,2.6350668420455103,2.7859026584079722,2.7634891879935357,2.9569470077574382,2.9983265775296086,2.895127915163938,2.671184007033641
52,2013,FeedForwardNN,2.4944807430306213,2.613906753688468,2.848446265638735,2.9481507408467866,2.837593711356662,2.80020382356194,2.92868795659896,2.9352271666405287,2.826699491143424,2.7238847661035472,2.777889997860039,2.966408242734192,3.0606860942489202,3.2489728147788655,3.242278478548558,3.0182806490193745,2.792775766387501
52,2014,HBA,,,,,,,,,,,,,,,,,
52,2014,Alaton,,,,,,,,,,,,,,,,,
52,2014,Benth,,,,,,,,,,,,,,,,,
52,2014,XGB,,,,,,,,,,,,,,,,,
52,2014,RandomForest,,,,,,,,,,,,,,,,,
52,2014,SVM,10.94087512775239,10.90616627550774,10.824408344602517,10.780387697658277,10.336676167397096,10.009613746579353,10.346621132774436,10.29748260234383,9.824761186337797,9.321124057100667,9.425702995373648,10.061187329612112,10.246029962828151,11.03613404823566,11.034366506230953,10.897279778281057,10.142166395047603
52,2014,KNN,15.092154484497271,14.435248681344374,14.184506296070404,14.017852420485623,13.463949379772734,13.082223010056737,13.394619914581062,13.345660341919633,12.702584262224132,12.283232915336608,12.430871608563645,13.00476496702692,13.220760100296905,13.99096904533843,14.022582438509616,13.757867767991325,12.893314107124592
52,2014,LSTM,2.242957091953763,1.9855717876665873,2.0862629190169604,2.032218911084923,2.0193258139331305,2.2048779265373417,2.2478239976305754,2.3370313230802022,1.9500924384162492,2.535568284854782,2.147749923480512,2.407515861414691,2.6011157659783164,2.5803092180311964,2.7375697936455112,2.9739452150785546,3.61746820692979
52,2014,FeedForwardNN,2.7468807854180075,2.528448810105566,2.628027826021665,2.5863982168128494,2.530918077300727,2.545258308509879,2.727128743840364,2.7554362153975935,2.4299305285688853,2.573699077806201,2.4633807141790185,2.7581370842035935,2.959228957311906,3.2980237337144613,3.3225962480633746,3.242117128695435,3.583068824435537
52,2015,HBA,,,,,,,,,,,,,,,,,
52,2015,Alaton,,,,,,,,,,,,,,,,,
52,2015,Benth,,,,,,,,,,,,,,,,,
52,2015,XGB,3.0686808011782274,2.9648917513633437,2.679718945743101,2.7122610718139533,2.505170556497143,2.65328058187884,2.889418365726624,2.9087515707649603,2.3175127628787497,2.92710343244743,2.3917713765125823,3.0013235475898417,3.2079480016663937,3.5142953631959575,3.5914095899816636,3.9974772689543157,4.088139969983412
52,2015,RandomForest,,,,,,,,,,,,,,,,,
52,2015,SVM,10.544037044787082,9.577782923252407,9.724012506934193,10.221760840029765,10.143930707957495,9.982670193399878,10.486878397615651,10.552882433398324,10.547143745141312,9.652069837858454,10.1413785953664,10.829808103348265,10.817489268304596,11.213136698592356,12.217326242195602,13.438372908518023,13.79705958134691
52,2015,KNN,13.247925400291605,12.1521338593232,12.265761877925616,12.787719937792192,12.635499790608275,12.41021512488177,12.919655516064822,12.987768768421294,12.994721831226332,11.946907902072786,12.500642214661072,13.230723648494788,13.205728021754641,13.660269184378054,14.693618242498609,15.93556140774077,16.29170841961945
52,2015,LSTM,3.416090679424067,3.0544655820020625,2.757907129924734,2.733338693871852,2.6740524688838714,2.6554851616528863,2.7027135359851653,2.6862362659144976,2.587481686002467,2.617955522652764,2.6657384512356392,2.6775519184187306,2.6469189387195247,2.7446686535763645,2.811463392085807,2.913927576544683,2.5285021439096496
52,2015,FeedForwardNN,3.8679761048047725,3.194093811090432,2.987726100746896,3.0488914656588197,2.830575661578578,2.9447311067712896,3.0114395270492054,3.053458634711094,2.664171522022889,3.1606971891842766,2.8052588080970065,3.0965124689986037,3.170446412137291,3.091712793673423,3.4316925484910774,3.8695727241636995,3.6043276085801104
52,2016,HBA,,,,,,,,,,,,,,,,,
52,2016,Alaton,,,,,,,,,,,,,,,,,
52,2016,Benth,,,,,,,,,,,,,,,,,
52,2016,XGB,2.737895362008858,2.815090953032365,2.519330811596425,2.6548250169856824,2.5280059210620576,2.597103421435998,2.581200031361906,2.6482588018728124,2.536651362641414,2.7300568988675042,2.3816482235810685,2.6982546117368877,2.7680230600770375,2.687095252226277,2.816869178363951,2.9884711855422674,3.244087851087367
52,2016,RandomForest,,,,,,,,,,,,,,,,,
52,2016,SVM,10.217430278279751,10.375333500242279,9.809840425780582,9.417389141858088,9.308665381611494,9.769068285089954,9.59676007655609,9.553348430213115,8.778925514796533,10.63022027535773,9.063934793783671,9.47907977699113,9.84146058340616,9.461733687243681,8.846562789035447,9.0968321921093,9.334906786077873
52,2016,KNN,14.370088739919545,13.789067774908686,13.102256875566384,12.65218903234789,12.411239607996881,12.727391632258513,12.55558865559583,12.515559134696284,11.679409316437823,13.337231949262591,11.86886418037253,12.321584546370502,12.66835365070985,12.332841147230468,11.848624510171263,12.2561388147065,12.421094406751974
52,2016,LSTM,2.987725698532879,2.8117826101783923,2.483458240551471,2.5232556116592253,2.4348125324833547,2.4930753721685486,2.545460010545818,2.593042957768325,2.385174900109635,2.605695741498618,2.4935959029089143,2.6393291251591693,2.738871496413649,2.6782549574855983,2.8805076138610355,2.936639426962472,3.2142842012597215
52,2016,FeedForwardNN,2.375918950249784,3.053638953421816,2.816162216067345,2.7133337348600834,2.6844443232831243,2.8588234194050264,2.9722076336297776,3.0043189239435732,2.545920859415831,3.1790142151934386,2.5557264314090244,3.063706441580648,3.320381291416837,3.4145430957568257,3.375291097865738,3.5452631509752153,3.80717860238082
52,2017,HBA,,,,,,,,,,,,,,,,,
52,2017,Alaton,,,,,,,,,,,,,,,,,
52,2017,Benth,,,,,,,,,,,,,,,,,
52,2017,XGB,4.2402352545648405,3.6305272398358728,3.358765197585966,3.242667312408693,3.2999300030460907,3.178706785781456,3.0551307983479044,3.072877277687265,3.240026604442138,2.9212077022888465,3.324555210223623,2.9941675100066107,2.8466925369785865,2.7635009565018653,2.7937508510543223,2.7970080311139975,2.6952612753627587
52,2017,RandomForest,,,,,,,,,,,,,,,,,
52,2017,SVM,8.129557437980083,9.802801158471418,10.538921794238988,10.345983164760048,10.885525807293838,10.446836487030362,10.410347149600971,10.44360282791139,11.221429125447207,9.508934407057724,11.212246061243105,10.398456362209007,10.024399176123485,9.956522907842466,10.385546422160285,9.852487839535021,10.339758081387671
52,2017,KNN,10.865609825412264,12.41447736273038,13.060406509432712,12.825434502779817,13.286172939222773,12.845775032600475,12.778051167107611,12.81093083911953,13.508166587299648,11.916250493451129,13.462301281349776,12.712189916559288,12.360390874804548,12.26041014423519,12.6581497342141,12.242559981919038,12.731908533960606
52,2017,LSTM,4.456798412910196,3.6761606548773673,3.2368661430998737,3.3466302838316673,3.231357462115178,3.189700931486265,3.16340848025713,3.168460895682873,3.2258393741146874,3.104711580974658,3.196136831905486,3.1727640796631413,3.0924063214097712,3.024861140196057,3.1558979718888853,3.3289579306775745,3.165260766915194
52,2017,FeedForwardNN,3.8646600697249247,3.6412007883352784,3.4342941529051476,3.473483983162667,3.3616652709019434,3.266854383671095,3.4033819071190945,3.4038458427509535,3.2874321983119263,3.0684565998489646,3.177491918678577,3.4142891473611674,3.474879613149891,3.6120647826793286,3.841410851663792,3.6346806702163805,3.628607865167898
52,2018,HBA,,,,,,,,,,,,,,,,,
52,2018,Alaton,,,,,,,,,,,,,,,,,
52,2018,Benth,,,,,,,,,,,,,,,,,
52,2018,XGB,3.007383334311129,3.978194018387991,3.6168027593335483,3.5171894667606094,3.256282353839314,3.04565726243202,3.1158296275263773,3.108298667772355,2.8505240458427705,2.573195473485082,2.7614684107822476,2.9425407491454796,2.9013703558933193,3.045234958959057,3.2883402793778003,3.391366263681183,3.683663516191942
52,2018,RandomForest,,,,,,,,,,,,,,,,,
52,2018,SVM,11.544230774863204,9.626840448519538,9.53029305207953,10.080124301959179,10.404083932059953,10.599279445148117,10.61835330436575,10.60079080573383,11.209970529496534,10.9792645171852,11.617018548014295,10.95111874939139,10.682646490826098,10.523429009867721,10.730321411660364,10.943736937651167,11.85073712646436
52,2018,KNN,15.37184305730844,12.91259907784557,12.654633334101655,13.081729452034883,13.321930242435828,13.388720758535774,13.320071955022208,13.304636643226475,13.957360278652116,13.521312062129462,14.35137155232446,13.527540174389154,13.179279161548877,12.951716993557628,13.184801836679084,13.303313611799169,14.19784991669744
52,2018,LSTM,2.3567148871169317,3.4664621574257892,3.241661643827144,3.2132375652720313,2.9901277573656846,2.767462444126337,2.9125049873769298,2.907985221519115,2.7153927520116454,2.2571701593392723,2.186104979103353,2.8087278121730668,2.820412021138754,3.0417237119222587,3.2756854893453804,3.3909384073715727,3.73253513389823
52,2018,FeedForwardNN,2.123726575955731,3.3055024310712313,3.105217524335142,3.2906163196454417,3.1034222187987637,2.8591476650247465,3.0262780757394925,3.024922361007377,3.101625874090815,2.2938433196235724,2.2459096963424456,3.018076435706247,2.9588261713055957,3.264633912778405,3.4054426023798303,3.4587621962223727,3.56639565477711
52,2019,HBA,,,,,,,,,,,,,,,,,
52,2019,Alaton,,,,,,,,,,,,,,,,,
52,2019,Benth,,,,,,,,,,,,,,,,,
52,2019,XGB,2.393177345991731,2.292768219817088,2.182161831979523,2.3634589882551835,2.7298435251906676,2.701536961374729,2.7321093098017792,2.7390739017827355,3.1846916778712813,2.644014848099494,3.119954734655098,2.8865671983086676,2.763184435509202,2.81404242835709,2.909526674494394,3.289376257971257,3.5565113170559526
52,2019,RandomForest,,,,,,,,,,,,,,,,,
52,2019,SVM,9.153625801651991,10.457846166298197,10.793250374898472,10.703274709946086,10.583555867246815,10.793161567690511,10.869628524468546,10.864356176428513,10.36962178360537,11.200611603325306,11.17187634818758,10.912431572866966,11.101993305424498,11.03837684644684,11.068687707507971,10.940674456548818,11.972607247958544
52,2019,KNN,12.149644132058471,12.889029607884309,13.04504531042023,12.941298718102413,12.719755387120578,12.877719668427194,12.917881194381351,12.918791798674997,12.38592536169378,13.187973208928797,13.241724042037333,12.900121210432607,13.070895048582322,12.968416035661537,13.050381091144962,12.894365263823186,14.139023300410365
52,2019,LSTM,3.3108425917735778,2.770090878701049,2.474081459547219,2.572910467193439,2.7609710851754743,2.7401488349681364,2.739507910540897,2.75637791155552,3.020735605423748,2.698022284374543,2.9902529897865255,2.8311095503868176,2.777182774946873,2.8063417238626185,2.867482257167049,3.2420395984837445,3.3593648967879375
52,2019,FeedForwardNN,2.3187595191339074,2.365446726860275,2.1712752687028263,2.484682433311446,2.7096856558857723,2.6931364524361334,2.7710883486190254,2.8026547716600527,3.157587119137916,2.6597291491606105,2.935082020062034,2.9628999189804786,2.9240814515240894,3.0375583967670696,3.167194039035267,3.598255207735583,3.689118379568756
52,2020,HBA,,,,,,,,,,,,,,,,,
52,2020,Alaton,,,,,,,,,,,,,,,,,
52,2020,Benth,,,,,,,,,,,,,,,,,
52,2020,XGB,2.902699761811304,2.9510527315290673,2.7733364269482923,2.958887969827759,3.0681848811757617,3.004056751692909,2.954133727984356,2.93866153752949,3.3370828567946482,2.8715072648391833,3.104176652573239,3.0002850978320774,2.8275839205321267,2.895987325682626,2.752367471860455,2.6825227960111904,2.709310485890573
52,2020,RandomForest,,,,,,,,,,,,,,,,,
52,2020,SVM,11.556470609054136,12.143809399331325,11.755302415540642,12.012032352910035,11.621212884162366,11.349043262366296,11.208875077849118,11.184849964081938,11.485558015056437,10.78411661264578,10.792138221409713,11.000514438928521,10.801254120394734,10.921548273766133,10.803226326102427,11.216679637849847,10.968483277174439
52,2020,KNN,14.265290174935432,14.457608937376149,13.997536679710084,14.219461989084959,13.698977648125572,13.384197411019647,13.210566375036242,13.189886850967003,13.393765120676813,12.731309587145661,12.770492803405066,12.925171930291636,12.717306562310958,12.79296725167121,12.72081909283099,13.180316536712398,13.06280896935065
52,2020,LSTM,2.878396414109695,2.5031314804928546,2.649377697470815,2.643202629762343,2.858551932858789,2.8638915920776586,2.8682656199667673,2.856105622655393,3.0534302222002188,2.8745411543093065,2.990981462153522,2.9108853631489233,2.875208222255547,2.9387883064907108,2.8173333957047886,2.6530566393704493,2.735885579350243
52,2020,FeedForwardNN,2.793654857164067,2.753592025072609,2.971016390660114,2.965355814733632,3.1440129368566847,3.1253226008057213,3.158678290864841,3.1387471375651823,3.3079746523625815,3.087602529969932,3.3402884802198543,3.173582697792896,3.1600896157713994,3.2376095778222402,3.2253091086407735,3.3364192555168164,2.775121719854266
52,2021,HBA,,,,,,,,,,,,,,,,,
52,2021,Alaton,,,,,,,,,,,,,,,,,
52,2021,Benth,,,,,,,,,,,,,,,,,
52,2021,XGB,3.774766326413553,3.9868260281890864,3.6103827136183697,3.608676185543027,3.4293868517282085,3.131976544249578,2.990114521373445,3.024404976265564,3.2382904469516447,2.4303174409068364,2.8823353659243187,2.7760846754892037,2.5945919068100127,2.597916028738734,2.710615379273918,2.9914485168885063,2.8863879832971966
52,2021,RandomForest,,,,,,,,,,,,,,,,,
52,2021,SVM,9.704412456171793,10.75864059812678,10.693643876129688,10.498129875664722,10.473700188402189,10.4834173728603,10.348200829772969,10.442823667272542,10.249037609628823,10.502824770874517,10.31428368687944,10.316894975884464,10.430913116203682,10.736251385597017,10.39472363365067,10.216092950821315,11.499652088168485
52,2021,KNN,11.724800524711327,12.639106039385759,12.505066179632903,12.310781778855798,12.167799017408832,12.122273960205401,11.926761306569468,12.01951068310344,11.82091306537325,12.030707046666507,11.792805485386433,11.811089043405897,11.896276012431308,12.167220778132126,11.803821313805372,11.697682400098339,12.996489381877728
52,2021,LSTM,4.069715170891692,4.07305208911884,3.677544992606675,3.6306928753355048,3.424895413152683,3.140160621533282,2.998814129821978,3.029369011815279,3.1520596456003407,2.474269388125774,2.9012806641018525,2.7513054813988473,2.613513378929816,2.573126475890234,2.687399211400441,2.9261289549694873,2.8369181988851464
52,2021,FeedForwardNN,3.530202507676257,4.151517792159483,3.7583672097791956,3.7140751808827597,3.4209833093082325,3.0825598432837062,2.8667305986316314,2.9770214592486397,3.0464618037302813,2.258378169648474,2.599616771116252,2.6281593276114648,2.4940398586348826,2.637459008721425,2.712503090965506,3.0474428688338566,3.7874095052181604
52,2022,HBA,,,,,,,,,,,,,,,,,
52,2022,Alaton,,,,,,,,,,,,,,,,,
52,2022,Benth,,,,,,,,,,,,,,,,,
52,2022,XGB,3.297189306343476,2.744056131523993,2.6232202685880175,2.7098953108186943,2.9304787628014908,3.0617401237706274,3.2965960377775496,3.324204416161404,3.2084461941771947,3.308677409186307,3.6473105451830286,3.4818853062513537,3.6857283684200968,3.769365847191798,4.024107221301381,4.057080990373788,5.276004818666286
52,2022,RandomForest,,,,,,,,,,,,,,,,,
52,2022,SVM,9.918712383248568,11.167004554929315,11.715175769664157,11.790607235611636,12.313110536493674,12.6750704269565,12.749988564698423,12.798073671576432,12.883324060726597,13.369624109042807,13.646315829515434,13.217809342841397,13.351229867073487,12.873133792248344,13.262205981259573,12.487248065303449,11.813384274608428
52,2022,KNN,12.531083091306508,13.109628777070212,13.388512302845287,13.37692053886552,13.735825588354219,13.944579078039753,13.909893283450407,13.962004284734437,14.07457095274785,14.35298045019706,14.751233750227005,14.228025735691208,14.276646618582731,13.788850493822084,14.137811423995903,13.329668999808417,12.770919522124954
52,2022,LSTM,3.1011329325861356,2.5860925734514066,2.4363667541360865,2.707526003441914,2.867138388509263,2.9316296553703634,3.2177815945081245,3.2278441150616275,3.2411544420263874,3.0565327138792204,3.3163614268710337,3.346273914129419,3.4730914358725773,3.849714067887824,3.9331752636451682,4.379621268330138,5.8848247862541
52,2022,FeedForwardNN,2.9670436970198586,2.4804906225606422,2.392423736956416,2.449079595506153,2.6229575530521094,2.7012894019115534,3.199562813778998,3.2114511315621743,2.8348053395380988,2.85150497955252,3.0549080128100266,3.4009422228834847,3.655086050713867,4.160821643523538,4.35503199194484,4.832688626034302,6.425681558724123
52,2023,HBA,,,,,,,,,,,,,,,,,
52,2023,Alaton,,,,,,,,,,,,,,,,,
52,2023,Benth,,,,,,,,,,,,,,,,,
52,2023,XGB,3.989668141780934,3.3610962406764684,3.1591358245886276,2.864747691514945,2.8122548711683586,2.8873460721780475,2.934669353922017,2.9489799148704816,2.416074453037625,3.0319543368503545,2.554542810689492,2.8846616840793353,3.101694388398329,3.3793357303684104,3.091562691092857,3.2237617767151536,3.7524803487327034
52,2023,RandomForest,,,,,,,,,,,,,,,,,
52,2023,SVM,10.76487937918473,10.827618955986264,11.283264812832707,11.153328378885568,11.760374400930722,11.763756342370925,12.006370947755196,12.047141959220419,12.21886849358911,11.770517310122067,11.653221947766253,12.33260009572386,12.384838617637998,13.125085383086269,12.71536261140831,12.676233868062507,13.546498891091469
52,2023,KNN,14.053218254758738,13.235892186242934,13.411146399238847,13.1707031339202,13.652382405817448,13.564817981609474,13.67903728212247,13.727882088360706,13.889429180766593,13.38797109024514,13.371592273512812,13.877541805969432,13.86533782204085,14.548595132252299,14.096886678555066,14.012336931049626,14.71312240533883
52,2023,LSTM,3.395833310294406,3.041508384701644,2.8446747637142504,2.776012270438085,2.6020173069352057,2.7327980655152926,2.7455411266111702,2.7448992398997967,2.334269397449222,2.977174443910148,2.5337419627376936,2.6971750643914967,2.88060955801087,2.8918456958239376,2.8254027314868204,3.022994766791718,3.3235992855597773
52,2023,FeedForwardNN,4.019093589459475,3.3168949433155226,3.0298219697248476,2.8864300109399146,2.7111122330093176,2.8773348369895624,2.9405097868292356,2.9516201317662114,2.3495612168484103,3.1838511605468804,2.783353365118992,2.933336699851184,3.1662132207788622,3.1254803746007607,3.209005690524915,3.463342558740911,3.7957402575431645
52,2024,HBA,,,,,,,,,,,,,,,,,
52,2024,Alaton,,,,,,,,,,,,,,,,,
52,2024,Benth,,,,,,,,,,,,,,,,,
52,2024,XGB,4.50823438897608,3.8573365295017563,3.429658735519286,3.3393322088154185,2.9927998001881027,2.8996591415070787,2.8073951499951115,2.8100705691093886,2.480149641833764,2.7037692436235794,2.4405254232535816,2.5618949490765672,2.619893900024978,2.6271631674294182,2.4804755433777954,2.628776169373438,2.5986703401619176
52,2024,RandomForest,,,,,,,,,,,,,,,,,
52,2024,SVM,10.620529072654179,12.20369933208846,12.115817831033754,11.989931864062834,11.52330122631658,11.099033918253555,11.202591142200857,11.166518250741433,10.898619205663758,10.197682062643953,10.57170019884392,10.772702141460423,10.863463115548823,10.889573159678728,11.503430109930118,11.50044332891016,11.460611955483966
52,2024,KNN,13.235328330213695,14.211614439071631,13.989037364991347,13.737134073540792,13.216431734164466,12.733672021146345,12.794187768384154,12.765479606908267,12.395764162347353,11.70858974679345,12.083183187594761,12.274528793677998,12.369628935378389,12.431640843350243,13.005425186577838,12.909928793889945,12.812626891349263
52,2024,LSTM,4.424753783007979,3.5795591485962057,3.2278137630590034,3.1397749341804815,2.8090747577302104,2.7197669800043793,2.663132220524507,2.688478379511883,2.3158195741553267,2.5317178530658473,2.266568342300387,2.4867005602964083,2.576290582138474,2.5986535242045257,2.574839184939718,2.7641841601649273,2.843521951568016
52,2024,FeedForwardNN,4.978748267800546,4.097561469104303,3.6596234892386934,3.651528945917522,3.2722397587083414,3.103152965003579,2.959888926147428,2.985759305623022,2.832359792462049,2.7337828911031434,2.741804432286238,2.686447761305266,2.670506421128526,2.4858928124226223,2.6420186356749693,2.621766641972648,2.8590958524060146
53,2010,HBA,,,,,,,,,,,,,,,,,
53,2010,Alaton,,,,,,,,,,,,,,,,,
53,2010,Benth,,,,,,,,,,,,,,,,,
53,2010,XGB,,,,,,,,,,,,,,,,,
53,2010,RandomForest,,,,,,,,,,,,,,,,,
53,2010,SVM,,,,,,,,,,,,,,,,,
53,2010,KNN,,,,,,,,,,,,,,,,,
53,2010,LSTM,,,,,,,,,,,,,,,,,
53,2010,FeedForwardNN,,,,,,,,,,,,,,,,,
53,2011,HBA,,,,,,,,,,,,,,,,,
53,2011,Alaton,,,,,,,,,,,,,,,,,
53,2011,Benth,,,,,,,,,,,,,,,,,
53,2011,XGB,,,,,,,,,,,,,,,,,
53,2011,RandomForest,,,,,,,,,,,,,,,,,
53,2011,SVM,12.052302982997498,12.45308596372142,12.321495366743418,12.801457011204993,12.300547577088377,11.641370384721506,12.084402870303837,12.108230601353783,12.279564052512203,10.19595860674137,10.022902168710505,11.997989649197931,11.971753401181212,12.928361935639755,13.129834312311008,13.59274716155093,13.453066604455373
53,2011,KNN,12.560753687363073,12.874202148112536,12.759128134339726,13.300278247568942,12.797644135520683,12.10611888856471,12.545716351026456,12.563767556080892,12.8360445656111,10.588434860418982,10.464993168504463,12.457437067236153,12.376034220374194,13.382343359833417,13.573703683013248,13.9162630007369,13.621577665418176
53,2011,LSTM,3.2497524226598298,2.669166019742459,2.4482899114540353,2.423645475612056,2.299850665676856,2.131136613183303,2.100234186480783,2.1038628500632957,2.1411451791742073,1.745452268990086,1.9384475816691744,1.980688409869099,1.8992158465894147,2.018623054856489,1.8786582686011273,1.6643585931249563,1.9401150886360883
53,2011,FeedForwardNN,2.898371422328777,2.591079459946471,2.3918181394510527,2.325085425975887,2.2307808955635893,2.1567370389534286,2.2457703156119915,2.2421306258762925,2.0571759272886423,2.0004442400521505,2.1115781070873334,2.2015603745511587,2.259006528775281,2.4198541995409424,2.3645249244459277,2.3951003962549042,2.7075264192394957
53,2012,HBA,,,,,,,,,,,,,,,,,
53,2012,Alaton,,,,,,,,,,,,,,,,,
53,2012,Benth,,,,,,,,,,,,,,,,,
53,2012,XGB,,,,,,,,,,,,,,,,,
53,2012,RandomForest,,,,,,,,,,,,,,,,,
53,2012,SVM,12.466435533881274,11.23325280626681,11.956301651378059,11.40613190998088,11.336061686782127,11.168002676852764,11.245701560763358,11.306670203870862,10.679861420183016,10.824059415834348,11.004321231249945,11.111965694396405,11.307608114951778,11.419618493792022,11.80036987545293,11.993291251689957,13.118264520566479
53,2012,KNN,13.705617196979446,12.116338635949564,12.60754500805697,12.049370392433696,11.8570977277883,11.513817951283349,11.495823789774283,11.548117371358806,11.05582841411998,10.794557813696636,11.101893231197087,11.198646859499458,11.26703694116573,11.385037724806267,11.73860149150698,11.906894294985877,12.902404972299326
53,2012,LSTM,2.5386764768108074,3.005107357733666,2.747864109408102,2.6167881346329285,2.447658428675456,2.257470579061739,2.2742392892955974,2.2793357322782333,2.1050668405442208,1.8183664864531628,1.9198480954529908,2.085283091628761,2.1243255316222016,2.2396661264935256,2.3828820104705666,2.478168423306242,2.862208465334054
53,2012,FeedForwardNN,2.8337931474879774,3.0302636085263845,2.7983223056410025,2.661855570453913,2.492354386695385,2.317788644028707,2.4798325526610583,2.4782473910518408,2.143140931322874,1.9216586110456362,2.0588689981166453,2.3623749242985834,2.4917392030679473,2.684816022980534,2.9168405664492654,3.104483334143756,3.590172850213549
53,2013,HBA,,,,,,,,,,,,,,,,,
53,2013,Alaton,,,,,,,,,,,,,,,,,
53,2013,Benth,,,,,,,,,,,,,,,,,
53,2013,XGB,,,,,,,,,,,,,,,,,
53,2013,RandomForest,,,,,,,,,,,,,,,,,
53,2013,SVM,10.451710265118532,10.006626120268498,9.741792055201794,9.71826088434555,9.489746249630452,10.1491746414395,10.526816629910952,10.552634367063183,9.230820944962456,11.353707321512445,10.41537334368317,10.878828510721975,11.554916739887053,11.516657986233959,11.467044024174678,10.977256558904159,11.584069192623607
53,2013,KNN,12.30187184134399,11.479378040318913,11.110710526179044,11.035735358361476,10.72258526950661,11.189174632226806,11.60040375922621,11.628220594053452,10.319873125534754,12.068356024236413,11.171541831631973,11.866421565206885,12.50701345924808,12.616367340239012,12.623823440664076,12.207911446680775,12.741235416674153
53,2013,LSTM,3.105014780188216,2.7067408483542224,2.9178245596216272,2.9049574461782046,2.597023136832536,2.3629415444194897,2.279162456406924,2.268153367822076,2.2305510946301745,1.8059401652722833,1.7652017448107917,1.9509615736025396,1.8751482067496532,2.0669461140768557,1.9851419304799778,1.721562504633801,1.8748248789462416
53,2013,FeedForwardNN,2.3149420074082565,2.3627926516413233,2.7938810423414413,2.819837407409387,2.489482625532949,2.330807844656162,2.303214491930789,2.298280757663992,2.1422596030607393,1.9755880492833664,1.7141843432147204,2.0547558676187143,2.0968604766781898,2.2909877514001615,2.151230061722885,1.883363798898584,2.075131226812445
53,2014,HBA,,,,,,,,,,,,,,,,,
53,2014,Alaton,,,,,,,,,,,,,,,,,
53,2014,Benth,,,,,,,,,,,,,,,,,
53,2014,XGB,,,,,,,,,,,,,,,,,
53,2014,RandomForest,,,,,,,,,,,,,,,,,
53,2014,SVM,11.895255476117212,11.892838485014769,11.73485371332891,11.74883919508023,11.45175345592366,11.21265669171033,11.48767301965491,11.443854399876338,11.16147493646291,10.718474510299975,10.755362173276673,11.292133207538502,11.42848693076503,12.12513989452787,12.000719842393496,11.78189063029186,11.4556459847172
53,2014,KNN,13.770562870432082,13.31612820262038,13.124636476388284,13.087440461735456,12.720891707900634,12.44031250835634,12.697256391309692,12.653424837049005,12.303905438962392,11.859256057123964,11.907198813108174,12.436482337674166,12.566651279024729,13.297367798453582,13.175782296604154,12.918559762222813,12.436304560418952
53,2014,LSTM,1.8781351760761793,1.6446749826823703,1.8226212249685518,1.7123745518444407,1.6422641256728703,1.7021428116757111,1.7684803333775667,1.8299896037555734,1.4394842087491928,1.815986656634275,1.5609262608640515,1.8414527313326063,2.0115248758364084,2.1409005020067284,2.1994968196301268,2.1070474361322127,2.5598002878180774
53,2014,FeedForwardNN,1.8018069339302585,1.6838529475790596,1.702421029354205,1.6781014312050415,1.5590918312929005,1.7517039708706423,1.9468763129534816,1.9635956234085066,1.40117711786236,2.084194263470521,1.5929874823036037,2.052946184204446,2.3122038021279843,2.4650481769326977,2.528975220357171,2.634724059833232,3.406338469589776
53,2015,HBA,,,,,,,,,,,,,,,,,
53,2015,Alaton,,,,,,,,,,,,,,,,,
53,2015,Benth,,,,,,,,,,,,,,,,,
53,2015,XGB,2.284334129389428,2.3815389693137377,2.1764149007926306,2.285460389471791,2.1274082979784805,2.2478165415570723,2.4432559330272787,2.469753872856205,2.0772458478050195,2.4710939846305733,2.079146892285972,2.5770047515125976,2.724277428959691,2.964933889946188,3.078168111544017,3.475761828876885,3.9818480291106018
53,2015,RandomForest,,,,,,,,,,,,,,,,,
53,2015,SVM,11.557313073341383,10.691818769631201,10.854395435882738,11.27062936687494,11.056813331102273,10.752428322933564,11.288986364942797,11.354715052584892,11.25559157926272,10.116219770338612,10.562094778922154,11.521625436338695,11.551208744458892,12.147982034621112,13.077814818388823,14.221600072505893,15.114407405868157
53,2015,KNN,12.47289767736611,11.501513673009288,11.596540666261383,12.039602368826063,11.744565519794339,11.426553365820814,11.98823898364812,12.050178472476683,11.890747792852652,10.762375526265963,11.154210966834405,12.209051642304898,12.262842968377287,12.892877778859825,13.806920097116896,14.861528046466152,15.710435732302532
53,2015,LSTM,2.286680906856621,2.0668832335597154,2.093089643557158,2.1278460603996217,1.9565963100826047,1.9489729677905503,1.9416612383418668,1.940044417085537,1.809838110243979,1.9336361204417927,1.899653104495577,1.8765685342176892,1.8393106040987275,1.8202446205784104,1.958114743389891,2.066023008695253,1.866281321397628
53,2015,FeedForwardNN,2.0890852017263004,2.0435620449205913,2.0304847671393422,2.0384123861397234,1.905998955876845,1.9205100515066849,1.9273902468789614,1.9301812627159234,1.7727931774525585,1.9492081813411777,1.8980783701408714,1.9035642869348954,1.8707315860672757,1.862810507808632,2.0002925940809435,2.1510866613040935,1.7491555678947397
53,2016,HBA,,,,,,,,,,,,,,,,,
53,2016,Alaton,,,,,,,,,,,,,,,,,
53,2016,Benth,,,,,,,,,,,,,,,,,
53,2016,XGB,2.1159416737793064,2.2213105553900925,2.0648345267821386,2.221785907114178,2.081983108893673,2.098825095441837,2.17626348735724,2.2134592725588136,2.0989915932288796,2.132109990674069,1.9730760667769962,2.2757568616639237,2.3453547860635857,2.4027202753566668,2.553344987613964,2.694724926529998,2.8079862921235104
53,2016,RandomForest,,,,,,,,,,,,,,,,,
53,2016,SVM,12.034339154373138,12.002973863579276,11.430804933307256,11.041769922752472,11.112432562095885,11.423535674901709,11.243481305555699,11.199181726481003,10.78466566338226,12.021613329873755,11.075931127253153,11.129639569845175,11.326144884948816,11.043526717166028,10.518811592390845,10.702274975923649,11.40427037721009
53,2016,KNN,13.165787957602292,12.842729463239353,12.222321219628279,11.85426228188789,11.798918772539956,11.99586612862697,11.881550962140011,11.838949264669473,11.359746141803338,12.380365266252358,11.423074646146041,11.707865812920794,11.920612713091472,11.817262050890397,11.347613924141658,11.574507369924438,12.318639156959867
53,2016,LSTM,2.4639436911317008,2.3297029536559415,2.0726989214969302,2.163945666757924,2.030041037054908,2.0261457285867124,2.066330119382108,2.0835515102117568,1.9864673178986345,2.018332558365098,1.954153553008165,2.1012628398092987,2.151266926436101,2.114768434376845,2.281245792412708,2.5152916185558976,2.6390664570625724
53,2016,FeedForwardNN,2.650966674738176,2.7316711303650667,2.6910752590305322,2.682562758519602,2.5536386588308027,2.564863584192937,2.569786810251896,2.567010209894744,2.408371804764396,2.587167334519891,2.374961838403391,2.494227705043858,2.613311375741901,2.5004105637832503,2.6233822829479507,2.506952294729764,2.7391865439943217
53,2017,HBA,,,,,,,,,,,,,,,,,
53,2017,Alaton,,,,,,,,,,,,,,,,,
53,2017,Benth,,,,,,,,,,,,,,,,,
53,2017,XGB,3.549744955472468,3.0344568504603693,2.831337069610208,2.6795032511317505,2.711558189595108,2.702946520385121,2.5347761082093214,2.543519435745682,2.586237813769585,2.6856403417184325,2.8140663000688035,2.460885000957069,2.379423991289714,2.2826445007903646,2.0682617888399633,2.086767180154515,2.0191864831459876
53,2017,RandomForest,,,,,,,,,,,,,,,,,
53,2017,SVM,9.367573728927479,10.798902327375735,11.547350206850961,11.383183921408742,11.748154204444575,11.204325688182772,11.168245461005103,11.183849477245278,11.945583184723818,10.02858354693222,11.638635647857093,11.042799881497652,10.628469607266542,10.691693430498104,11.09877847809353,10.755508199514091,11.113726484671139
53,2017,KNN,10.507553477396145,11.62065663015285,12.344570311661434,12.181422431967045,12.470357697568007,11.909788149620331,11.941615157257607,11.965861431310875,12.594888885219845,10.70091206841377,12.252994707293563,11.819533087903983,11.472126271743731,11.59783527841188,12.10484154076097,11.81648265165281,12.314222756697937
53,2017,LSTM,2.970900373044179,2.7566130781734435,2.5311169352146097,2.414190221885175,2.450222078546785,2.415608090492318,2.281586821439797,2.292027825613468,2.3665636540490635,2.3448477289921343,2.51281406527605,2.228227785115697,2.1105282440348723,1.9631057215082264,1.9319155089871114,1.935746709717689,1.9142342217345034
53,2017,FeedForwardNN,3.132286228676867,2.932398860803796,2.592171417224473,2.4953132291937696,2.563457843117019,2.555245786889869,2.3983856006557596,2.4066118742461784,2.534418980871313,2.5387419851924617,2.6042823359411282,2.3592600151601566,2.248856167267342,1.9814880936488877,1.9324977830731462,1.8450915669833297,1.8791153003268681
53,2018,HBA,,,,,,,,,,,,,,,,,
53,2018,Alaton,,,,,,,,,,,,,,,,,
53,2018,Benth,,,,,,,,,,,,,,,,,
53,2018,XGB,2.400248026097917,3.5072712107918824,3.2316563485900525,3.062362584616669,2.803659291727968,2.5540062667563532,2.5951930246058303,2.5835335584428893,2.297260997971879,1.9615894534043132,1.953585843637601,2.33960259464069,2.3209820957191383,2.53521278024011,2.665332964832704,2.7069085166605893,2.8471425320365507
53,2018,RandomForest,,,,,,,,,,,,,,,,,
53,2018,SVM,12.131176496952842,10.446521335486034,10.286943247509107,10.762741947637581,11.054054494598473,11.133927496300759,11.184749948964722,11.189308698020872,11.771280311063542,11.291978699038568,12.021272897401806,11.480314550264103,11.22932315633567,11.2342057254813,11.460817144669438,11.920952572129437,12.759739676587898
53,2018,KNN,13.953552354300811,12.040971656825043,11.739138450150401,12.086275903979256,12.282368588579896,12.31140143143215,12.35613494401539,12.354810214732336,12.802569458498112,12.369262683205513,13.058979059655558,12.56306207969528,12.344785033852155,12.394578235872348,12.581457745968597,13.023198878490893,13.891804090157594
53,2018,LSTM,2.3902897935550897,3.008949169623656,2.906403673376062,2.76697833270279,2.589656745362737,2.3369684579804004,2.4114714479382418,2.402348309991743,2.2283316191697273,1.7238389145104078,1.705229482455212,2.2147152717750225,2.217646355962075,2.452112909626074,2.5907441487927025,2.6676807387188735,2.7153714679045717
53,2018,FeedForwardNN,2.870193225622254,2.9424248668102857,2.840451790243237,2.6767188668462683,2.544927375019492,2.317306048368091,2.3270364019949366,2.3145610753805035,2.2102362578582393,1.7766291895504838,1.887091950010709,2.1195566873478637,2.074205806188734,2.242754786085887,2.321547013138655,2.4157877387947395,2.310840550821295
53,2019,HBA,,,,,,,,,,,,,,,,,
53,2019,Alaton,,,,,,,,,,,,,,,,,
53,2019,Benth,,,,,,,,,,,,,,,,,
53,2019,XGB,1.905194321346683,2.0721605537453427,1.905350081713198,2.104356525241849,2.2140566574268763,2.107405251186465,2.096941025070957,2.094367464384007,2.484700149053816,1.8760002434947387,2.1082207647081974,2.1322982043058576,1.9877013287199348,2.060841616089869,2.100306102484782,2.3293995002445085,2.3173396905212718
53,2019,RandomForest,,,,,,,,,,,,,,,,,
53,2019,SVM,10.640191148185721,11.7950487498682,11.953325125558205,11.805730396331182,11.40014824399569,11.371651046344669,11.317596197235872,11.313659416085741,10.81872351124914,11.314441329086444,11.164033614903293,11.122179062634881,11.235038515671368,11.160456747694104,11.132613855695835,11.03327620628927,11.760762270468597
53,2019,KNN,11.859948423802589,12.762445485739038,12.855927457821409,12.707468229375063,12.301309406153528,12.150863900193373,12.132990857489945,12.130724310793335,11.720475903779512,11.844241400411638,11.959196068173672,11.906396165492806,11.96519965795064,11.982241873768416,12.050930130349132,12.028222401431702,12.816885303243785
53,2019,LSTM,2.2811327797299015,2.004789165434957,1.8686246586626651,2.15109542323854,2.1852700084094523,2.049342536163201,2.006235918672097,2.016120091533635,2.4615141487193473,1.746025335519439,2.005623022437851,2.020775732830004,1.8456584850120086,1.9107579078745176,1.9549004138256503,2.085552095797732,2.1524829902835907
53,2019,FeedForwardNN,2.4637314438324793,2.3789572429959804,2.1192913724847986,2.278912168119246,2.1911068804472036,2.063461135330764,2.048273816270595,2.050407246551021,2.260642121521593,1.7809314551591882,1.7944364208060186,1.9954434675185697,1.9174230842553326,2.009414914723648,2.0557880434381306,2.189881432493828,2.477685469966479
53,2020,HBA,,,,,,,,,,,,,,,,,
53,2020,Alaton,,,,,,,,,,,,,,,,,
53,2020,Benth,,,,,,,,,,,,,,,,,
53,2020,XGB,2.0966045993303526,2.1889135333134804,2.015639771776717,2.259766325680982,2.4731702907024786,2.371410967891943,2.3588538600631015,2.3502141500706393,2.858380465238781,2.1535151177291136,2.468308146367464,2.4576631562285933,2.23479718411982,2.386306795287721,2.219662275095943,2.0329938174226068,2.0781316021393734
53,2020,RandomForest,,,,,,,,,,,,,,,,,
53,2020,SVM,11.958973430550566,12.570550507318833,12.26944347146049,12.462575321239958,12.237064425394399,11.858842079828785,11.74354090811804,11.720125728966917,12.204599477374991,11.06367547067643,11.243444505535741,11.535122372722926,11.240908975661094,11.415377561082545,11.431547863446042,11.822754489246343,11.067698140187264
53,2020,KNN,13.222315504011497,13.422490057268446,12.969260313358076,13.167746648016136,12.8630069079597,12.434343107998265,12.315107196791487,12.293614636288925,12.755868467211208,11.52930059256995,11.743337423786144,12.063854514613435,11.745591088879776,11.957584858638155,12.017228938883243,12.58278963864401,12.006642328354381
53,2020,LSTM,2.443668028480344,2.06588333265578,2.0969909918581324,2.163772556937768,2.390210048847058,2.2842617126890707,2.2287899914128904,2.2164330425789234,2.6511953785575213,2.056051205819716,2.226821520575663,2.244285794501926,2.0549697999226266,2.181701867203581,2.0036538027974466,2.022067174030736,2.290746143204996
53,2020,FeedForwardNN,1.944612031622283,1.9696065939167033,1.9687854033163588,2.1541738242268966,2.3385749318622198,2.292940620799668,2.2427564669994062,2.230134524576175,2.65739523962041,2.198832564719453,2.21516554438813,2.304457016224153,2.1435250319476054,2.306354487770533,2.034581257654804,2.0220046141673813,2.074650515082846
53,2021,HBA,,,,,,,,,,,,,,,,,
53,2021,Alaton,,,,,,,,,,,,,,,,,
53,2021,Benth,,,,,,,,,,,,,,,,,
53,2021,XGB,2.871054606245055,3.3416931563650434,3.0502871871444035,3.065580400922222,2.919668828757777,2.6806834242265993,2.4895144616450477,2.5298697578932083,2.782926555836912,2.123501524258959,2.501909981449682,2.29909662900963,2.102293893000521,2.0058462064126577,2.06139502324489,2.239841893917032,2.5990165005217545
53,2021,RandomForest,,,,,,,,,,,,,,,,,
53,2021,SVM,11.25590053961431,11.664373561829787,11.766362282467014,11.533379296701996,11.286157936561622,11.379853509254097,11.425715626599757,11.51195948594128,10.784592740375663,11.564967606449338,11.111218234244188,11.39110981809419,11.741266900095457,12.06379692422591,11.94066514450909,11.755775264690362,12.555597164533042
53,2021,KNN,11.515492996487264,12.082303194508755,12.108534836623077,11.856347569379635,11.514641939750108,11.52045755021948,11.530337287867127,11.611704828188284,10.888404020405819,11.532079972750918,11.097802834538967,11.400467213590417,11.723691937021393,12.048785708957544,11.917782227314857,11.780154053384885,12.687368036753968
53,2021,LSTM,2.4514705779723993,3.1834501350045192,2.9871021652410827,2.983330509831687,2.7518362207168603,2.5102135220148285,2.366336289227517,2.4035553229984044,2.494479069006301,1.938636275070639,2.27839216718434,2.1362470101690496,2.0297517993958394,2.0267760784540845,2.0571007969899417,2.164373848739059,2.546455818120718
53,2021,FeedForwardNN,3.079326942672273,3.7721439361417466,3.5903262722500027,3.409486045375217,3.0593876018522814,2.9155417605277685,2.752976031739164,2.763338612238328,2.4143865174255565,2.6041210178117997,2.5132172506841295,2.366494695594057,2.4708446553638432,2.4132338404533984,2.3186856733371624,2.0851993591878815,2.489601367658157
53,2022,HBA,,,,,,,,,,,,,,,,,
53,2022,Alaton,,,,,,,,,,,,,,,,,
53,2022,Benth,,,,,,,,,,,,,,,,,
53,2022,XGB,2.409057463137798,2.1708889494313213,2.1727656283483103,2.222463073109105,2.212867508818938,2.442568533803838,2.652761794592287,2.6720062547934496,2.252255480055768,2.846903212933806,2.9187410702068,2.7918347707374593,3.049028638464324,3.0606840181893147,3.2798661079675195,3.543410347132937,4.59598638069262
53,2022,RandomForest,,,,,,,,,,,,,,,,,
53,2022,SVM,11.949921189832343,12.613338959614907,12.89061834283812,12.835443769022506,12.936873121447585,13.198365171851256,13.178005302163895,13.2144226421508,12.98296310786376,13.706391111731149,13.649493218001064,13.383453471534194,13.573228961537716,13.130746134558626,13.328782690419224,12.776930592478942,11.883971830887392
53,2022,KNN,12.524483098845133,12.961774550208506,13.076484690431043,12.976019868697746,13.007186375133134,13.157322953822492,13.104472854075466,13.13866010017104,12.937516876735685,13.45257028001172,13.556841639494765,13.223479773034354,13.35893982690615,12.923690963129982,13.178826557226653,12.713587367444953,11.886540621106622
53,2022,LSTM,2.4254789774045045,2.05889723999369,2.0794474955766002,2.1623233924546845,2.1388401021004455,2.301644927438696,2.4181071155534006,2.4351034311754813,2.1966274326444837,2.596812305752334,2.6326985646965246,2.4914052143721706,2.661910961813166,2.6952280241483897,2.7876521345969616,3.1858436113985618,4.233148955501699
53,2022,FeedForwardNN,2.189160843575183,2.469464071004638,2.497172113185942,2.361049094148873,2.423243080451413,2.4550794383042507,2.5582146434666937,2.5674063456886276,2.346986470143738,2.5175446552626704,2.7806276120461706,2.582945756429108,2.690022644757672,2.800112148712,2.8714110461291398,3.2703903460591066,4.337437230784185
53,2023,HBA,,,,,,,,,,,,,,,,,
53,2023,Alaton,,,,,,,,,,,,,,,,,
53,2023,Benth,,,,,,,,,,,,,,,,,
53,2023,XGB,3.028240674657662,2.591063854376356,2.4984411847238626,2.259672685961907,2.1151611665652847,2.20519901109996,2.2400787473692194,2.264527350295762,1.644872386407911,2.37505673923321,1.8069743524465178,2.1951611381054974,2.4203062201986842,2.7079192353907637,2.40179405157718,2.4438307064663385,2.8823110883848275
53,2023,RandomForest,,,,,,,,,,,,,,,,,
53,2023,SVM,11.901044324722832,11.763784839613098,12.14099916858732,12.018918673296598,12.3208748119606,12.185262350246616,12.361014645615352,12.396379316953139,12.498161922953802,11.909405668168445,11.839772452218916,12.505058557750898,12.517830087957378,13.252321031354635,12.902415882765085,12.947146222964188,13.871380670020889
53,2023,KNN,13.131356030951922,12.609080786541423,12.79941664921898,12.61879376743916,12.825138542052104,12.683516401575238,12.829698327843936,12.869167862143522,12.850808950620841,12.395418818314434,12.342474864521392,12.916748452516167,12.9503759125605,13.672742276867472,13.321743491984384,13.32036242513319,14.346902159960138
53,2023,LSTM,3.080333901940852,2.620635333873706,2.394013403332707,2.305063966672736,2.0067438776493765,2.0332019926033515,2.0690530892589143,2.0869559382871588,1.5240543972017075,2.0851112793355187,1.3390823265043759,1.961107956344887,2.148878357685427,2.3762731601342213,2.250598308515398,2.377020600083015,2.6012394899026976
53,2023,FeedForwardNN,3.1589698138542417,2.7307894413919636,2.578945228249152,2.339040911377534,2.0298649616449382,2.0906771498059435,2.1712457635700813,2.2267722226634836,1.260850916928144,2.207280976480905,1.5059342752079405,2.109984858240634,2.367523474355996,2.6790352704307634,2.5935985197242335,2.7873335787348754,3.2414719564928682
53,2024,HBA,,,,,,,,,,,,,,,,,
53,2024,Alaton,,,,,,,,,,,,,,,,,
53,2024,Benth,,,,,,,,,,,,,,,,,
53,2024,XGB,4.129289772370785,3.5283072577711363,3.1125182964409306,2.9339882409254803,2.6250224203093584,2.4485258507258574,2.3711435130789535,2.364356203939102,2.023293174152983,2.0504514407234193,1.9557928423468465,2.0545035771715376,2.083025711862954,2.154662129848138,2.0796841831621666,2.276549961899022,2.3419802916042505
53,2024,RandomForest,,,,,,,,,,,,,,,,,
53,2024,SVM,11.106172106534407,12.461309400548569,12.398437801533678,12.253609554377427,11.874947590648796,11.505189857925146,11.599809527523382,11.579841006133812,11.327290083811398,10.727507652730889,10.849036447634248,11.24539887020437,11.3228916542839,11.429736075136713,11.91314318749953,12.080454199357732,12.029299964948233
53,2024,KNN,12.175589256814062,13.365820193033304,13.242508163412403,13.035989961308024,12.59240293201213,12.18315225656866,12.26485540131205,12.246269121312123,11.906855199684394,11.320352181619912,11.422216269376475,11.861116471234368,11.955021921969367,12.0833454924995,12.564951848698408,12.703441440954819,12.586704192385323
53,2024,LSTM,4.242012675344436,3.3201891448576615,3.0038899934945045,2.8596448596399053,2.527854842390481,2.2955077674629525,2.24337762815595,2.2397869836062725,1.9382324719644948,1.7401056068682264,1.7131177182400965,1.9254638247969094,1.9391823929432184,2.011727300909464,2.087409811832207,2.3265582207841784,2.3901841823781314
53,2024,FeedForwardNN,4.845213425389179,3.782890713360256,3.285252406172266,3.11591430358747,2.728215509232184,2.4794196320198894,2.4413245618108603,2.4396997545738555,2.0232242479194906,1.8858009983311832,1.806192711430295,2.074898326512603,2.1412057872314674,2.2416137883069767,2.373732430233498,2.7119034790338894,2.7316822344042655
