region,year,model,30,60,90,120,180,270,365,ISL,IISL,mid90,-270,-180,-120,-90,-60,-30
11,2015,HBA,0.6400092370421246,0.5647123639568842,0.4019915941322046,0.3261467029165034,0.22493486663761492,0.18872404449569932,0.22465086499766201,0.15903223566460725,0.15029910603653002,0.14486303088944893,0.20345462034734518,0.22092683779629585,0.2969115092024125,0.3665309058877941,0.45607949371965945,0.5004307199553777
11,2015,Alaton,0.6019538997600881,0.5424933237037182,0.3887649025366492,0.3061404081955485,0.22252026207381478,0.18771814997341313,0.214724977859838,0.16064201917001278,0.15078805734900128,0.14738184833586657,0.19312006374683705,0.20707986998357747,0.276796575071531,0.321092485796199,0.3826619845970033,0.41525145928382623
11,2015,Benth,0.601320945344238,0.5089419330084597,0.37568892938222437,0.30396675289921854,0.21603703263451687,0.183703763079623,0.21569724133791773,0.1566126877683983,0.149393470759792,0.1501774757205176,0.19668241912597748,0.21190401375289072,0.2775142728327273,0.344610287495522,0.4243363989371616,0.4735533800464137
11,2015,XGB,0.6252555943880522,0.604533806195411,0.4243058981075024,0.32783925374592543,0.2283602337880216,0.1938504226254851,0.22198821007215738,0.1554269146810017,0.15723050372496736,0.1375304590933698,0.19657274582141257,0.21589367437904197,0.2968714941501246,0.331429863246547,0.3949418002082859,0.4236299369400335
11,2015,WaveletFNN,0.7385045249119773,0.665802472559081,0.4691811574445685,0.34949017681575845,0.24944044145122957,0.2151341057418876,0.23932171852465053,0.1676503196028745,0.17873010383260274,0.14373685570869285,0.21095185980863104,0.23438818433688038,0.32620780235361885,0.3320848539078986,0.36671760031568335,0.3751361062328787
11,2015,LSTM,0.6336520223866924,0.6325801795333881,0.4422718706267234,0.34089460755916506,0.2592962257268809,0.20125101649591584,0.21140000897377514,0.19119050292540823,0.13965662397402726,0.15816604289412967,0.18167671220375867,0.17891758624472226,0.2272200998549113,0.2545645314313669,0.268332718299376,0.22107916719494033
11,2015,FeedForwardNN,0.6374916049394111,0.6389278055775005,0.4534725180955022,0.3419730975370811,0.2566333102992713,0.19708020796531434,0.2186061962609425,0.1833674036264476,0.13388572198356477,0.1551961983750037,0.18981675171896423,0.19452994214193883,0.2515966647848392,0.3073927821379364,0.33815354350537924,0.3388520092188125
11,2016,HBA,0.5941677775781058,0.5449602084925674,0.4250140186845297,0.3837297394152132,0.2640094954276048,0.19542641484320206,0.21064406619362044,0.18981348646707086,0.12795651917400744,0.12312279718929132,0.17645277876059803,0.17668036202600892,0.22779961827403936,0.29885873024013565,0.41777435720244427,0.4056958867816922
11,2016,Alaton,0.4701407151164598,0.48648660762607887,0.3825855083723481,0.3606164107788611,0.2670039146025595,0.19184130087322518,0.21369540048309368,0.21374023732480216,0.11789866570242381,0.1362489446039881,0.18750946047205794,0.17903985173732573,0.23971578222030862,0.33846494707521013,0.47512542550832565,0.49935431828378674
11,2016,Benth,0.5031303836830823,0.5149877916959186,0.3865131268006679,0.3576244975958599,0.2553568605783624,0.1932691616622546,0.20950380819384729,0.19491587850525904,0.13218921989651766,0.12482995711110056,0.18183180092044265,0.18117180139208486,0.23153843271387697,0.3020545969423657,0.43416216148079406,0.4372551521334984
11,2016,XGB,0.4940817042127218,0.4953753507026571,0.4135673740860307,0.3804956251116397,0.27172665058349693,0.1891601395041678,0.2105857154839406,0.20636193051803148,0.10793378103757773,0.1344469788479075,0.17931321808145567,0.16996390040975257,0.22912479239459022,0.3333882609164655,0.4641413481807647,0.4900891530856068
11,2016,WaveletFNN,0.5379609370434999,0.6083017385162947,0.4578899511177664,0.40666421627039423,0.27509634805030736,0.1985855420780502,0.21651117896429994,0.19085923758429346,0.1233165974268797,0.12618812634949939,0.1796111729841011,0.17826622663346567,0.23113348046400795,0.32122555745098796,0.43051869174705076,0.48923611694597047
11,2016,LSTM,0.6447855177978593,0.5538590334677891,0.4267568763233533,0.3828615047191373,0.2672297397331498,0.18571594314989434,0.20640854033418232,0.1937145575726636,0.1055252123718582,0.1300023389017241,0.1719755532630378,0.16621422135311642,0.22244462986858207,0.3241246060455719,0.4258653118183072,0.4175958725912
11,2016,FeedForwardNN,0.5471676015297049,0.47647592082075685,0.36913537767550836,0.35597782716515775,0.2584458342235735,0.1881977156633471,0.21282664184285632,0.20743656944228767,0.11908980756372782,0.14027992121120392,0.1883426544735603,0.1846899186780538,0.24243711618753375,0.3512929398620305,0.4492326420647875,0.43037277815485714
11,2017,HBA,1.2392252187019615,0.6814735798254499,0.475204456110464,0.40265931524637566,0.28671892753069483,0.21773213836062152,0.22357724719356709,0.20153683958553342,0.13393966392557638,0.16107855136788718,0.18243100223700423,0.17680998549866805,0.22251632057848403,0.2599836146041279,0.3280258615474146,0.40579050838480035
11,2017,Alaton,1.119589914787977,0.6095556600603314,0.4389182218874749,0.38365119004312553,0.264752385870065,0.20827548186675165,0.21966637693974989,0.18604178313857256,0.13967771710919083,0.14582981525797462,0.18447335270284929,0.18650276567390248,0.24235353455353373,0.2822141667328448,0.3902092549533242,0.45821079921343266
11,2017,Benth,1.0564911286653584,0.6408196440831603,0.48885755722215823,0.41389424903125954,0.28420204230390994,0.21470592580014197,0.22391774971599215,0.1917122676162437,0.13029481411438398,0.14955091442337007,0.1803772848213129,0.1793536290099033,0.23153576062534947,0.2742252941383592,0.36014992364642084,0.4432922974026721
11,2017,XGB,1.3072672671366279,0.6375010108982101,0.4362874099206045,0.37634802104502374,0.2649030341250261,0.21221001833851336,0.22076601290760153,0.18744945409982453,0.14820822565742764,0.1552400283101552,0.18640204711160224,0.18853406807894896,0.24038649829805572,0.2708388758389135,0.3604211464238563,0.4338431991638981
11,2017,WaveletFNN,0.9845597248991041,0.5777091694480943,0.399692530514031,0.3501726501482017,0.25244129841973084,0.205193787251831,0.22001556375847797,0.18589418736668442,0.1478061929126357,0.14928021517255732,0.19252673730985473,0.19536752501536558,0.25866236904249956,0.30007794030741775,0.39094333444110857,0.4617160956140404
11,2017,LSTM,1.2588146640505826,0.5961005241653671,0.36261168685509476,0.3517930953343472,0.2489236871325163,0.20906438876405192,0.22997624782166617,0.19754477616970612,0.16065063767173046,0.15477514934567063,0.2114280542910232,0.21538837244109907,0.27914739761080676,0.3365450006002883,0.5020377864817964,0.6223297468351431
11,2017,FeedForwardNN,1.0514923047107725,0.5753801751528279,0.36103694731909325,0.33974942390735924,0.23997809026648906,0.20166012964812888,0.2246099084464001,0.18526807467167652,0.15511851241759617,0.1522534027218509,0.20498661021857903,0.2129290165203213,0.2801406627354862,0.3385197448544985,0.4554414844082305,0.6388250866410586
11,2018,HBA,0.4656115503887266,0.7001997226050627,0.558579254015339,0.4353198150882533,0.28854161624172703,0.21417665502187055,0.23998829981639322,0.189428900619695,0.1344549211444976,0.15558964350244706,0.20028146685642348,0.20379966289806958,0.27601473254191994,0.362229338736426,0.4717618173337333,0.5853215363238893
11,2018,Alaton,0.3340679660724123,0.6150689414409076,0.5143025568599384,0.38586375219534413,0.25388049683101765,0.19313962166887977,0.2197450157256606,0.1582970152461686,0.12802336522603078,0.13742026077895947,0.18300462681650018,0.19516998122904647,0.26095005792838,0.34249247132173805,0.4458892267609637,0.5418094044496893
11,2018,Benth,0.39704255657246196,0.6164141330930257,0.5198660152552385,0.40467545704006797,0.2687369190289389,0.20996513732543287,0.2342620979098393,0.1765642615286466,0.1469598151467008,0.15809105353852695,0.19865652817920076,0.2086590108306247,0.26832187152957965,0.3514837567042577,0.45304541323269093,0.5708793514866904
11,2018,XGB,0.3780638594619765,0.7014194097130704,0.5647607419254935,0.41513925435901833,0.2719292233980309,0.1988461279407776,0.22433905958471934,0.16445040207419703,0.12049859717622056,0.13464712748947225,0.1818242658500405,0.18985640843114002,0.26064950120907415,0.3415592634553899,0.44803112780207827,0.5573739275865928
11,2018,WaveletFNN,0.42968962065540317,0.7070776082380343,0.5856756512775623,0.4340180852177989,0.2830872665151603,0.20809586613750106,0.2347171288118926,0.17202735362024532,0.1277025684616737,0.14265867832167398,0.19128884053464495,0.2007083797422472,0.2731945999125176,0.3514427235326608,0.4679584234783748,0.5504122407057405
11,2018,LSTM,0.2626226068345094,0.6014108756684972,0.5127467737842999,0.37337982087107197,0.25932264586257575,0.1858089504512437,0.21496640292850178,0.16630763606781232,0.10699980208636026,0.10803618046905147,0.17796183463813134,0.18809404160346857,0.2727750794713678,0.3384074288985463,0.44499902059925367,0.528069795487743
11,2018,FeedForwardNN,0.4466348974200574,0.6937050476004962,0.5787268622936133,0.40275109952924987,0.2594978856584921,0.1844841837690543,0.22017595237813856,0.14233032694182762,0.1040669781242331,0.1074658493042331,0.175431907527054,0.19552846727954376,0.29138061579768976,0.3715707132968186,0.46578800425820954,0.5484404110450025
11,2019,HBA,0.6065427829520987,0.5031123903953701,0.38083356829313664,0.33589958385548696,0.24985851869991796,0.18857413476157012,0.20438343898723416,0.18741026072614447,0.12278594438031303,0.13209165006815488,0.17606806200230987,0.17552926418207357,0.22712271801181988,0.2832880910893227,0.40114075656192494,0.4934128637611957
11,2019,Alaton,0.5713231071881913,0.45836794614266163,0.34779380686403666,0.32047491746191653,0.25489645727343546,0.18563996362658958,0.20005897926473748,0.2106034589479433,0.11129379097417921,0.13058847901476672,0.1752371540412637,0.1649256216342903,0.21481050092585888,0.27439215537351885,0.4046502514797403,0.47047537841226866
11,2019,Benth,0.5241364260609546,0.4844687674937833,0.38521386571781496,0.3435865224538912,0.2565784504783906,0.1927737806800944,0.20883832658446488,0.19524571863072918,0.12428008792915901,0.1354282578670607,0.17983592359851228,0.17867689792118252,0.2287961845671234,0.28862299485367693,0.41278326357320444,0.5099958256598061
11,2019,XGB,0.5773216020488674,0.4300302544713977,0.3214650992456186,0.3020096444788872,0.23852643931701573,0.1762924283378603,0.19249743609456563,0.19898169512866434,0.10948482256010206,0.12425507204830961,0.17052330770140875,0.1635908942576405,0.2155681295865002,0.2743719444256416,0.39981071915282507,0.47744317271322995
11,2019,WaveletFNN,0.5337648143232685,0.4962552589586963,0.4226601363365945,0.36925475618432296,0.28214730256287723,0.20238220644037946,0.21528010796481392,0.2151514761105896,0.11675515118980781,0.14343879467151147,0.1815873595105529,0.1705414793538015,0.21614295823955346,0.2833247927304928,0.3703064973413252,0.4588258941837928
11,2019,LSTM,0.8250512061194231,0.48686160160546543,0.3481717377048847,0.32007112721527453,0.25019763132977735,0.19277367812976465,0.20408266534592076,0.2034840603964978,0.13112962261690642,0.14140556090061598,0.17981749555116347,0.17368670312882453,0.2102148890337571,0.2658299165691433,0.39204029787342454,0.41444031456133135
11,2019,FeedForwardNN,0.4958522770772812,0.3724463301424984,0.2987853116121001,0.29353895429978316,0.23762966457771673,0.17900915170786497,0.20271232666968045,0.2084709535528503,0.11608060102179757,0.14009802689817505,0.18616507101630209,0.18124742491296097,0.24576150315484513,0.3177693476930609,0.38293986387210194,0.48993291589610705
11,2020,HBA,0.5448575588303217,0.4874979663292549,0.4043872525628044,0.3697301795422743,0.26402050252095843,0.2071274991687912,0.2173461885112448,0.19515184664941665,0.14199534592959784,0.1257489270920839,0.18447288476745044,0.1860268999896763,0.2445519531755825,0.2717773828392536,0.3305245782704915,0.39281548932221894
11,2020,Alaton,0.5186078980131344,0.4455495876028377,0.38484002224608,0.33200610229977306,0.24861425257535896,0.19964458850212996,0.2087848483976558,0.18177730116420251,0.14358321932556536,0.1323690214464981,0.17865662410014532,0.1808463399819805,0.22920580411863986,0.2564443320683973,0.2994941537197209,0.39851347963416744
11,2020,Benth,0.5777478029891918,0.5180786873535072,0.4376142750149387,0.3805427182631187,0.2714966781008385,0.21528556240235922,0.22097968692045827,0.18999378932786282,0.15093404664994084,0.1318889941323635,0.18396195001213078,0.186631981995769,0.23398003289118557,0.25522689537202914,0.30671069024874864,0.3955353311547016
11,2020,XGB,0.46914447402672144,0.3919452950291582,0.3477544688619469,0.31180412875429386,0.23643256304629165,0.19091286703408325,0.20200425493654553,0.18181428613742978,0.13880108454096016,0.1290103316977463,0.17683195719398978,0.1781175045859553,0.22718890455713142,0.25798773370494943,0.30224224297614843,0.39268875998096603
11,2020,WaveletFNN,0.5016303134099397,0.39947931102243667,0.3822917783423963,0.35153810885606807,0.26951972907169647,0.21288969448612982,0.22022629355346465,0.21418996293522147,0.14805859271186497,0.14726158534088638,0.1919737317677755,0.1836938865979204,0.22997779828001458,0.2545292773168483,0.32764350041464546,0.44423606018691836
11,2020,LSTM,0.45040448337197636,0.3383152870960669,0.34541036545873505,0.2960789220298763,0.2309752169547589,0.1885970425949425,0.20367001001985632,0.17482947831238352,0.14008173168201157,0.13340732024493823,0.1778571491278062,0.18424408983926036,0.23023342390547405,0.2733999951829073,0.29981138143397656,0.3934841661933934
11,2020,FeedForwardNN,0.3695073538627175,0.30689567639602083,0.3192317402395229,0.3000552191129338,0.22802315630311643,0.18846928596982468,0.20025973662584562,0.1832731526322015,0.14318729008354128,0.1281324249890611,0.17823720948127528,0.18361077558959152,0.22933166474455502,0.25905537361894676,0.3305482523584386,0.34216421061901436
11,2021,HBA,0.6618894637456774,0.660463095826202,0.5098298309629717,0.4341105771493677,0.29648811985398904,0.20333451921649673,0.2107906387800216,0.19148335532462402,0.1037763933727363,0.1300056971618261,0.16151847729772031,0.15258141828830626,0.19733863047140615,0.25064199904941803,0.35881276546755614,0.4466575899734244
11,2021,Alaton,0.6530411305174164,0.6316518489479118,0.48920495558702237,0.45831367471090595,0.32040794511558796,0.21547333784147132,0.2295898839205573,0.2373276592883152,0.10332423394352325,0.13958650048567295,0.18585747213843587,0.16643923917011016,0.21757730204197256,0.297856530879275,0.4223191123060569,0.41926248756742385
11,2021,Benth,0.642677697038254,0.6625831264325007,0.5056800592080142,0.4424304383679594,0.30405063668730303,0.20352743844815144,0.21235839564068598,0.20481054939296384,0.09609303814561734,0.12250452859050903,0.16340887725608685,0.14953903191329185,0.20245931421858337,0.26031468752546416,0.3830108915045712,0.43179268937920184
11,2021,XGB,0.6958220804178026,0.630928496367213,0.4954653804210601,0.4548515868418331,0.31148924872788303,0.21442004562777206,0.2243860019053213,0.22093794356094829,0.11067711060798674,0.14125785785815462,0.17869428094215228,0.16398073657722362,0.19890370430133317,0.2732883463811847,0.38469277145532543,0.41055943267563
11,2021,WaveletFNN,0.8153596893095233,0.6958945908257133,0.5176533538005563,0.4606691212474358,0.31707039420981337,0.2226778102937467,0.2291823007548156,0.21834536603344432,0.12179551820925602,0.14183587113553944,0.1808850301976828,0.16751827024483065,0.21071459791346284,0.26336940717167145,0.4155248928122867,0.36152324828655297
11,2021,LSTM,0.8210390319118981,0.6584577407340048,0.5127026335255184,0.441160425312771,0.2985616512933808,0.20986818008852257,0.22191937515823862,0.1931634931062742,0.11507682787771734,0.14076657712903728,0.17359901826068552,0.16905629741099393,0.20761870649652234,0.2807118850523736,0.39696487487920334,0.3959365267969776
11,2021,FeedForwardNN,0.6887787140118654,0.6295816823094581,0.4851779381731058,0.4235296660389482,0.2842912984618435,0.2042178123246913,0.2114745789291766,0.185416801813596,0.11863908906509167,0.1276285912419274,0.16607777258523806,0.16104182376510706,0.20824588084857443,0.25551977173095947,0.36120627876688255,0.41520879537514643
11,2022,HBA,0.5025442955596648,0.40570136816532476,0.33734590049909885,0.31053785705540693,0.2260601375602409,0.18147047323701707,0.21541558006045836,0.1757265389315407,0.13236293236283703,0.13687446120398525,0.19222228879529024,0.2109088229610862,0.2892779965062349,0.36224411228852604,0.46732023430252956,0.8887802469266198
11,2022,Alaton,0.42272231748714423,0.3516224304245756,0.30515851796175975,0.27566372447589543,0.19372784103364826,0.16421396071675007,0.1981607935785403,0.14332869904721607,0.13170969978507802,0.12705766118122583,0.17702957005301975,0.20250461947535428,0.2804875747644348,0.34284824389843427,0.46600113956500433,0.9963444820612173
11,2022,Benth,0.3620968989054613,0.3783043407504741,0.3473829491103904,0.3102074754862065,0.21609407673231654,0.18377397828873485,0.21668375287147362,0.15671324281267773,0.1481791699521969,0.1394060758682435,0.1927887781548032,0.22035673537056993,0.2888528616815469,0.3592508792063725,0.4728015759310179,0.9768325724726877
11,2022,XGB,0.5147810246520791,0.3493276282147896,0.28764284976156945,0.26661876788449573,0.191870512296101,0.15647196657319734,0.19295155962810073,0.14855350330576136,0.11748679910539378,0.12102405851705392,0.1733652683704048,0.19447047314510574,0.28397898921777587,0.3476323029808763,0.46334575237846204,0.9686151779307813
11,2022,WaveletFNN,0.41342916837953875,0.4023082389466166,0.34438412032165516,0.3020850718231001,0.21079558982834745,0.17225190307253252,0.21528908857386586,0.1503746402146732,0.12980292523133924,0.12590093586481507,0.19162182086011878,0.21857403491857455,0.3239882347742707,0.38912056494808395,0.49864319178817,1.0420105530686692
11,2022,LSTM,0.8417780875267358,0.5084778934799912,0.3726865404830158,0.34411968220137684,0.24207089610703322,0.19148072223787338,0.22201418249587215,0.18299455745388668,0.13576469322489632,0.14487677646071928,0.19154022874189647,0.20362602841970193,0.30194882111162685,0.34692184930342895,0.5175087204061917,1.0266219715612792
11,2022,FeedForwardNN,0.39597551470571635,0.31647317609864317,0.27010494431039367,0.26384002089029224,0.19437199213601838,0.16427713367209568,0.20234089305574313,0.16011862569411445,0.13113302921311645,0.12746858443167755,0.1857178116669504,0.2056232193726535,0.30970727926254055,0.362416161871264,0.4927670176546411,1.053760792900191
11,2023,HBA,0.6827852941814657,0.568305067709622,0.44435777421714484,0.35494048699330544,0.24462502526905744,0.19512368105962874,0.21398678457827033,0.15260241774535235,0.14052078073681132,0.12363663137539373,0.17903334403181825,0.19759459376508898,0.26505987136886744,0.2936124824921967,0.36828317577955916,0.4964451660215834
11,2023,Alaton,0.4767568862723014,0.44412044069377354,0.3785112492597214,0.3259496750713769,0.21239984331968034,0.17473587183808284,0.18876225725979714,0.135867553074157,0.13319029134090943,0.10169465896018022,0.1586690096818637,0.1760461200839828,0.22728141192488172,0.2494167726623977,0.32042597766596714,0.43687719092848826
11,2023,Benth,0.46085297392065416,0.4632004861316733,0.4031305031461512,0.3255995140867485,0.22086966778332762,0.18395241691171316,0.20376525492925268,0.13689687209575116,0.1432305132598269,0.10957108343299302,0.1730427031836479,0.19718265291777837,0.2626068033851119,0.2850725267353818,0.35439599308449904,0.5000767952739584
11,2023,XGB,0.6380540337992274,0.510761127932898,0.41794045618000686,0.3468306477392931,0.22555639583266776,0.1805216940373478,0.19617792392660371,0.1369195399720329,0.13084576356576103,0.11077806853570467,0.16131707577334486,0.17974609491565144,0.2320483291598411,0.2640624093026714,0.3318366264030222,0.4570119915161614
11,2023,WaveletFNN,0.40632532374332175,0.46715021217453095,0.394552243742388,0.32030513869483973,0.21980685505052688,0.1838796119457346,0.21010099968241436,0.13929664125304927,0.14424974521272277,0.12948175727238673,0.18198889684092795,0.20628895019127902,0.2676064514256697,0.3206810745140254,0.41722407496717384,0.6039319099628444
11,2023,LSTM,0.5260152468664935,0.4412151204658318,0.37746272397314845,0.34013050482058693,0.21623565359142977,0.18099443042943697,0.19352749538715722,0.14195371686311758,0.14212128412804959,0.12599276331539092,0.16405242195650915,0.17917826801048958,0.20547956464887293,0.2566717736460672,0.3290844086523901,0.3687096166492774
11,2023,FeedForwardNN,0.4569802351095171,0.4399684028079855,0.38641990856008124,0.34138241991479545,0.22308391382548456,0.17778817965210608,0.19350385348540922,0.1478303351453936,0.1278243150820056,0.12202141879914963,0.16246442243855508,0.17390031955796276,0.21393365928925917,0.26514202412167687,0.3577502249119628,0.4954202235507837
11,2024,HBA,0.8748913020638512,0.5984807056575244,0.44197182498947074,0.40099294128789925,0.26600733612239724,0.19688614025852771,0.20463485916887983,0.1713475721965943,0.116384809360453,0.10754062243835553,0.15996658544794795,0.15997002912399866,0.20693122667027586,0.24085610579399455,0.30330267631087454,0.38292419775047604
11,2024,Alaton,0.8377253127984772,0.5466155689919877,0.41053546201505353,0.37781026393230077,0.2648413822210562,0.19807453308510534,0.20540634910901465,0.18646552759560886,0.120315169287343,0.12877376948041047,0.1679088319892017,0.16017636830275545,0.20646278416553457,0.23560129151870687,0.32297713909612197,0.3831230290923405
11,2024,Benth,0.8014112622014844,0.5982696827578077,0.46517009428108724,0.41239945017151,0.27312257630797826,0.20289639246295751,0.20838569887559216,0.16981097729777264,0.12110814802125365,0.11765887168999883,0.16020292054167615,0.1609681738471472,0.20074540258732074,0.2358442384302962,0.3007848202053612,0.38916838347147864
11,2024,XGB,0.8821674643551037,0.516558034391232,0.38595819609293774,0.35746662301932913,0.248855699840334,0.18961209299853915,0.19784679896418755,0.1751016713288562,0.12061460042969771,0.12073843875054628,0.1636347381494005,0.15883999086706277,0.20769121310320626,0.23027462125002476,0.3055493157084861,0.3850914187440114
11,2024,WaveletFNN,0.9925921649717538,0.599719151028779,0.4790248786313077,0.45034433050970163,0.29676318067359614,0.21475504121601133,0.22286711201863227,0.19871584502949324,0.11924505635098795,0.1198179324962633,0.17180511839257495,0.16863943729236638,0.21467433858623985,0.26342589185602866,0.31450030245336524,0.40802204346505416
11,2024,LSTM,0.9801129886284493,0.4990693636441484,0.3869568689709096,0.3546597792049709,0.24227390476013852,0.18369900242748752,0.19252988046995018,0.16444197785002826,0.11548031008469598,0.10925227433158795,0.15741132445300723,0.15531403798655358,0.20363365230317731,0.2294974925063836,0.30572672541046086,0.37138635336108605
11,2024,FeedForwardNN,0.9254173200196385,0.48785446864356136,0.3658846609874363,0.34927726050435354,0.24217912011515189,0.1854456922887744,0.1954900350613136,0.17563195840839355,0.11937165538368463,0.11755595518827719,0.16513362831543474,0.15868767128809924,0.20491416301133553,0.24213314528234245,0.31244553533614333,0.3817288964848257
24,2015,HBA,0.6615512018560995,0.6219236042958717,0.4454993094308099,0.35339323739863726,0.22889064104231077,0.19095578928012816,0.22282110222668658,0.14975230665005645,0.15074543867120158,0.1302413250815655,0.19653462480473718,0.21485086286399446,0.2935139767246426,0.3534438722913391,0.4423728015790892,0.4812026215580629
24,2015,Alaton,0.6122869473881815,0.5788932096719319,0.4201616338341069,0.323769109844774,0.2217298138498642,0.1860765270073715,0.21251042767604422,0.14923242101325143,0.14828459959231682,0.1355466842958292,0.18795499339133,0.20341319108205766,0.27804147234852133,0.3204343256918597,0.38528495825305464,0.41855621257043035
24,2015,Benth,0.6230341210725442,0.5515074901257404,0.4092489692408912,0.3242393699066037,0.21816085075718566,0.18412852783322745,0.2130240212186726,0.14834649138063766,0.14805479686447257,0.13851126722119317,0.18996145394490702,0.20565974146559723,0.27477646420882645,0.33389479222400725,0.4144534229616645,0.45450407520364217
24,2015,XGB,0.6262675701396979,0.6720287051043994,0.4696613003909046,0.35379678765852957,0.23259979494199592,0.1962192304346205,0.2227675310983944,0.14598898278327505,0.15765640004943413,0.1260890833792904,0.19294455006383324,0.21441344065916856,0.30244581428262524,0.32878477898963904,0.39201036098948255,0.41831401131442275
24,2015,WaveletFNN,0.5553495441526085,0.7879986319081008,0.5406244597106391,0.3969880528465141,0.2750102102224293,0.22949639222648635,0.24293943364832768,0.1779676059179485,0.1812524557366066,0.1598567101422997,0.20452043250633364,0.22073108175363293,0.29456531777410094,0.29557691397857433,0.3554529638791602,0.39892343186509793
24,2015,LSTM,0.564871956258409,0.5219710654062639,0.40402873234561365,0.3151967085677808,0.22014886170813602,0.1743283953313849,0.19055265005454827,0.15296804757555715,0.12575941634540527,0.1322418659350808,0.16328461337087938,0.16957249558406096,0.2093606127845161,0.265007511138518,0.31899484786814153,0.3187064790960191
24,2015,FeedForwardNN,0.5767815744710685,0.5820087781236887,0.435188772059691,0.3324176229929216,0.2292592423837545,0.1805773226759268,0.19991118068655633,0.15402254894032996,0.12897524783353023,0.1366526407551497,0.17055229552849976,0.17631817078270848,0.21906094623956163,0.28629818438525717,0.3566592640734074,0.37105909061350806
24,2016,HBA,0.585780776681905,0.5294578015880463,0.42836038164484946,0.38981109393444485,0.26794389868781543,0.19598473633572933,0.21390526502411047,0.1923323764559793,0.12642309894066256,0.12755365162589016,0.17940099363092807,0.1804660066632219,0.2306290100324338,0.316715959382547,0.42901432721068333,0.45524448775382487
24,2016,Alaton,0.46809565029856215,0.4841652711708743,0.3843464873738824,0.37167579265754763,0.2770590065808365,0.1994363495307894,0.22208717999758346,0.22648957886589383,0.12439991293446392,0.14556850641103103,0.19659355125887093,0.18689518994957752,0.24598288643533842,0.3520499380897998,0.4732417641735568,0.5856772290699647
24,2016,Benth,0.5019085538389764,0.5102772811491808,0.3924800909707739,0.3681458828745816,0.2645778418153618,0.19808626861804102,0.2158180684252799,0.20429174416973192,0.1338100520335732,0.13497034482048995,0.18787999425304727,0.18604089527957243,0.2348752904537691,0.31851522416491146,0.4377682646705492,0.5167849828237818
24,2016,XGB,0.5122503125902935,0.5044321068686882,0.4158357063893913,0.3853884377449659,0.27168743270833234,0.1936346475784439,0.21358007894184153,0.20374385110621326,0.11818241384739138,0.13658184615597216,0.1818899592462873,0.17603114844096915,0.22947755873931325,0.3287605557223283,0.43988935795982487,0.5221465733224474
24,2016,WaveletFNN,0.47321761064319995,0.5327750446894646,0.44894899600602245,0.4082042362730232,0.28915657480259005,0.20738703350811927,0.2279563162319324,0.21383920101664106,0.12834187795647164,0.1548012081638021,0.19427892053866602,0.18621330787601342,0.2418290870973311,0.34554911550327133,0.4592590089046295,0.5061527931911131
24,2016,LSTM,0.44511079517126706,0.45447482388553745,0.37305956964312365,0.35236048489325206,0.25108389553288923,0.1806718243301619,0.1973957964311912,0.19359125995877938,0.11260573232544091,0.13862061248679666,0.16931519175539675,0.1626618582601917,0.2063313202823724,0.2949172274746401,0.40782061967779426,0.4814143342006827
24,2016,FeedForwardNN,0.5265347015311058,0.48998951991429474,0.4010735872137827,0.3719395984323724,0.2586764667603053,0.18428190946862616,0.2015035571890358,0.19155828264077596,0.11236601927010324,0.1340783468914498,0.1702670185214159,0.16432754555916698,0.21189391413795147,0.3015969038749264,0.3979280047902914,0.4638184535659265
24,2017,HBA,1.245079422109779,0.6864811370034395,0.4810245083048726,0.40651415305938815,0.2863429179923021,0.2216142496829452,0.23404416049652516,0.19828504223657653,0.14519333230643147,0.16653864031866394,0.19483291567053218,0.19436617371610077,0.24993188674341432,0.3018301974780766,0.41501044522772107,0.4941246757341431
24,2017,Alaton,1.0678126257943588,0.6168353950112963,0.4519790258393893,0.3984324460962295,0.27423830695308693,0.21611519292371156,0.2333119109230726,0.193843082549515,0.1474930227026924,0.1484224119952106,0.19918765589808213,0.20201150227918027,0.2664240152996139,0.3241142668386443,0.4686802604803532,0.5044351663996167
24,2017,Benth,1.0171506210602097,0.6402671754895463,0.48672283274627637,0.41559192871870654,0.2846878968076256,0.22075951931490007,0.23626291535514915,0.19330397468824184,0.14528345311441676,0.15483009047535298,0.19624430174775764,0.19966339946737824,0.2583117675886604,0.31718276387513716,0.44444689586810465,0.5002323116616183
24,2017,XGB,1.3444549354898385,0.6511228928579641,0.43628993113964776,0.38369810976019814,0.2668320021890683,0.21590437276642765,0.23133411617304542,0.19018322800659648,0.15577744196524623,0.15731695609145063,0.20004119571228413,0.2039336201296528,0.26850347476127134,0.3150734280671571,0.44815768417686896,0.49071933430391057
24,2017,WaveletFNN,1.2871104348764035,0.6434738681065294,0.44683781872333256,0.39247451374367565,0.2726011554053931,0.22071593274608398,0.2424670062000654,0.19379087639591128,0.15945843406005125,0.16013975124464333,0.21093630044872175,0.21942281227278598,0.2923272330773858,0.3561462736278084,0.45169399580677116,0.4784548727087969
24,2017,LSTM,0.9886464124634107,0.5799490462985097,0.38988086129200744,0.3352796519652819,0.2315470661177914,0.19638026050351803,0.21049679724805953,0.15992993148786463,0.15486110652679672,0.14465775920122545,0.1831037443318342,0.19060779131206218,0.24263207568332357,0.2859645327519349,0.3986845910020359,0.45801677848017247
24,2017,FeedForwardNN,0.731230421341351,0.49101964324151337,0.351146754862533,0.3118145052218847,0.22272649117846935,0.18662483573744124,0.20233691810841534,0.16463976810489775,0.14400196553673664,0.14195777027770695,0.17904325430553727,0.18376237947075832,0.22840629820342892,0.2838903151975138,0.38796320791570926,0.4591773857412182
24,2018,HBA,0.4916891988902633,0.7284983461164063,0.564202922033629,0.43640796596549086,0.2853269179555613,0.21097688481469856,0.2372634251050735,0.1777075872624034,0.13171384526167343,0.14141379354226263,0.1944115596583123,0.20250054458178562,0.2784733757907156,0.36145571107063723,0.4551688910612881,0.5797181493427916
24,2018,Alaton,0.36930231078296166,0.6227325437544046,0.5051380148481742,0.3826623503303106,0.24738123524577865,0.1903336431996239,0.21708644947066372,0.14791189512045091,0.1295163798610546,0.12403888516262929,0.1797606979442965,0.19617347216802505,0.26397132043761223,0.34128079291449176,0.43160110983278255,0.5454214002827519
24,2018,Benth,0.42038805124203665,0.6277837811655617,0.5174808165319226,0.40206243144239356,0.26220516199884736,0.2052804968694442,0.2312465283840501,0.16369329765279636,0.14459428338590527,0.14232227301403574,0.19388242955230472,0.20930894600818875,0.2746833658637034,0.35499665075745906,0.44241522919011705,0.5749766527250088
24,2018,XGB,0.43326266507865097,0.7202434293282958,0.551997701529412,0.41370396366711576,0.2684143972965443,0.19682422354267048,0.22356648488766262,0.15897850123159654,0.1205034132599032,0.12594090004851935,0.18095599636115664,0.19195540587546409,0.26595010232922367,0.34803405226803513,0.4448128588902265,0.5795558647427645
24,2018,WaveletFNN,0.46661977634757257,0.7569378802721737,0.6373904918420568,0.4664564145270277,0.3177323228489065,0.2572541728067022,0.28638126403458536,0.19437499667317382,0.19277966221963944,0.1917372557701131,0.24200102317626,0.2664121428613264,0.3359906646942667,0.42925639562950163,0.4928939009315896,0.5851278468372157
24,2018,LSTM,0.3023828801092207,0.5079494184487822,0.4843232784607039,0.3639291584206906,0.24431481400239805,0.17646793249346593,0.2049951300335301,0.15169461747066348,0.1041377690031112,0.09949571835898333,0.16884110826118712,0.18246418538040088,0.258621921143614,0.32806869903583374,0.4265451164370417,0.5226451425755436
24,2018,FeedForwardNN,0.27613468987969253,0.5046211081424912,0.47470831927105295,0.3533354390595524,0.23495455557973077,0.16987162708553283,0.2015142153332637,0.1424326490610091,0.10048805699769228,0.09971924324748044,0.16601530918915278,0.18231843080302168,0.26475294228743446,0.3411422504490862,0.43553352401565515,0.5168955636565601
24,2019,HBA,0.6084885202353378,0.48191940279232504,0.37134031248625726,0.3187454425949064,0.24409533431009742,0.18902564163842514,0.20926985640825918,0.1844557881548185,0.13242033539437195,0.14248414773072715,0.18438945183484262,0.187221084080789,0.24791124358776664,0.3078857744132094,0.44357432147900167,0.5536505220732632
24,2019,Alaton,0.588844574468625,0.4618388245600545,0.3553199978740119,0.32076756829694897,0.26140266570922127,0.1930539300824496,0.21017605337671222,0.2173837413736115,0.12279929592979907,0.1437598614097887,0.18706165253601822,0.17799151742319286,0.23444208502361072,0.29661364599959167,0.4364704899557704,0.5223436558073173
24,2019,Benth,0.5459736102251584,0.4827367502745477,0.3839312235587149,0.33272258406184396,0.2585990053761487,0.19802302445251393,0.21639983223198156,0.19985596719750662,0.13575788758930973,0.14964782128574894,0.190169434598279,0.18960198701824105,0.24403665568019944,0.3067394029945701,0.4395286827559895,0.5541800613823945
24,2019,XGB,0.629654850279236,0.41953599093555166,0.3184237524555732,0.2978474807797029,0.24308663397009236,0.18032822137849064,0.19911594664442264,0.2077762302156882,0.1158197959307918,0.13349205696365354,0.17970277490151812,0.17225264677399021,0.23212636965491987,0.2924626515045444,0.4293118271914584,0.5242878841110252
24,2019,WaveletFNN,0.7469571596273211,0.5365290409605528,0.40743818267218807,0.35028632412011884,0.2572200305059984,0.19332244236869925,0.2106249987372703,0.18681298931751794,0.1276430755646651,0.1398691817553874,0.18022361026233386,0.18267120918360139,0.23326573404672557,0.2978476322915512,0.428521080311673,0.5504752044140698
24,2019,LSTM,0.7104944475815227,0.39855828422324885,0.31617801925786787,0.2923685965887607,0.22685818054495357,0.17701641946790542,0.19228806520248742,0.18499409506311906,0.12578482523457654,0.13931481866773132,0.17216433861811764,0.17239842286015344,0.2174395717880876,0.2674561334756415,0.3885758621888735,0.4316879004803854
24,2019,FeedForwardNN,0.585178555490494,0.36510903549892837,0.3037517585855167,0.28520919240016324,0.23124307297837957,0.17496214676326588,0.19011225687527197,0.19725835182153578,0.11711183183415724,0.13658462846491762,0.17118976171737466,0.16578619738067435,0.2165015986968634,0.26702878624205395,0.3851997597908583,0.44356464380230715
24,2020,HBA,0.46036187229689796,0.44977731209937855,0.3796140591028784,0.34757223220735284,0.25823485670962887,0.1993463555553047,0.21712245251626264,0.19550849742945964,0.13179379553427692,0.12860506387820722,0.1874258974837888,0.18959275163173098,0.2638167452203951,0.30946152879534233,0.35650964595602064,0.4072861147219563
24,2020,Alaton,0.4862532503356405,0.44749932256901226,0.38809926575799486,0.32917685944755143,0.25348190490620753,0.19774298225660983,0.21290123568006689,0.1839143284545186,0.13380338719157409,0.1353603932458868,0.18152999584659568,0.18469098318628638,0.248701024102039,0.2921192151420265,0.32706910057943006,0.3983973975884006
24,2020,Benth,0.5494189615259643,0.5150733626552487,0.43854549105952767,0.373025531713519,0.27406579155933647,0.21373404755400133,0.22493552654499094,0.18906595203396936,0.1445259054175051,0.13731949709257552,0.18715995147214137,0.1911397706719251,0.25132192147670424,0.288355392500146,0.33181605911157264,0.3921748053238775
24,2020,XGB,0.3860240410040257,0.34715695475824887,0.3217721144275938,0.2877288168530651,0.23101983253818129,0.18280274277703012,0.20190182106599958,0.18412085703785228,0.12749164152156417,0.1312800377580913,0.17980603506216547,0.1818877371135393,0.24719872760779368,0.29739949193734105,0.32831869751183773,0.3959139949080158
24,2020,WaveletFNN,0.4228170639920273,0.35187827782136477,0.33579371330189034,0.2918096603874336,0.23352438834024844,0.18949458643783834,0.2088304754202192,0.18067363389138663,0.13898683403415676,0.1436521167204381,0.18605486166778404,0.18983384199571643,0.2528905318132512,0.30728243090921026,0.32412945966707946,0.35643193348447944
24,2020,LSTM,0.4894335364170511,0.35035814847742563,0.34255501542633304,0.28573884285281337,0.22420386083572863,0.18190579909796084,0.1976334071044914,0.16304233647489655,0.13338457172242102,0.11437452771080187,0.1697131169573672,0.18079655377917164,0.23791691999420292,0.28071088537152694,0.3264954229473079,0.4154366652507721
24,2020,FeedForwardNN,0.39310416715567653,0.318287460229272,0.3169877950796785,0.2822363906201876,0.2302053420721623,0.18643871245891877,0.19978019840029035,0.1853578952342137,0.13623285196131926,0.12918894532140754,0.17662761794909057,0.1792981670800851,0.23582257872924373,0.2731592594402024,0.30228664587439646,0.3777167062890534
24,2021,HBA,0.8024519583182393,0.6911160396542958,0.5337118903434159,0.4529510844718138,0.3030604977352199,0.21173584849811947,0.22400221235399587,0.1918354958486974,0.11506537811710578,0.12742598547668282,0.17346314233838064,0.17097350091227326,0.2222208490552427,0.28916434141989233,0.39754985693361045,0.4753092417522566
24,2021,Alaton,0.8018076513413097,0.6764920237524816,0.5214238922251018,0.4668639923209086,0.32350417016910354,0.22074785657713925,0.24251666470770714,0.2280630752330214,0.11197655274475965,0.1350756231609439,0.19627811652810062,0.18771208584380525,0.2534384787961111,0.35381789730932384,0.5162539294866345,0.49696658781251485
24,2021,Benth,0.7849050864537752,0.7041416960299379,0.5365259363716821,0.464762233471627,0.3140221485582606,0.2133097188033859,0.22971930387734435,0.20672609480607193,0.10670194052063786,0.12048098052621387,0.17903555460485304,0.17289043236138066,0.23915552521678451,0.3167032124384061,0.4620018052024821,0.48079248194785296
24,2021,XGB,0.858371652702769,0.660564481288459,0.5261384922256424,0.47132529259417555,0.32010643570143454,0.22631842734835977,0.24530403181133006,0.2207534007318342,0.1270404015433954,0.14509094467154773,0.19872243703430054,0.19452803071287975,0.24119018229440872,0.3409723807508509,0.48282442548195315,0.47763532212178317
24,2021,WaveletFNN,0.936793756616276,0.6741416586712856,0.5316199273361458,0.49356051638046505,0.337055576848685,0.24246231818479408,0.2620315528772748,0.24323251337046836,0.14233190557110567,0.16081824323517108,0.2169797276212657,0.21141172608587386,0.2617677174467712,0.36031642555204496,0.5061641954161207,0.45499216447390745
24,2021,LSTM,0.8401857833989506,0.6360591217975896,0.5030152642963739,0.4321790861552039,0.2830493189496975,0.19527373134146309,0.21234393875806923,0.17697706675343916,0.10236007207267112,0.11534364593275628,0.1643129457569441,0.1640265006698842,0.21501565843530837,0.2949430709249167,0.40115190582659593,0.49186767202387643
24,2021,FeedForwardNN,0.7657335499212038,0.6357458310370542,0.49238944848258154,0.4331330907822965,0.2821611785940457,0.19662675391388817,0.21508509886116256,0.18078464038830216,0.10608544730418158,0.11448157929480178,0.16910599124992506,0.168867693181042,0.22536982352882123,0.30490547011132263,0.41872565824892827,0.5218530555472262
24,2022,HBA,0.7784273902086934,0.4868192478737491,0.3626633886338392,0.32553813074430105,0.24576039976800987,0.18882204691373575,0.22258642702878823,0.1961906939556848,0.12620508696682925,0.1465030910200379,0.1976851288813554,0.20932341143226746,0.29433688103122985,0.3660236459436726,0.48399371486053877,0.8634426436657099
24,2022,Alaton,0.6903795726058128,0.448340260187272,0.3499469418070211,0.30268984615986355,0.2165288649004187,0.17493883862057566,0.20919118145763743,0.15995636075429445,0.12920093298742688,0.1349960725265434,0.18364211935668098,0.20592255175162966,0.2889847432047272,0.35294706842512674,0.48762171217030337,0.9621385620763659
24,2022,Benth,0.6332009605670781,0.4659576900230471,0.38848507775814534,0.33121053350419966,0.23718804430679957,0.19373120396450033,0.2267794124851844,0.17303442846496464,0.145940302143065,0.14959969024717948,0.19921497548256942,0.22301161766868108,0.29843377433530877,0.36751536425976733,0.4931182677504912,0.9462569983787376
24,2022,XGB,0.7872031299643654,0.4530057637629922,0.3348708494554589,0.297042327306869,0.2216554274981223,0.1697494898541303,0.20649304587133144,0.1736493395931806,0.11266684071640592,0.1311116715893148,0.18260924682828075,0.197284840463954,0.29344944688581004,0.36033361009379095,0.48552478909059094,0.9251125626748731
24,2022,WaveletFNN,0.7385004838226708,0.4846629460549024,0.3603766065754832,0.3127484259713447,0.23206693112441448,0.17040685515524473,0.2012515452413393,0.17766051323304533,0.10259726260931484,0.12578616307046692,0.17287681312152578,0.1793928249090611,0.2778909548788486,0.32907323730873345,0.45159087187215413,0.9111642977309108
24,2022,LSTM,0.7422402239929602,0.4248931367623733,0.31546541057057653,0.28140355521715177,0.20537002254314024,0.15679869638133292,0.18304513372866807,0.1586869047823335,0.10338322803039494,0.11846171749403778,0.15831538839796896,0.1660266787227286,0.2482209428800664,0.29045346251089965,0.43153974249067256,0.8423322581185752
24,2022,FeedForwardNN,0.7267975627496344,0.45468366900294954,0.34217120703103865,0.3071247408077025,0.2144090597259526,0.16106943333373502,0.18828920052381096,0.160234807063066,0.10241011001378188,0.11852274691514507,0.1597167071291052,0.16887882125025863,0.25029599779783807,0.2990122501936964,0.4547825504162622,0.8794787814653774
24,2023,HBA,0.7249663044624408,0.5946064878727736,0.457277389141665,0.3600593205734173,0.24864337042012438,0.1985200581641831,0.21951050077632184,0.15705181018155862,0.14440445085032036,0.12367432186485983,0.1851925140666948,0.20520442228934593,0.2742805706290616,0.3052477441031858,0.3913870758941688,0.5307253854262474
24,2023,Alaton,0.503488088322304,0.47311165645337655,0.3960468430310941,0.3266891003521617,0.21269282223306987,0.17777080396124842,0.19514808272529624,0.13219932963865433,0.14006726558063354,0.10056679102378928,0.16507266251307565,0.18761003862585546,0.24329231477925217,0.2660607576987651,0.34593270212786315,0.4680275816281372
24,2023,Benth,0.48184290954458536,0.48203141976543923,0.41268889599556413,0.3267685323947259,0.22372699917595634,0.18864358943661705,0.20974224144310538,0.140771616053866,0.1507658048442712,0.11276456051113762,0.1800842470314377,0.20579582959279208,0.27111321765269736,0.29352908355086366,0.3712579906141095,0.5122887245607239
24,2023,XGB,0.6993984594351526,0.5591412974789898,0.4428309082122714,0.35899372840981736,0.2293550607674841,0.18327595090193144,0.19947034191922478,0.13563790926682429,0.13352666453945625,0.10851464323561397,0.16305139622720766,0.18286469138320866,0.2349103611102897,0.26832234369558633,0.3472399847172529,0.4689954206719792
24,2023,WaveletFNN,0.6008838679943562,0.5305879556255608,0.4285736654516259,0.35002692747983666,0.22196454065295265,0.18080156273768028,0.20035883737868262,0.1312619207456401,0.13635997561036425,0.10051262694279309,0.16685515165089954,0.1888249871288287,0.2504276922470664,0.27799259758321826,0.3730623837001065,0.4884143980057041
24,2023,LSTM,0.5594490770087203,0.48572730002502973,0.38928075205893975,0.32906765380113956,0.1972938528317288,0.16309574680615727,0.17799955981573107,0.11301047587653505,0.12617377989567424,0.08772658451600501,0.1455790482233826,0.16474038536757393,0.2050958432526134,0.25242566881903516,0.3400027189162386,0.4434838099146659
24,2023,FeedForwardNN,0.5794953042455302,0.49425724492469875,0.39181845909571783,0.3317428093208307,0.19966693339850278,0.16003122933389896,0.17834586562681698,0.11531128445556399,0.11723856260397177,0.0882881926335301,0.14652405899020668,0.1620769781003531,0.20340108239254465,0.2582842604070754,0.3566681024291449,0.49156225613135
24,2024,HBA,0.8042483531437398,0.562577956769936,0.42384254133037513,0.3935203222091575,0.2562792103241535,0.1891681411101419,0.2024696411718588,0.16639574013902067,0.11120739259154774,0.10075950080508832,0.15954607182930786,0.1650974405312177,0.21767066272999339,0.25671711084803583,0.33452625627809257,0.37822195088999044
24,2024,Alaton,0.7452962284073328,0.5229974644535982,0.40434431946570365,0.3795994450934778,0.2632908158206241,0.19372137659411132,0.20289554240645927,0.18762761246188747,0.11290481950988282,0.12216099577987106,0.16468158966953714,0.15873183263642354,0.20622499990699095,0.23779326686931124,0.3358796707060076,0.402957015777793
24,2024,Benth,0.7369337896624175,0.5760255565363913,0.45568929359328825,0.4130349841490511,0.2708933422027278,0.19928376742826798,0.2096963214211628,0.17176603739562799,0.11609725116651319,0.11673693345326978,0.16237969905563926,0.16670670794340373,0.20989097826439226,0.2535559775699638,0.33268940257490043,0.40031509063530024
24,2024,XGB,0.7654536873183596,0.48301811598442956,0.3727467358470675,0.353296109800913,0.23871822182838515,0.17990039659915938,0.193008551084347,0.1668233276924564,0.11157364015182018,0.10734481778721017,0.15861118116466671,0.16015787126824282,0.21512621640747318,0.24450814755064393,0.332546505902557,0.40081335829743553
24,2024,WaveletFNN,0.825320903763259,0.47570480523258785,0.3666930765738542,0.38321984066036224,0.27251004125985545,0.20502199847023045,0.2109985789477911,0.22198885625024978,0.12662333199755274,0.1367118181764093,0.1787928075183733,0.16209770167687762,0.21711398719927733,0.23470489337132192,0.3313898885115597,0.4081493989654294
24,2024,LSTM,0.77254617131577,0.4600333980013844,0.37454375927039485,0.3528553184735571,0.2353753049478287,0.1788920509949998,0.19260857460378641,0.1607232701637449,0.11327729014405785,0.1064455749860879,0.15938170306012586,0.1620695894656118,0.20818946432399849,0.24740125757966225,0.36326555778247316,0.4035180967175525
24,2024,FeedForwardNN,0.7871416606294561,0.45921259860221403,0.366005448781006,0.35633710215105485,0.24090639904698075,0.18266900653257417,0.1948780837923816,0.17380140274836212,0.11501651991049558,0.11384682667214038,0.16326648374064318,0.16094645478615593,0.20843751838709434,0.2517033950592768,0.38426625781425616,0.48513446017008155
27,2015,HBA,0.8112814878914936,0.7033126188775582,0.4309898814920585,0.3427416234043186,0.2289192509743758,0.1966780245548822,0.23164126785932124,0.1637856514259564,0.16464775674315518,0.15160079150285724,0.2090667308792349,0.23164133209416965,0.3115276259605068,0.39520810191598243,0.5043111904344941,0.5691619460464784
27,2015,Alaton,1.605089516115928,2.4756080000557117,1.6479042243918416,1.0419972620454339,0.6307317431091771,0.5862812537374765,0.5600316640654224,0.30286566530357745,0.5421216097954873,0.48248698303416315,0.43619213527546813,0.5066227341024822,0.43289996042511686,0.46320698279030414,0.6089671410465047,0.8069550572420087
27,2015,Benth,0.7099403350364698,0.6061655137814216,0.4071831277475236,0.3186501031228632,0.22002519375673435,0.18757898591277408,0.2184457123597327,0.15969841646289687,0.15534507789714572,0.15381520372517435,0.19753459875240448,0.2149503629147748,0.28493925865492237,0.3640702164994001,0.45625225466940367,0.5169711740611471
27,2015,XGB,0.7287311335440131,0.653643681869134,0.41402170852707026,0.3246884090173657,0.22098338169305393,0.18984274698495002,0.22371107610810678,0.15876117233342382,0.1589058695675123,0.1466632512697686,0.20201955490046222,0.22347586119748544,0.30811175547391867,0.3815602621341199,0.48115425335800377,0.5487062674686288
27,2015,WaveletFNN,1.3086882656483998,1.0870537788312775,0.9657653481388718,0.7736475077134921,0.47875086888197715,0.369356595291348,0.3711872395756208,0.3217710743173994,0.260678102898185,0.2588685339390165,0.30128291990223605,0.2926546518324271,0.3154804691477372,0.40270153836409134,0.5206141137275666,0.5478838252037448
27,2015,LSTM,0.7867203878637485,0.7020096405782278,0.43415195694528175,0.32797068469268287,0.23759669321472163,0.1890176397002845,0.20854619704817934,0.17424086657053273,0.1407564453566707,0.1515605077225394,0.18243141933146992,0.18942836203002208,0.24771023755925975,0.3019813829885458,0.3641238002202718,0.3057962676491239
27,2015,FeedForwardNN,0.8841217661716844,0.7657928960223938,0.5207584892423982,0.37602574015774837,0.2518989625916825,0.1945264104972234,0.2176619571923343,0.16523724090168715,0.13752925459757373,0.14529442308447052,0.18558243746103215,0.1907897194344922,0.24472742070524603,0.33680811797493054,0.42722773182833057,0.4223375987159847
27,2016,HBA,0.7135712880506715,0.6109560217092382,0.5108760310830476,0.4367451363475357,0.28829727170169134,0.206497667122596,0.2311634028105454,0.19494471754939408,0.12843476659872066,0.12883022274299424,0.19170550168856326,0.19439204094162899,0.2703841906454434,0.3987884863712816,0.5804461635123399,0.8811053577874938
27,2016,Alaton,1.3364365853835527,1.4668537517323814,1.419884160277915,1.080213082614701,0.6561957846838219,0.5973911476368079,0.6369173764328522,0.3358945095923451,0.5412727769458474,0.43002133613544596,0.5307404187653776,0.6300105991724517,0.7136745414380629,0.9119022010661375,1.760975028348008,4.172874641825184
27,2016,Benth,0.6318960074210149,0.5838692910271465,0.45240104085884253,0.40015743010766747,0.28207733478631014,0.20214988769920147,0.22959458142756664,0.21064125957972035,0.12587362226743906,0.13214094606391413,0.19850858091068424,0.19678695235768282,0.28021938210076064,0.4154250814896538,0.623571043045862,1.0187126818906433
27,2016,XGB,0.6591960000334951,0.587955177252369,0.4866166638242398,0.4191555789284614,0.2839246018986019,0.19895344094425066,0.2260806929466152,0.19891279870702203,0.1178638645446004,0.12892221031110085,0.19013063952069081,0.18908690263814176,0.26994775307333946,0.41153760235940573,0.6068476968039549,0.9761164289201878
27,2016,WaveletFNN,0.6675739205244775,0.662779317565008,0.5146746770547456,0.4486028378192059,0.30517152903685424,0.21992597725437468,0.24725224868498616,0.21730306384827924,0.13857454452875495,0.13984825963523606,0.2115019213126031,0.21186452367802638,0.298035743072301,0.4320326537532002,0.5965606786062039,0.9937579584798125
27,2016,LSTM,0.5064582969593382,0.47906594762018023,0.41270371699120467,0.37456825834885676,0.2561974591513809,0.18279108292304072,0.20762598257773568,0.19055660936511273,0.11273799801123988,0.1243568748739179,0.17798006470227665,0.17686695831067178,0.251284762186818,0.3811014859401764,0.516829975653592,0.6987322370123294
27,2016,FeedForwardNN,0.6627612219890953,0.5835215609565731,0.5013902233572607,0.4494061680105254,0.28998515027243216,0.19990388074954807,0.23406713135467747,0.20131899188393826,0.11393763167031469,0.11393452067213175,0.19310710216050062,0.1993525000401429,0.2996821215686964,0.46054117960508834,0.6543025080525205,0.9980250761865915
27,2017,HBA,1.4188638269086096,0.7635263371258572,0.5135757962285329,0.44486650324487426,0.30171506274197457,0.2268758285160597,0.24411534440504548,0.21039950734376728,0.1414412180380663,0.14829532639141715,0.20245093237217035,0.19889752024672638,0.2779705482936653,0.35131381462673217,0.513438386249139,0.5918009443515283
27,2017,Alaton,2.967939111029011,1.7386317868952927,1.1021137877770761,0.8802522165787828,0.6092125712398156,0.5701274632147744,0.6063904131907721,0.39676381962908963,0.5255088749281853,0.4871145285050108,0.535066286936641,0.6109497961444899,0.658837230107899,0.8255550231262743,1.4723967549666885,2.0907153397069798
27,2017,Benth,1.213941313589967,0.7201083764072805,0.5353109393271319,0.46384116449856455,0.30129575120849705,0.22752900871311907,0.24644694706545583,0.2004312515770687,0.14331872814960195,0.1369334841953436,0.20118763335794906,0.20381753281974857,0.2834206848954007,0.36181308644884635,0.5463065902803629,0.5880106913666145
27,2017,XGB,1.3799990470012735,0.7111856128579338,0.4967715343395927,0.43066392962329375,0.29021170285247716,0.22305270606361025,0.24147804622658922,0.2011809257717266,0.14638566383507237,0.14684376052707585,0.20204147306122092,0.20377927488903122,0.2850609408762942,0.35399590055845326,0.5258162247461694,0.5797672324812333
27,2017,WaveletFNN,1.3915831892491621,0.7237479793375413,0.5018975470780861,0.4204180948519963,0.3044712368958475,0.22875392027430475,0.2478762710721921,0.21937716180309938,0.14231691274864,0.16713880683167562,0.21112229516458708,0.20422601071506966,0.28349931900450587,0.3645752790052396,0.5162982408072573,0.5887698016895596
27,2017,LSTM,1.1507050936587477,0.5746592619489468,0.36766811141010103,0.35696487890588435,0.24980216757075444,0.2040546291155013,0.23448697678847624,0.19899995449852073,0.15183037577194974,0.14437212474746325,0.21592350758793719,0.2211256507214063,0.3129227800260091,0.41024017060456736,0.6305964371767064,0.7141698247101034
27,2017,FeedForwardNN,1.4010447334921177,0.7565730195282333,0.44852660573169423,0.39908847677219134,0.2752404194051078,0.2058309206948793,0.23132520844866508,0.2005511455276838,0.12659476138463668,0.1438000300904836,0.19895288039774775,0.19633690976465756,0.281680999788609,0.37731211956811933,0.5766232207992381,0.6665142927164214
27,2018,HBA,0.6593524008071361,0.8353470174088576,0.6673227410097406,0.47997393580142705,0.29522076627400573,0.21713719457580904,0.2419783251542751,0.16870324471847495,0.13683276157046623,0.13332597748584726,0.19169923126220637,0.20526185856579682,0.2805207389881741,0.3723218041013907,0.4868330165999269,0.6479331674713505
27,2018,Alaton,0.9061522222363599,2.0429836656000306,1.687603435625536,1.0164277765413916,0.6686309402022957,0.6274481356216939,0.6275695523870639,0.3221724868555765,0.585094005303505,0.522022956377339,0.5039110532381309,0.5984978773437853,0.5941030441415026,0.6534749380536087,0.9101134292075399,1.3911505839233598
27,2018,Benth,0.56233686674925,0.7133256682903617,0.5884519570989452,0.4249404712587238,0.26357676643522643,0.207433217951052,0.23150131412045313,0.1531167132015801,0.14969282864924288,0.13249496319922802,0.18961589143483057,0.2101240930399346,0.2739646817138132,0.3573609798232081,0.46362380137733483,0.6595752987020194
27,2018,XGB,0.6167729224468865,0.8139219738385821,0.6438647334411505,0.45132991902744907,0.2809920907620856,0.2080825844460676,0.23229980597939112,0.1576126127986432,0.13309937814452358,0.12750076052963197,0.18400205975397638,0.19872359730661582,0.26974384463664847,0.359225059208989,0.4722202346930353,0.6746455918822717
27,2018,WaveletFNN,0.6380390555357777,0.8362207221268414,0.6487377536038155,0.47238555312008823,0.310249198598051,0.2386021723403435,0.2684124291086614,0.19516049721543632,0.16491735369011018,0.16641796741144782,0.22396437691954182,0.23601527251589952,0.3235247851163294,0.42834661728397755,0.6131981582514071,0.7111329620384362
27,2018,LSTM,0.3590661333477114,0.650363855680653,0.554742430976462,0.3861586398128362,0.24658785395480579,0.17851760532344046,0.20758807170815236,0.14181293743236273,0.10851129539178618,0.0968695860951115,0.16662002871258016,0.1848923987325868,0.2644941788669157,0.3454742598597448,0.46807493780624193,0.6536900557462827
27,2018,FeedForwardNN,0.3047009035792662,0.6138947559761515,0.5218721515944401,0.35832708794297213,0.23753363204303915,0.1736698890518539,0.20262001907195717,0.14085635748151473,0.10798972664421513,0.10447795754810381,0.1647567336649344,0.1817501581427025,0.2589309260662469,0.34089302311142133,0.4614380676441476,0.6423499424013168
27,2019,HBA,0.824002918069683,0.5950870081708921,0.4288513474849838,0.3614562923907605,0.26371648631313843,0.1971289774206727,0.22433193906659207,0.19737595134031724,0.13196749150521356,0.13715082238443294,0.19637792722920436,0.19912296481394393,0.27484230735379506,0.36105128943496995,0.5181807947176541,0.6691789368975095
27,2019,Alaton,3.4644907909159928,2.010372166661896,1.3798020570686975,1.006296095157476,0.662458997673521,0.6163906642556751,0.6118855113706967,0.3742768295861085,0.5713089198101295,0.5055426268221923,0.5108283096160006,0.5772834475813515,0.560267973353731,0.610198894998147,0.9583962223163126,1.214945342733134
27,2019,Benth,0.7429655089878572,0.5796679948205047,0.43807586379274155,0.3711202477077264,0.27349154273350595,0.20177592501952515,0.22714240829557555,0.20737217926460194,0.13159615269714042,0.14079475381676787,0.1978506944467618,0.19719399338557267,0.26996384503309223,0.35601592747096583,0.5182502591692508,0.6599258885483419
27,2019,XGB,0.7906309892210962,0.525987591900502,0.3849181552346343,0.338773482551008,0.2520512447833459,0.1881513024823302,0.21623456986196046,0.19867389092254148,0.12561982684219833,0.1327648323542893,0.1922246763110515,0.19336023176552058,0.2709950492211425,0.3579397516264624,0.5189240140726372,0.6629138419920135
27,2019,WaveletFNN,0.9489496816424366,0.656656552840392,0.5265889602148083,0.4253091772825798,0.32553132270450097,0.2669452559251159,0.31668183294382346,0.24475933344582432,0.2096138550545392,0.2050949644971935,0.28895425541478165,0.30951649119822555,0.43408911218364327,0.54242927907574,0.6471827842576848,0.6597582396571126
27,2019,LSTM,1.0238424998550373,0.5042901352907169,0.35603182308136483,0.31911663205860064,0.24093045489413853,0.1844543365547127,0.2049436881680217,0.19469014992486813,0.1291876979472021,0.130859521951115,0.1832055337522849,0.18489523807631797,0.24620854239136156,0.31443651547306556,0.47965860748694117,0.5665519314076691
27,2019,FeedForwardNN,0.8085248109190831,0.4572572090824951,0.3761579228218681,0.3392828578404454,0.2455511077919963,0.187436599028461,0.22565752875875125,0.19308171448102612,0.13056665739429654,0.13475580709386586,0.20450754977736052,0.21437431127534678,0.31309787320462235,0.41428383445238876,0.5227083184610688,0.660340032915436
27,2020,HBA,0.6384058698927887,0.5815942347027492,0.4736057646642176,0.3967633141423706,0.2699555408633977,0.20364489922670478,0.22641415982806024,0.17643580827468464,0.1319574757822274,0.1191126789748599,0.18578582522080242,0.19835757667348952,0.28409291230677686,0.3501217881955388,0.45418589951925226,0.5254219410882233
27,2020,Alaton,1.059422355559171,0.8936298867330495,0.8902276330888447,0.6108480308260618,0.4684223427141001,0.5188176401604838,0.5296391405678214,0.2747220009018966,0.5732992277078168,0.4854352914456891,0.46966586590025744,0.5786682297277745,0.5638376724929358,0.6098614170973843,0.9684590731952472,1.5587856036450176
27,2020,Benth,0.6344396276672316,0.603954039359698,0.5031332529017333,0.4028828116139194,0.27948609546477565,0.21422499290324565,0.23140631493587402,0.17678342238455155,0.1436722101475879,0.12769026094020158,0.1880084995162906,0.20034498668221842,0.2730490398122656,0.32716511567068124,0.4118316213990863,0.4775785383658421
27,2020,XGB,0.5716031876801879,0.5193650266542552,0.435750179650676,0.3591074271294491,0.25379766945983745,0.1945890008460413,0.2162256726008535,0.17024190517285614,0.13057941213242155,0.11795325265733202,0.18071955818695748,0.19274858364725514,0.2713566438586861,0.332506232891452,0.4152899429533,0.4749790295617804
27,2020,WaveletFNN,0.48615319276036106,0.42636367410836024,0.43064792733581103,0.37738877046516794,0.26446219812290417,0.24311998301218257,0.2545893523187671,0.18814681449115406,0.22004723972207968,0.18163049087878902,0.22548805530931057,0.24800598792487685,0.29079818248974554,0.3253281573532665,0.47911748062478376,0.5605328559161503
27,2020,LSTM,0.4877674296849674,0.3713701657060995,0.36863132006666505,0.2977951951500536,0.2245413998660263,0.17562033591816026,0.20258835258566046,0.15837279688392392,0.12273251972419935,0.11391653780855222,0.1739007715054516,0.19045627163250337,0.2686077019333038,0.33570931932236703,0.4107984768662158,0.43879256944734474
27,2020,FeedForwardNN,0.470752585465939,0.37669737884644033,0.3896810783161026,0.32779782384331807,0.23522490547808728,0.18537425814422215,0.21227239468478082,0.16429593859114253,0.13148148352768738,0.11772514052146768,0.18226184671165088,0.20096302581050415,0.27767504996921394,0.35306382340171666,0.45087612140308125,0.39443580294288805
27,2021,HBA,0.8757579478684314,0.7277519872450664,0.5721460178549092,0.48428192190643793,0.3162060565964675,0.2230113875698444,0.23904644056895533,0.20496504630216833,0.12722852557882564,0.13780284902813772,0.18931192253497442,0.184444580180238,0.2419919701201813,0.34005501881980144,0.5092782681201067,0.6103461715570333
27,2021,Alaton,2.4943939603200023,1.565181293798912,1.4160308543074607,1.1375998866132035,0.7122017698799117,0.6227378194291185,0.6614906452273819,0.40629151639209404,0.53078928515457,0.4566084733885844,0.5522785606916717,0.6307063482775277,0.7208838582812181,0.9182720380128795,1.8237287689528379,2.2035914013461513
27,2021,Benth,0.8915077428275123,0.7607281790731623,0.579430701507501,0.5008356101393143,0.3304927882345213,0.2252476702707494,0.24764802319809234,0.22229512798295112,0.11707969548806428,0.13258959275802093,0.19757439000651802,0.18925210520190688,0.2681229874885182,0.3847966660896263,0.600183364925305,0.6638813656844109
27,2021,XGB,0.924861201122336,0.72062072339207,0.5658961166659001,0.49894199368496955,0.325432782556512,0.2276809655601316,0.24913338067597104,0.2209184890732326,0.12721439494480064,0.14182530490859727,0.20116653925923933,0.1951668628666949,0.25451789874940023,0.37879603720393756,0.5760266175750762,0.6480917545773092
27,2021,WaveletFNN,1.2143011473280438,0.8741933625438804,0.6455511252510823,0.5319394943818245,0.32939437130007854,0.21535775831183274,0.2423250470079806,0.19198090703311146,0.09815413199007356,0.11417071344373701,0.1816324183517519,0.18322343010634462,0.272306265477743,0.40298500310235685,0.5744756806806025,0.8126988547281715
27,2021,LSTM,1.0206116611699099,0.6821898694798252,0.5364678074164141,0.4590397560636083,0.2969375140564588,0.2108208901950147,0.23042264146754843,0.19282875472697975,0.1223126441268109,0.1319701417451768,0.18430680263587704,0.1837912035238457,0.24469328496957965,0.3478136843951487,0.5319494236682444,0.6164115238582618
27,2021,FeedForwardNN,1.0730953945222392,0.900032479563793,0.6951356565368989,0.6006162950441332,0.3593902429818494,0.24546059280274304,0.25828644630155384,0.21346281991786273,0.12836689985048857,0.12042730721593606,0.19237635925250407,0.1886869546477519,0.2684453866053059,0.34448923094408773,0.5043637468441152,0.6207647884641596
27,2022,HBA,0.9216834303319088,0.5638981892094117,0.399355036334152,0.34148399019111697,0.2420453193177498,0.18281895469721107,0.22340585408164887,0.1851095517934378,0.12028912874333231,0.142497537138892,0.19596784852529606,0.21492110153148689,0.31653074664747083,0.3907079007099205,0.5106208474644378,0.8735698552143795
27,2022,Alaton,3.7570137705657713,2.303148426975176,1.5165593659963301,1.0818314481594495,0.6931572193422356,0.6395842340154063,0.6314909483564973,0.39513981717483576,0.5830231151660714,0.5422451737876788,0.5124555997041343,0.5913769900027189,0.5594046606609901,0.6235112430058066,0.9149449754353582,1.6345342897946744
27,2022,Benth,0.7916638805196774,0.5567155200072025,0.4402522701973107,0.35709843779426426,0.23999750212680504,0.1892709966686079,0.22676393673021786,0.16751845164762508,0.13571512542998093,0.1452682598100205,0.1952113911229431,0.22219152469417078,0.3119549115213241,0.3807012555809861,0.5002050731961942,0.9537229026695669
27,2022,XGB,0.9565584621869527,0.5481750181927969,0.4014782272980166,0.3325890010377378,0.2332631487612548,0.17359981589434553,0.21482212536801382,0.17238035787393569,0.11060864897233581,0.13186820532458854,0.18575948753939361,0.20606733520983891,0.31281108188145823,0.3822300836758909,0.5023082286838018,0.9327498426050145
27,2022,WaveletFNN,0.957391273902567,0.6217709015843487,0.6330933448338322,0.4890896112172387,0.3324944646845851,0.27452384767971283,0.31761812272970585,0.22369744767347727,0.2133198110149912,0.1943575488848088,0.2775786568317775,0.3134304825079457,0.3964490724576574,0.5094600999458809,0.6189143615912506,0.8855890840713738
27,2022,LSTM,0.8979338046382089,0.4879846039854662,0.34676015523468434,0.3210503001933747,0.2210773283573665,0.16306327016434954,0.20202765790788044,0.17558841420377225,0.10181336929791102,0.11713719578893496,0.1766863221098521,0.18849836993159935,0.30729358899982095,0.3534945434860322,0.5272347513736743,0.9872217432091153
27,2022,FeedForwardNN,0.8592502981876698,0.5529409512320287,0.43618031693373926,0.37827336367704373,0.2474747404183317,0.18352844034887592,0.22606028021848482,0.17917573741458037,0.11601541571270008,0.1194929945186156,0.19309830793387034,0.21558671121048276,0.32172496876629764,0.4011938439215496,0.5442389115507281,0.9506440099321327
27,2023,HBA,0.818879957207069,0.6959291584156524,0.525128267143882,0.40553325209218244,0.2513560671208463,0.20062506394998572,0.22327558360442523,0.1425885286817162,0.14862502226574853,0.11950979493540967,0.18266463498989802,0.21052291174024945,0.27555223240259213,0.32471725235614346,0.4486048977301295,0.6235257497630445
27,2023,Alaton,2.063473079070601,2.1408966932692577,1.5264296376158133,1.1549878546907204,0.7235653415102156,0.6579225209120577,0.6451694674438987,0.4045936812002098,0.5906376419618274,0.5189672562763279,0.5257034235091521,0.5935981004377997,0.5842346799249064,0.6027921397606888,0.9282042400121463,1.326029949370674
27,2023,Benth,0.58977067102304,0.6040586896026557,0.5011783963993243,0.3896593139782252,0.23493362216133215,0.19470145863056712,0.2169521167729788,0.12915667068959158,0.15346288557099672,0.10578121086777142,0.17850644329327106,0.21081191303681018,0.2734452298091903,0.3159629154490428,0.43348906511566376,0.6308604806910427
27,2023,XGB,0.805140263200714,0.6805070962154012,0.526268510645033,0.4136235625488649,0.24827884678788412,0.19598735745591803,0.21737845186275392,0.13783574319037079,0.14238779397330703,0.11129841634267848,0.1752144126183542,0.20218950736414126,0.2610854631677416,0.3152296563846733,0.4352760846629963,0.6264189753340724
27,2023,WaveletFNN,0.6890920000511993,0.6386483225811788,0.5390085282930375,0.4096404169746176,0.24574972072143833,0.20205948230063558,0.22820287806005768,0.12924030660826882,0.15727633043935013,0.12743131559801413,0.18658793833763643,0.22248562090269489,0.2769712931011311,0.34554492530576064,0.49761634014987216,0.7486251895665387
27,2023,LSTM,0.7064165731978318,0.5965488822880894,0.4823937274153629,0.40440624644655637,0.22458091480458153,0.17978156288425315,0.19186381196934793,0.12215391526487691,0.13386155299527125,0.10372648006933631,0.15173671823829474,0.17204804260166612,0.19718181518133474,0.26257839776518693,0.38948298910673723,0.4915346500495004
27,2023,FeedForwardNN,0.7899568015538885,0.6953332125612337,0.5225026786071109,0.43161215673822867,0.24601432790245212,0.19646016961367485,0.2104816094602222,0.1361676841938862,0.14566641164352287,0.11469213018388213,0.16759419814824006,0.1895852530517795,0.21689672385582132,0.2915526908058296,0.445192674097384,0.5973066340106695
27,2024,HBA,0.8858687109179204,0.6478305325685119,0.4849730986354458,0.44935265936865154,0.2831707116944707,0.2061988626915876,0.22267885872713297,0.1793403691050436,0.11939315368922386,0.10368512302571326,0.1753117242590059,0.1770715668509908,0.24614216405759143,0.3074082734495039,0.41682698580615807,0.513683425816183
27,2024,Alaton,1.77657091782579,1.266528837254167,0.9798243188446785,0.7819565377983067,0.5617608403440554,0.5645991561758474,0.5990284962777728,0.34666093565589345,0.5678000928993774,0.5031435642991874,0.5376065241511051,0.6334513616304951,0.6561624946655944,0.8049423322652449,1.5162413674736543,2.8801455281121395
27,2024,Benth,0.7945849151854755,0.6519345120861484,0.519502000776126,0.47223994205237574,0.2983501482470676,0.21649145513503032,0.2312929180409865,0.18456421657176583,0.12417456284716098,0.11858446061584664,0.17923400028034853,0.18060748534984425,0.24408952377550355,0.3086661948094787,0.42102082510665084,0.5273788228603753
27,2024,XGB,0.8232754739133826,0.56427713833832,0.42829629724533563,0.40618735092419345,0.2624224547160401,0.19251619627844432,0.2115613676923343,0.17707788492421253,0.11367877186954538,0.10440409610009091,0.17300269968406537,0.17220700554417828,0.25059249127735267,0.30635933394887166,0.42490936237399385,0.5396263556565375
27,2024,WaveletFNN,0.8939439931342514,0.6099767850260275,0.497832242325253,0.4822348373669582,0.3137518180725859,0.2787465898106628,0.380994630946305,0.2190396900155878,0.23926912243227103,0.1619401563444422,0.3609370705803908,0.44437229392501626,0.6723861609618353,0.9079936553517498,1.4274935434535678,2.390330517544104
27,2024,LSTM,0.7178368902799124,0.41669077104351304,0.32536774320688466,0.3374799542218163,0.22706212345333132,0.17594063389250647,0.19637609213875476,0.17648241360845787,0.11828790495236989,0.10044312825594248,0.17403726195883376,0.17187641609755172,0.25631493251620735,0.2915950313005733,0.43169410850750944,0.5441069512386026
27,2024,FeedForwardNN,0.8201780500127133,0.4654579666368625,0.36503304427265115,0.3639671363359593,0.25593608963832715,0.19241178168001868,0.22870354704406898,0.19980407679717954,0.12077166048455516,0.11960915494555997,0.20413916190292258,0.21082581989420515,0.3126978499754842,0.4170465882359545,0.5826776218858196,0.9418956016323459
28,2015,HBA,0.4783435858149622,0.4640349785445257,0.35860424575077265,0.295797047221414,0.20062525341002624,0.1637403201679105,0.18372083525023625,0.13003420562708565,0.12272032270975475,0.10647840146565801,0.15978779750178554,0.16950493779005513,0.2204196559615723,0.2530726295607609,0.3057426133979638,0.34383077345697033
28,2015,Alaton,0.452692135922699,0.43874610946190823,0.34391436456881,0.2793437421799526,0.19754755018580256,0.16222842757550976,0.17849174990966696,0.13214526704133178,0.12294977929414999,0.11175826095277502,0.15540070516431023,0.16305056864425668,0.21080733445792418,0.23563260126238833,0.27079977714987735,0.30959150256464196
28,2015,Benth,0.4489001870804537,0.42383540945651166,0.33390880387409305,0.27649752630933383,0.19330805057153133,0.15929195556233067,0.1771896704047336,0.13048226375241487,0.12146241357415175,0.11138851180657348,0.15539802240087963,0.16309474689959244,0.20911989632925523,0.24093132454007127,0.2855015316497926,0.32825661094449066
28,2015,XGB,0.45046909548265296,0.482853834544003,0.3721960910775529,0.2975067194429523,0.20353894471190015,0.16846719637469681,0.18458544184303002,0.12817648985870858,0.1294636547876269,0.10571122612226809,0.15842572289910495,0.1697185497828957,0.2226889697561682,0.24075050669081746,0.2796053875593897,0.30945760586898513
28,2015,WaveletFNN,0.38223182112241477,0.47650848321265904,0.3743006754015516,0.28950877705036393,0.20726338811303485,0.1712655885411179,0.1838599356404646,0.13262474816599928,0.13123217876790466,0.11736973549963435,0.15688684226764452,0.1660187174446649,0.21465699204800542,0.23311093687000822,0.2651423610012318,0.26747800011683337
28,2015,LSTM,0.4247132255154895,0.3936794554572651,0.33371178834385024,0.278142897444921,0.201917147370614,0.15665691834998985,0.15919381066956717,0.14302626788956022,0.10632269469300669,0.11482820944495818,0.13277570109545778,0.1298744749156227,0.14815054368994998,0.1765441051005014,0.19565996833894014,0.18201943618641991
28,2015,FeedForwardNN,0.467033536655543,0.45010067381635077,0.3536001464768798,0.29261732793001255,0.20586011892196368,0.1555839083309321,0.1659632603161041,0.1398442316824289,0.09967137577698887,0.10361610089297169,0.13804559713471143,0.1380840293244072,0.17149401095369174,0.207450653324699,0.24005246730895266,0.25107591966024684
28,2016,HBA,0.40285581780324536,0.37821812788025794,0.3204462102892577,0.30242701200056077,0.21187625668649793,0.1595364020104147,0.17649048543334728,0.15661912141622647,0.10578246546209169,0.09045400863410559,0.1517359972824831,0.15546026345685296,0.20439395634369384,0.25962707588076933,0.35029984550980253,0.3810219183590644
28,2016,Alaton,0.36588832473672006,0.3702499168681982,0.3058259864173165,0.29352929935899774,0.20966618926458522,0.15707868006793904,0.17899892800255626,0.16072525540113666,0.10307039804107711,0.09242066977359785,0.15788714094228523,0.16122890481625687,0.21572590151576182,0.284928288539773,0.37777376589905054,0.3969510418028729
28,2016,Benth,0.3722101888216257,0.37307028645978485,0.2998966839464932,0.2871457618787387,0.20477800083608727,0.15857807097021015,0.176966611695236,0.15636694635049167,0.1111299434597962,0.09088738716877891,0.15636435127054038,0.16154154022709943,0.21015224718115788,0.2664481315613159,0.35924200880922585,0.38168779136519965
28,2016,XGB,0.3729327008796888,0.38007784425052493,0.3271212423578463,0.30637643007505017,0.21479957733949184,0.15432194700292118,0.1746936998774852,0.15763299273902126,0.09221037401854948,0.09131732176865869,0.14940977469228675,0.1498566186772886,0.20179352115552482,0.27358319324204466,0.3623578992419675,0.39448026371941064
28,2016,WaveletFNN,0.4677728284419909,0.45459690256848284,0.4128623453883532,0.3767934920830011,0.2548609409931093,0.17893438322094832,0.19878983629696456,0.17444546059689273,0.10095649440036093,0.1031502580528071,0.16369440298629032,0.1638850170409023,0.21764767889178296,0.29637459593665955,0.385919693702257,0.4346888617282157
28,2016,LSTM,0.3586351127494569,0.3619583612957447,0.3031229772878222,0.2910707409266592,0.21126270669203337,0.15303092615859143,0.1673118248240656,0.16451003498281172,0.0932258797888152,0.10748849213338332,0.14442932389773006,0.1387647129815122,0.17073640438844248,0.2394819914517882,0.30634205982586865,0.343508112662482
28,2016,FeedForwardNN,0.4305757579531336,0.4184214513274011,0.3363883900372129,0.3143273148072667,0.22588200066638583,0.1629783027800084,0.17934161481489616,0.16963930825412835,0.0983751164363461,0.10861775237673682,0.1532942449805263,0.14933275924170847,0.18677067535140962,0.26160534212748005,0.31158121695635865,0.4005110367561151
28,2017,HBA,0.9991545956093668,0.5550739703868689,0.40800161315943206,0.34803621634223064,0.26113680061246114,0.19529742229723737,0.19498674123750667,0.1888568909472575,0.1141905603172166,0.14787117652618884,0.15911211980926604,0.14750352475813228,0.18111311415696651,0.2031606706267217,0.23496660196190894,0.24919751069053767
28,2017,Alaton,0.8333333949679544,0.48816311132973916,0.38036745844214365,0.32914460899102604,0.2417406485374747,0.18460400366450153,0.19078894437003557,0.17351509387045597,0.11421795069288418,0.13310569937047315,0.15916814753767278,0.15503760184011386,0.19772536534243662,0.22443840449747102,0.2873409740113417,0.31630070111182174
28,2017,Benth,0.8095647003187318,0.4957767813770118,0.396237371943112,0.33862145853592746,0.24980215271885867,0.1884957557511712,0.19284222703002313,0.17773366855456504,0.11297302749052404,0.13769665070603915,0.15848789107646605,0.1527359352056494,0.1917453371155134,0.21777701997589521,0.27118610208405386,0.2982878491798885
28,2017,XGB,0.9961448854727276,0.52156487104781,0.3846078227067698,0.3283882562645361,0.24374100601996626,0.18917304057264703,0.19267400178254873,0.174413026033674,0.12195131771742226,0.14012967985857416,0.1608282510056398,0.15680027028193474,0.1967673631523601,0.21654089024414352,0.2688663916718434,0.300690032129541
28,2017,WaveletFNN,0.9714642147181995,0.4962028949312507,0.3568842399138831,0.3138812049212026,0.23080879256324402,0.1851976682923296,0.19705002278437272,0.16876042449284692,0.12900978718441752,0.13612060628698086,0.17165457348157667,0.1736491819820747,0.22604929570745524,0.25909270744035334,0.3521017237277045,0.40877388350283655
28,2017,LSTM,0.7448394015341278,0.4560857506987889,0.3237894362208984,0.2814560681780635,0.20667487569079257,0.1687879053232533,0.17129159596987525,0.14903663199720021,0.12211533102085262,0.1285330671120464,0.14759303956899783,0.1421255619464706,0.1727706795960391,0.1913408185029112,0.23360832308898669,0.24894121600785682
28,2017,FeedForwardNN,0.7882727730470568,0.4743310253804112,0.33385770359505934,0.29030991828865255,0.2108496806269911,0.1710847450543855,0.17337198083843683,0.15031095365735903,0.1220987244742673,0.1249064306997418,0.14767899524499592,0.14245499504528722,0.17588343544700943,0.19309824447174315,0.23651446656065322,0.2481570111292893
28,2018,HBA,0.2840925594679685,0.509952183329888,0.43110889576238104,0.35874379111604665,0.24913581576764407,0.18569666308195026,0.20604524280222256,0.17350248752719188,0.11628419353586332,0.14001975069265873,0.1752556273152975,0.173481380767877,0.2289779288128019,0.2902901847674595,0.36132270065369076,0.41667211485331807
28,2018,Alaton,0.27203158733561905,0.49470527642767376,0.4247188760211283,0.33935201817132055,0.23389822215372988,0.17863459871758777,0.19955085669187128,0.15458758373716808,0.11816745159516591,0.1330477660164967,0.16885198479030314,0.17355204698452528,0.22616980055209146,0.28589240105105573,0.35481781190430123,0.39702009248055437
28,2018,Benth,0.2848825053404871,0.48437747233123774,0.41929935691503734,0.3425787913436897,0.2381082524387117,0.18500527093464275,0.20490500012766136,0.16279993606848622,0.12690220791424336,0.14378258111828177,0.1756952029137608,0.17935051742496336,0.22828887027953168,0.28860005048915405,0.35930819198354497,0.4098038327293953
28,2018,XGB,0.2560060911141869,0.5279397584769596,0.4464908633577765,0.35267215651667216,0.24225633530942314,0.1778725162839588,0.19879356669358275,0.1573704989078977,0.10742643230948555,0.12563877527935216,0.16499426234760425,0.166343859116623,0.22445518347004934,0.28416260705326696,0.3560287489179736,0.4037929080538736
28,2018,WaveletFNN,0.27232146597829565,0.5119805416393072,0.4597999832806226,0.36258228690528566,0.2433434513667445,0.17861135514846732,0.19613465289242912,0.15337779310286423,0.10778420082522237,0.1229499646615918,0.15984630289294283,0.16061018041525002,0.21613998576318835,0.26460969284719227,0.32089770029608966,0.3405183672299836
28,2018,LSTM,0.24085824159348973,0.4329082587509039,0.4239634285629092,0.32566253584300303,0.22899541849337465,0.15842146429074366,0.1829235058795098,0.1479610176775871,0.08120239311071872,0.0912428674922379,0.15010668281201175,0.15449231647923195,0.22433934829359384,0.2786805525625762,0.3537840763757013,0.3940596326121457
28,2018,FeedForwardNN,0.2571665354256589,0.462420413285476,0.4637705484167687,0.36261642532607435,0.24484065138706293,0.17118327868825828,0.1941250903087705,0.15384699032370655,0.09059045985551978,0.09055460637049874,0.1557443031623026,0.16199546623227817,0.23565872489456835,0.2769260949080455,0.34685035313582285,0.3675943736249781
28,2019,HBA,0.43122470260425194,0.38482832374324194,0.3032723023423523,0.27557291128830025,0.20571055801256913,0.15797093214230895,0.16860259565540564,0.1522256462963105,0.10488349672011453,0.11226156715184472,0.1443269175590556,0.14484047548556464,0.18058658015004975,0.21665521171443977,0.30261188607483247,0.3021165385850859
28,2019,Alaton,0.4165234236181096,0.36924179430841586,0.29485968756030895,0.27083274123291395,0.20965232492757246,0.15885232823830095,0.17159779760394586,0.1629402832426442,0.10236169818982756,0.11464336737440088,0.14899761268507544,0.14749075063016975,0.18528058398200412,0.22892981374097135,0.33094368852293204,0.3072773044854371
28,2019,Benth,0.4049887628630771,0.3773928159260702,0.3111506926572402,0.282547115777386,0.21295879533628428,0.16442163310519653,0.17598282854103536,0.15912842365175484,0.11044732102068076,0.12047935093344017,0.15150511996674884,0.1525989090385985,0.18638488333345532,0.22772543038095383,0.326268836503554,0.3177874160840982
28,2019,XGB,0.4238181875987964,0.34966529698308163,0.2733504574198572,0.2564447541388377,0.19868839413222217,0.14979152235769436,0.16297851041933514,0.15775745454185836,0.09541720594113759,0.10621786750092925,0.14247175088471747,0.14023832187563265,0.1812843693467554,0.22202635378568814,0.3182205632614331,0.3042899518102992
28,2019,WaveletFNN,0.5539333435094238,0.42329165249394923,0.32062414069565404,0.2918556507884413,0.22372981477261863,0.17258057396818613,0.18459628415120022,0.17061079252264552,0.1157015773568793,0.1304956561580261,0.1598253002859865,0.15989803860783341,0.1954724796700392,0.23618577749035682,0.3402947061561718,0.350874584480006
28,2019,LSTM,0.4526588117109747,0.32120614283778964,0.2655770900514137,0.2592653331687176,0.19995040046211277,0.155802995897723,0.1645962801336435,0.16397279752945854,0.10671018366582939,0.11586113286405336,0.14466738881109728,0.13967860291439713,0.1687520142545148,0.20829712632378017,0.28320383127980026,0.2762710524559495
28,2019,FeedForwardNN,0.431520239026336,0.32393147639764447,0.26714936371693043,0.2624614397000856,0.19881387280336812,0.15237080317313595,0.16156482141688278,0.16135126157488772,0.10072516467349778,0.10334943000821986,0.14134406741213879,0.13698453989442824,0.17172775582418534,0.2055993484611558,0.2630258297615606,0.29480438115215934
28,2020,HBA,0.3482292421637061,0.33202440278264544,0.2851529465923618,0.28211043580940376,0.21671394118680282,0.1733498300008748,0.18341709738164796,0.17947586584557523,0.12187324653993764,0.1164543939233127,0.16331144296786315,0.1628583429433094,0.20486288784009662,0.23100851889636498,0.250720536235909,0.343830047732248
28,2020,Alaton,0.3651000591854406,0.3264827686292369,0.2861692911618104,0.2674288493943133,0.20908523595345269,0.16910038749200956,0.1798981918527123,0.167143336908511,0.1216352525518905,0.11618649705654496,0.15967963172430572,0.16235807015096926,0.2009406759801211,0.23043410271505227,0.24214426701472375,0.3632359691888908
28,2020,Benth,0.38377296634171226,0.35323330096925093,0.30622317180866576,0.2869563984272708,0.2192816373017841,0.17653711130311872,0.1849771086536615,0.17197622435686974,0.12579602380257457,0.11845636370188556,0.16199928942830527,0.16344287786786385,0.20018497695095117,0.22642163011648506,0.24287039591059087,0.35724264663260324
28,2020,XGB,0.32326923314963857,0.28329878324283686,0.25532411454971543,0.24891111860992293,0.19863774404951914,0.16243056561577796,0.17512869859555838,0.16779434819655145,0.11944981975111119,0.11441244445420747,0.1595870673640986,0.16193054607357302,0.2004039933120253,0.2331344285256228,0.2463635981606517,0.36286806505435765
28,2020,WaveletFNN,0.2903718991710317,0.2644407041811524,0.24800465472451902,0.2451174835871702,0.20671477110863873,0.1685496890692781,0.17837829692187035,0.1842486965681431,0.12324475885938166,0.13048812997244735,0.16475845405956516,0.16078408541484185,0.19137992765727851,0.22506600724550768,0.23836586994944509,0.33222014211106377
28,2020,LSTM,0.3546480927095604,0.27602158886464295,0.28111035619287716,0.2451675210071694,0.2006503543269204,0.16739532888863587,0.17662812592549074,0.15687158235785195,0.12791901897120914,0.11592260324133151,0.1552826240805879,0.16232440345132876,0.19004407757537714,0.22103742812297295,0.24459472915167332,0.36245297534037596
28,2020,FeedForwardNN,0.38757194614938945,0.3057447526867718,0.33012708939345076,0.2881570914864064,0.24132480978081883,0.19106178492539608,0.19565754162762194,0.19300695420866076,0.13139565265127368,0.1287890053017484,0.16988276952441922,0.16468198513822827,0.1922384194394234,0.22104217773253343,0.249240310976561,0.3594242779386829
28,2021,HBA,0.567424779612778,0.5582156794497763,0.4327621002911459,0.39280483801050214,0.26269475784736235,0.17265286118862574,0.17311534334265724,0.16813271569364593,0.0783007478157763,0.09011337920165648,0.12868910939465833,0.11634564205167328,0.15779045356595553,0.18179932325645967,0.24724508846233315,0.3250625059725007
28,2021,Alaton,0.4916610276817961,0.5244661048231923,0.4104825628685603,0.401621823578675,0.2733405445220633,0.17631487931361434,0.17903619604433052,0.19708587308675252,0.07464469128414594,0.09038712323291359,0.13875867682903248,0.11931929635550587,0.16388784597653164,0.19603415986547781,0.27172530280067403,0.3129868480043979
28,2021,Benth,0.4853740254051418,0.5346267196452048,0.41783941585015266,0.3952911701199144,0.2662961236628722,0.17359012402009893,0.17414713896934583,0.18203395446561144,0.07644637968306124,0.08531523892624948,0.13187451579743745,0.1159029265668537,0.16017571882605353,0.1847055508148159,0.2586838454209926,0.31534544290880673
28,2021,XGB,0.5524700719361139,0.538428481994741,0.4214216998676323,0.4003043477291225,0.2676049874822262,0.17388067500739565,0.17376911149987007,0.1820787351663659,0.07566987220819073,0.09059238969187264,0.1307679486041508,0.11423559474392421,0.1509354005203795,0.18014161779233828,0.2469818839731913,0.30639731806527026
28,2021,WaveletFNN,0.555230716118603,0.5339635118164332,0.4222556615392711,0.42885337001830204,0.2880120630315172,0.18696932848355236,0.18524176207914028,0.21336899141914714,0.0810897779704715,0.09792081363605695,0.14368384024120698,0.119237109899608,0.15914489210197408,0.18649168192578458,0.2546381438756034,0.29672747955903767
28,2021,LSTM,0.46747168804533507,0.4874400427728299,0.4063877598892094,0.3670488531357144,0.24695072485156533,0.16912182686841304,0.1748800307781876,0.15829942113005918,0.08756733636248908,0.09888320652234979,0.1349091773357726,0.12827733548929834,0.16207677846271293,0.1956042721634313,0.2516323491789223,0.31682404128483727
28,2021,FeedForwardNN,0.4172040694549028,0.4907313464083236,0.4062167164142471,0.3596937822010222,0.23320133145020688,0.15408549989049655,0.15973249217616983,0.13700009792050002,0.07118247156801667,0.08099689053228476,0.11687194839287889,0.11295799995993372,0.15142270747370265,0.1850239129810293,0.24095417538530103,0.30416222277906096
28,2022,HBA,0.3214561541879696,0.2850742302501018,0.2638214845756759,0.25099420472406625,0.19649510675239107,0.1654553708429762,0.1897378033994606,0.15936061482825797,0.13048411517989378,0.13527436302800436,0.17298292349923908,0.18770408796419616,0.23373416221316806,0.2871119267921816,0.36581199036561696,0.747577070676852
28,2022,Alaton,0.2524898272845423,0.2551730033513743,0.2502115578527272,0.2362443460561124,0.17524731149389947,0.1555748813682379,0.18059395189112634,0.1339000819085311,0.13341072425535588,0.1264624743030825,0.1646178510794193,0.1866716697848465,0.23056550892793706,0.2802336331315202,0.37313509736089695,0.8252808844328611
28,2022,Benth,0.24022449869444223,0.27058326504374797,0.2722344191223172,0.2531244053415363,0.18904137517202407,0.1675673511279321,0.19147973223760223,0.14315547549055083,0.14337340865520196,0.13586829660679184,0.17393972612333392,0.19648295016956577,0.2357079770459507,0.2879755916873465,0.3776036550088659,0.8175360611223497
28,2022,XGB,0.30706220356031305,0.24641048230409596,0.23637348433089633,0.22724035395189193,0.1752635807863667,0.14841518885061047,0.17611706416895265,0.1415578432578277,0.11816615640819267,0.12162963426448138,0.16167969647438085,0.17852812638228768,0.23214055901107047,0.2856276901117022,0.3726462229610728,0.7991453470790791
28,2022,WaveletFNN,0.29679367513134175,0.2975483311421509,0.28841838785657126,0.25516301322740526,0.19598663454697224,0.1661145547169127,0.19552259669680824,0.14500503851015603,0.1324588514604891,0.13535935258460277,0.17686098795030894,0.19711809614721257,0.25106474660675776,0.3141681765761272,0.4176603145306756,0.93331901386353
28,2022,LSTM,0.2796164060271397,0.22970087894130264,0.20558775785697048,0.21192319373610524,0.16949440553783454,0.14111124475629258,0.16001263347065728,0.14958678027203123,0.10913304832078075,0.12201721271889132,0.14718103879253167,0.15142066662454728,0.19891888929602808,0.231282543338618,0.33076223400835253,0.7304232982853792
28,2022,FeedForwardNN,0.4016158384137368,0.28183169971682553,0.2509865229295358,0.2446259370753516,0.18066293043841863,0.14499494437081906,0.16979378131232914,0.14187529679664188,0.10480922038793729,0.1189667035222592,0.14976535661190934,0.1611326915091662,0.21645287839483002,0.2638625893633158,0.3846889621975846,0.8697401916640193
28,2023,HBA,0.4616509395920355,0.39831853845684345,0.3422918892949863,0.2775486016713812,0.20703774865659016,0.1628004531176834,0.17429767977492636,0.13420464306845523,0.11257948221996639,0.10126146860612713,0.14559289709316275,0.1552299531980781,0.209295020208402,0.21668040116753187,0.26015432448538994,0.3438655331530985
28,2023,Alaton,0.3462769493496205,0.32668376602218147,0.3019044839567072,0.2528378346940208,0.17978793515666644,0.14716366564904448,0.15875798506604033,0.11402930144067111,0.11012653511151954,0.08601211729792839,0.13340571458715142,0.14762774859107203,0.19579751556750757,0.2013095795103105,0.24958602763098475,0.32390620454803354
28,2023,Benth,0.3387246114150007,0.3350187238095872,0.31317890356010675,0.2566170133692741,0.18831661089306984,0.15615206177054045,0.1682550766277719,0.12107941946313697,0.11963683483945355,0.0949967107099717,0.14304082501839227,0.15806326385356906,0.20880502102987497,0.21146501790658495,0.25427087692371736,0.3464143271129172
28,2023,XGB,0.4451865764743258,0.3703806025211668,0.3277603375590114,0.26994755347208105,0.19061491814230824,0.15029017633906347,0.1607590034386823,0.11676337639904436,0.10451098346825184,0.08887616691424592,0.13130009780819504,0.14329651202313634,0.18953411148575597,0.19990282493187203,0.24098791022355365,0.31728468186843095
28,2023,WaveletFNN,0.3918198197105809,0.3627701730365197,0.32329106099741567,0.26764296012126115,0.1851705252954369,0.14888702876821924,0.16532509493819286,0.110793892438282,0.1076957126861094,0.08450634478141954,0.13842387363737668,0.15403562352604072,0.21028875185908572,0.22764005096185466,0.2917361534139347,0.4134868108489842
28,2023,LSTM,0.4507814346763803,0.3782918326438338,0.32207277888137154,0.28932306372058364,0.188660781180509,0.14908029441920556,0.15673733330923317,0.1168196525510427,0.10414602686189871,0.08493807738081204,0.12622105933886246,0.13320838882622135,0.16599494773053441,0.18842748568851875,0.2415662831310151,0.28322721659544575
28,2023,FeedForwardNN,0.4435783417887272,0.35786903926378066,0.3120884604889369,0.2778617320290106,0.18179536221778717,0.14377892393221348,0.15976313104120327,0.11163373212648658,0.10062026295359451,0.07934180772763862,0.13173640285554142,0.1435401828482229,0.18935373520048818,0.22190828614159233,0.279250839869205,0.391355493665332
28,2024,HBA,0.732986641487687,0.4990489744607784,0.37741753751654794,0.3431415977441853,0.23084076115165228,0.16909924396169532,0.17001179542045097,0.14472227477763955,0.09523187579714992,0.08592866925282669,0.1280224628523233,0.12737795869342572,0.15726172497943663,0.17601337369692588,0.20578712769489552,0.2553442012584552
28,2024,Alaton,0.6982196891786949,0.47165245018407664,0.36308344014960553,0.3288013226839856,0.22124898779308888,0.16437836347259102,0.16596404744573548,0.13791676658075527,0.09633851709976675,0.09167147251283912,0.12668913431109585,0.12657010697581253,0.1555433956084267,0.17308696429929368,0.22198372626227889,0.2707188483469188
28,2024,Benth,0.688497066458133,0.4959035726323184,0.39114883836567876,0.34796053301008595,0.23133903672661543,0.1720914245934567,0.17172674163741625,0.13744572998185467,0.10120775704694374,0.0936654532836511,0.1275929057157756,0.13018536147872953,0.15360116684423553,0.17331839309183464,0.21115750053827312,0.2742107210845276
28,2024,XGB,0.7207448530374689,0.4475485084056785,0.34334133292538793,0.3122034600315005,0.21201942112011687,0.15865156931005553,0.161315691497176,0.13486364956557176,0.09480242958651884,0.08789616291860254,0.12500221760950941,0.1250246500733365,0.15764910866312237,0.17152684402211632,0.21195798490271842,0.27150459080147815
28,2024,WaveletFNN,0.7106974320774558,0.4343888251835678,0.33627209748841974,0.32672541128438876,0.23451226449764334,0.17427902040260662,0.1778608703838313,0.17472514809236828,0.1022161456983106,0.11225620516747088,0.14555448903111337,0.13483619257344165,0.17184850022884612,0.18831462804930357,0.24218104596028775,0.29259589773934963
28,2024,LSTM,0.5706602415996492,0.36304600406912724,0.31187448442164617,0.2985942096755136,0.20540727293246824,0.15675476025711163,0.16014085900038227,0.14285442295653053,0.09854703829809626,0.09154158234699696,0.1309906565153447,0.12802418409128083,0.1567628565614217,0.17402147985898483,0.2347003556092863,0.2836875722535583
28,2024,FeedForwardNN,0.7128959713628042,0.3943150340075605,0.32554007232164484,0.3171940539414576,0.21950069783223344,0.1618921103698297,0.16639708937330575,0.15719921560873532,0.09296936708134791,0.08880861551011118,0.13311494249725112,0.12939759854993757,0.16271290535293786,0.18669027843150984,0.2410997469378214,0.28132003599760663
32,2015,HBA,0.6108254790729976,0.5445692231867018,0.39059418044317396,0.32259715122274174,0.22300039536107466,0.17822632281899403,0.21806754304059778,0.15747109109335092,0.13146811308451817,0.12634350065721683,0.19622578439886215,0.213175662022836,0.2960371270633748,0.3605437260468608,0.45757198759738443,0.52889495603321
32,2015,Alaton,0.8308081786401729,0.9843945427502395,0.6647548802171155,0.4812752724597959,0.32458043395644004,0.2678956213348931,0.2587102021103175,0.19157195287105663,0.20869885394620566,0.22449186627527876,0.20802645177759302,0.20678616290039106,0.19558532073565926,0.23775506223044918,0.23717062939425637,0.19392211941524576
32,2015,Benth,0.5749431056505789,0.506399929050988,0.3779575402781235,0.3035437071809192,0.21857604137741327,0.1736400999887494,0.2075416058059266,0.15625774758749603,0.1267128482831438,0.13152767051640296,0.1866573971394311,0.19805982683648293,0.27094459632412515,0.3314679518485827,0.41447421766907483,0.4803878499253885
32,2015,XGB,0.5962444578332398,0.5655979174009946,0.4052409211223165,0.32005124080805875,0.226460569194001,0.18442828458884727,0.21730190216336204,0.1565573083250952,0.14053336354185442,0.1273583565823958,0.19333620724412748,0.2102106403298958,0.29483889232539956,0.33454343314637597,0.4129140403158963,0.47382994804842593
32,2015,WaveletFNN,0.6274906017615741,0.5450491027794613,0.6030199450350512,0.4789031890487145,0.2972798433574751,0.2164536299163099,0.2461920596748373,0.17773521859791067,0.1320456494590134,0.1296348486629266,0.1973104252150866,0.21234952252632197,0.29013898730584553,0.35609556811337817,0.44548877193300285,0.5461832197203528
32,2015,LSTM,0.5976443593691323,0.550121135265534,0.4022618158667203,0.3188325889055136,0.24647619683286162,0.18579818425234124,0.19326044620926103,0.1855638949524276,0.12243126055236687,0.14781036264336725,0.16639221389683975,0.15792393455815124,0.19780952251501596,0.22458525030197324,0.2422125827630986,0.18663055343225873
32,2015,FeedForwardNN,0.5701235962654854,0.547841507894818,0.4518280056851016,0.3615689777596239,0.26612933267293626,0.198194441319771,0.21152703227205916,0.19352100271627576,0.1272490544511829,0.14848464426847868,0.1804877099825763,0.17636756299568546,0.22763045376748145,0.2689861440270595,0.27888232463360146,0.26932234494746693
32,2016,HBA,0.551449694779593,0.5116241348487388,0.39704791750388246,0.36272570731962334,0.24667955691751756,0.18747934372070948,0.20469849949533594,0.17551143918270393,0.12824406623346665,0.10667808474274396,0.17336353170343036,0.17860007536273922,0.23562531734570435,0.30056891824777304,0.42254332566473135,0.4317261379861985
32,2016,Alaton,0.6082743672642502,0.5866960665008216,0.5054228321925657,0.4217888522741053,0.3060821273924124,0.26549752267037446,0.3162010830323616,0.21173579886135283,0.2248888796841089,0.1940695791501757,0.2880423050164651,0.328795598464938,0.41573076584776364,0.5898411090580883,0.9213106389927759,1.1222861059230922
32,2016,Benth,0.5104027804328409,0.5010269112690905,0.37143366627847507,0.3410650471639309,0.23912270193068613,0.18358388022160022,0.20160069745175516,0.17650100244822187,0.1280121628645149,0.10167448898964745,0.17466487867612,0.17897869164819136,0.2374742379154117,0.29911311717136224,0.42620043657036943,0.43424027264192977
32,2016,XGB,0.506882671272486,0.4952431900095803,0.39053636383570306,0.3573346419571508,0.2479015891297018,0.17822670683998898,0.19837774007813203,0.18039371446929414,0.10851055611260192,0.10828008715648377,0.16816531609016314,0.16632340740804508,0.22387719492827168,0.30812533468166586,0.426713176357463,0.4352411245949366
32,2016,WaveletFNN,0.4372246527182521,0.5492850245401454,0.409668737633009,0.36833112769421467,0.2737451926925204,0.20153549902374404,0.23282928452202883,0.2094136883019945,0.1292830355483355,0.15270425497212797,0.20451682786049294,0.20703132359228818,0.2784534824089976,0.4081010006327863,0.5521513657667781,0.5604386137594144
32,2016,LSTM,0.568250700064853,0.51567176465911,0.40229896651470715,0.3615827884971997,0.2554809683170761,0.18376854198995188,0.20762501159210162,0.18599320812222217,0.11201364038767686,0.12985188406042308,0.17687795055382874,0.1754548576986346,0.22842509501058547,0.3385000768712476,0.4383551459607339,0.4660723635460061
32,2016,FeedForwardNN,0.36262573408602267,0.39510000410066076,0.3189391267012682,0.32554142156494636,0.23063823244152049,0.17755146945509018,0.20899291042090096,0.18884613991446467,0.12443326317521408,0.12799749490293302,0.19058428727085824,0.19528446201574037,0.2569005899539414,0.3791760398004551,0.515329499030305,0.6082030547539216
32,2017,HBA,1.1693854963594867,0.6737949116479032,0.47573205056871143,0.4003811557328327,0.2829909929923282,0.20323522442763506,0.21082651596704602,0.19707208561982376,0.10804030201196266,0.14405987555719452,0.16997967656550983,0.15948445639903217,0.2093774356398191,0.2517693754641866,0.30967720522602865,0.3775064885804386
32,2017,Alaton,1.5597182076323435,0.7439756651328506,0.46285124523407745,0.3736681250041035,0.32850058667679166,0.26463940465220487,0.29280004832901557,0.26861058745623734,0.18841594925069957,0.2688181105859579,0.26830624567760847,0.26782823731315286,0.3208905736681088,0.4308604053158005,0.7102731720047344,0.8523023583993092
32,2017,Benth,1.0352071493843624,0.6314841863143824,0.4877373948411935,0.40721842487830434,0.2750408104129626,0.19666202737938743,0.20879646528772608,0.18022625265484196,0.1031106479094012,0.12738049479543928,0.1649577349656911,0.16215416558019463,0.21977664764211957,0.26669037253108246,0.35088948697218664,0.4257689317191337
32,2017,XGB,1.1909885191504892,0.614570210945661,0.4334743396615368,0.36672391420636263,0.25627483769113923,0.19219674348656818,0.20348959830409113,0.1772839481126957,0.11571438595777839,0.1332678605837996,0.16822417108948898,0.16716924098710545,0.22390602428497094,0.26131437676530844,0.34455860957467455,0.4149122421155272
32,2017,WaveletFNN,0.8619213387273081,0.728145619613403,0.5949002355234124,0.504906907146412,0.32947751100922534,0.2266664320174541,0.22920140758077098,0.21115902314342824,0.10395314288207927,0.14830521965936744,0.17178857544525872,0.155826317690921,0.20032997621783993,0.25512220191396334,0.3523996838741003,0.45613734305399234
32,2017,LSTM,1.1503138626156257,0.5791901719249151,0.3525953626854256,0.3406412206246898,0.2332636973760976,0.18725957926369763,0.20624968687651815,0.18006877135855381,0.1323499654097597,0.13082151257116384,0.1855172815935153,0.18677182778863302,0.24481778336235735,0.2976003653202962,0.43047210355132565,0.5115668805295381
32,2017,FeedForwardNN,0.9166956676960961,0.5484175362029505,0.346797322480121,0.32417973031893554,0.22758087046850273,0.1785547884557058,0.19613229534559493,0.17443730351673598,0.12003821771051916,0.12519227043349024,0.1746484195343111,0.17425595541217004,0.23211440941941938,0.2805774168955379,0.3976266523235257,0.4908058401787951
32,2018,HBA,0.40299085994433054,0.6244252975208525,0.5193302182348292,0.41541253425844293,0.275283325181257,0.20392636801277086,0.23127749299013656,0.18789148100984404,0.1286931528435696,0.14854977809966688,0.19632172607234546,0.1998424325716818,0.27261180074968233,0.3499615865723876,0.45334928110274497,0.5822544355671178
32,2018,Alaton,0.43185606093419443,0.9558424281620934,0.7588413954563419,0.5406008228737831,0.3858626135346815,0.3176757610405302,0.3351354804431781,0.252300972240662,0.24578485721050214,0.2891871981162776,0.28477196029595125,0.2959442283086329,0.3261022865496194,0.4189170459531055,0.5663119242106914,0.5945740447553389
32,2018,Benth,0.379273763465167,0.5780721316298787,0.49731569715387663,0.39257209646679864,0.2615623195055668,0.20124138316281007,0.22798020082231824,0.17714033738345594,0.1376436883736814,0.15066622164871044,0.19507114650953475,0.2038184566813232,0.2697513221997332,0.3464749650985551,0.443620649047453,0.557659865997263
32,2018,XGB,0.3450400477607756,0.6304758155948906,0.5335742819458278,0.39916859182690173,0.26408196445416166,0.19470121996307302,0.22181040260840482,0.1675782543640901,0.12155156944514615,0.13422968580417885,0.18376757984744288,0.1918910486693124,0.26433278763553675,0.3369586805784439,0.4384384093659574,0.5470718702361056
32,2018,WaveletFNN,0.4169231594388519,0.5764855735379371,0.5176852137298387,0.38542850426805475,0.2732159301783455,0.19772121884081656,0.22450674042307886,0.18567283030311296,0.11812547810901564,0.14435765895353,0.18835002115072072,0.18850869739877196,0.2679041377745368,0.3408371013155301,0.42317664943965233,0.4994603413471795
32,2018,LSTM,0.3121667895642308,0.539151131053779,0.48616657036327643,0.36254590463591646,0.2564540634761352,0.1819165978705588,0.211343804489557,0.1741952838009566,0.10333010244544515,0.1135117660763145,0.17779708237529404,0.18391519255313002,0.2674296734377931,0.3292827679597136,0.42944187678962364,0.5137284961444141
32,2018,FeedForwardNN,0.5773879241319783,0.7112251065689349,0.5758993021018929,0.44145404881729644,0.2920818749876205,0.20270017809515517,0.2339483632527944,0.19044842228041015,0.10846308193336784,0.12530333589206985,0.19225522809050977,0.1936465632480255,0.28924628312624273,0.3540629492053891,0.46510955900289797,0.5657012952899418
32,2019,HBA,0.5990580661813977,0.520347757270035,0.3926185909821236,0.34808393422148703,0.248385034659017,0.18430574529961424,0.19945207563532882,0.1773359505769818,0.1146034168886037,0.11536478080130372,0.16837978549514335,0.16816167412041236,0.21914099757653788,0.27126886289243646,0.3768028188083141,0.44433972133161503
32,2019,Alaton,1.1187973652043945,0.6204345437484354,0.40700842898644424,0.3594683085971433,0.28250480381967025,0.2445044218815121,0.26700654434838084,0.22117463379199556,0.20316945815022863,0.23164584510734829,0.24435128471950748,0.25700842142896835,0.2838383605276796,0.3769699663076487,0.5935199666893972,0.5564293136118718
32,2019,Benth,0.5596857638252613,0.5070540807975199,0.40673091462965344,0.3593194452008992,0.2547846427129091,0.18936035696215434,0.2051392031561024,0.17993629448816897,0.11819500701768341,0.11981227247920626,0.17200045396971364,0.17365336406934462,0.22317879314649064,0.2785723351694638,0.3910077215761489,0.45270336141699935
32,2019,XGB,0.5913861553428149,0.4593134285054296,0.3445766402752148,0.3162645616518117,0.23443396134453817,0.17499714044746262,0.19118717738231777,0.18017795701475672,0.11034466300442955,0.11153363669623341,0.16546800754188595,0.16366372230269824,0.21490397612385542,0.26789724763217077,0.380324227945835,0.43099472623860513
32,2019,WaveletFNN,0.4345852792879128,0.4368480765673934,0.37724882303718976,0.3576930986922354,0.2680924314967167,0.20435166998685472,0.23217381684896404,0.2143222698342174,0.13501757567426906,0.13674788530628382,0.2086908876198047,0.21153456887049832,0.28055239216161126,0.36463822187014205,0.4741013644852058,0.6747709420890171
32,2019,LSTM,0.78980443276998,0.4773652670850818,0.3394951626362943,0.31779159941826357,0.24022657319248264,0.19007641629229094,0.20199804422077594,0.19132711776826308,0.13552551941022462,0.12838411057625718,0.1788040278082682,0.17649202889554486,0.21346938051055295,0.26412471684632177,0.3839648584666561,0.381555924142375
32,2019,FeedForwardNN,0.5647753245118322,0.4700271098967017,0.36056568187284904,0.3210615887084507,0.24474687630324068,0.1879065621512568,0.21044401270256877,0.18769482638524448,0.12607843821896106,0.13666343088465796,0.1851463082424316,0.18922997841454547,0.2508628999202258,0.31035576133065484,0.43032737289842876,0.5399902144884361
32,2020,HBA,0.48386749063344475,0.47074899809412524,0.3904742202844834,0.3551425076891054,0.25978481225041894,0.2032573359348202,0.2137764773016986,0.19518943638455385,0.13810562370463103,0.13834996656961335,0.18239693055669806,0.18305719632383868,0.23112026354659237,0.26877594879741923,0.33753877700340407,0.42194308499877553
32,2020,Alaton,0.4404337008501946,0.3205211321363119,0.2962763789025707,0.28651394180702816,0.25330691250071746,0.23326032766209373,0.2514848633907833,0.23206855145266758,0.21015529252286036,0.2260587209790407,0.24350636188936872,0.2535367072359437,0.28387840903051825,0.3434050561076576,0.4561567850134154,0.6829135873774543
32,2020,Benth,0.528609881690288,0.4943101300776079,0.4142081532143975,0.3596727529420231,0.2605989182547159,0.20691294656433357,0.21437484982666957,0.18467504333669432,0.14503625921955143,0.1374874365807145,0.1799278935666986,0.1838399165406472,0.22250930384720657,0.25618690833214036,0.3194231533920926,0.4287947578179541
32,2020,XGB,0.4497607686524298,0.3921796749198816,0.339238574824619,0.30083790887367284,0.22942943726763895,0.18698132991059527,0.19909519205944398,0.17515447634539838,0.13805703582391354,0.13690591349027742,0.17461995225957372,0.1794398053951733,0.21689867133074336,0.2593987990884803,0.3148714059875878,0.4207150664220524
32,2020,WaveletFNN,0.6438479772088349,0.618156596318115,0.5407176581894807,0.4598793238743272,0.3185520720495618,0.23555011374170548,0.23726899736251214,0.2087431000980805,0.13988478327438092,0.14565511576582843,0.18583445050675781,0.17911313205544035,0.21379310939234508,0.25449207401575547,0.3370180834903026,0.41493280320315346
32,2020,LSTM,0.4066534578322164,0.3113207083983117,0.32212445352340197,0.2789604294204512,0.22188122356588877,0.18778869248848842,0.2024158447783438,0.1723343688167562,0.14849476113460208,0.14621102132399624,0.18019543650131528,0.18916254022821175,0.22164427917295976,0.26968945318244225,0.312095653325647,0.44785285061275937
32,2020,FeedForwardNN,0.44226362739235725,0.37167383131482246,0.354151412973972,0.3198925274810922,0.24501504831164886,0.19747242823541686,0.20878888873600152,0.19107261638817308,0.14267636614726842,0.1425267551343296,0.18239216544715897,0.18459404360471837,0.2247545231446693,0.26483216171780044,0.3322766348085919,0.39945597501045915
32,2021,HBA,0.6231488479744058,0.6569285820938346,0.4910753077411173,0.4584169524233863,0.299774440133747,0.19739820983782153,0.20113209325985984,0.20386032642186377,0.09344813967983606,0.11045138647344276,0.15458006007392444,0.1380278459521218,0.1894154447009791,0.22662558925616139,0.3191830856313446,0.4339417658431345
32,2021,Alaton,0.8463159862884153,0.7214672290258817,0.56105616042096,0.5198810342339278,0.34618748774781133,0.24880914938982937,0.27560692346218446,0.23845698677490412,0.14993380425433714,0.16689000532401183,0.229680983266557,0.2313282239720168,0.30628887755865053,0.4020633669125515,0.604797831943284,0.6113779610102268
32,2021,Benth,0.5722936753858832,0.6487173825218182,0.4904270116706257,0.4684959089501103,0.30583463389115917,0.19805367083208758,0.20098273783751508,0.2132840117527129,0.0886157804223678,0.10132893111756501,0.15433827317564847,0.13352829308218161,0.18896189390115697,0.22451627872188412,0.3214767568257848,0.4233136677257278
32,2021,XGB,0.6219797065129349,0.6364502439392273,0.4792448839484182,0.4751844029943665,0.30926996113058675,0.19912857381917753,0.2025180140783115,0.22404821446930842,0.08729397212282546,0.11091281683199289,0.15734393944008238,0.13370050722577267,0.17761093157815847,0.22537898586113114,0.3136625272299515,0.41346869944669506
32,2021,WaveletFNN,0.7523452321694627,0.7702300496927076,0.5697016034289124,0.4828259167042116,0.31396452311367423,0.20175342502014945,0.20406138709616056,0.18574348727371057,0.08781729467417079,0.10183396377944819,0.1468138709323037,0.1338892814992837,0.19038114144638485,0.22203393937273092,0.3104570615501044,0.39009788912865745
32,2021,LSTM,0.7005408320137726,0.6542499243645933,0.4920044482612209,0.4533588099217383,0.2928458618182595,0.19752172925821593,0.20608305390403966,0.19299205798714616,0.10073216942852561,0.12006696096350514,0.16027301218799936,0.15053298961646516,0.1872842977654632,0.24610266357049065,0.3345344257059617,0.38150497497414326
32,2021,FeedForwardNN,0.629557278174449,0.6576551448313515,0.5075511428076765,0.4289629661849186,0.2842357777045698,0.18768489246564762,0.19010643968156124,0.1722702880023951,0.08964972096743501,0.10857913126065277,0.13976216269166664,0.129545520286264,0.17396036918075347,0.20859790752263868,0.28556411256971315,0.358890804041384
32,2022,HBA,0.3668575723449086,0.3696967442891002,0.3313184520269101,0.30760141698815463,0.22031049484855766,0.17948154879803102,0.21190732496367545,0.1667307790992205,0.13533181463129693,0.13131565845799667,0.18835423712235438,0.20943309044773908,0.2758465437872454,0.3477735401922058,0.4474628024449531,0.8610538069534465
32,2022,Alaton,1.007248247711611,0.5596458421654911,0.4118901743017061,0.3562403823360797,0.28657006136636454,0.262499782955918,0.2841328468156092,0.2260823612102189,0.23647176861958463,0.24133280488234282,0.2599382986830782,0.28796832407602657,0.3071913174148863,0.3801589025790148,0.5974133750845954,1.1625120953177632
32,2022,Benth,0.27416764207271904,0.349270123378906,0.3412897279421643,0.305833186841276,0.21296710221457368,0.18194980356177642,0.21431881448256265,0.15103019259604705,0.14840973891262943,0.13120893689871846,0.1905573995368121,0.2191992987599439,0.27966985355307644,0.35127986110408865,0.46236114356294816,0.9745636597754813
32,2022,XGB,0.36336014005838846,0.31288081823212643,0.2859338019632962,0.26448743572858957,0.1913030203499861,0.1577232132591928,0.19483213560842505,0.1456280029110785,0.12141222069538621,0.11926843811122566,0.17588247327998954,0.19964654805304066,0.27621254829324166,0.3472602322678273,0.4608635372522041,0.975741215288371
32,2022,WaveletFNN,0.3520696941277994,0.45399098662143605,0.4273558033808024,0.3520958093622101,0.2487337367170478,0.19246280604164626,0.22351223102382498,0.16251902020779319,0.13161512636950215,0.13410411087164595,0.188198562556101,0.20810981269817244,0.2849232533411745,0.3495353702493186,0.47716946811015204,1.080991692289643
32,2022,LSTM,0.5563316845790499,0.36379823394807753,0.2851785143774757,0.2664727144136775,0.19969476309601045,0.16150356300346116,0.19445164107703794,0.15843470200427165,0.12020611365201382,0.13286277052355336,0.17453227927327886,0.18874328682441344,0.2749501511138872,0.3225202347475387,0.45244043043382715,0.9820838261267055
32,2022,FeedForwardNN,0.3980264364894129,0.31628444580069187,0.2826512688317914,0.26354165578610156,0.19719056334677576,0.15937533125199052,0.19546478989634702,0.15594162566685685,0.1184844289403797,0.12830000919525952,0.1753268403553018,0.19364949868610795,0.2782971022383913,0.34377085308350647,0.4774258668127815,1.0752514167376244
32,2023,HBA,0.6070730924437712,0.5409083547046748,0.4422812690646668,0.3561819146127571,0.2439441609535428,0.18697080953133408,0.2090256187326359,0.147657398381011,0.12503780079326002,0.11651057863807825,0.17237379782436338,0.19021906822772292,0.26398551772392437,0.2959154351260566,0.37044754221013404,0.496374922697357
32,2023,Alaton,0.6822973377020499,0.5621688966316774,0.47029086659707103,0.37268731238141173,0.2914645895356386,0.24479127492720804,0.24805794691652844,0.20464975470656202,0.19405494418097052,0.20271504294911974,0.2126361386384374,0.22047652934297138,0.25488294604166145,0.2677877283466133,0.35850738717487896,0.3294721742315622
32,2023,Benth,0.46893876854042227,0.4684535298668276,0.4080680464705437,0.3292960432746859,0.22258565528304128,0.1775090283431643,0.20005437142021493,0.1325394751620212,0.12850838048831362,0.10305111695189671,0.16708093821024977,0.18962628453005537,0.2615547862817043,0.2870109541841585,0.35466706304104845,0.49353673459060077
32,2023,XGB,0.5957079481386244,0.48812645077959893,0.41375492519315477,0.34317097045637207,0.22506923743988372,0.17259602373370844,0.19126036041797934,0.13346795218087418,0.1155548997370505,0.10542057776487418,0.15530262309329929,0.17186634628953137,0.231342877983031,0.26626951429968115,0.33675717324522186,0.45898052486941604
32,2023,WaveletFNN,0.43901217710854146,0.5908980560598368,0.5059868949135161,0.4251978088846114,0.3088477768175155,0.23105584191689715,0.2521986788651228,0.2131426027396885,0.14649194557441125,0.15394344222057477,0.21351992858083316,0.2166995349203867,0.28498736851397394,0.34816847431593084,0.433358663716621,0.585944667908998
32,2023,LSTM,0.493664024128094,0.4175012212159298,0.3691261208454242,0.3287439910586454,0.2162300234688084,0.1730484877878466,0.18541384474694494,0.14200351907649594,0.12610790311285114,0.12554139196390857,0.1549991236800359,0.16553680841930232,0.19271452079526857,0.24239215269147332,0.31802131317149623,0.35554249402625915
32,2023,FeedForwardNN,0.3862827112209088,0.3878244714219496,0.3443481700852812,0.2924917025856136,0.20351593921882644,0.15970946111074016,0.1773075073138026,0.1351460829415998,0.11208953137645433,0.11690974125836927,0.15178035330832487,0.16163691842832892,0.20212741970268824,0.2499400186740161,0.3180150351280031,0.434193764847349
32,2024,HBA,0.8488137800116078,0.6089062520625328,0.45750171060988276,0.41211621566417866,0.2719730666361386,0.19728030754100023,0.20453414176260537,0.16840793571473336,0.11119048708786874,0.09834857444200659,0.15617489445190327,0.15612186104271694,0.20363158197829126,0.24066844950990204,0.2844647031429826,0.3526926901380387
32,2024,Alaton,1.0386075931527186,0.5177345269625431,0.381571438933721,0.3470759717437587,0.25480090793577126,0.22060850465433018,0.2409517383889953,0.18403551905254997,0.18119882297941767,0.17110181819023412,0.21495187215440492,0.23509755476654945,0.2665674776826862,0.3347941206102597,0.5062431815452251,0.5407756059429133
32,2024,Benth,0.7774517827528004,0.60034598240319,0.4775386777124602,0.422254478080805,0.2775655384073072,0.2036712126757751,0.20903133749301697,0.1659372533655997,0.1185016552541524,0.10957346637221181,0.15749537671170527,0.1600905026639313,0.20053526472259642,0.23793167268508686,0.2845106268280323,0.36179194169650986
32,2024,XGB,0.8426181559180428,0.5270939850190912,0.3920841869879587,0.36110379928579056,0.24578552313009713,0.17939036337241557,0.188797120752054,0.16411921030882565,0.10286423886260583,0.10454651589336027,0.15025052937055958,0.14681562944009308,0.1949690916638149,0.2294376807027052,0.27414607219176396,0.34000877014802544
32,2024,WaveletFNN,0.8730804943050956,0.660524137206502,0.5169054172309636,0.4672270213389111,0.3137623609646336,0.2126446342995943,0.21434491364905217,0.20036457630247534,0.096097768998582,0.11047227323099937,0.15448629577344972,0.14208525882477083,0.1915041946025239,0.22396248900838434,0.2860048582121572,0.3627333060386433
32,2024,LSTM,0.9251767801503016,0.4938950241959451,0.3707519126401043,0.3428587051102091,0.23665083015706803,0.17645494077940674,0.18705869468642183,0.16179340724600932,0.10707400785739975,0.10620041879371361,0.15400663488699406,0.149972841810653,0.20143820178933022,0.22771442382921475,0.28664226084716266,0.33281170011931627
32,2024,FeedForwardNN,0.9357328120853814,0.5057666228432086,0.3632808221866692,0.3360768758936828,0.24072681442796204,0.17911784310657644,0.1899729959342531,0.1723151579493558,0.10810821187037492,0.11745403510279971,0.15854221572014973,0.15015918034614995,0.19768915650760815,0.2335365444860153,0.27910108890618474,0.32819226914788674
44,2015,HBA,0.8503513638507334,0.7462313527622202,0.4626760067983078,0.3747865060074192,0.23807939038742787,0.19915786069866492,0.23936087571949796,0.16795557732182625,0.16165927427369337,0.15394356870705092,0.214088273219129,0.23714588027755912,0.3230091105514904,0.4165438724266763,0.546881113199719,0.6211370838931373
44,2015,Alaton,0.7813634749446916,0.7007712092244838,0.43965501671787427,0.34827057136433115,0.23696715266226,0.195328914235639,0.2284706973063895,0.17368371537440663,0.15521293999953378,0.1570109344896066,0.20428187353765542,0.22122618074577508,0.30307624169209296,0.3726773032878524,0.4703807602316505,0.5125525985924299
44,2015,Benth,0.8071069759191135,0.6855712947249679,0.4362921278562105,0.3472534915714535,0.23042122951846894,0.19290291049858724,0.23126870767911023,0.1661439816178459,0.15675623436491862,0.1595095808443923,0.20871049675175837,0.22904038087580744,0.30860797203596235,0.40200885162956035,0.5205675296472786,0.5933219762775633
44,2015,XGB,0.7932593250707677,0.7502745544027905,0.4699340527892773,0.3664250012155066,0.24088828617237001,0.19957748572292647,0.23426276975106944,0.1693753543286943,0.1597769785659467,0.14986386736895255,0.2070116561516832,0.22848562176066015,0.32106934194236847,0.38370618404953055,0.4873919542951912,0.5353876133978983
44,2015,WaveletFNN,0.6224388622891115,0.656593757033739,0.4400975194671345,0.3507187653824083,0.23034646823919436,0.19603004996806503,0.22969817316606528,0.1648577545547749,0.16296821538382636,0.150583365705175,0.204801250861697,0.22539620787653933,0.3160979532360803,0.3764509733691579,0.4651412626621989,0.4630971829738757
44,2015,LSTM,0.72355815543929,0.6717872050039784,0.4372270329690187,0.35309952353366153,0.2405417172920281,0.18730752414165866,0.2070468740286399,0.17913240254059712,0.1360195349856446,0.147295439221151,0.17923479648166035,0.1850436562960102,0.23069046920685993,0.3015753768515723,0.3441118841401054,0.28841586955460446
44,2015,FeedForwardNN,0.7043178007485358,0.6780913104146177,0.43463187864301095,0.3457318647367031,0.2320366748707852,0.18555830036185747,0.2042267013242052,0.16878216808284216,0.1407791419538465,0.14669940613736815,0.17706510048811613,0.184483235206103,0.22588353050064416,0.29220217721115527,0.34124407984110894,0.30362097438462277
44,2016,HBA,0.7856920889189931,0.6864444858157549,0.5406347908095658,0.46126636317513625,0.2877482514766604,0.2073863082966425,0.23153553839935367,0.18613002532726824,0.13089786419005336,0.12394605490964139,0.18888507942792263,0.19594874893732428,0.2705820314531623,0.3932672974874797,0.587422854604605,0.6897902393308318
44,2016,Alaton,0.6319540933897023,0.6043311388903514,0.47831836315086174,0.42365668283604535,0.2903855997873414,0.20234094728126742,0.23285117857376758,0.2148679621197462,0.11854010554441118,0.13888549628752014,0.19969163172840182,0.19614713503587072,0.28063747124139,0.43767461235122873,0.6670046327014104,0.8965060044591505
44,2016,Benth,0.6674828960921829,0.6415817274360144,0.4822283297547288,0.4230300836283729,0.2780292785717915,0.2023174956777448,0.2267643634296876,0.19597530520754375,0.13025507104063783,0.12533869441101275,0.19148531266275776,0.1950565600774731,0.26979241137138643,0.39197853316139614,0.600278755671009,0.7551592488622876
44,2016,XGB,0.6813583232890406,0.6231698409125693,0.5186435615028766,0.448377275289844,0.29453821531891045,0.20127728874156667,0.23101789505320566,0.20448523025341847,0.11251160081064564,0.13575687327004204,0.19221607746876176,0.18982965201649096,0.2707195449877358,0.43154431470029386,0.6488168233609388,0.8627830931367491
44,2016,WaveletFNN,0.555401427727041,0.5790783708526321,0.5404155220933221,0.4756132246035126,0.31623681161133643,0.21738688293412742,0.24808052226314692,0.22615434632974796,0.12330158651925606,0.14764803077836713,0.20943429799313126,0.20565439900506796,0.2927387234825282,0.45056889016061413,0.6853607760918359,0.9304252738058203
44,2016,LSTM,0.7056658310643106,0.5989860458135012,0.5111075387607017,0.4367332829240764,0.28665853904983124,0.19865772848663374,0.22474115814577844,0.19646746256236744,0.11489861548186811,0.13972657010127393,0.1858168516365389,0.18472372506219875,0.25592931853392176,0.4043435717848945,0.6041491909791156,0.8427815137393889
44,2016,FeedForwardNN,0.6591259084478738,0.5815944204362544,0.47684912302532523,0.40809156335359054,0.2639226500921253,0.18495907444447562,0.21694272305320586,0.1783617082689836,0.10980159562577675,0.1339853868414902,0.1809543157895615,0.18563993957609962,0.259138387406334,0.4300453453851508,0.6548689667349572,0.7108646748117233
44,2017,HBA,1.2992776642230799,0.7796625446220828,0.527638206848587,0.4539169815082185,0.2985086457435266,0.21986408227774054,0.23642893793586936,0.20410215667752346,0.12987016632135123,0.14862294542769952,0.1931564476296415,0.19026144739442455,0.26307286776515837,0.33395727114239276,0.4706843173747662,0.5526226360182348
44,2017,Alaton,1.1894906986742013,0.6933869696046232,0.49035989148557385,0.4433119209242482,0.2767934607090386,0.211417803976306,0.23239392133440523,0.18879932841667332,0.13660765692578733,0.1302683841972861,0.19422077988801864,0.19929866941485003,0.2824701955189522,0.35525944521676045,0.5407857362039091,0.592179702414984
44,2017,Benth,1.106715152192404,0.7272325899418206,0.5459601660583273,0.4729373551815203,0.29633359687164074,0.21894513334165638,0.2373826376706218,0.1934818833657559,0.13038858758701707,0.13717584639528677,0.19064526599270182,0.19323693162772693,0.2675878506889675,0.3442247875191434,0.508341089592347,0.5869931685279055
44,2017,XGB,1.4448537917833495,0.7320119995086006,0.4740514486885388,0.4304711339753199,0.2747075803661447,0.21493408016956567,0.2339107922053359,0.1925734609867433,0.14653454794442494,0.13880858761817075,0.19908936076696596,0.20384903564142448,0.28848305278647457,0.34731040001821994,0.5199519258542692,0.5770129682834915
44,2017,WaveletFNN,1.4108598919560014,0.7403616663017736,0.45495918670404634,0.4134141151146806,0.2675802214089413,0.21656326851389104,0.23252208800260163,0.19037590890986486,0.1581839582493536,0.14078640235011952,0.20162903599148346,0.20737554574574232,0.2828348513188355,0.3294263203447267,0.5050707996757288,0.5262766149823823
44,2017,LSTM,0.9898503144011407,0.5791791320425728,0.387292207267459,0.34523210187427744,0.22432802194720822,0.18943972018388247,0.21046686861613909,0.15718314327949193,0.14951661859383023,0.1354982748609481,0.1852469057987319,0.1967534783990114,0.2732606053994078,0.33283623900774917,0.5054213225030709,0.5529161362788736
44,2017,FeedForwardNN,1.0645658281604298,0.6079713438894082,0.3812972368968053,0.3262429758662426,0.21507607458314043,0.18040343477751314,0.198235670095331,0.14658924875926485,0.14072711774879357,0.12769007073089025,0.17274275633224712,0.18243661484886295,0.24907171642939405,0.30223534091582055,0.43302581626259934,0.4796783033473694
44,2018,HBA,0.6966619539453945,0.902689767926253,0.7473212577132818,0.5245903195472026,0.31921136658872556,0.22953328663174874,0.25576425108886336,0.19058897501180339,0.1374773637911034,0.14857279621852784,0.20323400104985093,0.21161824695312262,0.29788651582126396,0.39099723560324345,0.5352279833889269,0.7347570041533039
44,2018,Alaton,0.4507493137608214,0.7377617475266004,0.6411487282481257,0.43884922138685006,0.2658360552907482,0.1982779932960038,0.22519015082584026,0.1530761901586899,0.12892860774676643,0.12748264879780488,0.18045961393137075,0.1986149718693841,0.2747116588325267,0.36056225029152517,0.4918000933313334,0.6910808792159311
44,2018,Benth,0.522835776977209,0.7342206036902683,0.6363580810691283,0.45292477025551275,0.2800901265684583,0.2157068825589544,0.24167203772649554,0.17305210362130333,0.1496164963061182,0.14901414972861537,0.19943140390753858,0.2160396388022498,0.2887958283474171,0.37643574741989005,0.5072202504003688,0.7259899563688061
44,2018,XGB,0.5500453734455043,0.8703982389544818,0.7251937456621582,0.4800315868497977,0.28901762314004237,0.20466897625579256,0.23048300727316998,0.15797179310753665,0.11808379810507261,0.12404490260311937,0.17722399039248382,0.1908409215791115,0.2709254273252497,0.3599024117296787,0.49435914101172096,0.7037207457110262
44,2018,WaveletFNN,0.488494298790231,0.9031418884670513,0.7870804691471457,0.5176015892842876,0.3016841927405445,0.20875565400623922,0.23320980551331152,0.1558505382787154,0.1133630854373848,0.11491747241614632,0.17311976409378171,0.18597329647278887,0.2677808745937731,0.34585086855127223,0.49044772940827913,0.6470079485320408
44,2018,LSTM,0.28636555331307567,0.5563578404917652,0.58333586621353,0.3938074684510363,0.2533771891054668,0.18063125327528184,0.21076042800510011,0.1542435903471779,0.10595643576171783,0.10769564516519138,0.170141731321171,0.18686222878508818,0.26882788028756577,0.3542553697254628,0.4979711141347095,0.6614825428798498
44,2018,FeedForwardNN,0.3150180390557395,0.598634646224898,0.6076493593016506,0.4041773383161169,0.25741096801716135,0.18741107971748283,0.2164107543705133,0.15218448191395137,0.11555512206026636,0.11179084116003982,0.17393673895505574,0.19408609025803025,0.2726015657917949,0.3523592212024674,0.4897938205185842,0.6100280311253136
44,2019,HBA,0.9142104745227035,0.6784335929946869,0.47928633068477616,0.39559362976621987,0.2757653566432321,0.20327227426099034,0.22889573233853303,0.19407662725399977,0.1311169073355377,0.13243314205062223,0.19433927869598353,0.1992090243417169,0.27411573049290827,0.359929763978646,0.5321107564762101,0.6331267857928492
44,2019,Alaton,0.8621169167997143,0.602166973205324,0.43784487137217165,0.37951488964332253,0.28334418054884203,0.20275061515765908,0.22602696017378007,0.2213310873895093,0.12253250204214051,0.13361451046032863,0.19593186591189374,0.19084718624661798,0.2636101356942388,0.34888451159131967,0.5430609455030523,0.6170507609923307
44,2019,Benth,0.8153680349847225,0.6386020840327185,0.48144252087776385,0.40253376955441506,0.28220233374648807,0.20727827124534018,0.23300293644214026,0.20223181568723148,0.13270324913757284,0.13604553273108214,0.19834120060832702,0.20227176483987308,0.2757942283771237,0.36517493964732173,0.5466538734570269,0.6592596029696667
44,2019,XGB,0.8377750311010954,0.5550960122364718,0.39959457505566276,0.35666642120069586,0.2646611483555801,0.19279112436886534,0.21769987449491113,0.2105019137549493,0.1212559132661184,0.12694046971610867,0.19142106194088052,0.18944015409532886,0.2647239786245831,0.34836336404892276,0.5356031725656113,0.6213936032181531
44,2019,WaveletFNN,1.143443247948204,0.7514046181097406,0.5184302540071866,0.4316256266464114,0.30092325201433395,0.21400097781370486,0.230152673261649,0.2136208464036452,0.12748363874029278,0.14537032927398158,0.18976575665149037,0.18235300853474662,0.2436217757234426,0.31805926287192515,0.501976928725514,0.6325354401784564
44,2019,LSTM,1.0088244455578852,0.5115244530737324,0.3766271846875805,0.34606250608090017,0.24399429800803005,0.18657909402613176,0.20907636379575684,0.19075844829228097,0.12943136386659262,0.13353590798079987,0.18474059350054167,0.1893925152053194,0.2502579518238715,0.3304775469612614,0.5237529226455643,0.551654417339094
44,2019,FeedForwardNN,1.0321492502604677,0.5027868843979575,0.39815110281705546,0.3580102541317554,0.24960281805304585,0.19186615938217066,0.21498796396796388,0.18997888645352048,0.13439847205884695,0.13352030796476633,0.18811996323755162,0.19572446830853069,0.25981437675945307,0.3392371485536975,0.5324596746354797,0.5853154261321867
44,2020,HBA,0.6885827065553,0.6261337632732831,0.5134916127936374,0.43407502914054974,0.28858876959633833,0.21287751524463983,0.23143522089797014,0.18806699851899558,0.13215050749534626,0.11750776041098417,0.18663761215078403,0.19353322241467102,0.27528498936138246,0.33213169932096964,0.43581919051836043,0.5340222541647961
44,2020,Alaton,0.6291244022436789,0.5582559530039508,0.47365556809394777,0.38327002691598533,0.2805465524181896,0.20899250134432554,0.22798294829877272,0.1942352368707005,0.1326981051545524,0.1336982752181782,0.1891552321247828,0.19301745887688387,0.26829601999514846,0.3289117235913233,0.4293127478326708,0.5287770060063757
44,2020,Benth,0.7155898500419439,0.6527362669604291,0.5456728430357007,0.44019816289688257,0.2985190489799721,0.2241433100063133,0.2399135263308032,0.1880520724234701,0.14484029346143823,0.12875349375812956,0.19258208283690692,0.2013406294111292,0.27437610727960204,0.3285219850627129,0.43717818579324935,0.5478174908019511
44,2020,XGB,0.5789522272093296,0.5031318254534307,0.4357472221602278,0.3598761119102363,0.2627430887297991,0.1966140333929872,0.21811403402921667,0.1854177795033995,0.1261040305097961,0.12599952519339327,0.1831338163800618,0.18883775244952014,0.2655201322153083,0.33028312466619564,0.42758627066619087,0.5237744812932046
44,2020,WaveletFNN,0.5997150408576313,0.4946298836295701,0.4466686343237451,0.3713623032077921,0.27655170429428133,0.20717361702397002,0.2264065013508016,0.20051684918219864,0.1331993388712803,0.13865265364272916,0.19101420394067453,0.19330542703672365,0.26324628871466116,0.3225146962346563,0.3867015483363931,0.46036390802535293
44,2020,LSTM,0.6288943951087727,0.42451360170635455,0.414248534941301,0.32918585600816563,0.24647898737145535,0.19059430930042381,0.21305907749682196,0.17149330993486206,0.13100735781827957,0.1139909800654346,0.1792642674690524,0.19282396469065297,0.2606704683802064,0.3300531411862505,0.43194938854262743,0.518693029848141
44,2020,FeedForwardNN,0.6082492232656685,0.433417651360058,0.4077996332990051,0.31695783779513403,0.23231684426891863,0.18887278323635728,0.21442486121225163,0.15388368399347827,0.14255062041304803,0.11524105336249485,0.18148025594015002,0.20457422148557844,0.2680720731432274,0.344454395724628,0.45638887783606286,0.4720743884724866
44,2021,HBA,0.8150423877091585,0.7690549047860112,0.602618166032593,0.5026207378630925,0.32442122100612086,0.21647623931356338,0.23001521639284958,0.20332734335323316,0.10545931233585096,0.1298561548342938,0.17393147659506816,0.16390017669076917,0.2249634889006284,0.31123950063545197,0.4496330757281413,0.5484790321222544
44,2021,Alaton,0.8726364928323234,0.7497154920627597,0.5860440333230662,0.5357738944970803,0.3556436407678697,0.2341630077321655,0.255307079666757,0.2553546999795322,0.10922522595234886,0.1436793770977053,0.20498783563684683,0.1832792942739009,0.2520167132057302,0.3751607529881618,0.5638626173406531,0.5529493351658198
44,2021,Benth,0.8450675111743706,0.7833907984279259,0.6067859297660303,0.520139300822583,0.3368697309047281,0.2184823614066323,0.23433544191745587,0.21938030571232398,0.09672587260489555,0.12355330897795339,0.17783496646109978,0.1618773081538769,0.23465201537500177,0.3280796618138325,0.48866293767625085,0.5471355366318523
44,2021,XGB,0.9062648317458647,0.729399494878387,0.5834437298419024,0.5346079807849166,0.3488878560911477,0.23636638128202697,0.25462227974460516,0.24679011279624083,0.1206427213541664,0.1482525745063387,0.20450147453115952,0.18716055309700588,0.23803628709094368,0.3580609003185318,0.5251056252736473,0.5396161724267294
44,2021,WaveletFNN,1.145998996090365,0.8357573087833335,0.6742121282486895,0.6057701630943959,0.3765729218030115,0.24504265166844974,0.2584940433220906,0.2470161948353379,0.10976923584189265,0.14615489166909196,0.19421043847837582,0.17290445064561918,0.2317132018405408,0.34283802645974093,0.5093568217128558,0.5773763389140907
44,2021,LSTM,1.0168418543484394,0.7211676478807162,0.5931741108884795,0.4933252794400036,0.3015477870013917,0.20425434999102007,0.22621102419945568,0.17460835428481722,0.1041920939914362,0.11855431650124829,0.1707544082370163,0.17132078873426235,0.23275794002787567,0.34376132764690315,0.48267135132039285,0.5534483981825629
44,2021,FeedForwardNN,0.8989252066560812,0.6898683299462258,0.607243954507236,0.5116175398905533,0.3132578746138577,0.21262079710843218,0.2266938134138918,0.18529128466128542,0.10911974583686099,0.12323856222735738,0.1687131301496477,0.16231865217757632,0.22349581981230895,0.3029291905931412,0.4479101120085842,0.5473190915110941
44,2022,HBA,0.7344138494187348,0.5739902004191979,0.43021116552476735,0.3639318308445789,0.2467910687314815,0.18839394522421374,0.23102375489015678,0.17884267325229528,0.12744220112884888,0.1309111952035238,0.20052726321474224,0.22647640769939106,0.33081613587080005,0.41385203346124644,0.5416454394927591,0.9041261631939742
44,2022,Alaton,0.6227953428604271,0.4980555069063335,0.3985216511853899,0.3362354411114229,0.21583878029862394,0.17095218153837186,0.20939778274747775,0.14816349184712704,0.12410198898384119,0.11674458247968765,0.17984413937784763,0.2096606861768773,0.3059635237035902,0.36986037907691105,0.49526841991706977,1.0011808041462142
44,2022,Benth,0.5669245709172844,0.5405301853233317,0.4508068100167561,0.36541266503097997,0.2373709061738402,0.19266640514304315,0.2322558951650594,0.1583030861403547,0.14600627630294716,0.13408372233442772,0.200217490960459,0.23492475122110956,0.3254419882527219,0.40192880766836003,0.5255683249334254,0.9820791526543837
44,2022,XGB,0.7357997616353092,0.5018386109928098,0.3854754359497472,0.3282710930767241,0.21656095711779516,0.1636464877398489,0.2053609531012445,0.15398620107691716,0.10841724008580633,0.11167080927816371,0.1764915476842209,0.2021227536224696,0.3112764194231046,0.37873170242788484,0.5027227860074728,0.9799323219148711
44,2022,WaveletFNN,0.9169364208358347,0.6204484462773112,0.5085816643709262,0.4293618899532395,0.26765528393420096,0.18800109509669485,0.21899755858727185,0.17840355380490613,0.10486238136290434,0.11493013771294719,0.17626638821960666,0.1903085023189684,0.28623643553027306,0.3484530006082689,0.4573073388179716,0.8378741391609191
44,2022,LSTM,0.635782414889794,0.4201303942028042,0.3494195123652177,0.3124642135333822,0.2048238587741412,0.15443003252042392,0.1848019866540509,0.1512580673120928,0.10183169518244566,0.1066338941465001,0.1584241500178904,0.17297872772663692,0.26791922135229623,0.30662769979945864,0.46938394230779135,0.9077654963020355
44,2022,FeedForwardNN,0.9424909104151503,0.544286597382242,0.41990576663525747,0.37651525709873346,0.2306593104678587,0.1686466442821859,0.19321129146009325,0.16055252679742507,0.10392119321523383,0.10514867273810317,0.15676482510894374,0.16974246544476693,0.2565873101992088,0.2885983619519834,0.4616951578006819,0.8487438822411193
44,2023,HBA,0.8474899474962253,0.7453374461882902,0.5628673222692909,0.4290847260386295,0.2677952208909414,0.20782805272398416,0.23337544120104778,0.14949756972926792,0.1452988685376615,0.12369544974268727,0.1883118831901028,0.21574048849089603,0.2947045571347888,0.34674778391920047,0.452421981472183,0.6352011915261028
44,2023,Alaton,0.5354414447488242,0.5617714896122961,0.47187628315488706,0.3824895307794185,0.2222570560013577,0.18084540982632907,0.2042804671577172,0.12218196208662874,0.13766450717093223,0.09601486413057589,0.16660967650687122,0.19648750020316738,0.26032759555383994,0.30994574865906893,0.4152793782452995,0.5895751797726692
44,2023,Benth,0.5001283116535359,0.5759391569449617,0.4972035670047141,0.3851129795692954,0.23709274118740947,0.19327773614178614,0.22202802987377457,0.1328114499634197,0.14759079436400074,0.10831229429292637,0.18420134658438414,0.21803560558911006,0.29700626152430926,0.34807403606958454,0.45457714535156274,0.6543221776738581
44,2023,XGB,0.8085303321901897,0.6887414215820119,0.5309043517149008,0.4229661540529811,0.24538018781517362,0.19105448221871563,0.2135887593656649,0.13091040981359692,0.13440778444844087,0.10862962148608181,0.16911852739090813,0.19619885738269618,0.2573767657598887,0.3172669396595895,0.421510198158792,0.5976023420143444
44,2023,WaveletFNN,0.47216743214779694,0.5418578007932826,0.45546910302169585,0.39666973674926725,0.23977870799310874,0.19171053479420683,0.21707728392468764,0.1533060560859111,0.14158871401577694,0.12240539933280507,0.18373537251543823,0.20388774532841933,0.2662928426203176,0.32539252320519607,0.4493424587102368,0.6409906049435626
44,2023,LSTM,0.7958620492601406,0.675982229533971,0.5112514651140085,0.4225330195123989,0.22804096936449073,0.17700575275992414,0.19429131966135427,0.11449876637410215,0.12379012566592693,0.09190691049138944,0.14894226905323701,0.17005112439645462,0.214320156644392,0.2865026951663123,0.40741372420301497,0.48596631277846863
44,2023,FeedForwardNN,0.7218007425241502,0.6343915781462298,0.4725699017512622,0.41559112702678086,0.23164384658514928,0.181097696758576,0.19591677194168444,0.13505394094288672,0.1283920311580982,0.099082623408614,0.15606064801058725,0.17062994105292564,0.20516637562659418,0.27667719592513423,0.3796804278691076,0.4553175952267366
44,2024,HBA,0.893605303645636,0.7025176130377024,0.5284274234203266,0.478255992958077,0.2933485500586356,0.21246040808551894,0.228289156085786,0.17358224338174655,0.12086513257678298,0.09641308546982705,0.17407872874078312,0.17916389406151315,0.2544344800126989,0.31367689106060753,0.4038285950923993,0.5167610284708251
44,2024,Alaton,0.8237157839986976,0.6244707737747583,0.47588310032631703,0.43946881588977804,0.28621362128265515,0.20674471375693035,0.2208500895573206,0.1895821687427315,0.11675653623622269,0.11863569228650575,0.17534793964734538,0.16874412771231379,0.23809824071506464,0.2911603080781955,0.4098830403123534,0.5061424614229003
44,2024,Benth,0.8217792989632987,0.7003867082145647,0.5582136100787913,0.49622685357257856,0.3048601770005096,0.22337038631926437,0.2359418739724178,0.17578347806206318,0.13109382208468745,0.11168692096158798,0.17742098646974785,0.18352873767388564,0.24907966051571143,0.30516580389744785,0.3926944931952356,0.5050860236277094
44,2024,XGB,0.8702752397994339,0.5938183101585803,0.4391109983068304,0.4107586558026755,0.26379175177192893,0.19225759857758443,0.2089484535253364,0.17447135327506474,0.11125449589415595,0.10541892866518672,0.16808219227248786,0.1649816149460198,0.23734676860170642,0.2904828522274039,0.39381895878546436,0.4989663458525869
44,2024,WaveletFNN,0.9852285374618593,0.7707468251944996,0.5813490148205903,0.5557309182507502,0.3472492814521451,0.2483426190489643,0.25558486663968927,0.2279818200310365,0.1363437182029072,0.12926847721228077,0.19321425028384695,0.18467992579232412,0.23955729916922652,0.29884951367339346,0.4205327901266307,0.5915739437289785
44,2024,LSTM,0.7664105577761023,0.4195017572602633,0.341028548090729,0.3431620105556457,0.23036556089828464,0.1807650576302372,0.20094692023746563,0.17398577196897969,0.12459895402856594,0.11384604807895846,0.1770090455317813,0.17765115955722438,0.24454258664214204,0.29806022244692143,0.4855182634894688,0.5000895122419683
44,2024,FeedForwardNN,0.9393175136852823,0.49001045796465065,0.3820087529700455,0.36902711980717706,0.24132606461588285,0.18685915184189655,0.20914758481427959,0.1696520525849081,0.12518247390186374,0.10308326766619244,0.17960683801676583,0.18496415683173772,0.25804574041826844,0.3175210376344645,0.5129023698496096,0.5488932261135845
52,2015,HBA,0.46890569162918194,0.43500040704009646,0.3400446812034239,0.29012955493905357,0.19751221072112068,0.1646601959931092,0.1907640691022445,0.13264264195120978,0.12618457579545783,0.10263271977005453,0.1693930276544914,0.184818169198501,0.2468298483448499,0.2841622750502249,0.35685265968897284,0.40170765479674986
52,2015,Alaton,0.4931200488516751,0.43095767475129276,0.33401854300101197,0.2720761857297089,0.1931961994838878,0.1605938133850933,0.1812178625106247,0.12910494598766556,0.12241055322708415,0.10788290747594437,0.15930295228073005,0.17210740112667056,0.2284633711803047,0.2552219276539581,0.3047181071144277,0.34389452866375336
52,2015,Benth,0.513961114762772,0.43275392426110676,0.3378766137319419,0.2815629820049435,0.19439352478933425,0.16003187455101212,0.18256692935558974,0.12909130927320475,0.11978819954720982,0.10658391167549917,0.16018485186372683,0.17283277406134034,0.22812190894021953,0.2650610329173366,0.3271613725568408,0.37256847523769493
52,2015,XGB,0.4181880112858414,0.43123453026828973,0.33612620026779083,0.2757226899075779,0.192181087839582,0.16420074977808147,0.18740707008792148,0.12666859557618845,0.13143073950110898,0.10222151026104133,0.1662185771010812,0.1842192907868507,0.24840025113900463,0.2690328177839913,0.3232992377647009,0.3589627333352069
52,2015,WaveletFNN,0.49805307332480814,0.5321968997156156,0.4064345237460988,0.30533794501148526,0.2229078184490165,0.1806507782872622,0.19692113479582965,0.13938089865243292,0.13116018109249547,0.12491057049531792,0.1668687474547698,0.1799252051800776,0.23511083274165012,0.26114174077894037,0.3163783702313836,0.32351742859268395
52,2015,LSTM,0.4939454302452793,0.46053487366727974,0.35264676831507363,0.2780391744196536,0.20877648107037616,0.16367457419644588,0.16911671050992155,0.14329804334466859,0.11085212621454023,0.12178812551126914,0.14208627218194467,0.14054567542306534,0.17096756555258236,0.19247153171100193,0.22212157677172814,0.19690245607315163
52,2015,FeedForwardNN,0.5322012312042144,0.42292935425078243,0.3444684752809984,0.2821400011937399,0.20859348952416684,0.1655402488145683,0.1717549900206021,0.14675388411469062,0.11511715752062235,0.11537288069257705,0.1460381160362909,0.14608469768883392,0.17962863674712026,0.19998673806985418,0.2242756226552364,0.24338715633771169
52,2016,HBA,0.3781393907774559,0.3493010362911268,0.2932825895794932,0.27694451938901166,0.2003515553042964,0.1588226764654537,0.1752746183733297,0.1487613670527879,0.11462649291417637,0.10240077497583656,0.1535480096646811,0.15935865632799215,0.19612578089005286,0.25384315011981184,0.32867444635886783,0.4027206489902087
52,2016,Alaton,0.3178526339387606,0.33313066767777466,0.2740494178241861,0.27014293825718105,0.20413107337300035,0.15993684300089772,0.17704745680131162,0.16531626214655062,0.11290411849579973,0.11089381982868969,0.15998820322592133,0.15923205471936766,0.19766469247083598,0.25907646704508186,0.316984013583003,0.38257160711924226
52,2016,Benth,0.3367777823542099,0.34856101113542615,0.2763492651518817,0.2661925668383117,0.1963321802843657,0.15929552807168498,0.17385497403207428,0.15191110497998947,0.11988009656753719,0.1039135383259414,0.15568192219565496,0.15995430809470595,0.19423061570076972,0.24444696464540144,0.3089698810107389,0.38161689018664785
52,2016,XGB,0.3347808428514241,0.33692803486345224,0.28888704844076135,0.2763342839960927,0.20233742894256138,0.15545501738678744,0.17233003853722761,0.1542898504577892,0.10556145598133221,0.10639319967668034,0.15163700929834703,0.15194532340474196,0.18894515799782352,0.25274920159948894,0.3116299472577172,0.38975485826412154
52,2016,WaveletFNN,0.45838988398907354,0.447676400039684,0.36647717856625023,0.3267485312948814,0.22325370975931907,0.17914275797824958,0.19447900731528306,0.14374393376884856,0.13219866085722992,0.10980329846113197,0.16424467884112615,0.17412707737353017,0.2105398131914015,0.27082448568456824,0.37256782289663803,0.41512650562760367
52,2016,LSTM,0.3715388513436382,0.3485671499718466,0.2924704359366263,0.2755915832399293,0.20346037538355252,0.15434361529055518,0.17228931535477873,0.15404689563455048,0.10207219826198376,0.11421650148974524,0.15074354110883909,0.14992031960791227,0.188315702974566,0.25693425332923236,0.3186276348999607,0.40755573680489504
52,2016,FeedForwardNN,0.3304665790208566,0.3219231820432707,0.26447536831435225,0.2578933835235307,0.1957454868350267,0.15234840439403907,0.17296246612815078,0.15759044474734124,0.10616402680477753,0.12191832537535925,0.15691712578821188,0.1571437961663029,0.19543418537380092,0.26868321603333445,0.3201210163714861,0.3777577862503177
52,2017,HBA,0.899592994824837,0.5290532819956802,0.394999889429556,0.33369270305787874,0.24546481505313106,0.19022960636192324,0.19812708621542283,0.17212057010658238,0.12155587800609258,0.14340963028153297,0.16492582806175066,0.16318910681594054,0.20193163165962102,0.2413931440479908,0.3016536334214393,0.31671435326870373
52,2017,Alaton,0.7801176629844747,0.4826631965737965,0.3740278745508255,0.3229020589397362,0.23011563682507913,0.18223375294036037,0.19376651099215106,0.1595292913902107,0.12270238581097329,0.12826307516971142,0.16413911618900037,0.16714271606739817,0.21061120277041495,0.25119053380657136,0.3309785648242458,0.3252021129333857
52,2017,Benth,0.7720381834036519,0.502198644521364,0.3985717035516263,0.3389722000297961,0.2420862650857507,0.18718679892069637,0.19771624117006073,0.16533299246880334,0.11893049799177106,0.13254969978189468,0.16405773510966354,0.16498254070099813,0.2069296585890573,0.2500238892606946,0.32118401976618793,0.3238438840189069
52,2017,XGB,0.8776152918297495,0.4921108843206605,0.3679915945604595,0.3139170580565942,0.2299175227477673,0.18507416787372016,0.19461158425933603,0.1621946919267863,0.12932059249753755,0.13910823842284767,0.16603869666563056,0.16894419685544196,0.20974454128270298,0.2439686077443399,0.30963386854958824,0.31401730919834575
52,2017,WaveletFNN,0.7886925979449311,0.5172735444577458,0.43715532489879855,0.36366823353752825,0.2636956969133125,0.20436781761386266,0.21849514517953553,0.17861689184796103,0.13060568719963536,0.14638869883014766,0.18125115174811715,0.18591965438821192,0.23971948716386512,0.2866430759600761,0.3259638723900138,0.3629612078446165
52,2017,LSTM,0.80581136905662,0.44886174922040106,0.31123585609631593,0.30182107811362024,0.2159435785882044,0.18139219730323397,0.19848264344575534,0.16920444282213226,0.13843459419272944,0.1371791164575925,0.18116903236934864,0.18522215994159044,0.22682755404530452,0.277684240201354,0.359572490036772,0.36895333444928285
52,2017,FeedForwardNN,0.8174275602913702,0.46897619600219687,0.3268106255511273,0.30865346218727996,0.22461062482278454,0.18960300235539393,0.2102856813500753,0.17448337596016741,0.14607815628937845,0.14078100425051124,0.19266938492997765,0.1995763947878198,0.25241408958761613,0.30611460100936105,0.4013023678800365,0.4329221985097413
52,2018,HBA,0.34219694041793874,0.5019801992661387,0.4049623581611019,0.33461581478600844,0.23552358363812745,0.176671823038064,0.1959520885736831,0.159878526750637,0.10975784623198971,0.12653511332333003,0.16451773858299892,0.16525383270665658,0.21708290130126906,0.276720846089738,0.34620766932366065,0.40198626007912286
52,2018,Alaton,0.28759420080169024,0.44912950838622034,0.37485920414796003,0.3026657608036448,0.21144341486928223,0.16281709789393184,0.18243403339082911,0.138487288320907,0.10752936795896868,0.1123859329839941,0.15388052413916245,0.16024864790074114,0.20807042549280452,0.26366589592801315,0.3277895967499423,0.3704114294773475
52,2018,Benth,0.3151391928424179,0.4508941494234198,0.3824465385228349,0.31359006226001,0.22068515188307383,0.17286262543402972,0.19147522454979823,0.14846762476147093,0.11848879884003373,0.12590051236772873,0.16314407195561265,0.16872166751194517,0.21440262504115315,0.2704571808237609,0.3368717567342987,0.39008113873604033
52,2018,XGB,0.2955594323248,0.49783551311765734,0.3960568611403298,0.3172996669434119,0.22074568977029502,0.16399253064795746,0.18381972701958393,0.14247893194798356,0.09946464678411528,0.10864985740253483,0.15230335061940808,0.15600773891375597,0.20808757794610172,0.26519144324951327,0.3353995986939567,0.38688553209469034
52,2018,WaveletFNN,0.33523111905652253,0.4649781059913205,0.3992584145772635,0.3544999108066645,0.283219538210151,0.2596446816924542,0.28737834497106374,0.2314145872556661,0.23284026010595713,0.2055052811701395,0.27155836119304355,0.2940355160001968,0.36541569835388615,0.41273090797078826,0.50299440201712,0.5277839940808787
52,2018,LSTM,0.22393844480974126,0.4333006991289114,0.3654428438167242,0.2954349424543171,0.21001855883355022,0.15540418108692425,0.1768466828246456,0.14063019768451715,0.09330807438502946,0.08888966801185491,0.14882118341410416,0.15566222408831265,0.2084517885882909,0.2626337546961336,0.3294443396239602,0.36669904885411675
52,2018,FeedForwardNN,0.33802494696553564,0.48383611312515357,0.3951268129890387,0.31557792628142156,0.21711080247262313,0.15691905863659383,0.1814495272303647,0.13763648332513384,0.08848153170631384,0.08933049839463289,0.14951229045153483,0.1576189082273419,0.22197863837823556,0.2762267661136703,0.3474618539997215,0.39666671276813414
52,2019,HBA,0.36440322769827055,0.31577698685109284,0.2642870240024249,0.23607715186480155,0.1944317045822004,0.1564923592342249,0.1724779416635763,0.15658106369283775,0.11439985980156224,0.12281392478391452,0.15544550356383485,0.15867556674972066,0.20464440785821067,0.2475078504593097,0.35547751776864067,0.41057854329770016
52,2019,Alaton,0.35285124534600915,0.30395904914640876,0.2544054290786331,0.2423574496161032,0.209837105416324,0.16027508766478604,0.1748224479831658,0.1856880552368391,0.1052876021150505,0.12566614974688442,0.15935490594906077,0.15245191659908752,0.19695393104743947,0.24373518923735205,0.361826173087009,0.38643048901335625
52,2019,Benth,0.3480722420684897,0.3233475569350102,0.27541672124746075,0.25108498157531234,0.20852265282081248,0.1635949447538056,0.17909832617294197,0.1722765461154088,0.11374907870165882,0.12986916631537856,0.16108575102721162,0.1601264472339559,0.2039788836113836,0.2518128726779225,0.3635217135386264,0.40869042566458796
52,2019,XGB,0.36833028486948455,0.2898949726329459,0.23826605975617662,0.22963740518771797,0.19676699591879906,0.1518613085594929,0.1677511909442833,0.17428100379121106,0.10203987378358188,0.11918459866246976,0.15376034817950346,0.1498340558083313,0.19571476895068368,0.24192085440950542,0.3551433952598965,0.3956556511266313
52,2019,WaveletFNN,0.4325744245268651,0.3728863241640339,0.3318031476529428,0.2953407158189519,0.22386516452701685,0.17877962032397762,0.19817998693212985,0.16537968523166818,0.12875864008877216,0.13246241849958634,0.17409121342004014,0.18177156139397252,0.22667391881943155,0.28496381695625933,0.3545762033510128,0.4592695693881442
52,2019,LSTM,0.5228764562202098,0.35721914720267,0.2712614981015632,0.25716959498818753,0.21273881994425498,0.16424852512781293,0.17566813836996875,0.1810286954583779,0.11045008215706072,0.12522938375969675,0.15707633612649982,0.15269925730564174,0.19068610500603927,0.2326663000044571,0.3334525507416915,0.34180818984099504
52,2019,FeedForwardNN,0.3175533901372498,0.2718835714531187,0.22621161795640354,0.22625979152112818,0.19455454802988162,0.15521250857508062,0.17161060323250008,0.17740137493807967,0.1115637645537405,0.1281023102749637,0.15972926357017322,0.15924730468284196,0.2007740348218638,0.2482582064255368,0.3700458954353467,0.3633370553876813
52,2020,HBA,0.37155459287858744,0.3411994145194487,0.2917269549954097,0.27692566776191707,0.22959941763485406,0.17981046323028446,0.1905641125225069,0.1942317896815762,0.11815500459124195,0.1338350365891187,0.17023178428813948,0.16223412243840843,0.21294946381893348,0.23878794667133532,0.26645727802273894,0.32289585492087064
52,2020,Alaton,0.37173708541639694,0.3398527468857768,0.29629306401888544,0.26296791706948347,0.22641825931921172,0.17785092630448457,0.18851155192344532,0.1866403089783854,0.1177082455089367,0.13862483062395997,0.16758051326133724,0.16039051925384482,0.20746880890282746,0.23672988271174247,0.2624363074427763,0.3277359487460076
52,2020,Benth,0.4004495540857141,0.37922411281099005,0.326810737063161,0.29015681976169205,0.239547726566908,0.1862586642176981,0.19482259362358534,0.18987111261385087,0.12026889562590137,0.1366794138494515,0.16931813552600086,0.16188804704348075,0.2100478094154731,0.2349872400291853,0.2657041112775191,0.3313960083553411
52,2020,XGB,0.3395172522866989,0.296803211748686,0.26235044469731833,0.2475048464170408,0.2175198057314115,0.17247309450220522,0.1842907982850129,0.19199886240716235,0.11669012668871936,0.1380272219916115,0.1690734559115715,0.1599144567756607,0.20612132385494497,0.2372510271186543,0.2642503252367603,0.32104354442650274
52,2020,WaveletFNN,0.34794859312582727,0.29425918364013065,0.27551868716731315,0.26237006014212544,0.22409386230581818,0.1833185191766052,0.19232906169104688,0.19481901655249917,0.13282494059353656,0.15146528552825447,0.1758171048833044,0.1663800086223994,0.20420709504321644,0.23122367492401127,0.25566826793206343,0.29453929636380105
52,2020,LSTM,0.33483398896554256,0.262124754095986,0.27632781592674205,0.2374825386120356,0.21142922547339538,0.17115209738259682,0.1847748435533991,0.17448410742493092,0.12127547645733935,0.13767410764124519,0.16516600151328573,0.1651918024023648,0.2096853422596322,0.2444459352739904,0.27597579765450414,0.3354822047154478
52,2020,FeedForwardNN,0.327143531409006,0.2617356825192741,0.24354708525377758,0.22591673085225408,0.20627911796261408,0.16735576276571093,0.1768649965560208,0.18506341140596502,0.1191555676594814,0.1413673486975918,0.1629009246045631,0.15582712093881446,0.19437823114342923,0.21891891251854692,0.23773167316486116,0.2917078266432661
52,2021,HBA,0.673113450309347,0.563016516115433,0.44073531602327154,0.38449143305385314,0.27784461585534803,0.19359482878175252,0.19812836980560644,0.19418454893111187,0.10061164871355957,0.135143916853919,0.15630537263332733,0.14473962945000265,0.1772989153064281,0.22434000682024263,0.31863105394091334,0.3316631196539918
52,2021,Alaton,0.6476967513733776,0.5520435577057848,0.43355758574317504,0.3939281590942758,0.2912005756690475,0.20006899485326568,0.21036388969000783,0.21808653676039225,0.09949064939714224,0.1390888729759264,0.17109652024761057,0.15545949845974907,0.19787996650369172,0.26100400333581525,0.382820486621981,0.33252146616230893
52,2021,Benth,0.6367025874746421,0.5649523286667845,0.4399706553815644,0.3917051326049177,0.28450703234065056,0.19490731997236674,0.20209108747626967,0.20466148502285325,0.09601963753916663,0.1276446127794676,0.16037791667710657,0.14669008672865683,0.19060682279847002,0.24168505132852833,0.3547551456124714,0.3260468998616518
52,2021,XGB,0.6959594914167642,0.5476514865695052,0.43534878333911153,0.3941119587462885,0.28701320889360615,0.20188128712497136,0.20949886134399626,0.21082860122378339,0.10792452965032645,0.14701205638735715,0.1697873384673099,0.1566034984943114,0.18536129254025296,0.24699656547252044,0.3507889891952207,0.3167324017475893
52,2021,WaveletFNN,0.6377706346996207,0.5629770525279196,0.43657864335519264,0.38437131259584495,0.2682129217351335,0.18957960790636602,0.19136849582159143,0.18174090384853367,0.10279510870386867,0.1225126602635984,0.14879999029340135,0.14006623855449374,0.17505404624875362,0.2104491192941949,0.2833771029589531,0.31701877575488413
52,2021,LSTM,0.692533961841349,0.5318997940503881,0.4229899020794509,0.3811237676677766,0.27747605825884547,0.19505862317229977,0.19976263625850818,0.2027406811017403,0.1040977380045239,0.14120246612726156,0.16056881903400588,0.14665508764109733,0.1736444710717843,0.22462939885562883,0.3200874107990025,0.3009684445985032
52,2021,FeedForwardNN,0.6276368746926431,0.543900210214845,0.42886438198061366,0.38290849966600343,0.2747611299525646,0.18595383701656876,0.1910351875175894,0.19561426420382388,0.08794071677896935,0.120276129111984,0.14947404926427887,0.13389493862292415,0.17522315415934583,0.2219110319995941,0.3147658366899544,0.3061118876218597
52,2022,HBA,0.5182962549753466,0.36180529054497734,0.29581107423090236,0.27333686802463525,0.2171456422218098,0.1805318551175546,0.2077938109045466,0.17789386840781185,0.1389649300385233,0.1543465522455063,0.18955195275547507,0.2035629181833274,0.25663077300892234,0.31860311544566844,0.41070434865102107,0.7495254252485969
52,2022,Alaton,0.4381628956919303,0.32808902204929224,0.28291247828133625,0.2532116101936024,0.19107489568108846,0.1678015636368776,0.1943613020122131,0.1452505999544392,0.14137979943459708,0.14567570170976274,0.1758218985214087,0.19816046379588717,0.247258045988851,0.3007223054917743,0.3993803696382737,0.8285243440398966
52,2022,Benth,0.42350049955344,0.3448932076542259,0.307530089100354,0.2745355940975312,0.20656551930259787,0.18192408827995463,0.2079914066773722,0.15618712112039426,0.15394914774070378,0.1561983226481896,0.18810650193679748,0.21168349319692153,0.25601128308356524,0.3138445073305442,0.4076261180783861,0.818916966481514
52,2022,XGB,0.509337173178291,0.3249735167482946,0.2699365947178307,0.24862661155544113,0.19299051150962776,0.1613474341094205,0.19040596957936307,0.15459664298536488,0.12542365971757294,0.1381420211059959,0.17322077686071785,0.18936560122103252,0.2498504786547288,0.30607705877989777,0.40152150790916996,0.7984355002252533
52,2022,WaveletFNN,0.43789777076406466,0.3261914849736392,0.27078914117954644,0.24350000736193667,0.18494993961454073,0.15119313023205477,0.18902886275151537,0.14211866241753338,0.1128696767604564,0.12585141013844545,0.1721426435446263,0.192036259176957,0.27149674006481633,0.34113122381574223,0.4337045208886325,0.9261538463646111
52,2022,LSTM,0.5324873955461532,0.3263080337212393,0.254004367662561,0.23496841518591963,0.18779573556545073,0.15417212791243493,0.18112886547095794,0.15475954437909087,0.11599989579069359,0.13233946600871083,0.16310793448368635,0.17237092817230285,0.24530613165801754,0.2856508772850382,0.40552736575641424,0.8591230406716998
52,2022,FeedForwardNN,0.4213263866412531,0.31275685361873246,0.26177834269328537,0.24017256323651728,0.18498104277461885,0.15290090963056122,0.18139720406177784,0.146661412805704,0.11648095429713937,0.1249443738561205,0.16352186247251638,0.17557714692092521,0.24857195193103446,0.290826289100938,0.41429641633378095,0.8808450940750107
52,2023,HBA,0.5600377285510432,0.4392021535439054,0.3502365264306188,0.2762836272995686,0.21215188727006898,0.17240007144836778,0.1890702071320442,0.14385236632199896,0.1249477965572475,0.11812686448604381,0.16305830678692992,0.17570100541384107,0.23277997076072857,0.25218765260804465,0.32068602516560457,0.4160464704483358
52,2023,Alaton,0.406622858673448,0.3583309185224793,0.3101979435322853,0.24808574057899166,0.18141779079410955,0.15479007505352096,0.16772270979033682,0.11772046143794497,0.12300421418335589,0.10213322250879518,0.14360370834543784,0.16027542044372683,0.20619694736966324,0.21621293287886023,0.277379119751842,0.3648351283276412
52,2023,Benth,0.4017663116047425,0.3686703415985546,0.3286991536169965,0.25883534561437044,0.19634822473230662,0.16556106781661992,0.18056696015194515,0.13088471557727135,0.12881002631371383,0.11013670804776278,0.15592620368366533,0.17215431228821282,0.22617423993613703,0.23558794086649126,0.29524328581525977,0.39730079433945725
52,2023,XGB,0.5347392726229594,0.41808146328887985,0.33945569144335197,0.2679147129115591,0.1947274548579414,0.1614975280290426,0.17401011131021044,0.12314187309783395,0.12183051936787097,0.11156971181026697,0.14614500941780523,0.16122297860043416,0.20343670194434604,0.22272657552694952,0.28404961670815915,0.3744428847003965
52,2023,WaveletFNN,0.4350344695095899,0.3814651302047699,0.3771521470709967,0.3018387702595682,0.22131418732169336,0.1774867772608166,0.19535751150298863,0.14423350650804587,0.12516941094721978,0.11601531549805638,0.16532921570494846,0.18009282896853818,0.2383569229175486,0.25969612427816013,0.317774157069575,0.4112118679956602
52,2023,LSTM,0.4658592617044448,0.382213524657467,0.3112849481509661,0.2781717293087915,0.18760195156744416,0.16141506078594584,0.16825125837114147,0.12642578115898548,0.1301554185728464,0.11119055555826078,0.142839426032188,0.15418798776711182,0.17437701479844947,0.20305066631690913,0.2674064959841128,0.30396194367820206
52,2023,FeedForwardNN,0.40491901173071293,0.3729846792436456,0.3071956018099073,0.263952793923086,0.1847239278473286,0.16036713444024034,0.1713520924957521,0.1241469026821565,0.13129210397110602,0.11983750833807316,0.1471697825759278,0.15978672300377686,0.1827092219208868,0.22044524311760486,0.294952419686784,0.359075100170324
52,2024,HBA,0.6715118764437079,0.4751360379424104,0.3652821974080375,0.3214692782506707,0.2144743048048501,0.1656639799522462,0.1737584638537902,0.12515662067164157,0.10429703787437972,0.08673979779410651,0.1341461766504926,0.14375060549114985,0.18214906295763045,0.20443939229460054,0.26281951574395374,0.29770965514592007
52,2024,Alaton,0.6185986255350484,0.4453202967249872,0.34903846627853585,0.3148192261065395,0.22273211985298613,0.17209506302902106,0.1762203342058101,0.14792575422236903,0.10843145614884431,0.10787957365067397,0.1415474611783361,0.14005417633246608,0.17384008026898423,0.19070363916723157,0.25535699377905235,0.30873425020816275
52,2024,Benth,0.6217018708259939,0.4800431485755075,0.3785469832846949,0.33159950788721454,0.2237253788595676,0.1695704585980797,0.17517277462230182,0.13203052839556859,0.10148400629615631,0.09517884410209773,0.1336480324636646,0.13855184595389908,0.17214860306795424,0.19777360047159004,0.25326775792571754,0.3110323905231202
52,2024,XGB,0.6324895243218035,0.4086567449962935,0.3252263321479237,0.2939033378218048,0.20654792859001575,0.1674075284168699,0.1730396590313158,0.13625929860225983,0.11819813106941864,0.10388703610782095,0.14244359718776262,0.14687646349252115,0.1819424882320266,0.19186442947557505,0.2535096526937309,0.3112641609280483
52,2024,WaveletFNN,0.7158093354873685,0.41294839971175745,0.3188346545097019,0.31271339419566585,0.22799017102982552,0.1846180941454904,0.18997753224409708,0.17418649576695278,0.13008840728117987,0.12597817362811556,0.1624768499739278,0.15927356803869308,0.19464851359691424,0.212042302415581,0.27390546768398877,0.32236532652767985
52,2024,LSTM,0.6419053966880894,0.36716624362439565,0.3217365958393038,0.29750511584454375,0.20759378813301874,0.1655437519197392,0.17337404318545208,0.13999141620933564,0.11267620505409179,0.10117595407885617,0.14417856869863444,0.1463962192458525,0.18215669622398464,0.20270598170148227,0.2689354290643273,0.34827514922770797
52,2024,FeedForwardNN,0.616790718767699,0.35126321973887475,0.30679957609969516,0.2882233229300676,0.20322381981219598,0.16529178346384688,0.1712503226788733,0.1418799038920453,0.11760160552477329,0.11480448569996976,0.14421450169525765,0.1455687060948577,0.16805514560776633,0.1961270832042921,0.26003605642402794,0.30729553286964767
53,2015,HBA,0.2889205994144437,0.309335106622446,0.26029663170104755,0.23439333973851456,0.17112393706378448,0.14538033850642781,0.166314698772675,0.12309348515519668,0.11342712898540527,0.09365195504689008,0.15099864025602155,0.16261733661255795,0.2071734574177957,0.2362940465404608,0.2977791072832222,0.35577356558209877
53,2015,Alaton,0.32318098808305645,0.3182236832940987,0.2629162722783059,0.2244475184730176,0.1744013327443824,0.14708988561280337,0.1596410965101522,0.12672516277139267,0.1131906469118374,0.10472038973595144,0.14274914138756328,0.14929853073632873,0.18736522675074982,0.20290302039297708,0.23657328243647305,0.28990425786573787
53,2015,Benth,0.3367279345251439,0.31327399077907714,0.2587640014550359,0.22658557293462891,0.169128325772859,0.140712284247435,0.1578315297979169,0.12084850168927097,0.10544201204376603,0.09502341303425466,0.1413257938057982,0.14917610890279834,0.19047402057495819,0.21680280033090282,0.26528282095504013,0.32571563961655564
53,2015,XGB,0.27543500219921563,0.3152682909441159,0.26237027584555805,0.22726439747895447,0.17043501514068282,0.14933025594730773,0.1658564769335356,0.12091658199305672,0.12313481979279504,0.10047729225396831,0.15023847052815484,0.16318715812303886,0.20452252345583097,0.22149176064179515,0.2670399536002393,0.3191310208395925
53,2015,WaveletFNN,0.22980087512740102,0.27167477376947274,0.25003628108556,0.22214927307236618,0.1716340252663969,0.14376916433434128,0.16195684656854614,0.12940477792823782,0.10918302294263248,0.10014277179204077,0.1474879956381952,0.1544282036256577,0.1987621225025163,0.2226198450011367,0.2688408796686026,0.3143286232424167
53,2015,LSTM,0.2602038121703503,0.23678735221518094,0.22604309435560965,0.2024289775990899,0.14978569548690338,0.12387621915002457,0.12235292960564755,0.1087117171358348,0.09171712048603142,0.087923405032327,0.10433604515158103,0.10143438472094041,0.10924882795412431,0.12212968318277194,0.12760093016956464,0.11916159598540506
53,2015,FeedForwardNN,0.4450384035718093,0.39171399050355604,0.33536185307159483,0.2732177729863996,0.19597587851038753,0.1536640780306036,0.15112241704182464,0.120899406108979,0.10114625217459547,0.09413948640086106,0.12023886741374361,0.11649270632054855,0.1303520292770664,0.1444220026575928,0.15075179605675834,0.1668718028667148
53,2016,HBA,0.2595027563094498,0.2548782646105725,0.22787845083257924,0.2230890693018535,0.16361219926054107,0.12953077714372976,0.14456367931436756,0.1250419091979431,0.09080744092252498,0.08299157979076577,0.12880617286230395,0.1327374818105795,0.16683616943448173,0.21011686171338373,0.26226358378833686,0.32585323478146466
53,2016,Alaton,0.23006856121628727,0.2508330264779038,0.22245274523876488,0.22527610973700785,0.1662421450656186,0.13049999681552626,0.14888306904422557,0.13250656690075985,0.08988974237213081,0.08889351569424978,0.13586223393589233,0.1376642830162796,0.1764334624623744,0.22832949117340245,0.2760127192766395,0.30597163104093805
53,2016,Benth,0.2436131388020417,0.26285801357177985,0.21912834469552922,0.21688926501142763,0.15821706078252332,0.12813846536386214,0.1442456974929152,0.12166030150154343,0.09396314370426874,0.08144420700208557,0.13082107788552927,0.13627523742584044,0.17150617571871798,0.21462053267258457,0.2670281896393354,0.3128271107884175
53,2016,XGB,0.22574144602900503,0.24609410482951835,0.23182484662283773,0.22964414327443125,0.1678606139012658,0.1311084434799395,0.14851490433595008,0.1294715846774737,0.0893506011221221,0.0937153839056546,0.13361620879041627,0.13532514181782496,0.1703605261081552,0.2238784345743932,0.2685529661113389,0.31083052127835736
53,2016,WaveletFNN,0.26708441633099905,0.27948370049159754,0.24715442828893225,0.2446352700800868,0.18256141135118506,0.144389848444106,0.16140461035679057,0.1437950084824173,0.10101929132728373,0.11169991890804797,0.1460848967937192,0.1448109128595278,0.17772228950498353,0.23367784351220158,0.3003789347945215,0.3071286982263704
53,2016,LSTM,0.2264533917049457,0.23948357937903808,0.2076253380472357,0.2116435380684153,0.15699960194793808,0.12385035806871703,0.136744346315401,0.12661585809765835,0.08618616342876953,0.08861855497695123,0.12328469835191862,0.12359119636478343,0.14836702160151072,0.19394873690084433,0.2478935533345715,0.29383240520473686
53,2016,FeedForwardNN,0.2912918099233334,0.2691439944354326,0.23068338583317813,0.22887010832814486,0.1647283822389108,0.12832339478385643,0.1437967346871212,0.12514456402198806,0.08696002196099997,0.09000642164926337,0.12754536570395927,0.13001928456040962,0.15815847846669037,0.21137592702972366,0.25175950874458225,0.2982978373210751
53,2017,HBA,0.5465078921984688,0.3912275010413394,0.3111175151282398,0.26451037947990974,0.20171383525622968,0.16765095498647137,0.1656957356354837,0.14019837812151464,0.12251178876439268,0.12920186508085654,0.13817254567001497,0.1394237336068756,0.15786983141896868,0.16848075351734337,0.19277946818320998,0.20539345178528182
53,2017,Alaton,0.5100573077876872,0.36177783858799356,0.294095586062616,0.25627608934213425,0.19217338727791136,0.16317691880434237,0.16497489868635046,0.13486461432117583,0.1247516183037343,0.12218871482469683,0.14145892329504678,0.14527219613790524,0.17002578589326153,0.18171587094801941,0.2215995911299185,0.2157896917364155
53,2017,Benth,0.4933136595652493,0.3747435064919442,0.3156855377021399,0.26982363184560926,0.20161364692860778,0.1642455663855671,0.16543333320314454,0.13747335004495248,0.11472644217545498,0.1210802180960482,0.13728431666626026,0.138929403899654,0.16353590699460482,0.17896649010824991,0.21221445624484891,0.22068082985262413
53,2017,XGB,0.5595900695501203,0.36366943598798496,0.2883392266051462,0.2484969927169548,0.18976456059723915,0.1660854238429799,0.16576898087826927,0.134338037024428,0.13470650105426923,0.1301337817002354,0.14336129322305724,0.14868437981259053,0.1685032774863748,0.17466105395824727,0.20529422203060768,0.21391652078063672
53,2017,WaveletFNN,0.6503007109869928,0.4077839093440601,0.3307141974835233,0.26972794951992796,0.20416996782048638,0.16790943648707682,0.17069521174061905,0.13301672924031274,0.11985800518715749,0.1284926749898399,0.1420350857218563,0.14603681927896917,0.17064947394676191,0.18295164644615128,0.19962712614703385,0.22378402600774697
53,2017,LSTM,0.48967275573815694,0.35195519277869636,0.26660910813746497,0.23133913826008493,0.17706154951682093,0.14936240525701294,0.15037848800827502,0.126710784256539,0.11265628213850304,0.11766725284405596,0.1294705486458552,0.12879100797451015,0.14571586453487012,0.1620906473259045,0.19038889951639515,0.2013113517161463
53,2017,FeedForwardNN,0.42040665871150745,0.32100036642518703,0.24029803143462491,0.21231728154777157,0.17078232330834123,0.14466903288655372,0.14751066361793339,0.13169505889059466,0.11006443845356369,0.1168965870612084,0.1304870744410911,0.1294683061683193,0.1476947656482103,0.16435459340724723,0.19404782587612213,0.2202648496550091
53,2018,HBA,0.2644172304736126,0.38971121655672963,0.34177875789759077,0.2842382590889716,0.20890747873973384,0.15526075187307162,0.16760368615811144,0.1429102402572071,0.09182255369202964,0.1031438851196145,0.1387308001259789,0.13639476744401827,0.1765129194986523,0.21282498486682422,0.2505081844106337,0.2875848029452721
53,2018,Alaton,0.24426983655663426,0.36665288972030363,0.3255507994139263,0.2641238886305199,0.19348305330124868,0.14575437351723194,0.15859618109136,0.127884930130529,0.08931437011155297,0.09059384806520558,0.13111555969096947,0.13269058774310719,0.17149961832411795,0.20454229820696915,0.23456072139345852,0.2531168744689676
53,2018,Benth,0.2671134810459579,0.36559818108649594,0.32060342004263986,0.2652019645481642,0.19701906480337017,0.15061274245645204,0.16304245467887085,0.13563464661209626,0.0957364499807864,0.10307458804142257,0.13704788910342017,0.13718838961891486,0.1736906336791207,0.20896764694343722,0.24344645130994927,0.27541989206987844
53,2018,XGB,0.23141570958368773,0.3935633590099422,0.3452873443142704,0.2765701938746605,0.200098812435229,0.14870621976085394,0.16071973819432342,0.1279835876546717,0.08793357491305445,0.08651939323165468,0.1303966611050393,0.1320194812381758,0.1735005495120631,0.20313946824457582,0.23591132799823267,0.25952458732641753
53,2018,WaveletFNN,0.29026049528911524,0.39339179517059125,0.33535296572851425,0.2824837637068721,0.220801311216872,0.17028284675881453,0.17722081653699745,0.16390344051607786,0.11054387390297513,0.13163417788838422,0.15112864225380554,0.1454740536919316,0.1771742119883327,0.20842939021688234,0.23709812805735733,0.23135671258629079
53,2018,LSTM,0.2465555361669152,0.33705187186686897,0.32147357764731366,0.2627871664526822,0.19051929303126341,0.13886952104334818,0.15153083862863995,0.1254742268070846,0.07779275713343002,0.07556068275821237,0.12345487820373796,0.12560858069705932,0.16603094414621958,0.1976473320602017,0.22582751485311733,0.23629023407331307
53,2018,FeedForwardNN,0.243075986140432,0.3364660779680775,0.31586810930158565,0.25626564008080976,0.19157298420258875,0.142489033652657,0.15254565409917664,0.1298355262254716,0.0844463987266847,0.08204769992666448,0.12537979532519716,0.12637642274293184,0.16539155572912717,0.18787179128605444,0.20932990824227243,0.19111291785383006
53,2019,HBA,0.23679390992525196,0.2572473230398411,0.21738700364716732,0.20683683471894115,0.16740210472269051,0.13129269437799237,0.1365000126234522,0.13526606266426147,0.08764247568410853,0.0918515994999631,0.11862324245164897,0.115300476060272,0.14303899748347246,0.16271956678621236,0.2190059548920945,0.24086151016897342
53,2019,Alaton,0.22937554557620865,0.24968492726500233,0.21137125498927695,0.2084278511903264,0.17999660286945915,0.13550837128753557,0.1415454342091446,0.15982536792079113,0.08172956351090169,0.09897057394245132,0.1251142703597699,0.11486948424779095,0.14410609950517458,0.17161610086733933,0.23072881898399225,0.22080436025375202
53,2019,Benth,0.2313576267662037,0.2687064069321057,0.234197192648924,0.22244127474225875,0.18153941186447822,0.1380526149374656,0.14318109555245637,0.14768493392406493,0.08548437363857861,0.09881078871916069,0.12283691940882155,0.11646402531076859,0.14410061059356655,0.16895917940608174,0.22806347561303453,0.23953061040658907
53,2019,XGB,0.22911251782963504,0.21979989280893059,0.1834997281432533,0.18917183458430736,0.16568821536098893,0.1292819463734433,0.13544424166985528,0.15423692634748246,0.0852728753871025,0.09556817157289958,0.12331117977722744,0.1149333574107538,0.14161969824212542,0.16577862677634903,0.2207271626211379,0.22039450077778827
53,2019,WaveletFNN,0.2540024672222721,0.26056652030722754,0.23946810809869185,0.22407159518357989,0.17665081240608227,0.1362638017261603,0.14319218956444746,0.13626462978271495,0.08744268191993057,0.0937683157628259,0.12177092222820049,0.1204340626832704,0.15587980913103017,0.17433584525565288,0.21430637079863737,0.21275051597454558
53,2019,LSTM,0.2518874176375315,0.1990350777857646,0.16785408633872695,0.18238309508981196,0.15380016944026245,0.11907436705065856,0.1248794851104022,0.1447646952420029,0.077096698233661,0.0889177368365977,0.11338809129968344,0.1047536708889541,0.12891499534394524,0.15277931288769156,0.1935734099211326,0.20628540304599202
53,2019,FeedForwardNN,0.26946809368405855,0.25030872408992627,0.21271760336118908,0.2132479319393712,0.1734570515335481,0.12974233577319896,0.13493221889586868,0.14821585325331355,0.0768985788448784,0.09087028216019002,0.11713569323750474,0.10852500463653658,0.13635195228267422,0.1614592461932896,0.2004145673587812,0.20039098764859073
53,2020,HBA,0.2529741661089218,0.2553292022595956,0.2185286763012418,0.21953566193714566,0.19361253168932338,0.15224034582047383,0.16019619586435938,0.17824839106056642,0.09829868048735388,0.1169648006371595,0.14744855201924167,0.13581968737145297,0.1771430552071334,0.1871747415585409,0.19764956751030596,0.2147907403882877
53,2020,Alaton,0.23786464555345235,0.2424048308964675,0.21286563049514493,0.20497759436382976,0.1887029275770614,0.1499199975490911,0.1565716390219473,0.17380338467479656,0.09935424212011042,0.12310015492699607,0.1446285322681998,0.1323830126868345,0.16910104760544675,0.17780617872956994,0.1730183237038337,0.22850276873156272
53,2020,Benth,0.2557812061590884,0.2724018050815584,0.23539569852674302,0.2249417008243702,0.19745636568484873,0.15339001742228278,0.15878320729724396,0.17406168507823286,0.09593566347619917,0.11594222074462111,0.14279922516571966,0.13016798584767655,0.16889807583920358,0.17660844708512963,0.18060960394157813,0.2226099348729475
53,2020,XGB,0.22548243740669066,0.2097821627961549,0.18832710385984922,0.19149042693610957,0.1807065985282903,0.14673236627492103,0.15501574376676655,0.1760075362375594,0.10243626183484171,0.12545690353082764,0.1477871919409829,0.13585601194212693,0.17102340796649168,0.18240545426307916,0.1839666730411495,0.2245114724282987
53,2020,WaveletFNN,0.20351181393637405,0.18273194902091036,0.17366444010913698,0.17873895259505562,0.1731422083502956,0.14803205367198768,0.15837127195552028,0.1728201825189074,0.11529306413892572,0.13508687253537735,0.1550096005170978,0.14767438994885662,0.18368077892452242,0.19137908946200835,0.19270059761030295,0.2463602393112063
53,2020,LSTM,0.2466220582758793,0.1998124328585093,0.1976437682876084,0.18589170059288748,0.174347424244521,0.13952721007554453,0.14266476788277163,0.15998210763600007,0.09412810195288937,0.10285251493047688,0.1299923272836191,0.11958791703096874,0.1495191290210826,0.1541481028650472,0.16337841074742437,0.23841160434481198
53,2020,FeedForwardNN,0.21384574447443508,0.19521037513665662,0.17506504198554773,0.16245368910881722,0.15577383489100233,0.12816299535623843,0.1348413059366555,0.14387822169259068,0.09216357607314694,0.10357806570880154,0.12616389751386303,0.12012471997376829,0.1569048223428194,0.16160705475903772,0.1725574942346559,0.22808584862113807
53,2021,HBA,0.40425454105303643,0.41602816993592245,0.33567773287708375,0.3071507143003642,0.24221555608271664,0.17024564300894302,0.16563419590076,0.18430017593391554,0.08810961728992202,0.12721285149603728,0.13269494960295813,0.11488420540596965,0.12842595878590396,0.15505893131810214,0.1990525187808137,0.2600855406495017
53,2021,Alaton,0.35890013970269785,0.38785906538315884,0.3160555363048441,0.31166246663193575,0.25409807442805404,0.17652118297260197,0.17318913029761185,0.21570511076379012,0.08798616494006442,0.1333708801435718,0.1446934853253385,0.11903138092567643,0.13555074954665963,0.16639702668560521,0.21881456111461423,0.24613025402699815
53,2021,Benth,0.36296251545542757,0.400167206727856,0.3233733142396615,0.3100637307090172,0.24630481368855303,0.1701130020154246,0.1659566777055539,0.19854804554975938,0.08315871325940027,0.12162019079383773,0.13473441082410023,0.11250540392722827,0.13164541113989034,0.15770412923529106,0.2057373715519632,0.24908395648266665
53,2021,XGB,0.40170477683713773,0.3993341246289995,0.32606950160893167,0.3148937277264749,0.2507070286494322,0.17766752471311478,0.17166906123064388,0.20400742866037855,0.09431082303600742,0.13703249640847318,0.14102913587849308,0.1186871860213165,0.1264419817838676,0.15503532213867918,0.19979628571031885,0.23917069194299123
53,2021,WaveletFNN,0.4111949339380003,0.42193165476118427,0.33891628730167356,0.32154706640466646,0.26060610842042875,0.18939295684226976,0.1860931235371692,0.21207991381438515,0.10812058899099213,0.15099624602538822,0.15636396856992396,0.13441534536908453,0.15045976255118004,0.18196900003025412,0.24793282813642278,0.2804314898544446
53,2021,LSTM,0.35277802202630193,0.3633501817954518,0.3072671355300208,0.29519506090856734,0.22804671512247116,0.16241562685993427,0.16094000559897725,0.17895647433398995,0.08751381687757002,0.12069751499168402,0.13181203779791986,0.11626392907053898,0.1333648630695031,0.15501488508436556,0.19184056712699557,0.22956737734307234
53,2021,FeedForwardNN,0.37925442640599066,0.37723111172266094,0.3180698548798593,0.30158734735884984,0.22206093211044828,0.1563685182707822,0.1581546025400652,0.1625674187922089,0.08139672016469805,0.10954515861087398,0.12614123625672058,0.11600828765916343,0.13785547795357883,0.16393068987879045,0.19948092465070583,0.2661845529773923
53,2022,HBA,0.31085242624364207,0.2609337181046721,0.23522271980473744,0.22399078435344508,0.17579457136349574,0.15010311632768492,0.17192214622813817,0.14000766871983394,0.11945563950924597,0.1289855841344176,0.15687310634877888,0.16885642000698625,0.20733146770760674,0.25487282129607297,0.3368031161454056,0.5950477669764556
53,2022,Alaton,0.26823716855449986,0.24074314602516153,0.22502375224904983,0.20814557682774426,0.15858511595757968,0.14148146741825116,0.16161998468647304,0.11857658345060902,0.12107843180235672,0.12350053949121544,0.1462864306458043,0.1627475652526109,0.19771528273066422,0.2371697140962408,0.3246926045855418,0.6559386601083517
53,2022,Benth,0.2632711362926481,0.2605488944406646,0.24748218751412512,0.22709746179623166,0.17091624565323077,0.15247435417109112,0.1724773279166604,0.12480917385197367,0.13047492125072044,0.13081284022407552,0.15535160705320464,0.17357383620340705,0.20547214059230726,0.24868993065788136,0.33307540795754165,0.6485136511514978
53,2022,XGB,0.2949583566276351,0.22819832227090314,0.21247039643337268,0.2022224831067813,0.15745307900122238,0.13605471937335714,0.15890197161269626,0.12432232473236764,0.11052849947909646,0.11865326841794763,0.14541568077304062,0.15844113149310032,0.20088288350630984,0.24412486039423242,0.3290304056245567,0.6342653079036125
53,2022,WaveletFNN,0.3606161953557167,0.2511537242479532,0.21442263059844846,0.2094441463405453,0.16546141886230734,0.13468810825200173,0.15867473540707944,0.1359775772203384,0.09797845820526987,0.1171230496773136,0.14410269194999664,0.15146051378300385,0.2013306223396713,0.2488580554384822,0.33202626575215016,0.6739669312828056
53,2022,LSTM,0.2672761376850886,0.2046499707551469,0.19227724881622021,0.18674371198133763,0.15046708721748928,0.13405265509967426,0.14649953246492328,0.1252895203254475,0.11447178951158794,0.12044717588723343,0.13393080165225754,0.14065481564307578,0.16700804642551556,0.19191868857438285,0.28087337000114093,0.567968293605873
53,2022,FeedForwardNN,0.2919223663273698,0.24854912983049343,0.22665919889463437,0.2078578619928065,0.16480177702390925,0.13975387730831218,0.15118291573893794,0.1275519956940351,0.10987410114093182,0.11745997194724941,0.13357397857437808,0.13847637783659253,0.16992171126674235,0.19249222907444047,0.27528378857394376,0.5672749812233165
53,2023,HBA,0.3764264699644918,0.31236204149161867,0.2701179899114263,0.22130881763096463,0.17001147005839778,0.14167438866113863,0.1519098012827678,0.11227368260418806,0.10614303809167512,0.09346439450353847,0.13090925613998003,0.14133918487432706,0.18333195975054797,0.187759937320696,0.2263414455494186,0.28721918692634835
53,2023,Alaton,0.28590594277515713,0.2587745890476751,0.23989449986444328,0.19823786720592093,0.14592051580953033,0.12693077413458673,0.13564266321304627,0.0917197512084452,0.10311988270166611,0.08076914022389385,0.11628176443747042,0.1299229113384047,0.16551116343817573,0.16640732205186,0.20362366442149338,0.25472501704912726
53,2023,Benth,0.28106737223139905,0.2658452426879134,0.25502167668986736,0.20846217193954525,0.15830326441167664,0.13458940872873432,0.14504759967768405,0.10251961376409234,0.10485503673000811,0.08450623289283489,0.12485080829019744,0.13788058506975007,0.18120617136523937,0.18061129927475922,0.21739999832859894,0.2820317655422637
53,2023,XGB,0.3532162279846585,0.2915348901394018,0.2570846689065693,0.21032439880117051,0.15348428557988114,0.13203011514092175,0.14009619842882112,0.0937313651759659,0.10512912133859544,0.0880447944823025,0.11844761189980971,0.13182460054274184,0.16336006602883216,0.1695881591605677,0.20631023300104345,0.2586043580877233
53,2023,WaveletFNN,0.42598090984110853,0.340871505820166,0.30490618539510084,0.2518594616625348,0.1726814372139932,0.14451402552392204,0.1480767457568671,0.09641902775379428,0.10919542071195558,0.09183285571077231,0.11827008026546841,0.12748916044420328,0.15541303213327884,0.16463059969452937,0.2017610970255782,0.2272989300517819
53,2023,LSTM,0.3254127771693268,0.27125374305342276,0.22613153627443597,0.20190565594741516,0.13698213608516266,0.11795698352759747,0.12498005831115812,0.0855640153937677,0.09410169103351035,0.06486530481119164,0.1044885053522623,0.11492063883235208,0.1405968508813424,0.15150495726982516,0.18403092802203352,0.21215662217383424
53,2023,FeedForwardNN,0.31502024183606847,0.2612573014590114,0.22084230906037458,0.19020433064044284,0.12746672216431096,0.11036110030074867,0.12226518475520301,0.07361109120708408,0.08891267240437054,0.06135616973140035,0.10362147679791874,0.11795166551445521,0.14707890755426195,0.1652508924623645,0.20795026237638903,0.25768275567739984
53,2024,HBA,0.5501449146327552,0.40760408444242496,0.31981576408615686,0.2786680680249862,0.19575867365993738,0.14781660049814066,0.150856239320027,0.11499229064757818,0.08562221430936064,0.08048722051461246,0.11398752042528952,0.11783376262160174,0.1469349309492116,0.16244830513313893,0.20433797468560225,0.22628819111325266
53,2024,Alaton,0.5279336698797777,0.39131177605400036,0.31048832470699383,0.2745382045408921,0.1985050963807825,0.1511178689076911,0.15025450081550284,0.12559930535439795,0.08964327401625564,0.09510992131689486,0.11634727148332161,0.11339453307443366,0.1378950461506507,0.14608998913230814,0.18325127298580007,0.22288278030117986
53,2024,Benth,0.5225355602455686,0.41399879467443423,0.33177662022536214,0.28695886219808964,0.2002902855078983,0.14916807119223388,0.14921001547159288,0.11468715202962455,0.08284814528407247,0.08364542728880814,0.10988750395945794,0.11109771449968876,0.13591816014088473,0.15064406041258982,0.1911179670661238,0.2303219347595197
53,2024,XGB,0.5385539017979526,0.36407971298899305,0.2906693329317003,0.25698910227709765,0.186494311820882,0.1488633760491952,0.14918478953752565,0.11867199206108626,0.10004544228711357,0.09578854924304687,0.11922838635077665,0.12056443963466022,0.14445601919288592,0.14835122400686887,0.18656452487999542,0.2233370426327261
53,2024,WaveletFNN,0.5644798588021009,0.37265899284590903,0.30648112348347206,0.2782340429981997,0.19597223977563033,0.1491417503253953,0.15131698704628402,0.12402630909846346,0.0883894016222432,0.09036344184629426,0.11536658966986056,0.11785760788144395,0.14209927514680093,0.1636113627861933,0.19298790355401063,0.22183767642433366
53,2024,LSTM,0.48388182739480345,0.2931533355100484,0.25591193221286224,0.23298812791323503,0.16794542411266597,0.13051215451811937,0.13446349921089062,0.11067552796186393,0.08195064951989253,0.0787408734938468,0.1088672812237927,0.11080805634959152,0.1334213339061029,0.15008856173922772,0.19214381977657172,0.22644035992591063
53,2024,FeedForwardNN,0.48217907874434396,0.32516055324569154,0.2827362514632603,0.26768558497401224,0.19496378056148198,0.14970447751487556,0.14912238295058583,0.13782021078696544,0.09099040057423258,0.09104429136059568,0.11975223955780681,0.11557409013341292,0.13806063135262042,0.15114903269740795,0.19331146251666245,0.24214728656401316
