station_id,region,lat,lon,geometry,departement_code,year,production_tonnes,area_ha,yield_t_per_ha,total_prod_year,stations_in_dep_year,weight
07003,O,50.5167,1.6167,POINT (1.6167 50.5167),62,2011,16318040.0,177370.0,92.0,339151320.0,3,0.016038111444374347
07003,O,50.5167,1.6167,POINT (1.6167 50.5167),62,2012,14124410.0,178790.0,79.0,352413954.0,3,0.013359677201279797
07003,O,50.5167,1.6167,POINT (1.6167 50.5167),62,2013,14833986.0,166674.0,89.0,366896248.0,3,0.01347700344976
07003,O,50.5167,1.6167,POINT (1.6167 50.5167),62,2014,15597120.0,177240.0,88.0,373250696.0,3,0.013929083202566889
07003,O,50.5167,1.6167,POINT (1.6167 50.5167),62,2015,17628930.0,178070.0,99.0,408852959.0,3,0.014372673281789797
07003,O,50.5167,1.6167,POINT (1.6167 50.5167),62,2016,11168000.0,174500.0,64.0,275520198.0,3,0.013511411118638447
07003,O,50.5167,1.6167,POINT (1.6167 50.5167),62,2017,15594000.0,169500.0,92.0,364705798.0,3,0.01425258394164603
07003,O,50.5167,1.6167,POINT (1.6167 50.5167),62,2018,15086390.0,169510.0,89.0,339560022.0,3,0.014809743022889387
07003,O,50.5167,1.6167,POINT (1.6167 50.5167),62,2019,16907940.0,172530.0,98.0,394072791.0,3,0.014301875513145997
07003,O,50.5167,1.6167,POINT (1.6167 50.5167),62,2020,14510860.0,159460.0,91.0,289488478.0,3,0.0167086212437558
07003,O,50.5167,1.6167,POINT (1.6167 50.5167),62,2021,13648000.0,170600.0,80.0,352477484.0,3,0.012906734585444708
07003,O,50.5167,1.6167,POINT (1.6167 50.5167),62,2022,16120472.0,167922.0,95.99976179416633,335353388.0,3,0.01602336776352075
07003,O,50.5167,1.6167,POINT (1.6167 50.5167),62,2023,15240168.0,165654.0,92.0,349936476.0,3,0.014517080522923253
07003,O,50.5167,1.6167,POINT (1.6167 50.5167),62,2024,11355022.0,151400.0,75.00014531043593,254503233.0,3,0.014872138513593395
LFYL0,I,47.7,6.55,POINT (6.55 47.7),70,2011,2534730.0,38405.0,66.0,339151320.0,2,0.0037368717892650397
LFYL0,I,47.7,6.55,POINT (6.55 47.7),70,2012,2223450.0,36450.0,61.0,352413954.0,2,0.003154599831764891
LFYL0,I,47.7,6.55,POINT (6.55 47.7),70,2013,2378880.0,37760.0,63.0,366896248.0,2,0.0032418974205481654
LFYL0,I,47.7,6.55,POINT (6.55 47.7),70,2014,2336425.0,35945.0,65.0,373250696.0,2,0.0031298334136261063
LFYL0,I,47.7,6.55,POINT (6.55 47.7),70,2015,2730350.0,39005.0,70.0,408852959.0,2,0.0033390366143834123
LFYL0,I,47.7,6.55,POINT (6.55 47.7),70,2016,1677060.0,39930.0,42.0,275520198.0,2,0.0030434429348079953
LFYL0,I,47.7,6.55,POINT (6.55 47.7),70,2017,2570200.0,37250.0,68.99865771812081,364705798.0,2,0.0035236621053115254
LFYL0,I,47.7,6.55,POINT (6.55 47.7),70,2018,2275300.0,37300.0,61.0,339560022.0,2,0.0033503649613970165
LFYL0,I,47.7,6.55,POINT (6.55 47.7),70,2019,2767600.0,37400.0,74.0,394072791.0,2,0.0035115339896684213
LFYL0,I,47.7,6.55,POINT (6.55 47.7),70,2020,2399800.0,33800.0,71.0,289488478.0,2,0.004144897262543209
LFYL0,I,47.7,6.55,POINT (6.55 47.7),70,2021,2297870.0,37670.0,61.0,352477484.0,2,0.0032595982783399577
LFYL0,I,47.7,6.55,POINT (6.55 47.7),70,2022,2378500.0,35500.0,67.0,335353388.0,2,0.00354625908833818
LFYL0,I,47.7,6.55,POINT (6.55 47.7),70,2023,2400450.0,36930.0,65.0,349936476.0,2,0.0034298367912923714
LFYL0,I,47.7,6.55,POINT (6.55 47.7),70,2024,1802000.0,34000.0,53.0,254503233.0,2,0.0035402300763699925
07222,R,47.1667,-1.6,POINT (-1.6 47.1667),44,2011,2837360.0,48920.0,58.0,339151320.0,2,0.004183029569220016
07222,R,47.1667,-1.6,POINT (-1.6 47.1667),44,2012,3485860.0,49798.0,70.0,352413954.0,2,0.004945689522838814
07222,R,47.1667,-1.6,POINT (-1.6 47.1667),44,2013,2689470.0,42690.0,63.0,366896248.0,2,0.003665164218305116
07222,R,47.1667,-1.6,POINT (-1.6 47.1667),44,2014,3633920.0,53440.0,68.0,373250696.0,2,0.004867934660194177
07222,R,47.1667,-1.6,POINT (-1.6 47.1667),44,2015,4202537.0,57569.0,73.0,408852959.0,2,0.005139423486476467
07222,R,47.1667,-1.6,POINT (-1.6 47.1667),44,2016,3584360.0,58760.0,61.0,275520198.0,2,0.006504713676200247
07222,R,47.1667,-1.6,POINT (-1.6 47.1667),44,2017,3980757.0,56067.0,71.0,364705798.0,2,0.005457490697748655
07222,R,47.1667,-1.6,POINT (-1.6 47.1667),44,2018,3390868.0,55588.0,61.0,339560022.0,2,0.004993031835767757
07222,R,47.1667,-1.6,POINT (-1.6 47.1667),44,2019,4192520.0,54237.0,77.2999981562402,394072791.0,2,0.005319474086704961
07222,R,47.1667,-1.6,POINT (-1.6 47.1667),44,2020,2134330.0,38806.0,55.0,289488478.0,2,0.003686381604451974
07222,R,47.1667,-1.6,POINT (-1.6 47.1667),44,2021,3784032.0,52556.0,72.0,352477484.0,2,0.005367764143482141
07222,R,47.1667,-1.6,POINT (-1.6 47.1667),44,2022,3693030.0,51149.0,72.20141156229839,335353388.0,2,0.005506176666388711
07222,R,47.1667,-1.6,POINT (-1.6 47.1667),44,2023,3687456.0,51936.0,71.0,349936476.0,2,0.005268750548885336
07222,R,47.1667,-1.6,POINT (-1.6 47.1667),44,2024,1880718.0,38382.0,49.0,254503233.0,2,0.003694880371126759
07010,O,51.05,2.3333,POINT (2.3333 51.05),59,2011,10845380.0,119180.0,91.0,339151320.0,4,0.007994499328500328
07010,O,51.05,2.3333,POINT (2.3333 51.05),59,2012,9589415.0,121385.0,79.0,352413954.0,4,0.006802664090877627
07010,O,51.05,2.3333,POINT (2.3333 51.05),59,2013,10331968.0,112304.0,92.0,366896248.0,4,0.0070401156023814125
07010,O,51.05,2.3333,POINT (2.3333 51.05),59,2014,10307704.0,117133.0,88.0,373250696.0,4,0.006904008559437489
07010,O,51.05,2.3333,POINT (2.3333 51.05),59,2015,12100000.0,121000.0,100.0,408852959.0,4,0.007398747968948905
07010,O,51.05,2.3333,POINT (2.3333 51.05),59,2016,7488000.0,117000.0,64.0,275520198.0,4,0.006794420204358303
07010,O,51.05,2.3333,POINT (2.3333 51.05),59,2017,10305000.0,114500.0,90.0,364705798.0,4,0.007063912924137279
07010,O,51.05,2.3333,POINT (2.3333 51.05),59,2018,10092720.0,114690.0,88.0,339560022.0,4,0.007430733409482463
07010,O,51.05,2.3333,POINT (2.3333 51.05),59,2019,11387800.0,117400.0,97.0,394072791.0,4,0.007224426717651765
07010,O,51.05,2.3333,POINT (2.3333 51.05),59,2020,9834800.0,106900.0,92.0,289488478.0,4,0.008493256854250343
07010,O,51.05,2.3333,POINT (2.3333 51.05),59,2021,9569400.0,116700.0,82.0,352477484.0,4,0.006787242046927457
07010,O,51.05,2.3333,POINT (2.3333 51.05),59,2022,10825652.0,112767.0,96.00017735685086,335353388.0,4,0.008070331467770947
07010,O,51.05,2.3333,POINT (2.3333 51.05),59,2023,10487908.0,113999.0,92.0,349936476.0,4,0.0074927227649169105
07010,O,51.05,2.3333,POINT (2.3333 51.05),59,2024,7212858.0,96171.0,75.00034313878405,254503233.0,4,0.00708523219428022
07610,PA,43.3833,-0.4167,POINT (-0.4167 43.3833),64,2011,225040.0,3880.0,58.0,339151320.0,2,0.00033176931170428585
07610,PA,43.3833,-0.4167,POINT (-0.4167 43.3833),64,2012,283560.0,4170.0,68.0,352413954.0,2,0.00040231097092142953
07610,PA,43.3833,-0.4167,POINT (-0.4167 43.3833),64,2013,251000.0,5020.0,50.0,366896248.0,2,0.00034205855383944946
07610,PA,43.3833,-0.4167,POINT (-0.4167 43.3833),64,2014,216320.0,4160.0,52.0,373250696.0,2,0.000289778428169361
07610,PA,43.3833,-0.4167,POINT (-0.4167 43.3833),64,2015,261080.0,4280.0,61.0,408852959.0,2,0.0003192834908649885
07610,PA,43.3833,-0.4167,POINT (-0.4167 43.3833),64,2016,319000.0,5800.0,55.0,275520198.0,2,0.000578904926599973
07610,PA,43.3833,-0.4167,POINT (-0.4167 43.3833),64,2017,325500.0,5250.0,62.0,364705798.0,2,0.00044625010321333033
07610,PA,43.3833,-0.4167,POINT (-0.4167 43.3833),64,2018,240750.0,5350.0,45.0,339560022.0,2,0.0003545028631197344
07610,PA,43.3833,-0.4167,POINT (-0.4167 43.3833),64,2019,308425.0,4745.0,65.0,394072791.0,2,0.0003913299865455568
07610,PA,43.3833,-0.4167,POINT (-0.4167 43.3833),64,2020,97760.0,2080.0,47.0,289488478.0,2,0.00016884955262364535
07610,PA,43.3833,-0.4167,POINT (-0.4167 43.3833),64,2021,251100.0,4650.0,54.0,352477484.0,2,0.00035619296465472954
07610,PA,43.3833,-0.4167,POINT (-0.4167 43.3833),64,2022,188300.0,3765.0,50.0132802124834,335353388.0,2,0.0002807486173361696
07610,PA,43.3833,-0.4167,POINT (-0.4167 43.3833),64,2023,230500.0,4610.0,50.0,349936476.0,2,0.0003293454895510807
07610,PA,43.3833,-0.4167,POINT (-0.4167 43.3833),64,2024,75825.0,1685.0,45.0,254503233.0,2,0.00014896667344104034
07037,Q,49.3833,1.1833,POINT (1.1833 49.3833),76,2011,10463523.0,112511.0,93.0,339151320.0,4,0.007713019515890429
07037,Q,49.3833,1.1833,POINT (1.1833 49.3833),76,2012,9917304.0,113992.0,87.0,352413954.0,4,0.0070352662596328405
07037,Q,49.3833,1.1833,POINT (1.1833 49.3833),76,2013,10119300.0,113700.0,89.0,366896248.0,4,0.006895205426030958
07037,Q,49.3833,1.1833,POINT (1.1833 49.3833),76,2014,9594800.0,115600.0,83.0,373250696.0,4,0.006426511794099909
07037,Q,49.3833,1.1833,POINT (1.1833 49.3833),76,2015,11376000.0,118500.0,96.0,408852959.0,4,0.006956046024360557
07037,Q,49.3833,1.1833,POINT (1.1833 49.3833),76,2016,7533500.0,115900.0,65.0,275520198.0,4,0.006835705743794508
07037,Q,49.3833,1.1833,POINT (1.1833 49.3833),76,2017,10858500.0,114300.0,95.0,364705798.0,4,0.007443328334473038
07037,Q,49.3833,1.1833,POINT (1.1833 49.3833),76,2018,9810880.0,114080.0,86.0,339560022.0,4,0.007223229594442658
07037,Q,49.3833,1.1833,POINT (1.1833 49.3833),76,2019,11332720.0,115640.0,98.0,394072791.0,4,0.00718948393470789
07037,Q,49.3833,1.1833,POINT (1.1833 49.3833),76,2020,8996400.0,107100.0,84.0,289488478.0,4,0.007769221129415728
07037,Q,49.3833,1.1833,POINT (1.1833 49.3833),76,2021,9480900.0,121550.0,78.0,352477484.0,4,0.006724472080037884
07037,Q,49.3833,1.1833,POINT (1.1833 49.3833),76,2022,11025000.0,112500.0,98.0,335353388.0,4,0.008218941864395299
07037,Q,49.3833,1.1833,POINT (1.1833 49.3833),76,2023,9970670.0,112030.0,89.0,349936476.0,4,0.007123199983302112
07037,Q,49.3833,1.1833,POINT (1.1833 49.3833),76,2024,7327946.0,97706.0,74.99995906085604,254503233.0,4,0.007198283803333846
07255,F,47.0667,2.3667,POINT (2.3667 47.0667),18,2011,6002100.0,105300.0,57.0,339151320.0,2,0.00884870505590248
07255,F,47.0667,2.3667,POINT (2.3667 47.0667),18,2012,7210500.0,104500.0,69.0,352413954.0,2,0.010230156777503765
07255,F,47.0667,2.3667,POINT (2.3667 47.0667),18,2013,7384800.0,108600.0,68.0,366896248.0,2,0.010063880511528152
07255,F,47.0667,2.3667,POINT (2.3667 47.0667),18,2014,6904830.0,100070.0,69.0,373250696.0,2,0.009249587574781106
07255,F,47.0667,2.3667,POINT (2.3667 47.0667),18,2015,7502250.0,107175.0,70.0,408852959.0,2,0.009174753214883789
07255,F,47.0667,2.3667,POINT (2.3667 47.0667),18,2016,4401200.0,110030.0,40.0,275520198.0,2,0.007987073238093419
07255,F,47.0667,2.3667,POINT (2.3667 47.0667),18,2017,7056980.0,106120.0,66.5,364705798.0,2,0.009674894173193265
07255,F,47.0667,2.3667,POINT (2.3667 47.0667),18,2018,6257225.0,96265.0,65.0,339560022.0,2,0.009213724517899813
07255,F,47.0667,2.3667,POINT (2.3667 47.0667),18,2019,7229300.0,107900.0,67.0,394072791.0,2,0.009172543962823356
07255,F,47.0667,2.3667,POINT (2.3667 47.0667),18,2020,4836240.0,89560.0,54.0,289488478.0,2,0.008353078563631123
07255,F,47.0667,2.3667,POINT (2.3667 47.0667),18,2021,6114750.0,98625.0,62.0,352477484.0,2,0.008673958305943877
07255,F,47.0667,2.3667,POINT (2.3667 47.0667),18,2022,5376540.0,95160.0,56.5,335353388.0,2,0.008016230329541206
07255,F,47.0667,2.3667,POINT (2.3667 47.0667),18,2023,6361875.0,97875.0,65.0,349936476.0,2,0.009090042673916622
07255,F,47.0667,2.3667,POINT (2.3667 47.0667),18,2024,5059040.0,90340.0,56.0,254503233.0,2,0.00993904859353987
07412,CT,45.6667,-0.3167,POINT (-0.3167 45.6667),16,2011,2647680.0,63040.0,42.0,339151320.0,2,0.003903390380435494
07412,CT,45.6667,-0.3167,POINT (-0.3167 45.6667),16,2012,4387680.0,66480.0,66.0,352413954.0,2,0.006225179153944625
07412,CT,45.6667,-0.3167,POINT (-0.3167 45.6667),16,2013,4164480.0,65070.0,64.0,366896248.0,2,0.005675282893598846
07412,CT,45.6667,-0.3167,POINT (-0.3167 45.6667),16,2014,3751500.0,61500.0,61.0,373250696.0,2,0.005025442738893111
07412,CT,45.6667,-0.3167,POINT (-0.3167 45.6667),16,2015,4181100.0,63350.0,66.0,408852959.0,2,0.005113207459995416
07412,CT,45.6667,-0.3167,POINT (-0.3167 45.6667),16,2016,3696920.0,63740.0,58.0,275520198.0,2,0.006708981822087686
07412,CT,45.6667,-0.3167,POINT (-0.3167 45.6667),16,2017,3702000.0,61700.0,60.0,364705798.0,2,0.00507532375451843
07412,CT,45.6667,-0.3167,POINT (-0.3167 45.6667),16,2018,3612000.0,60200.0,60.0,339560022.0,2,0.005318647317086108
07412,CT,45.6667,-0.3167,POINT (-0.3167 45.6667),16,2019,4362950.0,61450.0,71.0,394072791.0,2,0.0055357158621996815
07412,CT,45.6667,-0.3167,POINT (-0.3167 45.6667),16,2020,2044080.0,40080.0,51.0,289488478.0,2,0.0035305032071086435
07412,CT,45.6667,-0.3167,POINT (-0.3167 45.6667),16,2021,3467430.0,58770.0,59.0,352477484.0,2,0.004918654605466941
07412,CT,45.6667,-0.3167,POINT (-0.3167 45.6667),16,2022,2795310.0,54810.0,51.0,335353388.0,2,0.00416770800597965
07412,CT,45.6667,-0.3167,POINT (-0.3167 45.6667),16,2023,3670065.0,58255.0,63.0,349936476.0,2,0.005243901753185627
07412,CT,45.6667,-0.3167,POINT (-0.3167 45.6667),16,2024,2180100.0,41925.0,52.0,254503233.0,2,0.004283049716700456
07591,U,44.5667,6.5,POINT (6.5 44.5667),05,2011,86100.0,2460.0,35.0,339151320.0,2,0.0001269344904805324
07591,U,44.5667,6.5,POINT (6.5 44.5667),05,2012,101000.0,2525.0,40.0,352413954.0,2,0.00014329739054543794
07591,U,44.5667,6.5,POINT (6.5 44.5667),05,2013,110080.0,2752.0,40.0,366896248.0,2,0.00015001516177946852
07591,U,44.5667,6.5,POINT (6.5 44.5667),05,2014,127305.0,2829.0,45.0,373250696.0,2,0.0001705355158935859
07591,U,44.5667,6.5,POINT (6.5 44.5667),05,2015,143382.0,3117.0,46.0,408852959.0,2,0.00017534665806344328
07591,U,44.5667,6.5,POINT (6.5 44.5667),05,2016,143740.0,3118.0,46.10006414368185,275520198.0,2,0.0002608520192773671
07591,U,44.5667,6.5,POINT (6.5 44.5667),05,2017,106881.0,2883.0,37.072840790842875,364705798.0,2,0.00014653043711687852
07591,U,44.5667,6.5,POINT (6.5 44.5667),05,2018,69384.0,2141.0,32.407286314806164,339560022.0,2,0.00010216750427704944
07591,U,44.5667,6.5,POINT (6.5 44.5667),05,2019,97879.0,2569.0,38.10003892565201,394072791.0,2,0.000124188985176599
07591,U,44.5667,6.5,POINT (6.5 44.5667),05,2020,88644.0,2490.0,35.6,289488478.0,2,0.0001531045391036254
07591,U,44.5667,6.5,POINT (6.5 44.5667),05,2021,129109.0,2945.0,43.84006791171477,352477484.0,2,0.0001831450317547092
07591,U,44.5667,6.5,POINT (6.5 44.5667),05,2022,89151.0,3339.0,26.69991015274034,335353388.0,2,0.00013292097707985582
07591,U,44.5667,6.5,POINT (6.5 44.5667),05,2023,94436.0,3180.0,29.69685534591195,349936476.0,2,0.00013493306139369135
07591,U,44.5667,6.5,POINT (6.5 44.5667),05,2024,109191.0,2593.0,42.109911299652914,254503233.0,2,0.00021451790358985342
07648,U,43.6,5.1,POINT (5.1 43.6),13,2011,21450.0,550.0,39.0,339151320.0,6,1.0541017502158034e-05
07648,U,43.6,5.1,POINT (5.1 43.6),13,2012,0.0,0.0,,352413954.0,6,0.0
07648,U,43.6,5.1,POINT (5.1 43.6),13,2013,54760.0,1369.0,40.0,366896248.0,6,2.4875333875495686e-05
07648,U,43.6,5.1,POINT (5.1 43.6),13,2014,50985.0,1545.0,33.0,373250696.0,6,2.2766200012658517e-05
07648,U,43.6,5.1,POINT (5.1 43.6),13,2015,62440.0,1561.0,40.0,408852959.0,6,2.5453323591249016e-05
07648,U,43.6,5.1,POINT (5.1 43.6),13,2016,39178.0,1002.0,39.0998003992016,275520198.0,6,2.369941192720349e-05
07648,U,43.6,5.1,POINT (5.1 43.6),13,2017,37000.0,1000.0,37.0,364705798.0,6,1.6908606061334587e-05
07648,U,43.6,5.1,POINT (5.1 43.6),13,2018,38151.0,1003.0,38.03688933200399,339560022.0,6,1.8725702638810644e-05
07648,U,43.6,5.1,POINT (5.1 43.6),13,2019,40902.0,1203.0,34.0,394072791.0,6,1.729883451912822e-05
07648,U,43.6,5.1,POINT (5.1 43.6),13,2020,42364.0,1190.0,35.6,289488478.0,6,2.4390147460952373e-05
07648,U,43.6,5.1,POINT (5.1 43.6),13,2021,71426.0,1775.0,40.24,352477484.0,6,3.377331566896152e-05
07648,U,43.6,5.1,POINT (5.1 43.6),13,2022,62616.0,2033.0,30.799803246433843,335353388.0,6,3.1119411264155765e-05
07648,U,43.6,5.1,POINT (5.1 43.6),13,2023,47008.0,1794.0,26.202898550724637,349936476.0,6,2.2388825412606218e-05
07648,U,43.6,5.1,POINT (5.1 43.6),13,2024,69266.0,1515.0,45.72013201320132,254503233.0,6,4.536026201809913e-05
07260,D,47.0,3.1,POINT (3.1 47),58,2011,2802000.0,46700.0,60.0,339151320.0,1,0.008261798892600506
07260,D,47.0,3.1,POINT (3.1 47),58,2012,2970500.0,45700.0,65.0,352413954.0,1,0.00842900789337076
07260,D,47.0,3.1,POINT (3.1 47),58,2013,3126500.0,48100.0,65.0,366896248.0,1,0.008521482618159671
07260,D,47.0,3.1,POINT (3.1 47),58,2014,2964000.0,45600.0,65.0,373250696.0,1,0.007941043464256527
07260,D,47.0,3.1,POINT (3.1 47),58,2015,3372500.0,47500.0,71.0,408852959.0,1,0.00824868678521659
07260,D,47.0,3.1,POINT (3.1 47),58,2016,1934010.0,50895.0,38.0,275520198.0,1,0.007019485373627671
07260,D,47.0,3.1,POINT (3.1 47),58,2017,3264000.0,46900.0,69.5948827292111,364705798.0,1,0.008949679489329095
07260,D,47.0,3.1,POINT (3.1 47),58,2018,2916900.0,46300.0,63.0,339560022.0,1,0.008590233864456518
07260,D,47.0,3.1,POINT (3.1 47),58,2019,3329900.0,49700.0,67.0,394072791.0,1,0.008449961722934583
07260,D,47.0,3.1,POINT (3.1 47),58,2020,2204800.0,42400.0,52.0,289488478.0,1,0.007616192586428258
07260,D,47.0,3.1,POINT (3.1 47),58,2021,2797800.0,46630.0,60.0,352477484.0,1,0.007937528287622479
07260,D,47.0,3.1,POINT (3.1 47),58,2022,2587960.0,44620.0,58.0,335353388.0,1,0.007717113029435087
07260,D,47.0,3.1,POINT (3.1 47),58,2023,2790000.0,46500.0,60.0,349936476.0,1,0.00797287562557497
07260,D,47.0,3.1,POINT (3.1 47),58,2024,1982600.0,43100.0,46.0,254503233.0,1,0.007790077857282072
07460,C,45.7833,3.1667,POINT (3.1667 45.7833),63,2011,2603620.0,44890.0,58.0,339151320.0,1,0.007676868248662573
07460,C,45.7833,3.1667,POINT (3.1667 45.7833),63,2012,2982540.0,45190.0,66.0,352413954.0,1,0.008463172261334464
07460,C,45.7833,3.1667,POINT (3.1667 45.7833),63,2013,3236535.0,45585.0,71.0,366896248.0,1,0.008821390291241136
07460,C,45.7833,3.1667,POINT (3.1667 45.7833),63,2014,2942940.0,44590.0,66.0,373250696.0,1,0.007884620260694706
07460,C,45.7833,3.1667,POINT (3.1667 45.7833),63,2015,2720600.0,44600.0,61.0,408852959.0,1,0.006654226024569386
07460,C,45.7833,3.1667,POINT (3.1667 45.7833),63,2016,2778000.0,46300.0,60.0,275520198.0,1,0.010082745367365045
07460,C,45.7833,3.1667,POINT (3.1667 45.7833),63,2017,2684000.0,44000.0,61.0,364705798.0,1,0.007359356540857626
07460,C,45.7833,3.1667,POINT (3.1667 45.7833),63,2018,2538000.0,42300.0,60.0,339560022.0,1,0.007474378123346923
07460,C,45.7833,3.1667,POINT (3.1667 45.7833),63,2019,1964600.0,41800.0,47.0,394072791.0,1,0.004985373374839269
07460,C,45.7833,3.1667,POINT (3.1667 45.7833),63,2020,2394220.0,40580.0,59.0,289488478.0,1,0.008270519146534046
07460,C,45.7833,3.1667,POINT (3.1667 45.7833),63,2021,2374750.0,41300.0,57.5,352477484.0,1,0.006737309779480836
07460,C,45.7833,3.1667,POINT (3.1667 45.7833),63,2022,2131920.0,39480.0,54.0,335353388.0,1,0.006357234118654558
07460,C,45.7833,3.1667,POINT (3.1667 45.7833),63,2023,2531100.0,38350.0,66.0,349936476.0,1,0.007233027059459786
07460,C,45.7833,3.1667,POINT (3.1667 45.7833),63,2024,2427300.0,39150.0,62.0,254503233.0,1,0.00953740340107978
07627,N,43.0,1.1,POINT (1.1 43),09,2011,341878.0,7274.0,47.0,339151320.0,1,0.001008039715133646
07627,N,43.0,1.1,POINT (1.1 43),09,2012,437130.0,7669.0,56.999608814708566,352413954.0,1,0.0012403878877054908
07627,N,43.0,1.1,POINT (1.1 43),09,2013,427329.0,8379.0,51.0,366896248.0,1,0.0011647134641725745
07627,N,43.0,1.1,POINT (1.1 43),09,2014,426870.0,8370.0,51.0,373250696.0,1,0.0011436549337338678
07627,N,43.0,1.1,POINT (1.1 43),09,2015,477000.0,9000.0,53.0,408852959.0,1,0.0011666786053516126
07627,N,43.0,1.1,POINT (1.1 43),09,2016,465300.0,8460.0,55.0,275520198.0,1,0.001688805406564059
07627,N,43.0,1.1,POINT (1.1 43),09,2017,364800.0,7600.0,48.0,364705798.0,1,0.001000258295866193
07627,N,43.0,1.1,POINT (1.1 43),09,2018,282400.0,7060.0,40.0,339560022.0,1,0.0008316644531257569
07627,N,43.0,1.1,POINT (1.1 43),09,2019,440040.0,7720.0,57.0,394072791.0,1,0.0011166464928556816
07627,N,43.0,1.1,POINT (1.1 43),09,2020,198450.0,5670.0,35.0,289488478.0,1,0.0006855195114190348
07627,N,43.0,1.1,POINT (1.1 43),09,2021,357000.0,7140.0,50.0,352477484.0,1,0.0010128306521842967
07627,N,43.0,1.1,POINT (1.1 43),09,2022,294400.0,6400.0,46.0,335353388.0,1,0.0008778799038106035
07627,N,43.0,1.1,POINT (1.1 43),09,2023,333009.0,7335.0,45.4,349936476.0,1,0.0009516270032964497
07627,N,43.0,1.1,POINT (1.1 43),09,2024,360400.0,6800.0,53.0,254503233.0,1,0.001416092030547997
07247,F,47.3167,1.6833,POINT (1.6833 47.3167),41,2011,5002000.0,82000.0,61.0,339151320.0,2,0.007374289446964263
07247,F,47.3167,1.6833,POINT (1.6833 47.3167),41,2012,5949500.0,81500.0,73.0,352413954.0,2,0.008441067574753297
07247,F,47.3167,1.6833,POINT (1.6833 47.3167),41,2013,5544000.0,79200.0,70.0,366896248.0,2,0.007555269412294454
07247,F,47.3167,1.6833,POINT (1.6833 47.3167),41,2014,6757500.0,90100.0,75.0,373250696.0,2,0.0090522269247155
07247,F,47.3167,1.6833,POINT (1.6833 47.3167),41,2015,6747660.0,88785.0,76.0,408852959.0,2,0.00825193978845583
07247,F,47.3167,1.6833,POINT (1.6833 47.3167),41,2016,3726360.0,84690.0,44.0,275520198.0,2,0.006762408032241615
07247,F,47.3167,1.6833,POINT (1.6833 47.3167),41,2017,6066075.0,83670.0,72.5,364705798.0,2,0.00831639506866299
07247,F,47.3167,1.6833,POINT (1.6833 47.3167),41,2018,5664900.0,82100.0,69.0,339560022.0,2,0.008341529675127657
07247,F,47.3167,1.6833,POINT (1.6833 47.3167),41,2019,6463125.0,86175.0,75.0,394072791.0,2,0.008200420261951046
07247,F,47.3167,1.6833,POINT (1.6833 47.3167),41,2020,4122160.0,73610.0,56.0,289488478.0,2,0.007119730685792614
07247,F,47.3167,1.6833,POINT (1.6833 47.3167),41,2021,5968080.0,82890.0,72.0,352477484.0,2,0.00846590246314854
07247,F,47.3167,1.6833,POINT (1.6833 47.3167),41,2022,5408760.0,78960.0,68.5,335353388.0,2,0.00806426920607106
07247,F,47.3167,1.6833,POINT (1.6833 47.3167),41,2023,5684400.0,78950.0,72.0,349936476.0,2,0.008122045556634113
07247,F,47.3167,1.6833,POINT (1.6833 47.3167),41,2024,4358755.0,71455.0,61.0,254503233.0,2,0.008563260569660426
07386,I,47.0439,5.4272,POINT (5.4272 47.0439),39,2011,1241000.0,18250.0,68.0,339151320.0,1,0.0036591336280218517
07386,I,47.0439,5.4272,POINT (5.4272 47.0439),39,2012,1093950.0,16830.0,65.0,352413954.0,1,0.0031041619878649867
07386,I,47.0439,5.4272,POINT (5.4272 47.0439),39,2013,1091790.0,17330.0,63.0,366896248.0,1,0.0029757458844332473
07386,I,47.0439,5.4272,POINT (5.4272 47.0439),39,2014,1081685.0,15235.0,71.0,373250696.0,1,0.002898012010672848
07386,I,47.0439,5.4272,POINT (5.4272 47.0439),39,2015,1260350.0,18005.0,70.0,408852959.0,1,0.0030826485959222325
07386,I,47.0439,5.4272,POINT (5.4272 47.0439),39,2016,711480.0,16940.0,42.0,275520198.0,1,0.0025823152174128446
07386,I,47.0439,5.4272,POINT (5.4272 47.0439),39,2017,1235800.0,16700.0,74.0,364705798.0,1,0.003388484654691451
07386,I,47.0439,5.4272,POINT (5.4272 47.0439),39,2018,1100800.0,17200.0,64.0,339560022.0,1,0.003241842174223914
07386,I,47.0439,5.4272,POINT (5.4272 47.0439),39,2019,1250600.0,16900.0,74.0,394072791.0,1,0.0031735253703420495
07386,I,47.0439,5.4272,POINT (5.4272 47.0439),39,2020,1015300.0,14300.0,71.0,289488478.0,1,0.0035072207606134847
07386,I,47.0439,5.4272,POINT (5.4272 47.0439),39,2021,1173680.0,17260.0,68.0,352477484.0,1,0.0033298013441335162
07386,I,47.0439,5.4272,POINT (5.4272 47.0439),39,2022,1096200.0,15660.0,70.0,335353388.0,1,0.003268790592925216
07386,I,47.0439,5.4272,POINT (5.4272 47.0439),39,2023,1183000.0,16900.0,70.0,349936476.0,1,0.0033806135717043685
07386,I,47.0439,5.4272,POINT (5.4272 47.0439),39,2024,712400.0,13700.0,52.0,254503233.0,1,0.0027991785864661294
07075,G,49.7833,4.6333,POINT (4.6333 49.7833),08,2011,5024208.0,62960.0,79.8,339151320.0,1,0.014814059989505569
07075,G,49.7833,4.6333,POINT (4.6333 49.7833),08,2012,4107670.0,58100.0,70.7,352413954.0,1,0.011655809746965921
07075,G,49.7833,4.6333,POINT (4.6333 49.7833),08,2013,4946295.0,62850.0,78.7,366896248.0,1,0.013481454299309161
07075,G,49.7833,4.6333,POINT (4.6333 49.7833),08,2014,5671791.0,63090.0,89.9,373250696.0,1,0.015195660880964574
07075,G,49.7833,4.6333,POINT (4.6333 49.7833),08,2015,5979933.0,65070.0,91.9,408852959.0,1,0.014626121368000176
07075,G,49.7833,4.6333,POINT (4.6333 49.7833),08,2016,3601395.0,64890.0,55.5,275520198.0,1,0.01307125585036056
07075,G,49.7833,4.6333,POINT (4.6333 49.7833),08,2017,5095500.0,64500.0,79.0,364705798.0,1,0.013971535489545467
07075,G,49.7833,4.6333,POINT (4.6333 49.7833),08,2018,5031000.0,64500.0,78.0,339560022.0,1,0.01481623181188273
07075,G,49.7833,4.6333,POINT (4.6333 49.7833),08,2019,5382550.0,64850.0,83.0,394072791.0,1,0.013658770975639372
07075,G,49.7833,4.6333,POINT (4.6333 49.7833),08,2020,5031600.0,59900.0,84.0,289488478.0,1,0.017381002638730235
07075,G,49.7833,4.6333,POINT (4.6333 49.7833),08,2021,5530000.0,70000.0,79.0,352477484.0,1,0.015688945396580282
07075,G,49.7833,4.6333,POINT (4.6333 49.7833),08,2022,5271000.0,62750.0,84.0,335353388.0,1,0.01571774787019596
07075,G,49.7833,4.6333,POINT (4.6333 49.7833),08,2023,5266200.0,65500.0,80.4,349936476.0,1,0.015049017067886344
07075,G,49.7833,4.6333,POINT (4.6333 49.7833),08,2024,3642100.0,60500.0,60.2,254503233.0,1,0.014310623708265427
07015,O,50.5667,3.1,POINT (3.1 50.5667),59,2011,10845380.0,119180.0,91.0,339151320.0,4,0.007994499328500328
07015,O,50.5667,3.1,POINT (3.1 50.5667),59,2012,9589415.0,121385.0,79.0,352413954.0,4,0.006802664090877627
07015,O,50.5667,3.1,POINT (3.1 50.5667),59,2013,10331968.0,112304.0,92.0,366896248.0,4,0.0070401156023814125
07015,O,50.5667,3.1,POINT (3.1 50.5667),59,2014,10307704.0,117133.0,88.0,373250696.0,4,0.006904008559437489
07015,O,50.5667,3.1,POINT (3.1 50.5667),59,2015,12100000.0,121000.0,100.0,408852959.0,4,0.007398747968948905
07015,O,50.5667,3.1,POINT (3.1 50.5667),59,2016,7488000.0,117000.0,64.0,275520198.0,4,0.006794420204358303
07015,O,50.5667,3.1,POINT (3.1 50.5667),59,2017,10305000.0,114500.0,90.0,364705798.0,4,0.007063912924137279
07015,O,50.5667,3.1,POINT (3.1 50.5667),59,2018,10092720.0,114690.0,88.0,339560022.0,4,0.007430733409482463
07015,O,50.5667,3.1,POINT (3.1 50.5667),59,2019,11387800.0,117400.0,97.0,394072791.0,4,0.007224426717651765
07015,O,50.5667,3.1,POINT (3.1 50.5667),59,2020,9834800.0,106900.0,92.0,289488478.0,4,0.008493256854250343
07015,O,50.5667,3.1,POINT (3.1 50.5667),59,2021,9569400.0,116700.0,82.0,352477484.0,4,0.006787242046927457
07015,O,50.5667,3.1,POINT (3.1 50.5667),59,2022,10825652.0,112767.0,96.00017735685086,335353388.0,4,0.008070331467770947
07015,O,50.5667,3.1,POINT (3.1 50.5667),59,2023,10487908.0,113999.0,92.0,349936476.0,4,0.0074927227649169105
07015,O,50.5667,3.1,POINT (3.1 50.5667),59,2024,7212858.0,96171.0,75.00034313878405,254503233.0,4,0.00708523219428022
07288,I,47.25,5.9833,POINT (5.9833 47.25),25,2011,493520.0,7960.0,62.0,339151320.0,2,0.0007275808332398647
07288,I,47.25,5.9833,POINT (5.9833 47.25),25,2012,491400.0,8190.0,60.0,352413954.0,2,0.0006971914625151307
07288,I,47.25,5.9833,POINT (5.9833 47.25),25,2013,485570.0,8230.0,59.0,366896248.0,2,0.0006617265816247867
07288,I,47.25,5.9833,POINT (5.9833 47.25),25,2014,530640.0,7920.0,67.0,373250696.0,2,0.0007108359149583474
07288,I,47.25,5.9833,POINT (5.9833 47.25),25,2015,589600.0,8800.0,67.0,408852959.0,2,0.0007210416202466569
07288,I,47.25,5.9833,POINT (5.9833 47.25),25,2016,319605.0,8195.0,39.0,275520198.0,2,0.000580002849736628
07288,I,47.25,5.9833,POINT (5.9833 47.25),25,2017,520650.0,8000.0,65.08125,364705798.0,2,0.0007137945199324745
07288,I,47.25,5.9833,POINT (5.9833 47.25),25,2018,434500.0,7400.0,58.71621621621622,339560022.0,2,0.0006397985213936639
07288,I,47.25,5.9833,POINT (5.9833 47.25),25,2019,495800.0,7400.0,67.0,394072791.0,2,0.000629071597079637
07288,I,47.25,5.9833,POINT (5.9833 47.25),25,2020,434700.0,6900.0,63.0,289488478.0,2,0.0007508070839351333
07288,I,47.25,5.9833,POINT (5.9833 47.25),25,2021,408800.0,7300.0,56.0,352477484.0,2,0.0005798951969368915
07288,I,47.25,5.9833,POINT (5.9833 47.25),25,2022,412160.0,7360.0,56.0,335353388.0,2,0.0006145159326674225
07288,I,47.25,5.9833,POINT (5.9833 47.25),25,2023,465000.0,7500.0,62.0,349936476.0,2,0.0006644063021312474
07288,I,47.25,5.9833,POINT (5.9833 47.25),25,2024,312400.0,7100.0,44.0,254503233.0,2,0.0006137446591886713
07295,I,47.6333,6.8667,POINT (6.8667 47.6333),90,2011,199080.0,2765.0,72.0,339151320.0,2,0.00029349730969645054
07295,I,47.6333,6.8667,POINT (6.8667 47.6333),90,2012,146400.0,2400.0,61.0,352413954.0,2,0.0002077102769886348
07295,I,47.6333,6.8667,POINT (6.8667 47.6333),90,2013,158275.0,2435.0,65.0,366896248.0,2,0.00021569449246589188
07295,I,47.6333,6.8667,POINT (6.8667 47.6333),90,2014,197580.0,2670.0,74.0,373250696.0,2,0.00026467465716393466
07295,I,47.6333,6.8667,POINT (6.8667 47.6333),90,2015,193460.0,2845.0,68.0,408852959.0,2,0.00023658872430956285
07295,I,47.6333,6.8667,POINT (6.8667 47.6333),90,2016,151450.0,3029.0,50.0,275520198.0,2,0.0002748437339610216
07295,I,47.6333,6.8667,POINT (6.8667 47.6333),90,2017,233600.0,2905.0,80.4130808950086,364705798.0,2,0.0003202581385887372
07295,I,47.6333,6.8667,POINT (6.8667 47.6333),90,2018,182000.0,2800.0,65.0,339560022.0,2,0.00026799385706247834
07295,I,47.6333,6.8667,POINT (6.8667 47.6333),90,2019,232260.0,2940.0,79.0,394072791.0,2,0.0002946917489667537
07295,I,47.6333,6.8667,POINT (6.8667 47.6333),90,2020,222600.0,2650.0,84.0,289488478.0,2,0.0003844712603725804
07295,I,47.6333,6.8667,POINT (6.8667 47.6333),90,2021,183000.0,3000.0,61.0,352477484.0,2,0.0002595910495094206
07295,I,47.6333,6.8667,POINT (6.8667 47.6333),90,2022,180900.0,2700.0,67.0,335353388.0,2,0.0002697154799581151
07295,I,47.6333,6.8667,POINT (6.8667 47.6333),90,2023,195000.0,3000.0,65.0,349936476.0,2,0.00027862199766794246
07295,I,47.6333,6.8667,POINT (6.8667 47.6333),90,2024,137800.0,2600.0,53.0,254503233.0,2,0.0002707234764282935
07070,G,49.3,4.0333,POINT (4.0333 49.3),51,2011,14072012.0,166730.0,84.4,339151320.0,5,0.008298367820004357
07070,G,49.3,4.0333,POINT (4.0333 49.3),51,2012,11527672.0,144820.0,79.6,352413954.0,5,0.00654212006599489
07070,G,49.3,4.0333,POINT (4.0333 49.3),51,2013,14920073.0,169450.0,88.05000295072293,366896248.0,5,0.008133129232763372
07070,G,49.3,4.0333,POINT (4.0333 49.3),51,2014,15313788.0,163260.0,93.8,373250696.0,5,0.008205631316491905
07070,G,49.3,4.0333,POINT (4.0333 49.3),51,2015,16161068.0,168520.0,95.9,408852959.0,5,0.007905564895275712
07070,G,49.3,4.0333,POINT (4.0333 49.3),51,2016,9481968.0,168120.0,56.4,275520198.0,5,0.006882956726098172
07070,G,49.3,4.0333,POINT (4.0333 49.3),51,2017,13486500.0,166500.0,81.0,364705798.0,5,0.007395824291227747
07070,G,49.3,4.0333,POINT (4.0333 49.3),51,2018,13407000.0,163500.0,82.0,339560022.0,5,0.007896689322278345
07070,G,49.3,4.0333,POINT (4.0333 49.3),51,2019,14859150.0,167900.0,88.5,394072791.0,5,0.007541322486281475
07070,G,49.3,4.0333,POINT (4.0333 49.3),51,2020,13923000.0,154700.0,90.0,289488478.0,5,0.00961903568403852
07070,G,49.3,4.0333,POINT (4.0333 49.3),51,2021,14624290.0,178345.0,82.0,352477484.0,5,0.008297999539737977
07070,G,49.3,4.0333,POINT (4.0333 49.3),51,2022,14007000.0,161000.0,87.0,335353388.0,5,0.008353575959697775
07070,G,49.3,4.0333,POINT (4.0333 49.3),51,2023,14390500.0,169300.0,85.0,349936476.0,5,0.008224635605006208
07070,G,49.3,4.0333,POINT (4.0333 49.3),51,2024,10496600.0,169300.0,62.0,254503233.0,5,0.00824869678571038
07027,P,49.1833,-0.45,POINT (-0.45 49.1833),14,2011,6582730.0,85490.0,77.0,339151320.0,3,0.006469806260324546
07027,P,49.1833,-0.45,POINT (-0.45 49.1833),14,2012,6817700.0,86300.0,79.0,352413954.0,3,0.006448571746017374
07027,P,49.1833,-0.45,POINT (-0.45 49.1833),14,2013,6806000.0,82000.0,83.0,366896248.0,3,0.006183401108715254
07027,P,49.1833,-0.45,POINT (-0.45 49.1833),14,2014,7134000.0,87000.0,82.0,373250696.0,3,0.0063710530897442726
07027,P,49.1833,-0.45,POINT (-0.45 49.1833),14,2015,7481140.0,86990.0,86.0,408852959.0,3,0.006099291391782085
07027,P,49.1833,-0.45,POINT (-0.45 49.1833),14,2016,5518800.0,86600.0,63.72748267898383,275520198.0,3,0.006676824470052102
07027,P,49.1833,-0.45,POINT (-0.45 49.1833),14,2017,6781400.0,82700.0,82.0,364705798.0,3,0.006198055196991046
07027,P,49.1833,-0.45,POINT (-0.45 49.1833),14,2018,5978880.0,83040.0,72.0,339560022.0,3,0.005869242168914691
07027,P,49.1833,-0.45,POINT (-0.45 49.1833),14,2019,7168800.0,82400.0,87.0,394072791.0,3,0.006063854329897138
07027,P,49.1833,-0.45,POINT (-0.45 49.1833),14,2020,5580190.0,72470.0,77.0,289488478.0,3,0.006425344960822011
07027,P,49.1833,-0.45,POINT (-0.45 49.1833),14,2021,6154610.0,79930.0,77.0,352477484.0,3,0.0058203339498039165
07027,P,49.1833,-0.45,POINT (-0.45 49.1833),14,2022,6622000.0,77000.0,86.0,335353388.0,3,0.006582111325898796
07027,P,49.1833,-0.45,POINT (-0.45 49.1833),14,2023,6209600.0,77620.0,80.0,349936476.0,3,0.005914978313568737
07027,P,49.1833,-0.45,POINT (-0.45 49.1833),14,2024,5447750.0,70750.0,77.0,254503233.0,3,0.0071351418418589075
07283,G,47.8333,5.3167,POINT (5.3167 47.8333),52,2011,4142505.0,64525.0,64.2,339151320.0,3,0.004071442210515353
07283,G,47.8333,5.3167,POINT (5.3167 47.8333),52,2012,2770025.0,44750.0,61.9,352413954.0,3,0.0026200485428754237
07283,G,47.8333,5.3167,POINT (5.3167 47.8333),52,2013,4410288.0,64800.0,68.06,366896248.0,3,0.004006843918447484
07283,G,47.8333,5.3167,POINT (5.3167 47.8333),52,2014,3382288.0,56560.0,59.8,373250696.0,3,0.0030205686028602434
07283,G,47.8333,5.3167,POINT (5.3167 47.8333),52,2015,4812173.0,65830.0,73.1,408852959.0,3,0.003923311868868403
07283,G,47.8333,5.3167,POINT (5.3167 47.8333),52,2016,2967657.0,66990.0,44.3,275520198.0,3,0.003590368354773032
07283,G,47.8333,5.3167,POINT (5.3167 47.8333),52,2017,3997500.0,65000.0,61.5,364705798.0,3,0.003653629877307298
07283,G,47.8333,5.3167,POINT (5.3167 47.8333),52,2018,4270500.0,65700.0,65.0,339560022.0,3,0.004192189621191626
07283,G,47.8333,5.3167,POINT (5.3167 47.8333),52,2019,4488000.0,66000.0,68.0,394072791.0,3,0.0037962529618036987
07283,G,47.8333,5.3167,POINT (5.3167 47.8333),52,2020,3835000.0,59000.0,65.0,289488478.0,3,0.004415834931203491
07283,G,47.8333,5.3167,POINT (5.3167 47.8333),52,2021,4296500.0,66100.0,65.0,352477484.0,3,0.004063143694780421
07283,G,47.8333,5.3167,POINT (5.3167 47.8333),52,2022,3803411.0,62351.0,61.0,335353388.0,3,0.003780500546684999
07283,G,47.8333,5.3167,POINT (5.3167 47.8333),52,2023,3844000.0,62000.0,62.0,349936476.0,3,0.0036616169539677636
07283,G,47.8333,5.3167,POINT (5.3167 47.8333),52,2024,3628800.0,63000.0,57.6,254503233.0,3,0.004752788346700491
07486,V,45.3667,5.3333,POINT (5.3333 45.3667),38,2011,1539200.0,29600.0,52.0,339151320.0,2,0.0022691935859191115
07486,V,45.3667,5.3333,POINT (5.3333 45.3667),38,2012,1888520.0,30460.0,62.0,352413954.0,2,0.0026794058217115887
07486,V,45.3667,5.3333,POINT (5.3333 45.3667),38,2013,1814250.0,30750.0,59.0,366896248.0,2,0.002472429208379367
07486,V,45.3667,5.3333,POINT (5.3333 45.3667),38,2014,1418680.0,24460.0,58.0,373250696.0,2,0.001900438519209084
07486,V,45.3667,5.3333,POINT (5.3333 45.3667),38,2015,1709400.0,28490.0,60.0,408852959.0,2,0.002090482607953927
07486,V,45.3667,5.3333,POINT (5.3333 45.3667),38,2016,1922760.0,30520.0,63.0,275520198.0,2,0.003489326760719009
07486,V,45.3667,5.3333,POINT (5.3333 45.3667),38,2017,1822400.0,27200.0,67.0,364705798.0,2,0.002498452190771039
07486,V,45.3667,5.3333,POINT (5.3333 45.3667),38,2018,1691530.0,27730.0,61.0,339560022.0,2,0.0024907673024005166
07486,V,45.3667,5.3333,POINT (5.3333 45.3667),38,2019,1822340.0,28036.0,65.0,394072791.0,2,0.002312187039576655
07486,V,45.3667,5.3333,POINT (5.3333 45.3667),38,2020,1510400.0,25600.0,59.0,289488478.0,2,0.0026087394055109856
07486,V,45.3667,5.3333,POINT (5.3333 45.3667),38,2021,1978020.0,29970.0,66.0,352477484.0,2,0.002805881353828547
07486,V,45.3667,5.3333,POINT (5.3333 45.3667),38,2022,1474740.0,27310.0,54.0,335353388.0,2,0.00219878500228541
07486,V,45.3667,5.3333,POINT (5.3333 45.3667),38,2023,1779400.0,28700.0,62.0,349936476.0,2,0.002542461449488907
07486,V,45.3667,5.3333,POINT (5.3333 45.3667),38,2024,1402500.0,25500.0,55.0,254503233.0,2,0.0027553677481181546
07477,V,45.9333,4.3833,POINT (4.3833 45.9333),69,2011,559625.0,10175.0,55.0,339151320.0,3,0.0005500248876126051
07477,V,45.9333,4.3833,POINT (4.3833 45.9333),69,2012,661850.0,10850.0,61.0,352413954.0,3,0.0006260156959240799
07477,V,45.9333,4.3833,POINT (4.3833 45.9333),69,2013,640500.0,10675.0,60.0,366896248.0,3,0.0005819083764519718
07477,V,45.9333,4.3833,POINT (4.3833 45.9333),69,2014,570640.0,10190.0,56.0,373250696.0,3,0.0005096128027938984
07477,V,45.9333,4.3833,POINT (4.3833 45.9333),69,2015,576800.0,10300.0,56.0,408852959.0,3,0.0004702587138831657
07477,V,45.9333,4.3833,POINT (4.3833 45.9333),69,2016,659100.0,10985.0,60.0,275520198.0,3,0.000797400704539273
07477,V,45.9333,4.3833,POINT (4.3833 45.9333),69,2017,660960.0,9720.0,68.0,364705798.0,3,0.000604103365529714
07477,V,45.9333,4.3833,POINT (4.3833 45.9333),69,2018,624650.0,10075.0,62.0,339560022.0,3,0.0006131954681834326
07477,V,45.9333,4.3833,POINT (4.3833 45.9333),69,2019,641860.0,9715.0,66.06896551724138,394072791.0,3,0.0005429284594615245
07477,V,45.9333,4.3833,POINT (4.3833 45.9333),69,2020,497370.0,8430.0,59.0,289488478.0,3,0.0005726998226160835
07477,V,45.9333,4.3833,POINT (4.3833 45.9333),69,2021,677160.0,10260.0,66.0,352477484.0,3,0.0006403813300029116
07477,V,45.9333,4.3833,POINT (4.3833 45.9333),69,2022,524150.0,9530.0,55.0,335353388.0,3,0.0005209926988024546
07477,V,45.9333,4.3833,POINT (4.3833 45.9333),69,2023,640200.0,9700.0,66.0,349936476.0,3,0.0006098249672034761
07477,V,45.9333,4.3833,POINT (4.3833 45.9333),69,2024,519100.0,8950.0,58.0,254503233.0,3,0.0006798865825540743
07265,D,47.8,3.55,POINT (3.55 47.8),89,2011,8047600.0,129800.0,62.0,339151320.0,1,0.0237286412448579
07265,D,47.8,3.55,POINT (3.55 47.8),89,2012,8234300.0,122900.0,67.0,352413954.0,1,0.023365419860758407
07265,D,47.8,3.55,POINT (3.55 47.8),89,2013,8541000.0,131400.0,65.0,366896248.0,1,0.023279060624244924
07265,D,47.8,3.55,POINT (3.55 47.8),89,2014,7865600.0,122900.0,64.0,373250696.0,1,0.02107323598935767
07265,D,47.8,3.55,POINT (3.55 47.8),89,2015,9563000.0,131000.0,73.0,408852959.0,1,0.023389827050267233
07265,D,47.8,3.55,POINT (3.55 47.8),89,2016,4763160.0,132310.0,36.0,275520198.0,1,0.017287879562281675
07265,D,47.8,3.55,POINT (3.55 47.8),89,2017,8241000.0,125450.0,65.69151056197688,364705798.0,1,0.02259629554888513
07265,D,47.8,3.55,POINT (3.55 47.8),89,2018,8357200.0,122900.0,68.0,339560022.0,1,0.024611849035632353
07265,D,47.8,3.55,POINT (3.55 47.8),89,2019,8907900.0,129100.0,69.0,394072791.0,1,0.022604707057788213
07265,D,47.8,3.55,POINT (3.55 47.8),89,2020,5951000.0,108200.0,55.0,289488478.0,1,0.020556949420280555
07265,D,47.8,3.55,POINT (3.55 47.8),89,2021,8238780.0,124830.0,66.0,352477484.0,1,0.023373918545106273
07265,D,47.8,3.55,POINT (3.55 47.8),89,2022,6861400.0,118300.0,58.0,335353388.0,1,0.020460207785346723
07265,D,47.8,3.55,POINT (3.55 47.8),89,2023,7211610.0,114470.0,63.0,349936476.0,1,0.02060834035489344
07265,D,47.8,3.55,POINT (3.55 47.8),89,2024,5565000.0,105000.0,53.0,254503233.0,1,0.02186612694228525
07552,N,44.4,2.4833,POINT (2.4833 44.4),12,2011,450576.0,10479.0,42.99799599198397,339151320.0,3,0.0004428465736179355
07552,N,44.4,2.4833,POINT (2.4833 44.4),12,2012,571810.0,10688.0,53.5001871257485,352413954.0,3,0.0005408506989292862
07552,N,44.4,2.4833,POINT (2.4833 44.4),12,2013,542925.0,12065.0,45.0,366896248.0,3,0.0004932593369011503
07552,N,44.4,2.4833,POINT (2.4833 44.4),12,2014,598000.0,13000.0,46.0,373250696.0,3,0.0005340467826839185
07552,N,44.4,2.4833,POINT (2.4833 44.4),12,2015,684040.0,13960.0,49.0,408852959.0,3,0.0005576903097167834
07552,N,44.4,2.4833,POINT (2.4833 44.4),12,2016,753375.0,15375.0,49.0,275520198.0,3,0.0009114576783223711
07552,N,44.4,2.4833,POINT (2.4833 44.4),12,2017,743070.0,15810.0,47.0,364705798.0,3,0.000679150157080859
07552,N,44.4,2.4833,POINT (2.4833 44.4),12,2018,645600.0,16140.0,40.0,339560022.0,3,0.0006337612971411575
07552,N,44.4,2.4833,POINT (2.4833 44.4),12,2019,816000.0,16000.0,51.0,394072791.0,3,0.0006902278112370362
07552,N,44.4,2.4833,POINT (2.4833 44.4),12,2020,634500.0,14100.0,45.0,289488478.0,3,0.0007305990257753885
07552,N,44.4,2.4833,POINT (2.4833 44.4),12,2021,757920.0,15790.0,48.0,352477484.0,3,0.0007167550027110384
07552,N,44.4,2.4833,POINT (2.4833 44.4),12,2022,599040.0,16640.0,36.0,335353388.0,3,0.0005954315869324094
07552,N,44.4,2.4833,POINT (2.4833 44.4),12,2023,765164.0,16634.0,46.0,349936476.0,3,0.0007288599050379265
07552,N,44.4,2.4833,POINT (2.4833 44.4),12,2024,649030.0,15830.0,41.0,254503233.0,3,0.0008500612380563879
07173,M,48.2,6.4333,POINT (6.4333 48.2),88,2011,1560000.0,24000.0,65.0,339151320.0,2,0.002299858364107207
07173,M,48.2,6.4333,POINT (6.4333 48.2),88,2012,750000.0,15000.0,50.0,352413954.0,2,0.001064089533753252
07173,M,48.2,6.4333,POINT (6.4333 48.2),88,2013,1560000.0,24900.0,62.65060240963855,366896248.0,2,0.0021259416095200843
07173,M,48.2,6.4333,POINT (6.4333 48.2),88,2014,1239000.0,21000.0,59.0,373250696.0,2,0.0016597423839766932
07173,M,48.2,6.4333,POINT (6.4333 48.2),88,2015,1868400.0,25950.0,72.0,408852959.0,2,0.0022849290421791957
07173,M,48.2,6.4333,POINT (6.4333 48.2),88,2016,1107700.0,26500.0,41.8,275520198.0,2,0.002010197452021285
07173,M,48.2,6.4333,POINT (6.4333 48.2),88,2017,1581000.0,25500.0,62.0,364705798.0,2,0.00216750050132189
07173,M,48.2,6.4333,POINT (6.4333 48.2),88,2018,1590625.0,25450.0,62.5,339560022.0,2,0.002342185323571454
07173,M,48.2,6.4333,POINT (6.4333 48.2),88,2019,1761200.0,25900.0,68.0,394072791.0,2,0.0022346125388799046
07173,M,48.2,6.4333,POINT (6.4333 48.2),88,2020,1638000.0,23400.0,70.0,289488478.0,2,0.0028291281423642707
07173,M,48.2,6.4333,POINT (6.4333 48.2),88,2021,1534500.0,24750.0,62.0,352477484.0,2,0.002176734784001125
07173,M,48.2,6.4333,POINT (6.4333 48.2),88,2022,1559439.0,24753.0,63.0,335353388.0,2,0.0023250682053643067
07173,M,48.2,6.4333,POINT (6.4333 48.2),88,2023,1556100.0,24700.0,63.0,349936476.0,2,0.0022234035413901806
07173,M,48.2,6.4333,POINT (6.4333 48.2),88,2024,1284400.0,24700.0,52.0,254503233.0,2,0.002523347119916547
07299,A,47.6,7.5167,POINT (7.5167 47.6),68,2011,1481490.0,18290.0,81.0,339151320.0,3,0.0014560757127526438
07299,A,47.6,7.5167,POINT (7.5167 47.6),68,2012,1086300.0,15300.0,71.0,352413954.0,3,0.00102748485379214
07299,A,47.6,7.5167,POINT (7.5167 47.6),68,2013,1302400.0,17600.0,74.0,366896248.0,3,0.0011832591248884434
07299,A,47.6,7.5167,POINT (7.5167 47.6),68,2014,1395237.0,17015.0,82.00041140170438,373250696.0,3,0.0012460231286480978
07299,A,47.6,7.5167,POINT (7.5167 47.6),68,2015,1524900.0,18020.0,84.62264150943396,408852959.0,3,0.0012432342454931334
07299,A,47.6,7.5167,POINT (7.5167 47.6),68,2016,1040104.0,18980.0,54.8,275520198.0,3,0.0012583517863664331
07299,A,47.6,7.5167,POINT (7.5167 47.6),68,2017,1309000.0,17000.0,77.0,364705798.0,3,0.001196398126177674
07299,A,47.6,7.5167,POINT (7.5167 47.6),68,2018,1297500.0,17300.0,75.0,339560022.0,3,0.0012737070679068338
07299,A,47.6,7.5167,POINT (7.5167 47.6),68,2019,1401300.0,17300.0,81.0,394072791.0,3,0.001185314009664778
07299,A,47.6,7.5167,POINT (7.5167 47.6),68,2020,1419600.0,16900.0,84.0,289488478.0,3,0.001634607371143801
07299,A,47.6,7.5167,POINT (7.5167 47.6),68,2021,1314000.0,18000.0,73.0,352477484.0,3,0.0012426325648647674
07299,A,47.6,7.5167,POINT (7.5167 47.6),68,2022,1301590.0,17471.0,74.5000286188541,335353388.0,3,0.0012937496648560275
07299,A,47.6,7.5167,POINT (7.5167 47.6),68,2023,1397680.0,17471.0,80.0,349936476.0,3,0.0013313654485488198
07299,A,47.6,7.5167,POINT (7.5167 47.6),68,2024,1190000.0,17000.0,70.0,254503233.0,3,0.0015585918575213803
07379,D,46.4167,4.0167,POINT (4.0167 46.4167),71,2011,2337300.0,37100.0,63.0,339151320.0,3,0.0022972046813793915
07379,D,46.4167,4.0167,POINT (4.0167 46.4167),71,2012,2438800.0,36400.0,67.0,352413954.0,3,0.002306756937704383
07379,D,46.4167,4.0167,POINT (4.0167 46.4167),71,2013,2263000.0,36500.0,62.0,366896248.0,3,0.0020559854112580985
07379,D,46.4167,4.0167,POINT (4.0167 46.4167),71,2014,2150400.0,33600.0,64.0,373250696.0,3,0.0019204250860928066
07379,D,46.4167,4.0167,POINT (4.0167 46.4167),71,2015,2786400.0,38700.0,72.0,408852959.0,3,0.0022717213598544604
07379,D,46.4167,4.0167,POINT (4.0167 46.4167),71,2016,1996560.0,42480.0,47.0,275520198.0,3,0.0024155034906007144
07379,D,46.4167,4.0167,POINT (4.0167 46.4167),71,2017,2922000.0,38300.0,76.29242819843343,364705798.0,3,0.0026706457789848464
07379,D,46.4167,4.0167,POINT (4.0167 46.4167),71,2018,2470400.0,38600.0,64.0,339560022.0,3,0.0024250989907954085
07379,D,46.4167,4.0167,POINT (4.0167 46.4167),71,2019,2948800.0,38800.0,76.0,394072791.0,3,0.0024942938355095247
07379,D,46.4167,4.0167,POINT (4.0167 46.4167),71,2020,2307500.0,35500.0,65.0,289488478.0,3,0.0026569854247071854
07379,D,46.4167,4.0167,POINT (4.0167 46.4167),71,2021,2622380.0,39140.0,67.0,352477484.0,3,0.0024799503694444966
07379,D,46.4167,4.0167,POINT (4.0167 46.4167),71,2022,2435400.0,36900.0,66.0,335353388.0,3,0.0024207299793255707
07379,D,46.4167,4.0167,POINT (4.0167 46.4167),71,2023,2648600.0,38950.0,68.0,349936476.0,3,0.002522934095806196
07379,D,46.4167,4.0167,POINT (4.0167 46.4167),71,2024,1684800.0,32400.0,52.0,254503233.0,3,0.002206651732396657
07554,K,44.5333,3.45,POINT (3.45 44.5333),48,2011,34500.0,1150.0,30.0,339151320.0,2,5.086225228314016e-05
07554,K,44.5333,3.45,POINT (3.45 44.5333),48,2012,60000.0,1200.0,50.0,352413954.0,2,8.512716270026017e-05
07554,K,44.5333,3.45,POINT (3.45 44.5333),48,2013,64900.0,1180.0,55.0,366896248.0,2,8.84446220883676e-05
07554,K,44.5333,3.45,POINT (3.45 44.5333),48,2014,66000.0,1320.0,50.0,373250696.0,2,8.84124272336253e-05
07554,K,44.5333,3.45,POINT (3.45 44.5333),48,2015,42900.0,1430.0,30.0,408852959.0,2,5.246384923436496e-05
07554,K,44.5333,3.45,POINT (3.45 44.5333),48,2016,76950.0,1710.0,45.0,275520198.0,2,0.00013964493448861414
07554,K,44.5333,3.45,POINT (3.45 44.5333),48,2017,84870.0,1845.0,46.0,364705798.0,2,0.0001163540591696324
07554,K,44.5333,3.45,POINT (3.45 44.5333),48,2018,77785.0,1655.0,47.0,339560022.0,2,0.00011453792401980702
07554,K,44.5333,3.45,POINT (3.45 44.5333),48,2019,80195.0,1865.0,43.0,394072791.0,2,0.00010175150610690094
07554,K,44.5333,3.45,POINT (3.45 44.5333),48,2020,81000.0,1800.0,45.0,289488478.0,2,0.00013990194110592548
07554,K,44.5333,3.45,POINT (3.45 44.5333),48,2021,85580.0,1945.0,44.0,352477484.0,2,0.00012139782522959679
07554,K,44.5333,3.45,POINT (3.45 44.5333),48,2022,46310.0,2105.0,22.0,335353388.0,2,6.904656648347325e-05
07554,K,44.5333,3.45,POINT (3.45 44.5333),48,2023,99640.0,2120.0,47.0,349936476.0,2,0.00014236869665453224
07554,K,44.5333,3.45,POINT (3.45 44.5333),48,2024,81890.0,2155.0,38.0,254503233.0,2,0.00016088204270473845
LFPT0,J,49.0966,2.0408,POINT (2.0408 49.0966),95,2011,1899506.0,25669.0,74.0,339151320.0,4,0.0014001906287730208
LFPT0,J,49.0966,2.0408,POINT (2.0408 49.0966),95,2012,2105350.0,25675.0,82.0,352413954.0,4,0.0014935205999249395
LFPT0,J,49.0966,2.0408,POINT (2.0408 49.0966),95,2013,2087600.0,24560.0,85.0,366896248.0,4,0.0014224729820622205
LFPT0,J,49.0966,2.0408,POINT (2.0408 49.0966),95,2014,2114840.0,25480.0,83.0,373250696.0,4,0.0014165010425057586
LFPT0,J,49.0966,2.0408,POINT (2.0408 49.0966),95,2015,2293655.0,25205.0,91.0,408852959.0,4,0.0014024938241916944
LFPT0,J,49.0966,2.0408,POINT (2.0408 49.0966),95,2016,1235000.0,24700.0,50.0,275520198.0,4,0.001120607498982706
LFPT0,J,49.0966,2.0408,POINT (2.0408 49.0966),95,2017,1990140.0,24270.0,82.0,364705798.0,4,0.0013642091864961247
LFPT0,J,49.0966,2.0408,POINT (2.0408 49.0966),95,2018,1772155.0,23015.0,77.0,339560022.0,4,0.001304743554292737
LFPT0,J,49.0966,2.0408,POINT (2.0408 49.0966),95,2019,2064040.0,23455.0,88.0,394072791.0,4,0.0013094281355750846
LFPT0,J,49.0966,2.0408,POINT (2.0408 49.0966),95,2020,1652040.0,21180.0,78.0,289488478.0,4,0.0014266889060779821
LFPT0,J,49.0966,2.0408,POINT (2.0408 49.0966),95,2021,1980795.0,23865.0,83.0,352477484.0,4,0.001404908887740472
LFPT0,J,49.0966,2.0408,POINT (2.0408 49.0966),95,2022,1898450.0,22075.0,86.0,335353388.0,4,0.0014152607875248303
LFPT0,J,49.0966,2.0408,POINT (2.0408 49.0966),95,2023,1904677.0,22675.0,83.99898566703418,349936476.0,4,0.001360730540133804
LFPT0,J,49.0966,2.0408,POINT (2.0408 49.0966),95,2024,1292113.0,19646.0,65.76977501781533,254503233.0,4,0.0012692500845362543
07205,E,47.7667,-3.45,POINT (-3.45 47.7667),56,2011,3994900.0,57070.0,70.0,339151320.0,4,0.0029447769803756033
07205,E,47.7667,-3.45,POINT (-3.45 47.7667),56,2012,4009590.0,58110.0,69.0,352413954.0,4,0.0028443751690944677
07205,E,47.7667,-3.45,POINT (-3.45 47.7667),56,2013,4282500.0,57100.0,75.0,366896248.0,4,0.0029180592765287697
07205,E,47.7667,-3.45,POINT (-3.45 47.7667),56,2014,4629008.0,60908.0,76.0,373250696.0,4,0.0031004684315444654
07205,E,47.7667,-3.45,POINT (-3.45 47.7667),56,2015,4898000.0,62000.0,79.0,408852959.0,4,0.0029949642604885736
07205,E,47.7667,-3.45,POINT (-3.45 47.7667),56,2016,4297600.0,63200.0,68.0,275520198.0,4,0.003899532621561197
07205,E,47.7667,-3.45,POINT (-3.45 47.7667),56,2017,4818700.0,62500.0,77.0992,364705798.0,4,0.0033031418930170122
07205,E,47.7667,-3.45,POINT (-3.45 47.7667),56,2018,4288000.0,62150.0,68.994368463395,339560022.0,4,0.0031570265359447997
07205,E,47.7667,-3.45,POINT (-3.45 47.7667),56,2019,4886000.0,62005.0,78.80009676638981,394072791.0,4,0.0030996811449486754
07205,E,47.7667,-3.45,POINT (-3.45 47.7667),56,2020,3282700.0,48375.0,67.8594315245478,289488478.0,4,0.0028349142102988985
07205,E,47.7667,-3.45,POINT (-3.45 47.7667),56,2021,4546510.0,61170.0,74.32581330717672,352477484.0,4,0.003224681154385453
07205,E,47.7667,-3.45,POINT (-3.45 47.7667),56,2022,4563938.0,61187.0,74.5899946066975,335353388.0,4,0.0034023347931704806
07205,E,47.7667,-3.45,POINT (-3.45 47.7667),56,2023,4389708.0,61138.0,71.7999934574242,349936476.0,4,0.0031360749029203804
07205,E,47.7667,-3.45,POINT (-3.45 47.7667),56,2024,3623787.0,55554.0,65.22999243978832,254503233.0,4,0.003559666961087288
07130,E,48.0667,-1.7333,POINT (-1.7333 48.0667),35,2011,7434530.0,94070.0,79.0318911448921,339151320.0,2,0.010960491028016639
07130,E,48.0667,-1.7333,POINT (-1.7333 48.0667),35,2012,7113000.0,94840.0,75.0,352413954.0,2,0.010091825138115842
07130,E,48.0667,-1.7333,POINT (-1.7333 48.0667),35,2013,7315000.0,95000.0,77.0,366896248.0,2,0.00996875825233296
07130,E,48.0667,-1.7333,POINT (-1.7333 48.0667),35,2014,7324196.0,96371.0,76.0,373250696.0,2,0.009811362816588023
07130,E,48.0667,-1.7333,POINT (-1.7333 48.0667),35,2015,7792000.0,97400.0,80.0,408852959.0,2,0.009529098210586754
07130,E,48.0667,-1.7333,POINT (-1.7333 48.0667),35,2016,6762000.0,98000.0,69.0,275520198.0,2,0.01227133264473046
07130,E,48.0667,-1.7333,POINT (-1.7333 48.0667),35,2017,7596380.0,94600.0,80.3,364705798.0,2,0.010414394344232499
07130,E,48.0667,-1.7333,POINT (-1.7333 48.0667),35,2018,6279525.0,94500.0,66.45,339560022.0,2,0.009246561127858568
07130,E,48.0667,-1.7333,POINT (-1.7333 48.0667),35,2019,7815150.0,94500.0,82.7,394072791.0,2,0.009915871101082947
07130,E,48.0667,-1.7333,POINT (-1.7333 48.0667),35,2020,4445200.0,68865.0,64.54948086836565,289488478.0,2,0.007677680353136542
07130,E,48.0667,-1.7333,POINT (-1.7333 48.0667),35,2021,7031800.0,93910.0,74.87807475242253,352477484.0,2,0.009974821540657616
07130,E,48.0667,-1.7333,POINT (-1.7333 48.0667),35,2022,7179199.0,92171.0,77.8899979386141,335353388.0,2,0.010703930923160973
07130,E,48.0667,-1.7333,POINT (-1.7333 48.0667),35,2023,7390760.0,93200.0,79.3,349936476.0,2,0.01056014520761191
07130,E,48.0667,-1.7333,POINT (-1.7333 48.0667),35,2024,5255013.0,85129.0,61.729998003030694,254503233.0,2,0.010324059419708825
LFYD0,G,48.0833,5.6667,POINT (5.6667 48.0833),52,2011,4142505.0,64525.0,64.2,339151320.0,3,0.004071442210515353
LFYD0,G,48.0833,5.6667,POINT (5.6667 48.0833),52,2012,2770025.0,44750.0,61.9,352413954.0,3,0.0026200485428754237
LFYD0,G,48.0833,5.6667,POINT (5.6667 48.0833),52,2013,4410288.0,64800.0,68.06,366896248.0,3,0.004006843918447484
LFYD0,G,48.0833,5.6667,POINT (5.6667 48.0833),52,2014,3382288.0,56560.0,59.8,373250696.0,3,0.0030205686028602434
LFYD0,G,48.0833,5.6667,POINT (5.6667 48.0833),52,2015,4812173.0,65830.0,73.1,408852959.0,3,0.003923311868868403
LFYD0,G,48.0833,5.6667,POINT (5.6667 48.0833),52,2016,2967657.0,66990.0,44.3,275520198.0,3,0.003590368354773032
LFYD0,G,48.0833,5.6667,POINT (5.6667 48.0833),52,2017,3997500.0,65000.0,61.5,364705798.0,3,0.003653629877307298
LFYD0,G,48.0833,5.6667,POINT (5.6667 48.0833),52,2018,4270500.0,65700.0,65.0,339560022.0,3,0.004192189621191626
LFYD0,G,48.0833,5.6667,POINT (5.6667 48.0833),52,2019,4488000.0,66000.0,68.0,394072791.0,3,0.0037962529618036987
LFYD0,G,48.0833,5.6667,POINT (5.6667 48.0833),52,2020,3835000.0,59000.0,65.0,289488478.0,3,0.004415834931203491
LFYD0,G,48.0833,5.6667,POINT (5.6667 48.0833),52,2021,4296500.0,66100.0,65.0,352477484.0,3,0.004063143694780421
LFYD0,G,48.0833,5.6667,POINT (5.6667 48.0833),52,2022,3803411.0,62351.0,61.0,335353388.0,3,0.003780500546684999
LFYD0,G,48.0833,5.6667,POINT (5.6667 48.0833),52,2023,3844000.0,62000.0,62.0,349936476.0,3,0.0036616169539677636
LFYD0,G,48.0833,5.6667,POINT (5.6667 48.0833),52,2024,3628800.0,63000.0,57.6,254503233.0,3,0.004752788346700491
07017,O,50.2167,3.15,POINT (3.15 50.2167),59,2011,10845380.0,119180.0,91.0,339151320.0,4,0.007994499328500328
07017,O,50.2167,3.15,POINT (3.15 50.2167),59,2012,9589415.0,121385.0,79.0,352413954.0,4,0.006802664090877627
07017,O,50.2167,3.15,POINT (3.15 50.2167),59,2013,10331968.0,112304.0,92.0,366896248.0,4,0.0070401156023814125
07017,O,50.2167,3.15,POINT (3.15 50.2167),59,2014,10307704.0,117133.0,88.0,373250696.0,4,0.006904008559437489
07017,O,50.2167,3.15,POINT (3.15 50.2167),59,2015,12100000.0,121000.0,100.0,408852959.0,4,0.007398747968948905
07017,O,50.2167,3.15,POINT (3.15 50.2167),59,2016,7488000.0,117000.0,64.0,275520198.0,4,0.006794420204358303
07017,O,50.2167,3.15,POINT (3.15 50.2167),59,2017,10305000.0,114500.0,90.0,364705798.0,4,0.007063912924137279
07017,O,50.2167,3.15,POINT (3.15 50.2167),59,2018,10092720.0,114690.0,88.0,339560022.0,4,0.007430733409482463
07017,O,50.2167,3.15,POINT (3.15 50.2167),59,2019,11387800.0,117400.0,97.0,394072791.0,4,0.007224426717651765
07017,O,50.2167,3.15,POINT (3.15 50.2167),59,2020,9834800.0,106900.0,92.0,289488478.0,4,0.008493256854250343
07017,O,50.2167,3.15,POINT (3.15 50.2167),59,2021,9569400.0,116700.0,82.0,352477484.0,4,0.006787242046927457
07017,O,50.2167,3.15,POINT (3.15 50.2167),59,2022,10825652.0,112767.0,96.00017735685086,335353388.0,4,0.008070331467770947
07017,O,50.2167,3.15,POINT (3.15 50.2167),59,2023,10487908.0,113999.0,92.0,349936476.0,4,0.0074927227649169105
07017,O,50.2167,3.15,POINT (3.15 50.2167),59,2024,7212858.0,96171.0,75.00034313878405,254503233.0,4,0.00708523219428022
07029,P,49.35,-0.7667,POINT (-0.7667 49.35),14,2011,6582730.0,85490.0,77.0,339151320.0,3,0.006469806260324546
07029,P,49.35,-0.7667,POINT (-0.7667 49.35),14,2012,6817700.0,86300.0,79.0,352413954.0,3,0.006448571746017374
07029,P,49.35,-0.7667,POINT (-0.7667 49.35),14,2013,6806000.0,82000.0,83.0,366896248.0,3,0.006183401108715254
07029,P,49.35,-0.7667,POINT (-0.7667 49.35),14,2014,7134000.0,87000.0,82.0,373250696.0,3,0.0063710530897442726
07029,P,49.35,-0.7667,POINT (-0.7667 49.35),14,2015,7481140.0,86990.0,86.0,408852959.0,3,0.006099291391782085
07029,P,49.35,-0.7667,POINT (-0.7667 49.35),14,2016,5518800.0,86600.0,63.72748267898383,275520198.0,3,0.006676824470052102
07029,P,49.35,-0.7667,POINT (-0.7667 49.35),14,2017,6781400.0,82700.0,82.0,364705798.0,3,0.006198055196991046
07029,P,49.35,-0.7667,POINT (-0.7667 49.35),14,2018,5978880.0,83040.0,72.0,339560022.0,3,0.005869242168914691
07029,P,49.35,-0.7667,POINT (-0.7667 49.35),14,2019,7168800.0,82400.0,87.0,394072791.0,3,0.006063854329897138
07029,P,49.35,-0.7667,POINT (-0.7667 49.35),14,2020,5580190.0,72470.0,77.0,289488478.0,3,0.006425344960822011
07029,P,49.35,-0.7667,POINT (-0.7667 49.35),14,2021,6154610.0,79930.0,77.0,352477484.0,3,0.0058203339498039165
07029,P,49.35,-0.7667,POINT (-0.7667 49.35),14,2022,6622000.0,77000.0,86.0,335353388.0,3,0.006582111325898796
07029,P,49.35,-0.7667,POINT (-0.7667 49.35),14,2023,6209600.0,77620.0,80.0,349936476.0,3,0.005914978313568737
07029,P,49.35,-0.7667,POINT (-0.7667 49.35),14,2024,5447750.0,70750.0,77.0,254503233.0,3,0.0071351418418589075
07647,U,43.5167,4.9333,POINT (4.9333 43.5167),13,2011,21450.0,550.0,39.0,339151320.0,6,1.0541017502158034e-05
07647,U,43.5167,4.9333,POINT (4.9333 43.5167),13,2012,0.0,0.0,,352413954.0,6,0.0
07647,U,43.5167,4.9333,POINT (4.9333 43.5167),13,2013,54760.0,1369.0,40.0,366896248.0,6,2.4875333875495686e-05
07647,U,43.5167,4.9333,POINT (4.9333 43.5167),13,2014,50985.0,1545.0,33.0,373250696.0,6,2.2766200012658517e-05
07647,U,43.5167,4.9333,POINT (4.9333 43.5167),13,2015,62440.0,1561.0,40.0,408852959.0,6,2.5453323591249016e-05
07647,U,43.5167,4.9333,POINT (4.9333 43.5167),13,2016,39178.0,1002.0,39.0998003992016,275520198.0,6,2.369941192720349e-05
07647,U,43.5167,4.9333,POINT (4.9333 43.5167),13,2017,37000.0,1000.0,37.0,364705798.0,6,1.6908606061334587e-05
07647,U,43.5167,4.9333,POINT (4.9333 43.5167),13,2018,38151.0,1003.0,38.03688933200399,339560022.0,6,1.8725702638810644e-05
07647,U,43.5167,4.9333,POINT (4.9333 43.5167),13,2019,40902.0,1203.0,34.0,394072791.0,6,1.729883451912822e-05
07647,U,43.5167,4.9333,POINT (4.9333 43.5167),13,2020,42364.0,1190.0,35.6,289488478.0,6,2.4390147460952373e-05
07647,U,43.5167,4.9333,POINT (4.9333 43.5167),13,2021,71426.0,1775.0,40.24,352477484.0,6,3.377331566896152e-05
07647,U,43.5167,4.9333,POINT (4.9333 43.5167),13,2022,62616.0,2033.0,30.799803246433843,335353388.0,6,3.1119411264155765e-05
07647,U,43.5167,4.9333,POINT (4.9333 43.5167),13,2023,47008.0,1794.0,26.202898550724637,349936476.0,6,2.2388825412606218e-05
07647,U,43.5167,4.9333,POINT (4.9333 43.5167),13,2024,69266.0,1515.0,45.72013201320132,254503233.0,6,4.536026201809913e-05
07292,I,47.7833,6.35,POINT (6.35 47.7833),70,2011,2534730.0,38405.0,66.0,339151320.0,2,0.0037368717892650397
07292,I,47.7833,6.35,POINT (6.35 47.7833),70,2012,2223450.0,36450.0,61.0,352413954.0,2,0.003154599831764891
07292,I,47.7833,6.35,POINT (6.35 47.7833),70,2013,2378880.0,37760.0,63.0,366896248.0,2,0.0032418974205481654
07292,I,47.7833,6.35,POINT (6.35 47.7833),70,2014,2336425.0,35945.0,65.0,373250696.0,2,0.0031298334136261063
07292,I,47.7833,6.35,POINT (6.35 47.7833),70,2015,2730350.0,39005.0,70.0,408852959.0,2,0.0033390366143834123
07292,I,47.7833,6.35,POINT (6.35 47.7833),70,2016,1677060.0,39930.0,42.0,275520198.0,2,0.0030434429348079953
07292,I,47.7833,6.35,POINT (6.35 47.7833),70,2017,2570200.0,37250.0,68.99865771812081,364705798.0,2,0.0035236621053115254
07292,I,47.7833,6.35,POINT (6.35 47.7833),70,2018,2275300.0,37300.0,61.0,339560022.0,2,0.0033503649613970165
07292,I,47.7833,6.35,POINT (6.35 47.7833),70,2019,2767600.0,37400.0,74.0,394072791.0,2,0.0035115339896684213
07292,I,47.7833,6.35,POINT (6.35 47.7833),70,2020,2399800.0,33800.0,71.0,289488478.0,2,0.004144897262543209
07292,I,47.7833,6.35,POINT (6.35 47.7833),70,2021,2297870.0,37670.0,61.0,352477484.0,2,0.0032595982783399577
07292,I,47.7833,6.35,POINT (6.35 47.7833),70,2022,2378500.0,35500.0,67.0,335353388.0,2,0.00354625908833818
07292,I,47.7833,6.35,POINT (6.35 47.7833),70,2023,2400450.0,36930.0,65.0,349936476.0,2,0.0034298367912923714
07292,I,47.7833,6.35,POINT (6.35 47.7833),70,2024,1802000.0,34000.0,53.0,254503233.0,2,0.0035402300763699925
07146,Q,48.7667,1.1,POINT (1.1 48.7667),27,2011,12629539.0,159868.0,78.99979357970325,339151320.0,2,0.018619327502543703
07146,Q,48.7667,1.1,POINT (1.1 48.7667),27,2012,13741737.0,157951.0,87.0,352413954.0,2,0.01949658468971975
07146,Q,48.7667,1.1,POINT (1.1 48.7667),27,2013,13115000.0,152500.0,86.0,366896248.0,2,0.01787290013388199
07146,Q,48.7667,1.1,POINT (1.1 48.7667),27,2014,13545000.0,157500.0,86.0,373250696.0,2,0.018144641316355375
07146,Q,48.7667,1.1,POINT (1.1 48.7667),27,2015,14446620.0,155340.0,93.0,408852959.0,2,0.01766725626168209
07146,Q,48.7667,1.1,POINT (1.1 48.7667),27,2016,10107620.0,150860.0,67.0,275520198.0,2,0.018342793147963693
07146,Q,48.7667,1.1,POINT (1.1 48.7667),27,2017,12622500.0,148500.0,85.0,364705798.0,2,0.017305044325069928
07146,Q,48.7667,1.1,POINT (1.1 48.7667),27,2018,12032680.0,146740.0,82.0,339560022.0,2,0.017718045736255725
07146,Q,48.7667,1.1,POINT (1.1 48.7667),27,2019,13338000.0,148200.0,90.0,394072791.0,2,0.01692326938654336
07146,Q,48.7667,1.1,POINT (1.1 48.7667),27,2020,10642170.0,138210.0,77.0,289488478.0,2,0.018380990624435146
07146,Q,48.7667,1.1,POINT (1.1 48.7667),27,2021,12345100.0,150550.0,82.0,352477484.0,2,0.017511898717479497
07146,Q,48.7667,1.1,POINT (1.1 48.7667),27,2022,12223200.0,138900.0,88.0,335353388.0,2,0.01822435740532909
07146,Q,48.7667,1.1,POINT (1.1 48.7667),27,2023,12077120.0,137240.0,88.0,349936476.0,2,0.017256160515258776
07146,Q,48.7667,1.1,POINT (1.1 48.7667),27,2024,9372100.0,126650.0,74.0,254503233.0,2,0.018412536236818648
LFGA0,A,48.1099,7.359,POINT (7.359 48.1099),68,2011,1481490.0,18290.0,81.0,339151320.0,3,0.0014560757127526438
LFGA0,A,48.1099,7.359,POINT (7.359 48.1099),68,2012,1086300.0,15300.0,71.0,352413954.0,3,0.00102748485379214
LFGA0,A,48.1099,7.359,POINT (7.359 48.1099),68,2013,1302400.0,17600.0,74.0,366896248.0,3,0.0011832591248884434
LFGA0,A,48.1099,7.359,POINT (7.359 48.1099),68,2014,1395237.0,17015.0,82.00041140170438,373250696.0,3,0.0012460231286480978
LFGA0,A,48.1099,7.359,POINT (7.359 48.1099),68,2015,1524900.0,18020.0,84.62264150943396,408852959.0,3,0.0012432342454931334
LFGA0,A,48.1099,7.359,POINT (7.359 48.1099),68,2016,1040104.0,18980.0,54.8,275520198.0,3,0.0012583517863664331
LFGA0,A,48.1099,7.359,POINT (7.359 48.1099),68,2017,1309000.0,17000.0,77.0,364705798.0,3,0.001196398126177674
LFGA0,A,48.1099,7.359,POINT (7.359 48.1099),68,2018,1297500.0,17300.0,75.0,339560022.0,3,0.0012737070679068338
LFGA0,A,48.1099,7.359,POINT (7.359 48.1099),68,2019,1401300.0,17300.0,81.0,394072791.0,3,0.001185314009664778
LFGA0,A,48.1099,7.359,POINT (7.359 48.1099),68,2020,1419600.0,16900.0,84.0,289488478.0,3,0.001634607371143801
LFGA0,A,48.1099,7.359,POINT (7.359 48.1099),68,2021,1314000.0,18000.0,73.0,352477484.0,3,0.0012426325648647674
LFGA0,A,48.1099,7.359,POINT (7.359 48.1099),68,2022,1301590.0,17471.0,74.5000286188541,335353388.0,3,0.0012937496648560275
LFGA0,A,48.1099,7.359,POINT (7.359 48.1099),68,2023,1397680.0,17471.0,80.0,349936476.0,3,0.0013313654485488198
LFGA0,A,48.1099,7.359,POINT (7.359 48.1099),68,2024,1190000.0,17000.0,70.0,254503233.0,3,0.0015585918575213803
LFOQ0,F,47.6785,1.2088,POINT (1.2088 47.6785),41,2011,5002000.0,82000.0,61.0,339151320.0,2,0.007374289446964263
LFOQ0,F,47.6785,1.2088,POINT (1.2088 47.6785),41,2012,5949500.0,81500.0,73.0,352413954.0,2,0.008441067574753297
LFOQ0,F,47.6785,1.2088,POINT (1.2088 47.6785),41,2013,5544000.0,79200.0,70.0,366896248.0,2,0.007555269412294454
LFOQ0,F,47.6785,1.2088,POINT (1.2088 47.6785),41,2014,6757500.0,90100.0,75.0,373250696.0,2,0.0090522269247155
LFOQ0,F,47.6785,1.2088,POINT (1.2088 47.6785),41,2015,6747660.0,88785.0,76.0,408852959.0,2,0.00825193978845583
LFOQ0,F,47.6785,1.2088,POINT (1.2088 47.6785),41,2016,3726360.0,84690.0,44.0,275520198.0,2,0.006762408032241615
LFOQ0,F,47.6785,1.2088,POINT (1.2088 47.6785),41,2017,6066075.0,83670.0,72.5,364705798.0,2,0.00831639506866299
LFOQ0,F,47.6785,1.2088,POINT (1.2088 47.6785),41,2018,5664900.0,82100.0,69.0,339560022.0,2,0.008341529675127657
LFOQ0,F,47.6785,1.2088,POINT (1.2088 47.6785),41,2019,6463125.0,86175.0,75.0,394072791.0,2,0.008200420261951046
LFOQ0,F,47.6785,1.2088,POINT (1.2088 47.6785),41,2020,4122160.0,73610.0,56.0,289488478.0,2,0.007119730685792614
LFOQ0,F,47.6785,1.2088,POINT (1.2088 47.6785),41,2021,5968080.0,82890.0,72.0,352477484.0,2,0.00846590246314854
LFOQ0,F,47.6785,1.2088,POINT (1.2088 47.6785),41,2022,5408760.0,78960.0,68.5,335353388.0,2,0.00806426920607106
LFOQ0,F,47.6785,1.2088,POINT (1.2088 47.6785),41,2023,5684400.0,78950.0,72.0,349936476.0,2,0.008122045556634113
LFOQ0,F,47.6785,1.2088,POINT (1.2088 47.6785),41,2024,4358755.0,71455.0,61.0,254503233.0,2,0.008563260569660426
07120,E,48.5333,-2.85,POINT (-2.85 48.5333),22,2011,7004400.0,89800.0,78.0,339151320.0,2,0.010326364054841362
07120,E,48.5333,-2.85,POINT (-2.85 48.5333),22,2012,6211800.0,91350.0,68.0,352413954.0,2,0.008813215154357934
07120,E,48.5333,-2.85,POINT (-2.85 48.5333),22,2013,6628920.0,89580.0,74.0,366896248.0,2,0.00903378003473069
07120,E,48.5333,-2.85,POINT (-2.85 48.5333),22,2014,6848250.0,91310.0,75.0,373250696.0,2,0.009173794012161734
07120,E,48.5333,-2.85,POINT (-2.85 48.5333),22,2015,6957600.0,89200.0,78.0,408852959.0,2,0.0085086824576461
07120,E,48.5333,-2.85,POINT (-2.85 48.5333),22,2016,6415500.0,91000.0,70.5,275520198.0,2,0.0116425221210098
07120,E,48.5333,-2.85,POINT (-2.85 48.5333),22,2017,7260090.0,89300.0,81.3,364705798.0,2,0.009953351495662266
07120,E,48.5333,-2.85,POINT (-2.85 48.5333),22,2018,6085000.0,90000.0,67.61111111111111,339560022.0,2,0.008960124286951542
07120,E,48.5333,-2.85,POINT (-2.85 48.5333),22,2019,7528000.0,94100.0,80.0,394072791.0,2,0.009551534858441927
07120,E,48.5333,-2.85,POINT (-2.85 48.5333),22,2020,5151300.0,73960.0,69.64981070849107,289488478.0,2,0.008897245298999431
07120,E,48.5333,-2.85,POINT (-2.85 48.5333),22,2021,6286920.0,89570.0,70.19001897956905,352477484.0,2,0.00891818667203151
07120,E,48.5333,-2.85,POINT (-2.85 48.5333),22,2022,6966496.0,90427.0,77.03999911530848,335353388.0,2,0.010386798298873904
07120,E,48.5333,-2.85,POINT (-2.85 48.5333),22,2023,6562529.0,91273.0,71.90000328684278,349936476.0,2,0.009376743280686177
07120,E,48.5333,-2.85,POINT (-2.85 48.5333),22,2024,6074355.0,87150.0,69.7,254503233.0,2,0.01193374820507683
07476,U,43.9,4.9,POINT (4.9 43.9),84,2011,61598.0,1621.0,38.0,339151320.0,5,3.632478859289122e-05
07476,U,43.9,4.9,POINT (4.9 43.9),84,2012,66707.0,1627.0,41.0,352413954.0,5,3.78571842816417e-05
07476,U,43.9,4.9,POINT (4.9 43.9),84,2013,103630.0,2410.0,43.0,366896248.0,5,5.649008435758111e-05
07476,U,43.9,4.9,POINT (4.9 43.9),84,2014,105552.0,2932.0,36.0,373250696.0,5,5.65582334506886e-05
07476,U,43.9,4.9,POINT (4.9 43.9),84,2015,92736.0,2576.0,36.0,408852959.0,5,4.5363986224690624e-05
07476,U,43.9,4.9,POINT (4.9 43.9),84,2016,93520.0,2338.0,40.0,275520198.0,5,6.788613007602441e-05
07476,U,43.9,4.9,POINT (4.9 43.9),84,2017,53700.0,1852.0,28.995680345572353,364705798.0,5,2.9448393907902722e-05
07476,U,43.9,4.9,POINT (4.9 43.9),84,2018,56268.0,1905.0,29.53700787401575,339560022.0,5,3.31417106575638e-05
07476,U,43.9,4.9,POINT (4.9 43.9),84,2019,55902.0,2082.0,26.85014409221902,394072791.0,5,2.8371408164538823e-05
07476,U,43.9,4.9,POINT (4.9 43.9),84,2020,51000.0,1700.0,30.0,289488478.0,5,3.523456294519604e-05
07476,U,43.9,4.9,POINT (4.9 43.9),84,2021,77797.0,2189.0,35.53997259022385,352477484.0,5,4.414296148346315e-05
07476,U,43.9,4.9,POINT (4.9 43.9),84,2022,44973.0,2197.0,20.470186618115612,335353388.0,5,2.682125877314828e-05
07476,U,43.9,4.9,POINT (4.9 43.9),84,2023,45896.0,2049.0,22.39921913128355,349936476.0,5,2.62310465742931e-05
07476,U,43.9,4.9,POINT (4.9 43.9),84,2024,62141.0,2013.0,30.86984600099354,254503233.0,5,4.8833171404152656e-05
07148,J,48.6,2.3333,POINT (2.3333 48.6),91,2011,2304264.0,34392.0,67.0,339151320.0,2,0.0033971030984045704
07148,J,48.6,2.3333,POINT (2.3333 48.6),91,2012,2757250.0,33625.0,82.0,352413954.0,2,0.003911947822588206
07148,J,48.6,2.3333,POINT (2.3333 48.6),91,2013,2853540.0,34380.0,83.0,366896248.0,2,0.0038887560387371417
07148,J,48.6,2.3333,POINT (2.3333 48.6),91,2014,2917200.0,34320.0,85.0,373250696.0,2,0.0039078292837262385
07148,J,48.6,2.3333,POINT (2.3333 48.6),91,2015,2858520.0,34440.0,83.0,408852959.0,2,0.0034957800073057562
07148,J,48.6,2.3333,POINT (2.3333 48.6),91,2016,1505925.0,33465.0,45.0,275520198.0,2,0.002732875867053493
07148,J,48.6,2.3333,POINT (2.3333 48.6),91,2017,2428500.0,32380.0,75.0,364705798.0,2,0.0033293959313473813
07148,J,48.6,2.3333,POINT (2.3333 48.6),91,2018,2332500.0,31100.0,75.0,339560022.0,2,0.003434591602188081
07148,J,48.6,2.3333,POINT (2.3333 48.6),91,2019,2645670.0,30410.0,87.0,394072791.0,2,0.003356829068668179
07148,J,48.6,2.3333,POINT (2.3333 48.6),91,2020,1904040.0,26445.0,72.0,289488478.0,2,0.0032886282955966214
07148,J,48.6,2.3333,POINT (2.3333 48.6),91,2021,2419875.0,29875.0,81.0,352477484.0,2,0.0034326660706645307
07148,J,48.6,2.3333,POINT (2.3333 48.6),91,2022,2296140.0,27335.0,84.0,335353388.0,2,0.003423463251249455
07148,J,48.6,2.3333,POINT (2.3333 48.6),91,2023,2193457.0,27765.0,79.00079236448767,349936476.0,2,0.003134078826352472
07148,J,48.6,2.3333,POINT (2.3333 48.6),91,2024,1562709.0,24395.0,64.05857757737242,254503233.0,2,0.0030701162055572
07362,L,46.21,2.37,POINT (2.37 46.21),23,2011,552900.0,9700.0,57.0,339151320.0,2,0.0008151228778941507
07362,L,46.21,2.37,POINT (2.37 46.21),23,2012,572880.0,10230.0,56.0,352413954.0,2,0.000812794149462084
07362,L,46.21,2.37,POINT (2.37 46.21),23,2013,560560.0,10780.0,52.0,366896248.0,2,0.0007639216850208836
07362,L,46.21,2.37,POINT (2.37 46.21),23,2014,636000.0,10600.0,60.0,373250696.0,2,0.000851974298796753
07362,L,46.21,2.37,POINT (2.37 46.21),23,2015,720000.0,12000.0,60.0,408852959.0,2,0.0008805121549823491
07362,L,46.21,2.37,POINT (2.37 46.21),23,2016,507400.0,12685.0,40.0,275520198.0,2,0.0009208036356013362
07362,L,46.21,2.37,POINT (2.37 46.21),23,2017,630700.0,11900.0,53.0,364705798.0,2,0.00086466955482841
07362,L,46.21,2.37,POINT (2.37 46.21),23,2018,580800.0,12100.0,48.0,339560022.0,2,0.0008552243526477331
07362,L,46.21,2.37,POINT (2.37 46.21),23,2019,621000.0,11500.0,54.0,394072791.0,2,0.0007879254977540431
07362,L,46.21,2.37,POINT (2.37 46.21),23,2020,492075.0,10935.0,45.0,289488478.0,2,0.0008499042922184972
07362,L,46.21,2.37,POINT (2.37 46.21),23,2021,586180.0,11060.0,53.0,352477484.0,2,0.000831514106018755
07362,L,46.21,2.37,POINT (2.37 46.21),23,2022,575500.0,11510.0,50.0,335353388.0,2,0.0008580500758203165
07362,L,46.21,2.37,POINT (2.37 46.21),23,2023,677040.0,12090.0,56.0,349936476.0,2,0.0009673755759030962
07362,L,46.21,2.37,POINT (2.37 46.21),23,2024,446000.0,11150.0,40.0,254503233.0,2,0.0008762167669594987
07499,V,45.9167,6.8667,POINT (6.8667 45.9167),74,2011,229140.0,3420.0,67.0,339151320.0,2,0.00033781381125097787
07499,V,45.9167,6.8667,POINT (6.8667 45.9167),74,2012,247000.0,3800.0,65.0,352413954.0,2,0.00035044015311607097
07499,V,45.9167,6.8667,POINT (6.8667 45.9167),74,2013,255780.0,4060.0,63.0,366896248.0,2,0.0003485726569763123
07499,V,45.9167,6.8667,POINT (6.8667 45.9167),74,2014,223680.0,3495.0,64.0,373250696.0,2,0.00029963775338814105
07499,V,45.9167,6.8667,POINT (6.8667 45.9167),74,2015,280914.0,4022.0,69.84435604177027,408852959.0,2,0.000343539154867655
07499,V,45.9167,6.8667,POINT (6.8667 45.9167),74,2016,281125.0,4325.0,65.0,275520198.0,2,0.0005101713087473899
07499,V,45.9167,6.8667,POINT (6.8667 45.9167),74,2017,275740.0,4055.0,68.0,364705798.0,2,0.0003780307325961404
07499,V,45.9167,6.8667,POINT (6.8667 45.9167),74,2018,271260.0,4110.0,66.0,339560022.0,2,0.0003994286465207026
07499,V,45.9167,6.8667,POINT (6.8667 45.9167),74,2019,249473.0,3831.0,65.11955103106239,394072791.0,2,0.00031653162270723733
07499,V,45.9167,6.8667,POINT (6.8667 45.9167),74,2020,196650.0,3450.0,57.0,289488478.0,2,0.00033965082368494126
07499,V,45.9167,6.8667,POINT (6.8667 45.9167),74,2021,251550.0,3870.0,65.0,352477484.0,2,0.00035683130330106417
07499,V,45.9167,6.8667,POINT (6.8667 45.9167),74,2022,234980.0,3790.0,62.0,335353388.0,2,0.00035034684068854555
07499,V,45.9167,6.8667,POINT (6.8667 45.9167),74,2023,217200.0,3620.0,60.0,349936476.0,2,0.00031034204047936977
07499,V,45.9167,6.8667,POINT (6.8667 45.9167),74,2024,178410.0,3130.0,57.0,254503233.0,2,0.0003505063528996506
07166,G,48.7772,4.1647,POINT (4.1647 48.7772),51,2011,14072012.0,166730.0,84.4,339151320.0,5,0.008298367820004357
07166,G,48.7772,4.1647,POINT (4.1647 48.7772),51,2012,11527672.0,144820.0,79.6,352413954.0,5,0.00654212006599489
07166,G,48.7772,4.1647,POINT (4.1647 48.7772),51,2013,14920073.0,169450.0,88.05000295072293,366896248.0,5,0.008133129232763372
07166,G,48.7772,4.1647,POINT (4.1647 48.7772),51,2014,15313788.0,163260.0,93.8,373250696.0,5,0.008205631316491905
07166,G,48.7772,4.1647,POINT (4.1647 48.7772),51,2015,16161068.0,168520.0,95.9,408852959.0,5,0.007905564895275712
07166,G,48.7772,4.1647,POINT (4.1647 48.7772),51,2016,9481968.0,168120.0,56.4,275520198.0,5,0.006882956726098172
07166,G,48.7772,4.1647,POINT (4.1647 48.7772),51,2017,13486500.0,166500.0,81.0,364705798.0,5,0.007395824291227747
07166,G,48.7772,4.1647,POINT (4.1647 48.7772),51,2018,13407000.0,163500.0,82.0,339560022.0,5,0.007896689322278345
07166,G,48.7772,4.1647,POINT (4.1647 48.7772),51,2019,14859150.0,167900.0,88.5,394072791.0,5,0.007541322486281475
07166,G,48.7772,4.1647,POINT (4.1647 48.7772),51,2020,13923000.0,154700.0,90.0,289488478.0,5,0.00961903568403852
07166,G,48.7772,4.1647,POINT (4.1647 48.7772),51,2021,14624290.0,178345.0,82.0,352477484.0,5,0.008297999539737977
07166,G,48.7772,4.1647,POINT (4.1647 48.7772),51,2022,14007000.0,161000.0,87.0,335353388.0,5,0.008353575959697775
07166,G,48.7772,4.1647,POINT (4.1647 48.7772),51,2023,14390500.0,169300.0,85.0,349936476.0,5,0.008224635605006208
07166,G,48.7772,4.1647,POINT (4.1647 48.7772),51,2024,10496600.0,169300.0,62.0,254503233.0,5,0.00824869678571038
07055,S,49.4667,2.1167,POINT (2.1167 49.4667),60,2011,11376680.0,162524.0,70.0,339151320.0,2,0.016772277342161017
07055,S,49.4667,2.1167,POINT (2.1167 49.4667),60,2012,13423702.0,162909.0,82.40000245535852,352413954.0,2,0.019045361069896797
07055,S,49.4667,2.1167,POINT (2.1167 49.4667),60,2013,14358882.0,162430.0,88.40043095487287,366896248.0,2,0.019568041480762157
07055,S,49.4667,2.1167,POINT (2.1167 49.4667),60,2014,14224500.0,163500.0,87.0,373250696.0,2,0.019054887442192473
07055,S,49.4667,2.1167,POINT (2.1167 49.4667),60,2015,15270600.0,164200.0,93.0,408852959.0,2,0.01867492904704647
07055,S,49.4667,2.1167,POINT (2.1167 49.4667),60,2016,8382400.0,161200.0,52.0,275520198.0,2,0.015211951901979978
07055,S,49.4667,2.1167,POINT (2.1167 49.4667),60,2017,13006100.0,156700.0,83.0,364705798.0,2,0.017830947672512736
07055,S,49.4667,2.1167,POINT (2.1167 49.4667),60,2018,12555000.0,155000.0,81.0,339560022.0,2,0.018487158656150634
07055,S,49.4667,2.1167,POINT (2.1167 49.4667),60,2019,14117740.0,155140.0,91.0,394072791.0,2,0.01791260437465727
07055,S,49.4667,2.1167,POINT (2.1167 49.4667),60,2020,11984370.0,144390.0,83.0,289488478.0,2,0.020699217604094072
07055,S,49.4667,2.1167,POINT (2.1167 49.4667),60,2021,12690700.0,152900.0,83.0,352477484.0,2,0.018002142797864502
07055,S,49.4667,2.1167,POINT (2.1167 49.4667),60,2022,12532525.0,147441.0,85.00027129495867,335353388.0,2,0.01868555000255432
07055,S,49.4667,2.1167,POINT (2.1167 49.4667),60,2023,12677088.0,147408.0,86.0,349936476.0,2,0.01811341324703744
07055,S,49.4667,2.1167,POINT (2.1167 49.4667),60,2024,9208094.0,133451.0,68.99981266532285,254503233.0,2,0.018090328149190937
07586,U,44.0833,5.05,POINT (5.05 44.0833),84,2011,61598.0,1621.0,38.0,339151320.0,5,3.632478859289122e-05
07586,U,44.0833,5.05,POINT (5.05 44.0833),84,2012,66707.0,1627.0,41.0,352413954.0,5,3.78571842816417e-05
07586,U,44.0833,5.05,POINT (5.05 44.0833),84,2013,103630.0,2410.0,43.0,366896248.0,5,5.649008435758111e-05
07586,U,44.0833,5.05,POINT (5.05 44.0833),84,2014,105552.0,2932.0,36.0,373250696.0,5,5.65582334506886e-05
07586,U,44.0833,5.05,POINT (5.05 44.0833),84,2015,92736.0,2576.0,36.0,408852959.0,5,4.5363986224690624e-05
07586,U,44.0833,5.05,POINT (5.05 44.0833),84,2016,93520.0,2338.0,40.0,275520198.0,5,6.788613007602441e-05
07586,U,44.0833,5.05,POINT (5.05 44.0833),84,2017,53700.0,1852.0,28.995680345572353,364705798.0,5,2.9448393907902722e-05
07586,U,44.0833,5.05,POINT (5.05 44.0833),84,2018,56268.0,1905.0,29.53700787401575,339560022.0,5,3.31417106575638e-05
07586,U,44.0833,5.05,POINT (5.05 44.0833),84,2019,55902.0,2082.0,26.85014409221902,394072791.0,5,2.8371408164538823e-05
07586,U,44.0833,5.05,POINT (5.05 44.0833),84,2020,51000.0,1700.0,30.0,289488478.0,5,3.523456294519604e-05
07586,U,44.0833,5.05,POINT (5.05 44.0833),84,2021,77797.0,2189.0,35.53997259022385,352477484.0,5,4.414296148346315e-05
07586,U,44.0833,5.05,POINT (5.05 44.0833),84,2022,44973.0,2197.0,20.470186618115612,335353388.0,5,2.682125877314828e-05
07586,U,44.0833,5.05,POINT (5.05 44.0833),84,2023,45896.0,2049.0,22.39921913128355,349936476.0,5,2.62310465742931e-05
07586,U,44.0833,5.05,POINT (5.05 44.0833),84,2024,62141.0,2013.0,30.86984600099354,254503233.0,5,4.8833171404152656e-05
07335,T,46.5833,0.3167,POINT (0.3167 46.5833),86,2011,7144400.0,134800.0,53.0,339151320.0,1,0.021065523200676322
07335,T,46.5833,0.3167,POINT (0.3167 46.5833),86,2012,9819300.0,138300.0,71.0,352413954.0,1,0.027862971623422154
07335,T,46.5833,0.3167,POINT (0.3167 46.5833),86,2013,8371200.0,130800.0,64.0,366896248.0,1,0.022816259489249396
07335,T,46.5833,0.3167,POINT (0.3167 46.5833),86,2014,8602800.0,128400.0,67.0,373250696.0,1,0.02304831603046763
07335,T,46.5833,0.3167,POINT (0.3167 46.5833),86,2015,9511160.0,133960.0,71.0,408852959.0,1,0.023263033299949776
07335,T,46.5833,0.3167,POINT (0.3167 46.5833),86,2016,6778500.0,135570.0,50.0,275520198.0,1,0.024602552006005744
07335,T,46.5833,0.3167,POINT (0.3167 46.5833),86,2017,8678010.0,131485.0,66.0,364705798.0,1,0.023794549051836023
07335,T,46.5833,0.3167,POINT (0.3167 46.5833),86,2018,8072960.0,126140.0,64.0,339560022.0,1,0.02377476580561654
07335,T,46.5833,0.3167,POINT (0.3167 46.5833),86,2019,10366980.0,132910.0,78.0,394072791.0,1,0.026307271744625476
07335,T,46.5833,0.3167,POINT (0.3167 46.5833),86,2020,5151025.0,93655.0,55.0,289488478.0,1,0.017793540646546906
07335,T,46.5833,0.3167,POINT (0.3167 46.5833),86,2021,8532225.0,131265.0,65.0,352477484.0,1,0.024206439807655914
07335,T,46.5833,0.3167,POINT (0.3167 46.5833),86,2022,6892480.0,123080.0,56.0,335353388.0,1,0.02055288613932238
07335,T,46.5833,0.3167,POINT (0.3167 46.5833),86,2023,8249710.0,123130.0,67.0,349936476.0,1,0.023574878773140528
07335,T,46.5833,0.3167,POINT (0.3167 46.5833),86,2024,5612880.0,100230.0,56.0,254503233.0,1,0.022054258147675476
LFLH0,D,46.8333,4.8167,POINT (4.8167 46.8333),71,2011,2337300.0,37100.0,63.0,339151320.0,3,0.0022972046813793915
LFLH0,D,46.8333,4.8167,POINT (4.8167 46.8333),71,2012,2438800.0,36400.0,67.0,352413954.0,3,0.002306756937704383
LFLH0,D,46.8333,4.8167,POINT (4.8167 46.8333),71,2013,2263000.0,36500.0,62.0,366896248.0,3,0.0020559854112580985
LFLH0,D,46.8333,4.8167,POINT (4.8167 46.8333),71,2014,2150400.0,33600.0,64.0,373250696.0,3,0.0019204250860928066
LFLH0,D,46.8333,4.8167,POINT (4.8167 46.8333),71,2015,2786400.0,38700.0,72.0,408852959.0,3,0.0022717213598544604
LFLH0,D,46.8333,4.8167,POINT (4.8167 46.8333),71,2016,1996560.0,42480.0,47.0,275520198.0,3,0.0024155034906007144
LFLH0,D,46.8333,4.8167,POINT (4.8167 46.8333),71,2017,2922000.0,38300.0,76.29242819843343,364705798.0,3,0.0026706457789848464
LFLH0,D,46.8333,4.8167,POINT (4.8167 46.8333),71,2018,2470400.0,38600.0,64.0,339560022.0,3,0.0024250989907954085
LFLH0,D,46.8333,4.8167,POINT (4.8167 46.8333),71,2019,2948800.0,38800.0,76.0,394072791.0,3,0.0024942938355095247
LFLH0,D,46.8333,4.8167,POINT (4.8167 46.8333),71,2020,2307500.0,35500.0,65.0,289488478.0,3,0.0026569854247071854
LFLH0,D,46.8333,4.8167,POINT (4.8167 46.8333),71,2021,2622380.0,39140.0,67.0,352477484.0,3,0.0024799503694444966
LFLH0,D,46.8333,4.8167,POINT (4.8167 46.8333),71,2022,2435400.0,36900.0,66.0,335353388.0,3,0.0024207299793255707
LFLH0,D,46.8333,4.8167,POINT (4.8167 46.8333),71,2023,2648600.0,38950.0,68.0,349936476.0,3,0.002522934095806196
LFLH0,D,46.8333,4.8167,POINT (4.8167 46.8333),71,2024,1684800.0,32400.0,52.0,254503233.0,3,0.002206651732396657
07197,A,47.9167,7.4,POINT (7.4 47.9167),68,2011,1481490.0,18290.0,81.0,339151320.0,3,0.0014560757127526438
07197,A,47.9167,7.4,POINT (7.4 47.9167),68,2012,1086300.0,15300.0,71.0,352413954.0,3,0.00102748485379214
07197,A,47.9167,7.4,POINT (7.4 47.9167),68,2013,1302400.0,17600.0,74.0,366896248.0,3,0.0011832591248884434
07197,A,47.9167,7.4,POINT (7.4 47.9167),68,2014,1395237.0,17015.0,82.00041140170438,373250696.0,3,0.0012460231286480978
07197,A,47.9167,7.4,POINT (7.4 47.9167),68,2015,1524900.0,18020.0,84.62264150943396,408852959.0,3,0.0012432342454931334
07197,A,47.9167,7.4,POINT (7.4 47.9167),68,2016,1040104.0,18980.0,54.8,275520198.0,3,0.0012583517863664331
07197,A,47.9167,7.4,POINT (7.4 47.9167),68,2017,1309000.0,17000.0,77.0,364705798.0,3,0.001196398126177674
07197,A,47.9167,7.4,POINT (7.4 47.9167),68,2018,1297500.0,17300.0,75.0,339560022.0,3,0.0012737070679068338
07197,A,47.9167,7.4,POINT (7.4 47.9167),68,2019,1401300.0,17300.0,81.0,394072791.0,3,0.001185314009664778
07197,A,47.9167,7.4,POINT (7.4 47.9167),68,2020,1419600.0,16900.0,84.0,289488478.0,3,0.001634607371143801
07197,A,47.9167,7.4,POINT (7.4 47.9167),68,2021,1314000.0,18000.0,73.0,352477484.0,3,0.0012426325648647674
07197,A,47.9167,7.4,POINT (7.4 47.9167),68,2022,1301590.0,17471.0,74.5000286188541,335353388.0,3,0.0012937496648560275
07197,A,47.9167,7.4,POINT (7.4 47.9167),68,2023,1397680.0,17471.0,80.0,349936476.0,3,0.0013313654485488198
07197,A,47.9167,7.4,POINT (7.4 47.9167),68,2024,1190000.0,17000.0,70.0,254503233.0,3,0.0015585918575213803
07022,P,49.65,-1.5,POINT (-1.5 49.65),50,2011,2849190.0,39030.0,73.0,339151320.0,3,0.0028003134412096643
07022,P,49.65,-1.5,POINT (-1.5 49.65),50,2012,2838000.0,43000.0,66.0,352413954.0,3,0.002684343197148204
07022,P,49.65,-1.5,POINT (-1.5 49.65),50,2013,2780700.0,39000.0,71.3,366896248.0,3,0.0025263272793130333
07022,P,49.65,-1.5,POINT (-1.5 49.65),50,2014,2982000.0,42000.0,71.0,373250696.0,3,0.0026630894748552593
07022,P,49.65,-1.5,POINT (-1.5 49.65),50,2015,3272500.0,42500.0,77.0,408852959.0,3,0.0026680333584997566
07022,P,49.65,-1.5,POINT (-1.5 49.65),50,2016,2659800.0,43100.0,61.7122969837587,275520198.0,3,0.003217912902341918
07022,P,49.65,-1.5,POINT (-1.5 49.65),50,2017,3117750.0,41570.0,75.0,364705798.0,3,0.0028495571106878868
07022,P,49.65,-1.5,POINT (-1.5 49.65),50,2018,2634440.0,39320.0,67.0,339560022.0,3,0.0025861309040281152
07022,P,49.65,-1.5,POINT (-1.5 49.65),50,2019,3309210.0,39870.0,83.0,394072791.0,3,0.002799152910813373
07022,P,49.65,-1.5,POINT (-1.5 49.65),50,2020,2443310.0,33470.0,73.0,289488478.0,3,0.0028133647055433642
07022,P,49.65,-1.5,POINT (-1.5 49.65),50,2021,2653000.0,37900.0,70.0,352477484.0,3,0.0025089073018160026
07022,P,49.65,-1.5,POINT (-1.5 49.65),50,2022,3060800.0,38260.0,80.0,335353388.0,3,0.0030423627825900083
07022,P,49.65,-1.5,POINT (-1.5 49.65),50,2023,2973320.0,40180.0,74.0,349936476.0,3,0.0028322473781403307
07022,P,49.65,-1.5,POINT (-1.5 49.65),50,2024,2299080.0,33810.0,68.0,254503233.0,3,0.003011199468731307
07643,K,43.5833,3.9667,POINT (3.9667 43.5833),34,2011,31200.0,820.0,38.048780487804876,339151320.0,4,2.2998583641072072e-05
07643,K,43.5833,3.9667,POINT (3.9667 43.5833),34,2012,36480.0,960.0,38.0,352413954.0,4,2.587865746087909e-05
07643,K,43.5833,3.9667,POINT (3.9667 43.5833),34,2013,78075.0,1735.0,45.0,366896248.0,4,5.319964460361557e-05
07643,K,43.5833,3.9667,POINT (3.9667 43.5833),34,2014,39820.0,1810.0,22.0,373250696.0,4,2.6671082215476966e-05
07643,K,43.5833,3.9667,POINT (3.9667 43.5833),34,2015,74370.0,2010.0,37.0,408852959.0,4,4.5474784004192566e-05
07643,K,43.5833,3.9667,POINT (3.9667 43.5833),34,2016,50960.0,1820.0,28.0,275520198.0,4,4.6239804168549556e-05
07643,K,43.5833,3.9667,POINT (3.9667 43.5833),34,2017,98230.0,2090.0,47.0,364705798.0,4,6.733509621911742e-05
07643,K,43.5833,3.9667,POINT (3.9667 43.5833),34,2018,90650.0,2590.0,35.0,339560022.0,4,6.674077786459797e-05
07643,K,43.5833,3.9667,POINT (3.9667 43.5833),34,2019,69500.0,2780.0,25.0,394072791.0,4,4.409083904501288e-05
07643,K,43.5833,3.9667,POINT (3.9667 43.5833),34,2020,122400.0,3600.0,34.0,289488478.0,4,0.00010570368883558813
07643,K,43.5833,3.9667,POINT (3.9667 43.5833),34,2021,111680.0,3490.0,32.0,352477484.0,4,7.921073335850298e-05
07643,K,43.5833,3.9667,POINT (3.9667 43.5833),34,2022,111475.0,3185.0,35.0,335353388.0,4,8.310263440666357e-05
07643,K,43.5833,3.9667,POINT (3.9667 43.5833),34,2023,80000.0,3200.0,25.0,349936476.0,4,5.715323029085999e-05
07643,K,43.5833,3.9667,POINT (3.9667 43.5833),34,2024,105995.0,2465.0,43.0,254503233.0,4,0.00010411950248191935
07747,K,42.7333,2.8667,POINT (2.8667 42.7333),66,2011,3000.0,100.0,30.0,339151320.0,1,8.845609092720028e-06
07747,K,42.7333,2.8667,POINT (2.8667 42.7333),66,2012,4500.0,150.0,30.0,352413954.0,1,1.2769074405039024e-05
07747,K,42.7333,2.8667,POINT (2.8667 42.7333),66,2013,7200.0,180.0,40.0,366896248.0,1,1.962407639557001e-05
07747,K,42.7333,2.8667,POINT (2.8667 42.7333),66,2014,7250.0,250.0,29.0,373250696.0,1,1.9423942346781316e-05
07747,K,42.7333,2.8667,POINT (2.8667 42.7333),66,2015,7350.0,245.0,30.0,408852959.0,1,1.797712316422296e-05
07747,K,42.7333,2.8667,POINT (2.8667 42.7333),66,2016,4340.0,155.0,28.0,275520198.0,1,1.5752021200275125e-05
07747,K,42.7333,2.8667,POINT (2.8667 42.7333),66,2017,7095.0,165.0,43.0,364705798.0,1,1.9454036757594954e-05
07747,K,42.7333,2.8667,POINT (2.8667 42.7333),66,2018,5075.0,145.0,35.0,339560022.0,1,1.49458112592536e-05
07747,K,42.7333,2.8667,POINT (2.8667 42.7333),66,2019,7875.0,225.0,35.0,394072791.0,1,1.9983617696660512e-05
07747,K,42.7333,2.8667,POINT (2.8667 42.7333),66,2020,5700.0,190.0,30.0,289488478.0,1,1.9689902822315436e-05
07747,K,42.7333,2.8667,POINT (2.8667 42.7333),66,2021,7820.0,230.0,34.0,352477484.0,1,2.2185814285941737e-05
07747,K,42.7333,2.8667,POINT (2.8667 42.7333),66,2022,13275.0,295.0,45.0,335353388.0,1,3.958510775504674e-05
07747,K,42.7333,2.8667,POINT (2.8667 42.7333),66,2023,5100.0,255.0,20.0,349936476.0,1,1.4574073724169298e-05
07747,K,42.7333,2.8667,POINT (2.8667 42.7333),66,2024,4950.0,275.0,18.0,254503233.0,1,1.9449654692598738e-05
LFRU0,E,48.6,-3.8167,POINT (-3.8167 48.6),29,2011,2833560.0,55560.0,51.0,339151320.0,7,0.0011935506714651316
LFRU0,E,48.6,-3.8167,POINT (-3.8167 48.6),29,2012,3256800.0,55200.0,59.0,352413954.0,7,0.001320200683248606
LFRU0,E,48.6,-3.8167,POINT (-3.8167 48.6),29,2013,3700000.0,50000.0,74.0,366896248.0,7,0.0014406564020557346
LFRU0,E,48.6,-3.8167,POINT (-3.8167 48.6),29,2014,3811000.0,51500.0,74.0,373250696.0,7,0.0014586136804647014
LFRU0,E,48.6,-3.8167,POINT (-3.8167 48.6),29,2015,3774000.0,51000.0,74.0,408852959.0,7,0.0013186717749616608
LFRU0,E,48.6,-3.8167,POINT (-3.8167 48.6),29,2016,3434000.0,50500.0,68.0,275520198.0,7,0.0017805280053240548
LFRU0,E,48.6,-3.8167,POINT (-3.8167 48.6),29,2017,3767300.0,50500.0,74.6,364705798.0,7,0.001475670848220829
LFRU0,E,48.6,-3.8167,POINT (-3.8167 48.6),29,2018,3536480.0,49600.0,71.3,339560022.0,7,0.001487841311812109
LFRU0,E,48.6,-3.8167,POINT (-3.8167 48.6),29,2019,3800000.0,50300.0,75.54671968190856,394072791.0,7,0.001377555505620135
LFRU0,E,48.6,-3.8167,POINT (-3.8167 48.6),29,2020,3048000.0,43805.0,69.58109804816802,289488478.0,7,0.0015041309223663521
LFRU0,E,48.6,-3.8167,POINT (-3.8167 48.6),29,2021,3504540.0,50115.0,69.92996108949416,352477484.0,7,0.001420370361667049
LFRU0,E,48.6,-3.8167,POINT (-3.8167 48.6),29,2022,3438664.0,49399.0,69.60999210510334,335353388.0,7,0.0014648359964853383
LFRU0,E,48.6,-3.8167,POINT (-3.8167 48.6),29,2023,3416415.0,49016.0,69.69999591969969,349936476.0,7,0.0013947082376010603
LFRU0,E,48.6,-3.8167,POINT (-3.8167 48.6),29,2024,2843160.0,44080.0,64.5,254503233.0,7,0.001595915735521184
07090,M,49.0833,6.1333,POINT (6.1333 49.0833),57,2011,4538000.0,73200.0,61.994535519125684,339151320.0,3,0.004460152673640388
07090,M,49.0833,6.1333,POINT (6.1333 49.0833),57,2012,3090000.0,51100.0,60.46966731898239,352413954.0,3,0.0029226992527089323
07090,M,49.0833,6.1333,POINT (6.1333 49.0833),57,2013,5440000.0,77300.0,70.3751617076326,366896248.0,3,0.00494235998110652
07090,M,49.0833,6.1333,POINT (6.1333 49.0833),57,2014,3724800.0,58200.0,64.0,373250696.0,3,0.0033264505955536115
07090,M,49.0833,6.1333,POINT (6.1333 49.0833),57,2015,5483400.0,74100.0,74.0,408852959.0,3,0.0044705558802131595
07090,M,49.0833,6.1333,POINT (6.1333 49.0833),57,2016,3505905.0,76050.0,46.1,275520198.0,3,0.0042415583629915946
07090,M,49.0833,6.1333,POINT (6.1333 49.0833),57,2017,4671000.0,77850.0,60.0,364705798.0,3,0.004269194535810478
07090,M,49.0833,6.1333,POINT (6.1333 49.0833),57,2018,4369200.0,66200.0,66.0,339560022.0,3,0.004289079707975752
07090,M,49.0833,6.1333,POINT (6.1333 49.0833),57,2019,5278500.0,76500.0,69.0,394072791.0,3,0.0044649111539395775
07090,M,49.0833,6.1333,POINT (6.1333 49.0833),57,2020,4629200.0,65200.0,71.0,289488478.0,3,0.00533032152895103
07090,M,49.0833,6.1333,POINT (6.1333 49.0833),57,2021,4992900.0,75650.0,66.0,352477484.0,3,0.004721720040421078
07090,M,49.0833,6.1333,POINT (6.1333 49.0833),57,2022,4479150.0,68910.0,65.0,335353388.0,3,0.004452169124947084
07090,M,49.0833,6.1333,POINT (6.1333 49.0833),57,2023,4355000.0,67000.0,65.0,349936476.0,3,0.0041483719652782546
07090,M,49.0833,6.1333,POINT (6.1333 49.0833),57,2024,3575000.0,65000.0,55.0,254503233.0,3,0.004682324277847844
07140,F,48.05,1.3833,POINT (1.3833 48.05),28,2011,12225600.0,169800.0,72.0,339151320.0,2,0.01802381308732633
07140,F,48.05,1.3833,POINT (1.3833 48.05),28,2012,13489000.0,164500.0,82.0,352413954.0,2,0.01913800496106349
07140,F,48.05,1.3833,POINT (1.3833 48.05),28,2013,13689000.0,169000.0,81.0,366896248.0,2,0.01865513762353874
07140,F,48.05,1.3833,POINT (1.3833 48.05),28,2014,15075600.0,177360.0,85.0,373250696.0,2,0.020195005878836995
07140,F,48.05,1.3833,POINT (1.3833 48.05),28,2015,14935620.0,173670.0,86.0,408852959.0,2,0.018265270766940934
07140,F,48.05,1.3833,POINT (1.3833 48.05),28,2016,8974530.0,165195.0,54.32688640697358,275520198.0,2,0.016286519219182616
07140,F,48.05,1.3833,POINT (1.3833 48.05),28,2017,13267358.0,166885.0,79.50000299607514,364705798.0,2,0.018189124045678046
07140,F,48.05,1.3833,POINT (1.3833 48.05),28,2018,12609905.0,163765.0,77.0,339560022.0,2,0.018568005923854016
07140,F,48.05,1.3833,POINT (1.3833 48.05),28,2019,14056200.0,164400.0,85.5,394072791.0,2,0.01783452235351108
07140,F,48.05,1.3833,POINT (1.3833 48.05),28,2020,10455550.0,149365.0,70.0,289488478.0,2,0.018058663460864925
07140,F,48.05,1.3833,POINT (1.3833 48.05),28,2021,13372545.0,161115.0,83.0,352477484.0,2,0.018969360607442375
07140,F,48.05,1.3833,POINT (1.3833 48.05),28,2022,12641315.0,152305.0,83.0,335353388.0,2,0.018847752031656825
07140,F,48.05,1.3833,POINT (1.3833 48.05),28,2023,12051990.0,148790.0,81.0,349936476.0,2,0.017220253998328543
07140,F,48.05,1.3833,POINT (1.3833 48.05),28,2024,9243920.0,135940.0,68.0,254503233.0,2,0.018160712323839125
07670,U,43.0,6.2333,POINT (6.2333 43),83,2011,6156.0,171.0,36.0,339151320.0,4,4.537797464565374e-06
07670,U,43.0,6.2333,POINT (6.2333 43),83,2012,9614.0,253.0,38.0,352413954.0,4,6.820104518335843e-06
07670,U,43.0,6.2333,POINT (6.2333 43),83,2013,9462.0,249.0,38.0,366896248.0,4,6.447326765794563e-06
07670,U,43.0,6.2333,POINT (6.2333 43),83,2014,15580.0,380.0,41.0,373250696.0,4,1.0435345578029411e-05
07670,U,43.0,6.2333,POINT (6.2333 43),83,2015,10780.0,308.0,35.0,408852959.0,4,6.591611826881752e-06
07670,U,43.0,6.2333,POINT (6.2333 43),83,2016,16687.0,407.0,41.0,275520198.0,4,1.5141358166416533e-05
07670,U,43.0,6.2333,POINT (6.2333 43),83,2017,11370.0,308.0,36.91558441558441,364705798.0,4,7.793953415569226e-06
07670,U,43.0,6.2333,POINT (6.2333 43),83,2018,8946.0,264.0,33.88636363636363,339560022.0,4,6.5864644101124485e-06
07670,U,43.0,6.2333,POINT (6.2333 43),83,2019,11818.0,311.0,38.0,394072791.0,4,7.497345839337586e-06
07670,U,43.0,6.2333,POINT (6.2333 43),83,2020,16354.0,442.0,37.0,289488478.0,4,1.412318731386608e-05
07670,U,43.0,6.2333,POINT (6.2333 43),83,2021,23797.0,556.0,42.80035971223022,352477484.0,4,1.6878383074250496e-05
07670,U,43.0,6.2333,POINT (6.2333 43),83,2022,10730.0,436.0,24.610091743119266,335353388.0,4,7.999024599089483e-06
07670,U,43.0,6.2333,POINT (6.2333 43),83,2023,11892.0,456.0,26.07894736842105,349936476.0,4,8.495827682736338e-06
07670,U,43.0,6.2333,POINT (6.2333 43),83,2024,15720.0,396.0,39.696969696969695,254503233.0,4,1.544184705897233e-05
07530,B,44.8167,0.5167,POINT (0.5167 44.8167),24,2011,1158280.0,25180.0,46.0,339151320.0,2,0.001707615349985959
07530,B,44.8167,0.5167,POINT (0.5167 44.8167),24,2012,1618200.0,26970.0,60.0,352413954.0,2,0.0022958795780260166
07530,B,44.8167,0.5167,POINT (0.5167 44.8167),24,2013,1485000.0,27000.0,55.0,366896248.0,2,0.0020237328782931573
07530,B,44.8167,0.5167,POINT (0.5167 44.8167),24,2014,1346800.0,25900.0,52.0,373250696.0,2,0.0018041493484582812
07530,B,44.8167,0.5167,POINT (0.5167 44.8167),24,2015,1649050.0,27950.0,59.0,408852959.0,2,0.002016678568296726
07530,B,44.8167,0.5167,POINT (0.5167 44.8167),24,2016,1440600.0,29400.0,49.0,275520198.0,2,0.002614327389529533
07530,B,44.8167,0.5167,POINT (0.5167 44.8167),24,2017,1483920.0,27480.0,54.0,364705798.0,2,0.0020344069221515364
07530,B,44.8167,0.5167,POINT (0.5167 44.8167),24,2018,1357365.0,26615.0,51.0,339560022.0,2,0.0019987114384154444
07530,B,44.8167,0.5167,POINT (0.5167 44.8167),24,2019,1762200.0,26700.0,66.0,394072791.0,2,0.0022358813400035022
07530,B,44.8167,0.5167,POINT (0.5167 44.8167),24,2020,755640.0,16792.0,45.0,289488478.0,2,0.0013051296639170558
07530,B,44.8167,0.5167,POINT (0.5167 44.8167),24,2021,1354560.0,26560.0,51.0,352477484.0,2,0.00192148443728678
07530,B,44.8167,0.5167,POINT (0.5167 44.8167),24,2022,1059300.0,24075.0,44.0,335353388.0,2,0.0015793787060233906
07530,B,44.8167,0.5167,POINT (0.5167 44.8167),24,2023,1390480.0,24830.0,56.0,349936476.0,2,0.001986760591370875
07530,B,44.8167,0.5167,POINT (0.5167 44.8167),24,2024,651200.0,14800.0,44.0,254503233.0,2,0.0012793550642242726
LFOZ0,F,47.8969,2.1633,POINT (2.1633 47.8969),45,2011,6850800.0,103800.0,66.0,339151320.0,2,0.010099916462067728
LFOZ0,F,47.8969,2.1633,POINT (2.1633 47.8969),45,2012,7866000.0,103500.0,76.0,352413954.0,2,0.011160171030004107
LFOZ0,F,47.8969,2.1633,POINT (2.1633 47.8969),45,2013,7524000.0,104500.0,72.0,366896248.0,2,0.010253579916685329
LFOZ0,F,47.8969,2.1633,POINT (2.1633 47.8969),45,2014,7548000.0,102000.0,74.0,373250696.0,2,0.010111166678172785
LFOZ0,F,47.8969,2.1633,POINT (2.1633 47.8969),45,2015,8039584.0,105784.0,76.0,408852959.0,2,0.00983187699028002
LFOZ0,F,47.8969,2.1633,POINT (2.1633 47.8969),45,2016,3677400.0,102150.0,36.0,275520198.0,2,0.006673557921876929
LFOZ0,F,47.8969,2.1633,POINT (2.1633 47.8969),45,2017,6723360.0,97440.0,69.0,364705798.0,2,0.009217511809340634
LFOZ0,F,47.8969,2.1633,POINT (2.1633 47.8969),45,2018,6553965.0,94985.0,69.0,339560022.0,2,0.009650672304409262
LFOZ0,F,47.8969,2.1633,POINT (2.1633 47.8969),45,2019,7431593.0,97145.0,76.50000514694528,394072791.0,2,0.009429213548519264
LFOZ0,F,47.8969,2.1633,POINT (2.1633 47.8969),45,2020,4999560.0,81960.0,61.0,289488478.0,2,0.008635162329327662
LFOZ0,F,47.8969,2.1633,POINT (2.1633 47.8969),45,2021,6824040.0,93480.0,73.0,352477484.0,2,0.009680107680296538
LFOZ0,F,47.8969,2.1633,POINT (2.1633 47.8969),45,2022,6108120.0,86640.0,70.5,335353388.0,2,0.009106990146167839
LFOZ0,F,47.8969,2.1633,POINT (2.1633 47.8969),45,2023,5984025.0,86725.0,69.0,349936476.0,2,0.008550158972281586
LFOZ0,F,47.8969,2.1633,POINT (2.1633 47.8969),45,2024,4888485.0,77595.0,63.0,254503233.0,2,0.009603974264641267
07487,V,45.2172,5.8486,POINT (5.8486 45.2172),38,2011,1539200.0,29600.0,52.0,339151320.0,2,0.0022691935859191115
07487,V,45.2172,5.8486,POINT (5.8486 45.2172),38,2012,1888520.0,30460.0,62.0,352413954.0,2,0.0026794058217115887
07487,V,45.2172,5.8486,POINT (5.8486 45.2172),38,2013,1814250.0,30750.0,59.0,366896248.0,2,0.002472429208379367
07487,V,45.2172,5.8486,POINT (5.8486 45.2172),38,2014,1418680.0,24460.0,58.0,373250696.0,2,0.001900438519209084
07487,V,45.2172,5.8486,POINT (5.8486 45.2172),38,2015,1709400.0,28490.0,60.0,408852959.0,2,0.002090482607953927
07487,V,45.2172,5.8486,POINT (5.8486 45.2172),38,2016,1922760.0,30520.0,63.0,275520198.0,2,0.003489326760719009
07487,V,45.2172,5.8486,POINT (5.8486 45.2172),38,2017,1822400.0,27200.0,67.0,364705798.0,2,0.002498452190771039
07487,V,45.2172,5.8486,POINT (5.8486 45.2172),38,2018,1691530.0,27730.0,61.0,339560022.0,2,0.0024907673024005166
07487,V,45.2172,5.8486,POINT (5.8486 45.2172),38,2019,1822340.0,28036.0,65.0,394072791.0,2,0.002312187039576655
07487,V,45.2172,5.8486,POINT (5.8486 45.2172),38,2020,1510400.0,25600.0,59.0,289488478.0,2,0.0026087394055109856
07487,V,45.2172,5.8486,POINT (5.8486 45.2172),38,2021,1978020.0,29970.0,66.0,352477484.0,2,0.002805881353828547
07487,V,45.2172,5.8486,POINT (5.8486 45.2172),38,2022,1474740.0,27310.0,54.0,335353388.0,2,0.00219878500228541
07487,V,45.2172,5.8486,POINT (5.8486 45.2172),38,2023,1779400.0,28700.0,62.0,349936476.0,2,0.002542461449488907
07487,V,45.2172,5.8486,POINT (5.8486 45.2172),38,2024,1402500.0,25500.0,55.0,254503233.0,2,0.0027553677481181546
LFSM0,I,47.487,6.7905,POINT (6.7905 47.487),25,2011,493520.0,7960.0,62.0,339151320.0,2,0.0007275808332398647
LFSM0,I,47.487,6.7905,POINT (6.7905 47.487),25,2012,491400.0,8190.0,60.0,352413954.0,2,0.0006971914625151307
LFSM0,I,47.487,6.7905,POINT (6.7905 47.487),25,2013,485570.0,8230.0,59.0,366896248.0,2,0.0006617265816247867
LFSM0,I,47.487,6.7905,POINT (6.7905 47.487),25,2014,530640.0,7920.0,67.0,373250696.0,2,0.0007108359149583474
LFSM0,I,47.487,6.7905,POINT (6.7905 47.487),25,2015,589600.0,8800.0,67.0,408852959.0,2,0.0007210416202466569
LFSM0,I,47.487,6.7905,POINT (6.7905 47.487),25,2016,319605.0,8195.0,39.0,275520198.0,2,0.000580002849736628
LFSM0,I,47.487,6.7905,POINT (6.7905 47.487),25,2017,520650.0,8000.0,65.08125,364705798.0,2,0.0007137945199324745
LFSM0,I,47.487,6.7905,POINT (6.7905 47.487),25,2018,434500.0,7400.0,58.71621621621622,339560022.0,2,0.0006397985213936639
LFSM0,I,47.487,6.7905,POINT (6.7905 47.487),25,2019,495800.0,7400.0,67.0,394072791.0,2,0.000629071597079637
LFSM0,I,47.487,6.7905,POINT (6.7905 47.487),25,2020,434700.0,6900.0,63.0,289488478.0,2,0.0007508070839351333
LFSM0,I,47.487,6.7905,POINT (6.7905 47.487),25,2021,408800.0,7300.0,56.0,352477484.0,2,0.0005798951969368915
LFSM0,I,47.487,6.7905,POINT (6.7905 47.487),25,2022,412160.0,7360.0,56.0,335353388.0,2,0.0006145159326674225
LFSM0,I,47.487,6.7905,POINT (6.7905 47.487),25,2023,465000.0,7500.0,62.0,349936476.0,2,0.0006644063021312474
LFSM0,I,47.487,6.7905,POINT (6.7905 47.487),25,2024,312400.0,7100.0,44.0,254503233.0,2,0.0006137446591886713
07570,V,44.5383,4.3672,POINT (4.3672 44.5383),07,2011,93000.0,3100.0,30.0,339151320.0,1,0.0002742138818743209
07570,V,44.5383,4.3672,POINT (4.3672 44.5383),07,2012,101880.0,2830.0,36.0,352413954.0,1,0.0002890918445300835
07570,V,44.5383,4.3672,POINT (4.3672 44.5383),07,2013,110400.0,2760.0,40.0,366896248.0,1,0.0003009025047320735
07570,V,44.5383,4.3672,POINT (4.3672 44.5383),07,2014,82800.0,2760.0,30.0,373250696.0,1,0.00022183481742255078
07570,V,44.5383,4.3672,POINT (4.3672 44.5383),07,2015,59080.0,2110.0,28.0,408852959.0,1,0.00014450182810099216
07570,V,44.5383,4.3672,POINT (4.3672 44.5383),07,2016,91960.0,2420.0,38.0,275520198.0,1,0.0003337686335431568
07570,V,44.5383,4.3672,POINT (4.3672 44.5383),07,2017,74100.0,1900.0,39.0,364705798.0,1,0.00020317746634782044
07570,V,44.5383,4.3672,POINT (4.3672 44.5383),07,2018,74860.0,1970.0,38.0,339560022.0,1,0.00022046175977689152
07570,V,44.5383,4.3672,POINT (4.3672 44.5383),07,2019,75680.0,1892.0,40.0,394072791.0,1,0.00019204573806771652
07570,V,44.5383,4.3672,POINT (4.3672 44.5383),07,2020,68400.0,1800.0,38.0,289488478.0,1,0.00023627883386778524
07570,V,44.5383,4.3672,POINT (4.3672 44.5383),07,2021,79800.0,1900.0,42.0,352477484.0,1,0.00022639743990001925
07570,V,44.5383,4.3672,POINT (4.3672 44.5383),07,2022,89100.0,1980.0,45.0,335353388.0,1,0.00026568987577963577
07570,V,44.5383,4.3672,POINT (4.3672 44.5383),07,2023,85500.0,1900.0,45.0,349936476.0,1,0.0002443300594934265
07570,V,44.5383,4.3672,POINT (4.3672 44.5383),07,2024,78120.0,1860.0,42.0,254503233.0,1,0.0003069509140577401
07607,B,43.9167,-0.5,POINT (-0.5 43.9167),40,2011,158480.0,2830.0,56.0,339151320.0,4,0.00011682101075118918
07607,B,43.9167,-0.5,POINT (-0.5 43.9167),40,2012,185850.0,3150.0,59.0,352413954.0,4,0.00013184069323202792
07607,B,43.9167,-0.5,POINT (-0.5 43.9167),40,2013,166380.0,3540.0,47.0,366896248.0,4,0.00011336992467690757
07607,B,43.9167,-0.5,POINT (-0.5 43.9167),40,2014,129720.0,2760.0,47.0,373250696.0,4,8.688530349049905e-05
07607,B,43.9167,-0.5,POINT (-0.5 43.9167),40,2015,149340.0,2620.0,57.0,408852959.0,4,9.131644807296112e-05
07607,B,43.9167,-0.5,POINT (-0.5 43.9167),40,2016,191520.0,3420.0,56.0,275520198.0,4,0.0001737803629191643
07607,B,43.9167,-0.5,POINT (-0.5 43.9167),40,2017,195000.0,3000.0,65.0,364705798.0,4,0.00013366938575514503
07607,B,43.9167,-0.5,POINT (-0.5 43.9167),40,2018,174500.0,3490.0,50.0,339560022.0,4,0.00012847507708077603
07607,B,43.9167,-0.5,POINT (-0.5 43.9167),40,2019,226380.0,2940.0,77.0,394072791.0,4,0.00014361559918000023
07607,B,43.9167,-0.5,POINT (-0.5 43.9167),40,2020,56120.0,1220.0,46.0,289488478.0,4,4.846479589422554e-05
07607,B,43.9167,-0.5,POINT (-0.5 43.9167),40,2021,144760.0,2585.0,56.0,352477484.0,4,0.000102673224937114
07607,B,43.9167,-0.5,POINT (-0.5 43.9167),40,2022,99820.0,2170.0,46.0,335353388.0,4,7.441403872144568e-05
07607,B,43.9167,-0.5,POINT (-0.5 43.9167),40,2023,181120.0,2830.0,64.0,349936476.0,4,0.000129394913378507
07607,B,43.9167,-0.5,POINT (-0.5 43.9167),40,2024,41580.0,945.0,44.0,254503233.0,4,4.084427485445735e-05
07040,Q,49.9333,1.1,POINT (1.1 49.9333),76,2011,10463523.0,112511.0,93.0,339151320.0,4,0.007713019515890429
07040,Q,49.9333,1.1,POINT (1.1 49.9333),76,2012,9917304.0,113992.0,87.0,352413954.0,4,0.0070352662596328405
07040,Q,49.9333,1.1,POINT (1.1 49.9333),76,2013,10119300.0,113700.0,89.0,366896248.0,4,0.006895205426030958
07040,Q,49.9333,1.1,POINT (1.1 49.9333),76,2014,9594800.0,115600.0,83.0,373250696.0,4,0.006426511794099909
07040,Q,49.9333,1.1,POINT (1.1 49.9333),76,2015,11376000.0,118500.0,96.0,408852959.0,4,0.006956046024360557
07040,Q,49.9333,1.1,POINT (1.1 49.9333),76,2016,7533500.0,115900.0,65.0,275520198.0,4,0.006835705743794508
07040,Q,49.9333,1.1,POINT (1.1 49.9333),76,2017,10858500.0,114300.0,95.0,364705798.0,4,0.007443328334473038
07040,Q,49.9333,1.1,POINT (1.1 49.9333),76,2018,9810880.0,114080.0,86.0,339560022.0,4,0.007223229594442658
07040,Q,49.9333,1.1,POINT (1.1 49.9333),76,2019,11332720.0,115640.0,98.0,394072791.0,4,0.00718948393470789
07040,Q,49.9333,1.1,POINT (1.1 49.9333),76,2020,8996400.0,107100.0,84.0,289488478.0,4,0.007769221129415728
07040,Q,49.9333,1.1,POINT (1.1 49.9333),76,2021,9480900.0,121550.0,78.0,352477484.0,4,0.006724472080037884
07040,Q,49.9333,1.1,POINT (1.1 49.9333),76,2022,11025000.0,112500.0,98.0,335353388.0,4,0.008218941864395299
07040,Q,49.9333,1.1,POINT (1.1 49.9333),76,2023,9970670.0,112030.0,89.0,349936476.0,4,0.007123199983302112
07040,Q,49.9333,1.1,POINT (1.1 49.9333),76,2024,7327946.0,97706.0,74.99995906085604,254503233.0,4,0.007198283803333846
07149,J,48.7333,2.4,POINT (2.4 48.7333),94,2011,33299.0,497.0,67.0,339151320.0,2,4.9091656196414034e-05
07149,J,48.7333,2.4,POINT (2.4 48.7333),94,2012,36490.0,445.0,82.0,352413954.0,2,5.1771502782208224e-05
07149,J,48.7333,2.4,POINT (2.4 48.7333),94,2013,44239.0,533.0,83.0,366896248.0,2,6.0288160809973725e-05
07149,J,48.7333,2.4,POINT (2.4 48.7333),94,2014,45475.0,535.0,85.0,373250696.0,2,6.091750194619865e-05
07149,J,48.7333,2.4,POINT (2.4 48.7333),94,2015,39840.0,480.0,83.0,408852959.0,2,4.872167257568998e-05
07149,J,48.7333,2.4,POINT (2.4 48.7333),94,2016,20925.0,465.0,45.0,275520198.0,2,3.7973622536377534e-05
07149,J,48.7333,2.4,POINT (2.4 48.7333),94,2017,32250.0,430.0,75.0,364705798.0,2,4.421371990362489e-05
07149,J,48.7333,2.4,POINT (2.4 48.7333),94,2018,29250.0,390.0,75.0,339560022.0,2,4.307044131361259e-05
07149,J,48.7333,2.4,POINT (2.4 48.7333),94,2019,40020.0,460.0,87.0,394072791.0,2,5.0777420966371664e-05
07149,J,48.7333,2.4,POINT (2.4 48.7333),94,2020,20520.0,285.0,72.0,289488478.0,2,3.5441825080167784e-05
07149,J,48.7333,2.4,POINT (2.4 48.7333),94,2021,34830.0,430.0,81.0,352477484.0,2,4.94074112263012e-05
07149,J,48.7333,2.4,POINT (2.4 48.7333),94,2022,27300.0,325.0,84.0,335353388.0,2,4.070333113795767e-05
07149,J,48.7333,2.4,POINT (2.4 48.7333),94,2023,23885.0,302.0,79.08940397350993,349936476.0,2,3.4127622637429774e-05
07149,J,48.7333,2.4,POINT (2.4 48.7333),94,2024,14195.0,222.0,63.94144144144144,254503233.0,2,2.7887661450650412e-05
07181,M,48.5833,5.9667,POINT (5.9667 48.5833),54,2011,4262400.0,66600.0,64.0,339151320.0,2,0.006283920699468308
07181,M,48.5833,5.9667,POINT (5.9667 48.5833),54,2012,2183000.0,39900.0,54.711779448621556,352413954.0,2,0.0030972099362444657
07181,M,48.5833,5.9667,POINT (5.9667 48.5833),54,2013,4800000.0,70500.0,68.08510638297872,366896248.0,2,0.006541358798523337
07181,M,48.5833,5.9667,POINT (5.9667 48.5833),54,2014,3577200.0,54200.0,66.0,373250696.0,2,0.004791953556062492
07181,M,48.5833,5.9667,POINT (5.9667 48.5833),54,2015,5104160.0,69920.0,73.0,408852959.0,2,0.006242048501353759
07181,M,48.5833,5.9667,POINT (5.9667 48.5833),54,2016,3214575.0,70150.0,45.824305060584464,275520198.0,2,0.005833646722335761
07181,M,48.5833,5.9667,POINT (5.9667 48.5833),54,2017,4007800.0,69100.0,58.0,364705798.0,2,0.005494565786968926
07181,M,48.5833,5.9667,POINT (5.9667 48.5833),54,2018,4176250.0,64250.0,65.0,339560022.0,2,0.006149501898665798
07181,M,48.5833,5.9667,POINT (5.9667 48.5833),54,2019,4521000.0,68500.0,66.0,394072791.0,2,0.005736249879784266
07181,M,48.5833,5.9667,POINT (5.9667 48.5833),54,2020,4256000.0,60800.0,70.0,289488478.0,2,0.007350897053664429
07181,M,48.5833,5.9667,POINT (5.9667 48.5833),54,2021,4426240.0,69160.0,64.0,352477484.0,2,0.006278755666560534
07181,M,48.5833,5.9667,POINT (5.9667 48.5833),54,2022,3793260.0,63221.0,60.0,335353388.0,2,0.005655616039280927
07181,M,48.5833,5.9667,POINT (5.9667 48.5833),54,2023,3822000.0,63700.0,60.0,349936476.0,2,0.005460991154291672
07181,M,48.5833,5.9667,POINT (5.9667 48.5833),54,2024,3402000.0,63000.0,54.0,254503233.0,2,0.006683608612547566
07354,F,46.85,1.7167,POINT (1.7167 46.85),36,2011,6008800.0,107300.0,56.0,339151320.0,1,0.01771716530544537
07354,F,46.85,1.7167,POINT (1.7167 46.85),36,2012,7310000.0,107500.0,68.0,352413954.0,1,0.02074265197796339
07354,F,46.85,1.7167,POINT (1.7167 46.85),36,2013,6444800.0,100700.0,64.0,366896248.0,1,0.017565728826968
07354,F,46.85,1.7167,POINT (1.7167 46.85),36,2014,6961840.0,102380.0,68.0,373250696.0,1,0.018651914315519453
07354,F,46.85,1.7167,POINT (1.7167 46.85),36,2015,7347900.0,104970.0,70.0,408852959.0,1,0.017971986843318896
07354,F,46.85,1.7167,POINT (1.7167 46.85),36,2016,4469000.0,109000.0,41.0,275520198.0,1,0.01622022643871648
07354,F,46.85,1.7167,POINT (1.7167 46.85),36,2017,6878555.0,102665.0,67.0,364705798.0,1,0.0188605583945227
07354,F,46.85,1.7167,POINT (1.7167 46.85),36,2018,6379210.0,100460.0,63.5,339560022.0,1,0.01878669332869816
07354,F,46.85,1.7167,POINT (1.7167 46.85),36,2019,7308735.0,103670.0,70.5,394072791.0,1,0.018546662360152646
07354,F,46.85,1.7167,POINT (1.7167 46.85),36,2020,4126455.0,77130.0,53.5,289488478.0,1,0.014254297886080288
07354,F,46.85,1.7167,POINT (1.7167 46.85),36,2021,6714070.0,100210.0,67.0,352477484.0,1,0.019048223800871206
07354,F,46.85,1.7167,POINT (1.7167 46.85),36,2022,5496950.0,94775.0,58.0,335353388.0,1,0.016391514732512557
07354,F,46.85,1.7167,POINT (1.7167 46.85),36,2023,6488560.0,95420.0,68.0,349936476.0,1,0.018542108196803124
07354,F,46.85,1.7167,POINT (1.7167 46.85),36,2024,4637050.0,84310.0,55.0,254503233.0,1,0.018220004301477775
07002,O,50.7333,1.6,POINT (1.6 50.7333),62,2011,16318040.0,177370.0,92.0,339151320.0,3,0.016038111444374347
07002,O,50.7333,1.6,POINT (1.6 50.7333),62,2012,14124410.0,178790.0,79.0,352413954.0,3,0.013359677201279797
07002,O,50.7333,1.6,POINT (1.6 50.7333),62,2013,14833986.0,166674.0,89.0,366896248.0,3,0.01347700344976
07002,O,50.7333,1.6,POINT (1.6 50.7333),62,2014,15597120.0,177240.0,88.0,373250696.0,3,0.013929083202566889
07002,O,50.7333,1.6,POINT (1.6 50.7333),62,2015,17628930.0,178070.0,99.0,408852959.0,3,0.014372673281789797
07002,O,50.7333,1.6,POINT (1.6 50.7333),62,2016,11168000.0,174500.0,64.0,275520198.0,3,0.013511411118638447
07002,O,50.7333,1.6,POINT (1.6 50.7333),62,2017,15594000.0,169500.0,92.0,364705798.0,3,0.01425258394164603
07002,O,50.7333,1.6,POINT (1.6 50.7333),62,2018,15086390.0,169510.0,89.0,339560022.0,3,0.014809743022889387
07002,O,50.7333,1.6,POINT (1.6 50.7333),62,2019,16907940.0,172530.0,98.0,394072791.0,3,0.014301875513145997
07002,O,50.7333,1.6,POINT (1.6 50.7333),62,2020,14510860.0,159460.0,91.0,289488478.0,3,0.0167086212437558
07002,O,50.7333,1.6,POINT (1.6 50.7333),62,2021,13648000.0,170600.0,80.0,352477484.0,3,0.012906734585444708
07002,O,50.7333,1.6,POINT (1.6 50.7333),62,2022,16120472.0,167922.0,95.99976179416633,335353388.0,3,0.01602336776352075
07002,O,50.7333,1.6,POINT (1.6 50.7333),62,2023,15240168.0,165654.0,92.0,349936476.0,3,0.014517080522923253
07002,O,50.7333,1.6,POINT (1.6 50.7333),62,2024,11355022.0,151400.0,75.00014531043593,254503233.0,3,0.014872138513593395
07602,B,43.4667,-1.5333,POINT (-1.5333 43.4667),64,2011,225040.0,3880.0,58.0,339151320.0,2,0.00033176931170428585
07602,B,43.4667,-1.5333,POINT (-1.5333 43.4667),64,2012,283560.0,4170.0,68.0,352413954.0,2,0.00040231097092142953
07602,B,43.4667,-1.5333,POINT (-1.5333 43.4667),64,2013,251000.0,5020.0,50.0,366896248.0,2,0.00034205855383944946
07602,B,43.4667,-1.5333,POINT (-1.5333 43.4667),64,2014,216320.0,4160.0,52.0,373250696.0,2,0.000289778428169361
07602,B,43.4667,-1.5333,POINT (-1.5333 43.4667),64,2015,261080.0,4280.0,61.0,408852959.0,2,0.0003192834908649885
07602,B,43.4667,-1.5333,POINT (-1.5333 43.4667),64,2016,319000.0,5800.0,55.0,275520198.0,2,0.000578904926599973
07602,B,43.4667,-1.5333,POINT (-1.5333 43.4667),64,2017,325500.0,5250.0,62.0,364705798.0,2,0.00044625010321333033
07602,B,43.4667,-1.5333,POINT (-1.5333 43.4667),64,2018,240750.0,5350.0,45.0,339560022.0,2,0.0003545028631197344
07602,B,43.4667,-1.5333,POINT (-1.5333 43.4667),64,2019,308425.0,4745.0,65.0,394072791.0,2,0.0003913299865455568
07602,B,43.4667,-1.5333,POINT (-1.5333 43.4667),64,2020,97760.0,2080.0,47.0,289488478.0,2,0.00016884955262364535
07602,B,43.4667,-1.5333,POINT (-1.5333 43.4667),64,2021,251100.0,4650.0,54.0,352477484.0,2,0.00035619296465472954
07602,B,43.4667,-1.5333,POINT (-1.5333 43.4667),64,2022,188300.0,3765.0,50.0132802124834,335353388.0,2,0.0002807486173361696
07602,B,43.4667,-1.5333,POINT (-1.5333 43.4667),64,2023,230500.0,4610.0,50.0,349936476.0,2,0.0003293454895510807
07602,B,43.4667,-1.5333,POINT (-1.5333 43.4667),64,2024,75825.0,1685.0,45.0,254503233.0,2,0.00014896667344104034
07257,F,47.05,2.65,POINT (2.65 47.05),18,2011,6002100.0,105300.0,57.0,339151320.0,2,0.00884870505590248
07257,F,47.05,2.65,POINT (2.65 47.05),18,2012,7210500.0,104500.0,69.0,352413954.0,2,0.010230156777503765
07257,F,47.05,2.65,POINT (2.65 47.05),18,2013,7384800.0,108600.0,68.0,366896248.0,2,0.010063880511528152
07257,F,47.05,2.65,POINT (2.65 47.05),18,2014,6904830.0,100070.0,69.0,373250696.0,2,0.009249587574781106
07257,F,47.05,2.65,POINT (2.65 47.05),18,2015,7502250.0,107175.0,70.0,408852959.0,2,0.009174753214883789
07257,F,47.05,2.65,POINT (2.65 47.05),18,2016,4401200.0,110030.0,40.0,275520198.0,2,0.007987073238093419
07257,F,47.05,2.65,POINT (2.65 47.05),18,2017,7056980.0,106120.0,66.5,364705798.0,2,0.009674894173193265
07257,F,47.05,2.65,POINT (2.65 47.05),18,2018,6257225.0,96265.0,65.0,339560022.0,2,0.009213724517899813
07257,F,47.05,2.65,POINT (2.65 47.05),18,2019,7229300.0,107900.0,67.0,394072791.0,2,0.009172543962823356
07257,F,47.05,2.65,POINT (2.65 47.05),18,2020,4836240.0,89560.0,54.0,289488478.0,2,0.008353078563631123
07257,F,47.05,2.65,POINT (2.65 47.05),18,2021,6114750.0,98625.0,62.0,352477484.0,2,0.008673958305943877
07257,F,47.05,2.65,POINT (2.65 47.05),18,2022,5376540.0,95160.0,56.5,335353388.0,2,0.008016230329541206
07257,F,47.05,2.65,POINT (2.65 47.05),18,2023,6361875.0,97875.0,65.0,349936476.0,2,0.009090042673916622
07257,F,47.05,2.65,POINT (2.65 47.05),18,2024,5059040.0,90340.0,56.0,254503233.0,2,0.00993904859353987
07201,E,47.9667,-4.1667,POINT (-4.1667 47.9667),29,2011,2833560.0,55560.0,51.0,339151320.0,7,0.0011935506714651316
07201,E,47.9667,-4.1667,POINT (-4.1667 47.9667),29,2012,3256800.0,55200.0,59.0,352413954.0,7,0.001320200683248606
07201,E,47.9667,-4.1667,POINT (-4.1667 47.9667),29,2013,3700000.0,50000.0,74.0,366896248.0,7,0.0014406564020557346
07201,E,47.9667,-4.1667,POINT (-4.1667 47.9667),29,2014,3811000.0,51500.0,74.0,373250696.0,7,0.0014586136804647014
07201,E,47.9667,-4.1667,POINT (-4.1667 47.9667),29,2015,3774000.0,51000.0,74.0,408852959.0,7,0.0013186717749616608
07201,E,47.9667,-4.1667,POINT (-4.1667 47.9667),29,2016,3434000.0,50500.0,68.0,275520198.0,7,0.0017805280053240548
07201,E,47.9667,-4.1667,POINT (-4.1667 47.9667),29,2017,3767300.0,50500.0,74.6,364705798.0,7,0.001475670848220829
07201,E,47.9667,-4.1667,POINT (-4.1667 47.9667),29,2018,3536480.0,49600.0,71.3,339560022.0,7,0.001487841311812109
07201,E,47.9667,-4.1667,POINT (-4.1667 47.9667),29,2019,3800000.0,50300.0,75.54671968190856,394072791.0,7,0.001377555505620135
07201,E,47.9667,-4.1667,POINT (-4.1667 47.9667),29,2020,3048000.0,43805.0,69.58109804816802,289488478.0,7,0.0015041309223663521
07201,E,47.9667,-4.1667,POINT (-4.1667 47.9667),29,2021,3504540.0,50115.0,69.92996108949416,352477484.0,7,0.001420370361667049
07201,E,47.9667,-4.1667,POINT (-4.1667 47.9667),29,2022,3438664.0,49399.0,69.60999210510334,335353388.0,7,0.0014648359964853383
07201,E,47.9667,-4.1667,POINT (-4.1667 47.9667),29,2023,3416415.0,49016.0,69.69999591969969,349936476.0,7,0.0013947082376010603
07201,E,47.9667,-4.1667,POINT (-4.1667 47.9667),29,2024,2843160.0,44080.0,64.5,254503233.0,7,0.001595915735521184
07577,V,44.5833,4.7333,POINT (4.7333 44.5833),26,2011,1231190.0,23230.0,53.0,339151320.0,2,0.0018151042431443286
07577,V,44.5833,4.7333,POINT (4.7333 44.5833),26,2012,1449000.0,23000.0,63.0,352413954.0,2,0.0020558209792112827
07577,V,44.5833,4.7333,POINT (4.7333 44.5833),26,2013,1431600.0,23860.0,60.0,366896248.0,2,0.0019509602616595851
07577,V,44.5833,4.7333,POINT (4.7333 44.5833),26,2014,1196210.0,22570.0,53.0,373250696.0,2,0.0016024216603202262
07577,V,44.5833,4.7333,POINT (4.7333 44.5833),26,2015,1312540.0,22630.0,58.0,408852959.0,2,0.0016051491998618505
07577,V,44.5833,4.7333,POINT (4.7333 44.5833),26,2016,1349400.0,22490.0,60.0,275520198.0,2,0.0024488222819874714
07577,V,44.5833,4.7333,POINT (4.7333 44.5833),26,2017,1113600.0,19200.0,58.0,364705798.0,2,0.0015267100305326102
07577,V,44.5833,4.7333,POINT (4.7333 44.5833),26,2018,935340.0,18340.0,51.0,339560022.0,2,0.0013772822761803213
07577,V,44.5833,4.7333,POINT (4.7333 44.5833),26,2019,945464.0,18182.0,52.0,394072791.0,2,0.0011996057855209801
07577,V,44.5833,4.7333,POINT (4.7333 44.5833),26,2020,920700.0,17050.0,54.0,289488478.0,2,0.0015902187305706862
07577,V,44.5833,4.7333,POINT (4.7333 44.5833),26,2021,1083150.0,18675.0,58.0,352477484.0,2,0.0015364811217274802
07577,V,44.5833,4.7333,POINT (4.7333 44.5833),26,2022,851520.0,17740.0,48.0,335353388.0,2,0.001269586100021748
07577,V,44.5833,4.7333,POINT (4.7333 44.5833),26,2023,911600.0,17200.0,53.0,349936476.0,2,0.0013025221183286992
07577,V,44.5833,4.7333,POINT (4.7333 44.5833),26,2024,865280.0,16640.0,52.0,254503233.0,2,0.001699939112364832
07524,B,44.1833,0.6,POINT (0.6 44.1833),47,2011,3253600.0,58100.0,56.0,339151320.0,1,0.009593357914691295
07524,B,44.1833,0.6,POINT (0.6 44.1833),47,2012,4328870.0,64610.0,67.0,352413954.0,1,0.01228348069327584
07524,B,44.1833,0.6,POINT (0.6 44.1833),47,2013,3908400.0,65140.0,60.0,366896248.0,1,0.010652602803395254
07524,B,44.1833,0.6,POINT (0.6 44.1833),47,2014,3363800.0,61160.0,55.0,373250696.0,1,0.009012173416014206
07524,B,44.1833,0.6,POINT (0.6 44.1833),47,2015,4168960.0,65140.0,64.0,408852959.0,1,0.01019672209343115
07524,B,44.1833,0.6,POINT (0.6 44.1833),47,2016,3682200.0,64600.0,57.0,275520198.0,1,0.013364537434021443
07524,B,44.1833,0.6,POINT (0.6 44.1833),47,2017,3861000.0,59400.0,65.0,364705798.0,1,0.010586615351807487
07524,B,44.1833,0.6,POINT (0.6 44.1833),47,2018,3360000.0,60000.0,56.0,339560022.0,1,0.009895157799229969
07524,B,44.1833,0.6,POINT (0.6 44.1833),47,2019,4493880.0,59130.0,76.0,394072791.0,1,0.011403679986624603
07524,B,44.1833,0.6,POINT (0.6 44.1833),47,2020,2016889.0,41161.0,49.0,289488478.0,1,0.00696707866901701
07524,B,44.1833,0.6,POINT (0.6 44.1833),47,2021,3129500.0,56900.0,55.0,352477484.0,1,0.008878581305352259
07524,B,44.1833,0.6,POINT (0.6 44.1833),47,2022,2921240.0,52165.0,56.0,335353388.0,1,0.008710930333585895
07524,B,44.1833,0.6,POINT (0.6 44.1833),47,2023,3774000.0,55500.0,68.0,349936476.0,1,0.01078481455588528
07524,B,44.1833,0.6,POINT (0.6 44.1833),47,2024,1547000.0,30940.0,50.0,254503233.0,1,0.006078508244333383
07502,B,44.5333,-1.1333,POINT (-1.1333 44.5333),33,2011,293800.0,5650.0,52.0,339151320.0,2,0.0004331399919068574
07502,B,44.5333,-1.1333,POINT (-1.1333 44.5333),33,2012,467870.0,7670.0,61.0,352413954.0,2,0.0006638074268761787
07502,B,44.5333,-1.1333,POINT (-1.1333 44.5333),33,2013,336500.0,6730.0,50.0,366896248.0,2,0.0004585765074381464
07502,B,44.5333,-1.1333,POINT (-1.1333 44.5333),33,2014,285200.0,6200.0,46.0,373250696.0,2,0.00038204885222772634
07502,B,44.5333,-1.1333,POINT (-1.1333 44.5333),33,2015,375200.0,6700.0,56.0,408852959.0,2,0.0004588446674296908
07502,B,44.5333,-1.1333,POINT (-1.1333 44.5333),33,2016,385840.0,7280.0,53.0,275520198.0,2,0.0007002027488380362
07502,B,44.5333,-1.1333,POINT (-1.1333 44.5333),33,2017,373320.0,6120.0,61.0,364705798.0,2,0.0005118097957960077
07502,B,44.5333,-1.1333,POINT (-1.1333 44.5333),33,2018,332800.0,6400.0,52.0,339560022.0,2,0.0004900459100571033
07502,B,44.5333,-1.1333,POINT (-1.1333 44.5333),33,2019,397120.0,5840.0,68.0,394072791.0,2,0.0005038663022030364
07502,B,44.5333,-1.1333,POINT (-1.1333 44.5333),33,2020,108450.0,2410.0,45.0,289488478.0,2,0.00018731315448071133
07502,B,44.5333,-1.1333,POINT (-1.1333 44.5333),33,2021,279760.0,5380.0,52.0,352477484.0,2,0.0003968480437746202
07502,B,44.5333,-1.1333,POINT (-1.1333 44.5333),33,2022,251040.0,5230.0,48.0,335353388.0,2,0.0003742917307279448
07502,B,44.5333,-1.1333,POINT (-1.1333 44.5333),33,2023,357120.0,5580.0,64.0,349936476.0,2,0.000510264040036798
07502,B,44.5333,-1.1333,POINT (-1.1333 44.5333),33,2024,96000.0,2000.0,48.0,254503233.0,2,0.00018860271217065443
07656,U,43.1833,5.5833,POINT (5.5833 43.1833),13,2011,21450.0,550.0,39.0,339151320.0,6,1.0541017502158034e-05
07656,U,43.1833,5.5833,POINT (5.5833 43.1833),13,2012,0.0,0.0,,352413954.0,6,0.0
07656,U,43.1833,5.5833,POINT (5.5833 43.1833),13,2013,54760.0,1369.0,40.0,366896248.0,6,2.4875333875495686e-05
07656,U,43.1833,5.5833,POINT (5.5833 43.1833),13,2014,50985.0,1545.0,33.0,373250696.0,6,2.2766200012658517e-05
07656,U,43.1833,5.5833,POINT (5.5833 43.1833),13,2015,62440.0,1561.0,40.0,408852959.0,6,2.5453323591249016e-05
07656,U,43.1833,5.5833,POINT (5.5833 43.1833),13,2016,39178.0,1002.0,39.0998003992016,275520198.0,6,2.369941192720349e-05
07656,U,43.1833,5.5833,POINT (5.5833 43.1833),13,2017,37000.0,1000.0,37.0,364705798.0,6,1.6908606061334587e-05
07656,U,43.1833,5.5833,POINT (5.5833 43.1833),13,2018,38151.0,1003.0,38.03688933200399,339560022.0,6,1.8725702638810644e-05
07656,U,43.1833,5.5833,POINT (5.5833 43.1833),13,2019,40902.0,1203.0,34.0,394072791.0,6,1.729883451912822e-05
07656,U,43.1833,5.5833,POINT (5.5833 43.1833),13,2020,42364.0,1190.0,35.6,289488478.0,6,2.4390147460952373e-05
07656,U,43.1833,5.5833,POINT (5.5833 43.1833),13,2021,71426.0,1775.0,40.24,352477484.0,6,3.377331566896152e-05
07656,U,43.1833,5.5833,POINT (5.5833 43.1833),13,2022,62616.0,2033.0,30.799803246433843,335353388.0,6,3.1119411264155765e-05
07656,U,43.1833,5.5833,POINT (5.5833 43.1833),13,2023,47008.0,1794.0,26.202898550724637,349936476.0,6,2.2388825412606218e-05
07656,U,43.1833,5.5833,POINT (5.5833 43.1833),13,2024,69266.0,1515.0,45.72013201320132,254503233.0,6,4.536026201809913e-05
07186,M,48.7667,7.3,POINT (7.3 48.7667),57,2011,4538000.0,73200.0,61.994535519125684,339151320.0,3,0.004460152673640388
07186,M,48.7667,7.3,POINT (7.3 48.7667),57,2012,3090000.0,51100.0,60.46966731898239,352413954.0,3,0.0029226992527089323
07186,M,48.7667,7.3,POINT (7.3 48.7667),57,2013,5440000.0,77300.0,70.3751617076326,366896248.0,3,0.00494235998110652
07186,M,48.7667,7.3,POINT (7.3 48.7667),57,2014,3724800.0,58200.0,64.0,373250696.0,3,0.0033264505955536115
07186,M,48.7667,7.3,POINT (7.3 48.7667),57,2015,5483400.0,74100.0,74.0,408852959.0,3,0.0044705558802131595
07186,M,48.7667,7.3,POINT (7.3 48.7667),57,2016,3505905.0,76050.0,46.1,275520198.0,3,0.0042415583629915946
07186,M,48.7667,7.3,POINT (7.3 48.7667),57,2017,4671000.0,77850.0,60.0,364705798.0,3,0.004269194535810478
07186,M,48.7667,7.3,POINT (7.3 48.7667),57,2018,4369200.0,66200.0,66.0,339560022.0,3,0.004289079707975752
07186,M,48.7667,7.3,POINT (7.3 48.7667),57,2019,5278500.0,76500.0,69.0,394072791.0,3,0.0044649111539395775
07186,M,48.7667,7.3,POINT (7.3 48.7667),57,2020,4629200.0,65200.0,71.0,289488478.0,3,0.00533032152895103
07186,M,48.7667,7.3,POINT (7.3 48.7667),57,2021,4992900.0,75650.0,66.0,352477484.0,3,0.004721720040421078
07186,M,48.7667,7.3,POINT (7.3 48.7667),57,2022,4479150.0,68910.0,65.0,335353388.0,3,0.004452169124947084
07186,M,48.7667,7.3,POINT (7.3 48.7667),57,2023,4355000.0,67000.0,65.0,349936476.0,3,0.0041483719652782546
07186,M,48.7667,7.3,POINT (7.3 48.7667),57,2024,3575000.0,65000.0,55.0,254503233.0,3,0.004682324277847844
07157,J,49.0167,2.5333,POINT (2.5333 49.0167),95,2011,1899506.0,25669.0,74.0,339151320.0,4,0.0014001906287730208
07157,J,49.0167,2.5333,POINT (2.5333 49.0167),95,2012,2105350.0,25675.0,82.0,352413954.0,4,0.0014935205999249395
07157,J,49.0167,2.5333,POINT (2.5333 49.0167),95,2013,2087600.0,24560.0,85.0,366896248.0,4,0.0014224729820622205
07157,J,49.0167,2.5333,POINT (2.5333 49.0167),95,2014,2114840.0,25480.0,83.0,373250696.0,4,0.0014165010425057586
07157,J,49.0167,2.5333,POINT (2.5333 49.0167),95,2015,2293655.0,25205.0,91.0,408852959.0,4,0.0014024938241916944
07157,J,49.0167,2.5333,POINT (2.5333 49.0167),95,2016,1235000.0,24700.0,50.0,275520198.0,4,0.001120607498982706
07157,J,49.0167,2.5333,POINT (2.5333 49.0167),95,2017,1990140.0,24270.0,82.0,364705798.0,4,0.0013642091864961247
07157,J,49.0167,2.5333,POINT (2.5333 49.0167),95,2018,1772155.0,23015.0,77.0,339560022.0,4,0.001304743554292737
07157,J,49.0167,2.5333,POINT (2.5333 49.0167),95,2019,2064040.0,23455.0,88.0,394072791.0,4,0.0013094281355750846
07157,J,49.0167,2.5333,POINT (2.5333 49.0167),95,2020,1652040.0,21180.0,78.0,289488478.0,4,0.0014266889060779821
07157,J,49.0167,2.5333,POINT (2.5333 49.0167),95,2021,1980795.0,23865.0,83.0,352477484.0,4,0.001404908887740472
07157,J,49.0167,2.5333,POINT (2.5333 49.0167),95,2022,1898450.0,22075.0,86.0,335353388.0,4,0.0014152607875248303
07157,J,49.0167,2.5333,POINT (2.5333 49.0167),95,2023,1904677.0,22675.0,83.99898566703418,349936476.0,4,0.001360730540133804
07157,J,49.0167,2.5333,POINT (2.5333 49.0167),95,2024,1292113.0,19646.0,65.76977501781533,254503233.0,4,0.0012692500845362543
07330,T,46.3167,-0.4,POINT (-0.4 46.3167),79,2011,5535850.0,104450.0,53.0,339151320.0,1,0.016322655031978058
07330,T,46.3167,-0.4,POINT (-0.4 46.3167),79,2012,7595650.0,104050.0,73.0,352413954.0,1,0.02155320444547437
07330,T,46.3167,-0.4,POINT (-0.4 46.3167),79,2013,6629650.0,98950.0,67.0,366896248.0,1,0.018069549732762598
07330,T,46.3167,-0.4,POINT (-0.4 46.3167),79,2014,7451500.0,106450.0,70.0,373250696.0,1,0.019963793985798756
07330,T,46.3167,-0.4,POINT (-0.4 46.3167),79,2015,7623000.0,108900.0,70.0,408852959.0,1,0.018644844881751242
07330,T,46.3167,-0.4,POINT (-0.4 46.3167),79,2016,6028400.0,107650.0,56.0,275520198.0,1,0.021880065576898287
07330,T,46.3167,-0.4,POINT (-0.4 46.3167),79,2017,6756750.0,103950.0,65.0,364705798.0,1,0.0185265768656631
07330,T,46.3167,-0.4,POINT (-0.4 46.3167),79,2018,6622850.0,101890.0,65.0,339560022.0,1,0.019504210068639942
07330,T,46.3167,-0.4,POINT (-0.4 46.3167),79,2019,7713750.0,102850.0,75.0,394072791.0,1,0.01957442933430032
07330,T,46.3167,-0.4,POINT (-0.4 46.3167),79,2020,4217740.0,79580.0,53.0,289488478.0,1,0.014569629952595212
07330,T,46.3167,-0.4,POINT (-0.4 46.3167),79,2021,6426000.0,102000.0,63.0,352477484.0,1,0.01823095173931734
07330,T,46.3167,-0.4,POINT (-0.4 46.3167),79,2022,5209635.0,98295.0,53.0,335353388.0,1,0.015534761795816417
07330,T,46.3167,-0.4,POINT (-0.4 46.3167),79,2023,6576240.0,99640.0,66.0,349936476.0,1,0.018792667958398256
07330,T,46.3167,-0.4,POINT (-0.4 46.3167),79,2024,4466000.0,81200.0,55.0,254503233.0,1,0.017547910678211306
07230,R,47.5,-0.5667,POINT (-0.5667 47.5),49,2011,5134500.0,81500.0,63.0,339151320.0,2,0.007569629981095164
07230,R,47.5,-0.5667,POINT (-0.5667 47.5),49,2012,6147000.0,81960.0,75.0,352413954.0,2,0.008721277818641654
07230,R,47.5,-0.5667,POINT (-0.5667 47.5),49,2013,4930530.0,74705.0,66.0,366896248.0,2,0.00671924287435068
07230,R,47.5,-0.5667,POINT (-0.5667 47.5),49,2014,6225408.0,86464.0,72.0,373250696.0,2,0.008339445936358013
07230,R,47.5,-0.5667,POINT (-0.5667 47.5),49,2015,6724425.0,89659.0,75.0,408852959.0,2,0.00822352492745442
07230,R,47.5,-0.5667,POINT (-0.5667 47.5),49,2016,5089701.0,89293.0,57.0,275520198.0,2,0.009236529729845795
07230,R,47.5,-0.5667,POINT (-0.5667 47.5),49,2017,5983950.0,85485.0,70.0,364705798.0,2,0.008203804316815385
07230,R,47.5,-0.5667,POINT (-0.5667 47.5),49,2018,5343488.0,83492.0,64.0,339560022.0,2,0.00786825252355532
07230,R,47.5,-0.5667,POINT (-0.5667 47.5),49,2019,6452772.0,83477.0,77.29999880206523,394072791.0,2,0.008187284363918442
07230,R,47.5,-0.5667,POINT (-0.5667 47.5),49,2020,4091784.0,70548.0,58.0,289488478.0,2,0.007067265730693433
07230,R,47.5,-0.5667,POINT (-0.5667 47.5),49,2021,5668042.0,80972.0,70.00002469989626,352477484.0,2,0.008040289461439755
07230,R,47.5,-0.5667,POINT (-0.5667 47.5),49,2022,5281568.0,79782.0,66.19999498633777,335353388.0,2,0.007874630448045452
07230,R,47.5,-0.5667,POINT (-0.5667 47.5),49,2023,5974350.0,79658.0,75.0,349936476.0,2,0.008536335034704984
07230,R,47.5,-0.5667,POINT (-0.5667 47.5),49,2024,3591448.0,64133.0,56.0,254503233.0,2,0.007055800348123672
07153,J,48.6167,2.6833,POINT (2.6833 48.6167),77,2011,11400960.0,142512.0,80.0,339151320.0,1,0.03361614514724578
07153,J,48.6167,2.6833,POINT (2.6833 48.6167),77,2012,11164230.0,137830.0,81.0,352413954.0,1,0.03167930745443752
07153,J,48.6167,2.6833,POINT (2.6833 48.6167),77,2013,11811240.0,140610.0,84.0,366896248.0,1,0.032192316123112824
07153,J,48.6167,2.6833,POINT (2.6833 48.6167),77,2014,12243440.0,139130.0,88.0,373250696.0,1,0.0328021893360381
07153,J,48.6167,2.6833,POINT (2.6833 48.6167),77,2015,12593500.0,141500.0,89.0,408852959.0,1,0.03080202728825059
07153,J,48.6167,2.6833,POINT (2.6833 48.6167),77,2016,5589600.0,139740.0,40.0,275520198.0,1,0.02028744186660319
07153,J,48.6167,2.6833,POINT (2.6833 48.6167),77,2017,11009925.0,135925.0,81.0,364705798.0,1,0.030188511014568514
07153,J,48.6167,2.6833,POINT (2.6833 48.6167),77,2018,10081225.0,130925.0,77.0,339560022.0,1,0.029689081007304212
07153,J,48.6167,2.6833,POINT (2.6833 48.6167),77,2019,11760760.0,133645.0,88.0,394072791.0,1,0.029844131004720904
07153,J,48.6167,2.6833,POINT (2.6833 48.6167),77,2020,8800715.0,114295.0,77.0,289488478.0,1,0.030400916336297157
07153,J,48.6167,2.6833,POINT (2.6833 48.6167),77,2021,10958490.0,132030.0,83.0,352477484.0,1,0.03108990076654088
07153,J,48.6167,2.6833,POINT (2.6833 48.6167),77,2022,10320700.0,121420.0,85.0,335353388.0,1,0.030775594848023422
07153,J,48.6167,2.6833,POINT (2.6833 48.6167),77,2023,10473046.0,124679.0,84.00008020596893,349936476.0,1,0.0299284204942385
07153,J,48.6167,2.6833,POINT (2.6833 48.6167),77,2024,6568190.0,109909.0,59.76025621195716,254503233.0,1,0.025807884334420224
07190,A,48.55,7.6333,POINT (7.6333 48.55),67,2011,2020050.0,30150.0,67.0,339151320.0,2,0.0029780954412915155
07190,A,48.55,7.6333,POINT (7.6333 48.55),67,2012,1373600.0,20200.0,68.0,352413954.0,2,0.0019488445114179559
07190,A,48.55,7.6333,POINT (7.6333 48.55),67,2013,2174400.0,30200.0,72.0,366896248.0,2,0.0029632355357310713
07190,A,48.55,7.6333,POINT (7.6333 48.55),67,2014,2019477.0,27290.0,74.00062293880542,373250696.0,2,0.0027052555047345443
07190,A,48.55,7.6333,POINT (7.6333 48.55),67,2015,2510750.0,30250.0,83.0,408852959.0,2,0.003070480407113796
07190,A,48.55,7.6333,POINT (7.6333 48.55),67,2016,1641823.0,33713.0,48.69999703378519,275520198.0,2,0.002979496624781026
07190,A,48.55,7.6333,POINT (7.6333 48.55),67,2017,2363400.0,30300.0,78.0,364705798.0,2,0.0032401459107047155
07190,A,48.55,7.6333,POINT (7.6333 48.55),67,2018,2224800.0,30900.0,72.0,339560022.0,2,0.003276004028530779
07190,A,48.55,7.6333,POINT (7.6333 48.55),67,2019,2409200.0,31700.0,76.0,394072791.0,2,0.00305679566697108
07190,A,48.55,7.6333,POINT (7.6333 48.55),67,2020,2427040.0,31520.0,77.0,289488478.0,2,0.0041919457671817945
07190,A,48.55,7.6333,POINT (7.6333 48.55),67,2021,2397600.0,33300.0,72.0,352477484.0,2,0.003401068307670966
07190,A,48.55,7.6333,POINT (7.6333 48.55),67,2022,2270232.0,31531.0,72.0,335353388.0,2,0.00338483534271018
07190,A,48.55,7.6333,POINT (7.6333 48.55),67,2023,2427887.0,31531.0,77.0,349936476.0,2,0.0034690396207796297
07190,A,48.55,7.6333,POINT (7.6333 48.55),67,2024,1950000.0,30000.0,65.0,254503233.0,2,0.0038309925909664182
07438,L,45.15,1.4667,POINT (1.4667 45.15),19,2011,118560.0,2280.0,52.0,339151320.0,1,0.00034957847134429554
07438,L,45.15,1.4667,POINT (1.4667 45.15),19,2012,126500.0,2300.0,55.0,352413954.0,1,0.000358952869386097
07438,L,45.15,1.4667,POINT (1.4667 45.15),19,2013,137500.0,2750.0,50.0,366896248.0,1,0.00037476534783206615
07438,L,45.15,1.4667,POINT (1.4667 45.15),19,2014,165300.0,2850.0,58.0,373250696.0,1,0.000442865885506614
07438,L,45.15,1.4667,POINT (1.4667 45.15),19,2015,192600.0,3210.0,60.0,408852959.0,1,0.0004710740029155567
07438,L,45.15,1.4667,POINT (1.4667 45.15),19,2016,154206.0,3954.0,39.0,275520198.0,1,0.0005596903643340152
07438,L,45.15,1.4667,POINT (1.4667 45.15),19,2017,187832.0,3544.0,53.0,364705798.0,1,0.0005150233449263672
07438,L,45.15,1.4667,POINT (1.4667 45.15),19,2018,160800.0,3350.0,48.0,339560022.0,1,0.00047355398039171994
07438,L,45.15,1.4667,POINT (1.4667 45.15),19,2019,198000.0,3300.0,60.0,394072791.0,1,0.0005024452449446072
07438,L,45.15,1.4667,POINT (1.4667 45.15),19,2020,112140.0,2670.0,42.0,289488478.0,1,0.00038737293026218475
07438,L,45.15,1.4667,POINT (1.4667 45.15),19,2021,154560.0,3220.0,48.0,352477484.0,1,0.00043849609412214256
07438,L,45.15,1.4667,POINT (1.4667 45.15),19,2022,149940.0,3060.0,49.0,335353388.0,1,0.00044711043742310427
07438,L,45.15,1.4667,POINT (1.4667 45.15),19,2023,177550.0,3350.0,53.0,349936476.0,1,0.0005073778019071096
07438,L,45.15,1.4667,POINT (1.4667 45.15),19,2024,101400.0,2600.0,39.0,254503233.0,1,0.00039842322946050747
07203,E,47.65,-3.5,POINT (-3.5 47.65),56,2011,3994900.0,57070.0,70.0,339151320.0,4,0.0029447769803756033
07203,E,47.65,-3.5,POINT (-3.5 47.65),56,2012,4009590.0,58110.0,69.0,352413954.0,4,0.0028443751690944677
07203,E,47.65,-3.5,POINT (-3.5 47.65),56,2013,4282500.0,57100.0,75.0,366896248.0,4,0.0029180592765287697
07203,E,47.65,-3.5,POINT (-3.5 47.65),56,2014,4629008.0,60908.0,76.0,373250696.0,4,0.0031004684315444654
07203,E,47.65,-3.5,POINT (-3.5 47.65),56,2015,4898000.0,62000.0,79.0,408852959.0,4,0.0029949642604885736
07203,E,47.65,-3.5,POINT (-3.5 47.65),56,2016,4297600.0,63200.0,68.0,275520198.0,4,0.003899532621561197
07203,E,47.65,-3.5,POINT (-3.5 47.65),56,2017,4818700.0,62500.0,77.0992,364705798.0,4,0.0033031418930170122
07203,E,47.65,-3.5,POINT (-3.5 47.65),56,2018,4288000.0,62150.0,68.994368463395,339560022.0,4,0.0031570265359447997
07203,E,47.65,-3.5,POINT (-3.5 47.65),56,2019,4886000.0,62005.0,78.80009676638981,394072791.0,4,0.0030996811449486754
07203,E,47.65,-3.5,POINT (-3.5 47.65),56,2020,3282700.0,48375.0,67.8594315245478,289488478.0,4,0.0028349142102988985
07203,E,47.65,-3.5,POINT (-3.5 47.65),56,2021,4546510.0,61170.0,74.32581330717672,352477484.0,4,0.003224681154385453
07203,E,47.65,-3.5,POINT (-3.5 47.65),56,2022,4563938.0,61187.0,74.5899946066975,335353388.0,4,0.0034023347931704806
07203,E,47.65,-3.5,POINT (-3.5 47.65),56,2023,4389708.0,61138.0,71.7999934574242,349936476.0,4,0.0031360749029203804
07203,E,47.65,-3.5,POINT (-3.5 47.65),56,2024,3623787.0,55554.0,65.22999243978832,254503233.0,4,0.003559666961087288
07057,S,49.25,2.5167,POINT (2.5167 49.25),60,2011,11376680.0,162524.0,70.0,339151320.0,2,0.016772277342161017
07057,S,49.25,2.5167,POINT (2.5167 49.25),60,2012,13423702.0,162909.0,82.40000245535852,352413954.0,2,0.019045361069896797
07057,S,49.25,2.5167,POINT (2.5167 49.25),60,2013,14358882.0,162430.0,88.40043095487287,366896248.0,2,0.019568041480762157
07057,S,49.25,2.5167,POINT (2.5167 49.25),60,2014,14224500.0,163500.0,87.0,373250696.0,2,0.019054887442192473
07057,S,49.25,2.5167,POINT (2.5167 49.25),60,2015,15270600.0,164200.0,93.0,408852959.0,2,0.01867492904704647
07057,S,49.25,2.5167,POINT (2.5167 49.25),60,2016,8382400.0,161200.0,52.0,275520198.0,2,0.015211951901979978
07057,S,49.25,2.5167,POINT (2.5167 49.25),60,2017,13006100.0,156700.0,83.0,364705798.0,2,0.017830947672512736
07057,S,49.25,2.5167,POINT (2.5167 49.25),60,2018,12555000.0,155000.0,81.0,339560022.0,2,0.018487158656150634
07057,S,49.25,2.5167,POINT (2.5167 49.25),60,2019,14117740.0,155140.0,91.0,394072791.0,2,0.01791260437465727
07057,S,49.25,2.5167,POINT (2.5167 49.25),60,2020,11984370.0,144390.0,83.0,289488478.0,2,0.020699217604094072
07057,S,49.25,2.5167,POINT (2.5167 49.25),60,2021,12690700.0,152900.0,83.0,352477484.0,2,0.018002142797864502
07057,S,49.25,2.5167,POINT (2.5167 49.25),60,2022,12532525.0,147441.0,85.00027129495867,335353388.0,2,0.01868555000255432
07057,S,49.25,2.5167,POINT (2.5167 49.25),60,2023,12677088.0,147408.0,86.0,349936476.0,2,0.01811341324703744
07057,S,49.25,2.5167,POINT (2.5167 49.25),60,2024,9208094.0,133451.0,68.99981266532285,254503233.0,2,0.018090328149190937
07240,F,47.45,0.7167,POINT (0.7167 47.45),37,2011,6478600.0,111700.0,58.0,339151320.0,1,0.019102387689365324
07240,F,47.45,0.7167,POINT (0.7167 47.45),37,2012,7831500.0,113500.0,69.0,352413954.0,1,0.022222445822902916
07240,F,47.45,0.7167,POINT (0.7167 47.45),37,2013,6080000.0,95000.0,64.0,366896248.0,1,0.016571442289592453
07240,F,47.45,0.7167,POINT (0.7167 47.45),37,2014,7210845.0,104505.0,69.0,373250696.0,1,0.01931903966228639
07240,F,47.45,0.7167,POINT (0.7167 47.45),37,2015,8428600.0,113900.0,74.0,408852959.0,1,0.020615235415233964
07240,F,47.45,0.7167,POINT (0.7167 47.45),37,2016,5154990.0,112065.0,46.0,275520198.0,1,0.018710025752812505
07240,F,47.45,0.7167,POINT (0.7167 47.45),37,2017,7574635.0,106685.0,71.0,364705798.0,1,0.02076916528757791
07240,F,47.45,0.7167,POINT (0.7167 47.45),37,2018,6720840.0,106680.0,63.0,339560022.0,1,0.019792789387909748
07240,F,47.45,0.7167,POINT (0.7167 47.45),37,2019,7997338.0,105925.0,75.50000472032099,394072791.0,1,0.020294062880377856
07240,F,47.45,0.7167,POINT (0.7167 47.45),37,2020,4245300.0,80100.0,53.0,289488478.0,1,0.014664832359925564
07240,F,47.45,0.7167,POINT (0.7167 47.45),37,2021,7057040.0,103780.0,68.0,352477484.0,1,0.020021250492130726
07240,F,47.45,0.7167,POINT (0.7167 47.45),37,2022,6203610.0,98470.0,63.0,335353388.0,1,0.018498724694560115
07240,F,47.45,0.7167,POINT (0.7167 47.45),37,2023,6816710.0,96010.0,71.0,349936476.0,1,0.01947984982280041
07240,F,47.45,0.7167,POINT (0.7167 47.45),37,2024,4719315.0,82795.0,57.0,254503233.0,1,0.018543241845576083
07235,R,47.9333,0.2,POINT (0.2 47.9333),72,2011,5504000.0,86000.0,64.0,339151320.0,1,0.01622874414877701
07235,R,47.9333,0.2,POINT (0.2 47.9333),72,2012,6455390.0,87235.0,74.0,352413954.0,1,0.01831763449412108
07235,R,47.9333,0.2,POINT (0.2 47.9333),72,2013,5286750.0,75525.0,70.0,366896248.0,1,0.014409386928372186
07235,R,47.9333,0.2,POINT (0.2 47.9333),72,2014,6661184.0,90016.0,74.0,373250696.0,1,0.017846407445145127
07235,R,47.9333,0.2,POINT (0.2 47.9333),72,2015,7256480.0,90706.0,80.0,408852959.0,1,0.017748385673295324
07235,R,47.9333,0.2,POINT (0.2 47.9333),72,2016,4696182.0,92082.0,51.0,275520198.0,1,0.017044783047085354
07235,R,47.9333,0.2,POINT (0.2 47.9333),72,2017,6550554.0,88521.0,74.0,364705798.0,1,0.017961200605864786
07235,R,47.9333,0.2,POINT (0.2 47.9333),72,2018,5668544.0,88571.0,64.0,339560022.0,1,0.016693790884487573
07235,R,47.9333,0.2,POINT (0.2 47.9333),72,2019,7107192.0,88508.0,80.29999548063452,394072791.0,1,0.018035226390446225
07235,R,47.9333,0.2,POINT (0.2 47.9333),72,2020,3884490.0,71935.0,54.0,289488478.0,1,0.013418461511272997
07235,R,47.9333,0.2,POINT (0.2 47.9333),72,2021,6469848.0,89859.0,72.0,352477484.0,1,0.018355351174715036
07235,R,47.9333,0.2,POINT (0.2 47.9333),72,2022,5736179.0,81249.0,70.59999507686248,335353388.0,1,0.017104878630300285
07235,R,47.9333,0.2,POINT (0.2 47.9333),72,2023,6673914.0,85563.0,78.0,349936476.0,1,0.019071787189169728
07235,R,47.9333,0.2,POINT (0.2 47.9333),72,2024,3991736.0,71281.0,56.0,254503233.0,1,0.015684421580609155
LFMU0,K,43.3167,3.35,POINT (3.35 43.3167),34,2011,31200.0,820.0,38.048780487804876,339151320.0,4,2.2998583641072072e-05
LFMU0,K,43.3167,3.35,POINT (3.35 43.3167),34,2012,36480.0,960.0,38.0,352413954.0,4,2.587865746087909e-05
LFMU0,K,43.3167,3.35,POINT (3.35 43.3167),34,2013,78075.0,1735.0,45.0,366896248.0,4,5.319964460361557e-05
LFMU0,K,43.3167,3.35,POINT (3.35 43.3167),34,2014,39820.0,1810.0,22.0,373250696.0,4,2.6671082215476966e-05
LFMU0,K,43.3167,3.35,POINT (3.35 43.3167),34,2015,74370.0,2010.0,37.0,408852959.0,4,4.5474784004192566e-05
LFMU0,K,43.3167,3.35,POINT (3.35 43.3167),34,2016,50960.0,1820.0,28.0,275520198.0,4,4.6239804168549556e-05
LFMU0,K,43.3167,3.35,POINT (3.35 43.3167),34,2017,98230.0,2090.0,47.0,364705798.0,4,6.733509621911742e-05
LFMU0,K,43.3167,3.35,POINT (3.35 43.3167),34,2018,90650.0,2590.0,35.0,339560022.0,4,6.674077786459797e-05
LFMU0,K,43.3167,3.35,POINT (3.35 43.3167),34,2019,69500.0,2780.0,25.0,394072791.0,4,4.409083904501288e-05
LFMU0,K,43.3167,3.35,POINT (3.35 43.3167),34,2020,122400.0,3600.0,34.0,289488478.0,4,0.00010570368883558813
LFMU0,K,43.3167,3.35,POINT (3.35 43.3167),34,2021,111680.0,3490.0,32.0,352477484.0,4,7.921073335850298e-05
LFMU0,K,43.3167,3.35,POINT (3.35 43.3167),34,2022,111475.0,3185.0,35.0,335353388.0,4,8.310263440666357e-05
LFMU0,K,43.3167,3.35,POINT (3.35 43.3167),34,2023,80000.0,3200.0,25.0,349936476.0,4,5.715323029085999e-05
LFMU0,K,43.3167,3.35,POINT (3.35 43.3167),34,2024,105995.0,2465.0,43.0,254503233.0,4,0.00010411950248191935
07428,B,45.2,0.8167,POINT (0.8167 45.2),24,2011,1158280.0,25180.0,46.0,339151320.0,2,0.001707615349985959
07428,B,45.2,0.8167,POINT (0.8167 45.2),24,2012,1618200.0,26970.0,60.0,352413954.0,2,0.0022958795780260166
07428,B,45.2,0.8167,POINT (0.8167 45.2),24,2013,1485000.0,27000.0,55.0,366896248.0,2,0.0020237328782931573
07428,B,45.2,0.8167,POINT (0.8167 45.2),24,2014,1346800.0,25900.0,52.0,373250696.0,2,0.0018041493484582812
07428,B,45.2,0.8167,POINT (0.8167 45.2),24,2015,1649050.0,27950.0,59.0,408852959.0,2,0.002016678568296726
07428,B,45.2,0.8167,POINT (0.8167 45.2),24,2016,1440600.0,29400.0,49.0,275520198.0,2,0.002614327389529533
07428,B,45.2,0.8167,POINT (0.8167 45.2),24,2017,1483920.0,27480.0,54.0,364705798.0,2,0.0020344069221515364
07428,B,45.2,0.8167,POINT (0.8167 45.2),24,2018,1357365.0,26615.0,51.0,339560022.0,2,0.0019987114384154444
07428,B,45.2,0.8167,POINT (0.8167 45.2),24,2019,1762200.0,26700.0,66.0,394072791.0,2,0.0022358813400035022
07428,B,45.2,0.8167,POINT (0.8167 45.2),24,2020,755640.0,16792.0,45.0,289488478.0,2,0.0013051296639170558
07428,B,45.2,0.8167,POINT (0.8167 45.2),24,2021,1354560.0,26560.0,51.0,352477484.0,2,0.00192148443728678
07428,B,45.2,0.8167,POINT (0.8167 45.2),24,2022,1059300.0,24075.0,44.0,335353388.0,2,0.0015793787060233906
07428,B,45.2,0.8167,POINT (0.8167 45.2),24,2023,1390480.0,24830.0,56.0,349936476.0,2,0.001986760591370875
07428,B,45.2,0.8167,POINT (0.8167 45.2),24,2024,651200.0,14800.0,44.0,254503233.0,2,0.0012793550642242726
07143,F,48.4667,1.5167,POINT (1.5167 48.4667),28,2011,12225600.0,169800.0,72.0,339151320.0,2,0.01802381308732633
07143,F,48.4667,1.5167,POINT (1.5167 48.4667),28,2012,13489000.0,164500.0,82.0,352413954.0,2,0.01913800496106349
07143,F,48.4667,1.5167,POINT (1.5167 48.4667),28,2013,13689000.0,169000.0,81.0,366896248.0,2,0.01865513762353874
07143,F,48.4667,1.5167,POINT (1.5167 48.4667),28,2014,15075600.0,177360.0,85.0,373250696.0,2,0.020195005878836995
07143,F,48.4667,1.5167,POINT (1.5167 48.4667),28,2015,14935620.0,173670.0,86.0,408852959.0,2,0.018265270766940934
07143,F,48.4667,1.5167,POINT (1.5167 48.4667),28,2016,8974530.0,165195.0,54.32688640697358,275520198.0,2,0.016286519219182616
07143,F,48.4667,1.5167,POINT (1.5167 48.4667),28,2017,13267358.0,166885.0,79.50000299607514,364705798.0,2,0.018189124045678046
07143,F,48.4667,1.5167,POINT (1.5167 48.4667),28,2018,12609905.0,163765.0,77.0,339560022.0,2,0.018568005923854016
07143,F,48.4667,1.5167,POINT (1.5167 48.4667),28,2019,14056200.0,164400.0,85.5,394072791.0,2,0.01783452235351108
07143,F,48.4667,1.5167,POINT (1.5167 48.4667),28,2020,10455550.0,149365.0,70.0,289488478.0,2,0.018058663460864925
07143,F,48.4667,1.5167,POINT (1.5167 48.4667),28,2021,13372545.0,161115.0,83.0,352477484.0,2,0.018969360607442375
07143,F,48.4667,1.5167,POINT (1.5167 48.4667),28,2022,12641315.0,152305.0,83.0,335353388.0,2,0.018847752031656825
07143,F,48.4667,1.5167,POINT (1.5167 48.4667),28,2023,12051990.0,148790.0,81.0,349936476.0,2,0.017220253998328543
07143,F,48.4667,1.5167,POINT (1.5167 48.4667),28,2024,9243920.0,135940.0,68.0,254503233.0,2,0.018160712323839125
07005,S,50.1333,1.8333,POINT (1.8333 50.1333),80,2011,16525740.0,196735.0,84.0,339151320.0,3,0.016242248445325232
07005,S,50.1333,1.8333,POINT (1.8333 50.1333),80,2012,16825580.0,197748.0,85.08596799967636,352413954.0,3,0.015914598735402703
07005,S,50.1333,1.8333,POINT (1.8333 50.1333),80,2013,18316443.0,196951.0,93.0,366896248.0,3,0.016640892441069605
07005,S,50.1333,1.8333,POINT (1.8333 50.1333),80,2014,18109000.0,199492.0,90.77556994766708,373250696.0,3,0.016172329745189097
07005,S,50.1333,1.8333,POINT (1.8333 50.1333),80,2015,20049282.0,202518.0,99.0,408852959.0,3,0.016345959721915576
07005,S,50.1333,1.8333,POINT (1.8333 50.1333),80,2016,11587600.0,196400.0,59.0,275520198.0,3,0.014019056901713366
07005,S,50.1333,1.8333,POINT (1.8333 50.1333),80,2017,16843200.0,191400.0,88.0,364705798.0,3,0.01539432614120382
07005,S,50.1333,1.8333,POINT (1.8333 50.1333),80,2018,15897000.0,189250.0,84.0,339560022.0,3,0.015605488445868931
07005,S,50.1333,1.8333,POINT (1.8333 50.1333),80,2019,18287500.0,192500.0,95.0,394072791.0,3,0.015468800365192768
07005,S,50.1333,1.8333,POINT (1.8333 50.1333),80,2020,16753100.0,184100.0,91.0,289488478.0,3,0.019290462629972676
07005,S,50.1333,1.8333,POINT (1.8333 50.1333),80,2021,16193300.0,195100.0,83.0,352477484.0,3,0.015313791409912203
07005,S,50.1333,1.8333,POINT (1.8333 50.1333),80,2022,17464572.0,189832.0,92.00014749884107,335353388.0,3,0.017359371362605704
07005,S,50.1333,1.8333,POINT (1.8333 50.1333),80,2023,16790028.0,188652.0,89.0,349936476.0,3,0.015993405614566455
07005,S,50.1333,1.8333,POINT (1.8333 50.1333),80,2024,13064431.0,174192.0,75.00017796454487,254503233.0,3,0.01711102166365538
07645,K,43.8667,4.4,POINT (4.4 43.8667),30,2011,55800.0,1550.0,36.0,339151320.0,4,4.1132082281148134e-05
07645,K,43.8667,4.4,POINT (4.4 43.8667),30,2012,80660.0,2180.0,37.0,352413954.0,4,5.721964119502487e-05
07645,K,43.8667,4.4,POINT (4.4 43.8667),30,2013,171350.0,3725.0,46.0,366896248.0,4,0.00011675644063822642
07645,K,43.8667,4.4,POINT (4.4 43.8667),30,2014,136400.0,4400.0,31.0,373250696.0,4,9.135950814141282e-05
07645,K,43.8667,4.4,POINT (4.4 43.8667),30,2015,125580.0,2990.0,42.0,408852959.0,4,7.678799751575235e-05
07645,K,43.8667,4.4,POINT (4.4 43.8667),30,2016,123840.0,2580.0,48.0,275520198.0,4,0.00011236925722592578
07645,K,43.8667,4.4,POINT (4.4 43.8667),30,2017,107310.0,2190.0,49.0,364705798.0,4,7.355929120710058e-05
07645,K,43.8667,4.4,POINT (4.4 43.8667),30,2018,78255.0,2115.0,37.0,339560022.0,4,5.761499803413253e-05
07645,K,43.8667,4.4,POINT (4.4 43.8667),30,2019,90200.0,2200.0,41.0,394072791.0,4,5.722293067424693e-05
07645,K,43.8667,4.4,POINT (4.4 43.8667),30,2020,66980.0,1970.0,34.0,289488478.0,4,5.784340750169684e-05
07645,K,43.8667,4.4,POINT (4.4 43.8667),30,2021,95940.0,2340.0,41.0,352477484.0,4,6.80468996992727e-05
07645,K,43.8667,4.4,POINT (4.4 43.8667),30,2022,89880.0,2140.0,42.0,335353388.0,4,6.700394510402263e-05
07645,K,43.8667,4.4,POINT (4.4 43.8667),30,2023,74520.0,2070.0,36.0,349936476.0,4,5.323823401593608e-05
07645,K,43.8667,4.4,POINT (4.4 43.8667),30,2024,82320.0,1680.0,49.0,254503233.0,4,8.086341284316809e-05
07200,E,47.8,-4.3667,POINT (-4.3667 47.8),29,2011,2833560.0,55560.0,51.0,339151320.0,7,0.0011935506714651316
07200,E,47.8,-4.3667,POINT (-4.3667 47.8),29,2012,3256800.0,55200.0,59.0,352413954.0,7,0.001320200683248606
07200,E,47.8,-4.3667,POINT (-4.3667 47.8),29,2013,3700000.0,50000.0,74.0,366896248.0,7,0.0014406564020557346
07200,E,47.8,-4.3667,POINT (-4.3667 47.8),29,2014,3811000.0,51500.0,74.0,373250696.0,7,0.0014586136804647014
07200,E,47.8,-4.3667,POINT (-4.3667 47.8),29,2015,3774000.0,51000.0,74.0,408852959.0,7,0.0013186717749616608
07200,E,47.8,-4.3667,POINT (-4.3667 47.8),29,2016,3434000.0,50500.0,68.0,275520198.0,7,0.0017805280053240548
07200,E,47.8,-4.3667,POINT (-4.3667 47.8),29,2017,3767300.0,50500.0,74.6,364705798.0,7,0.001475670848220829
07200,E,47.8,-4.3667,POINT (-4.3667 47.8),29,2018,3536480.0,49600.0,71.3,339560022.0,7,0.001487841311812109
07200,E,47.8,-4.3667,POINT (-4.3667 47.8),29,2019,3800000.0,50300.0,75.54671968190856,394072791.0,7,0.001377555505620135
07200,E,47.8,-4.3667,POINT (-4.3667 47.8),29,2020,3048000.0,43805.0,69.58109804816802,289488478.0,7,0.0015041309223663521
07200,E,47.8,-4.3667,POINT (-4.3667 47.8),29,2021,3504540.0,50115.0,69.92996108949416,352477484.0,7,0.001420370361667049
07200,E,47.8,-4.3667,POINT (-4.3667 47.8),29,2022,3438664.0,49399.0,69.60999210510334,335353388.0,7,0.0014648359964853383
07200,E,47.8,-4.3667,POINT (-4.3667 47.8),29,2023,3416415.0,49016.0,69.69999591969969,349936476.0,7,0.0013947082376010603
07200,E,47.8,-4.3667,POINT (-4.3667 47.8),29,2024,2843160.0,44080.0,64.5,254503233.0,7,0.001595915735521184
07579,U,44.1333,4.8333,POINT (4.8333 44.1333),84,2011,61598.0,1621.0,38.0,339151320.0,5,3.632478859289122e-05
07579,U,44.1333,4.8333,POINT (4.8333 44.1333),84,2012,66707.0,1627.0,41.0,352413954.0,5,3.78571842816417e-05
07579,U,44.1333,4.8333,POINT (4.8333 44.1333),84,2013,103630.0,2410.0,43.0,366896248.0,5,5.649008435758111e-05
07579,U,44.1333,4.8333,POINT (4.8333 44.1333),84,2014,105552.0,2932.0,36.0,373250696.0,5,5.65582334506886e-05
07579,U,44.1333,4.8333,POINT (4.8333 44.1333),84,2015,92736.0,2576.0,36.0,408852959.0,5,4.5363986224690624e-05
07579,U,44.1333,4.8333,POINT (4.8333 44.1333),84,2016,93520.0,2338.0,40.0,275520198.0,5,6.788613007602441e-05
07579,U,44.1333,4.8333,POINT (4.8333 44.1333),84,2017,53700.0,1852.0,28.995680345572353,364705798.0,5,2.9448393907902722e-05
07579,U,44.1333,4.8333,POINT (4.8333 44.1333),84,2018,56268.0,1905.0,29.53700787401575,339560022.0,5,3.31417106575638e-05
07579,U,44.1333,4.8333,POINT (4.8333 44.1333),84,2019,55902.0,2082.0,26.85014409221902,394072791.0,5,2.8371408164538823e-05
07579,U,44.1333,4.8333,POINT (4.8333 44.1333),84,2020,51000.0,1700.0,30.0,289488478.0,5,3.523456294519604e-05
07579,U,44.1333,4.8333,POINT (4.8333 44.1333),84,2021,77797.0,2189.0,35.53997259022385,352477484.0,5,4.414296148346315e-05
07579,U,44.1333,4.8333,POINT (4.8333 44.1333),84,2022,44973.0,2197.0,20.470186618115612,335353388.0,5,2.682125877314828e-05
07579,U,44.1333,4.8333,POINT (4.8333 44.1333),84,2023,45896.0,2049.0,22.39921913128355,349936476.0,5,2.62310465742931e-05
07579,U,44.1333,4.8333,POINT (4.8333 44.1333),84,2024,62141.0,2013.0,30.86984600099354,254503233.0,5,4.8833171404152656e-05
07684,U,43.55,6.95,POINT (6.95 43.55),06,2011,532.0,14.0,38.0,339151320.0,1,1.568621345775685e-06
07684,U,43.55,6.95,POINT (6.95 43.55),06,2012,400.0,10.0,40.0,352413954.0,1,1.1350288360034687e-06
07684,U,43.55,6.95,POINT (6.95 43.55),06,2013,304.0,8.0,38.0,366896248.0,1,8.285721144796226e-07
07684,U,43.55,6.95,POINT (6.95 43.55),06,2014,200.0,5.0,40.0,373250696.0,1,5.358328923250019e-07
07684,U,43.55,6.95,POINT (6.95 43.55),06,2015,320.0,8.0,40.0,408852959.0,1,7.826774710954214e-07
07684,U,43.55,6.95,POINT (6.95 43.55),06,2016,336.0,8.0,42.0,275520198.0,1,1.2195113187309775e-06
07684,U,43.55,6.95,POINT (6.95 43.55),06,2017,300.0,11.0,27.272727272727273,364705798.0,1,8.225808354162771e-07
07684,U,43.55,6.95,POINT (6.95 43.55),06,2018,360.0,9.0,40.0,339560022.0,1,1.0601954784889253e-06
07684,U,43.55,6.95,POINT (6.95 43.55),06,2019,416.0,13.0,32.0,394072791.0,1,1.0556425348331141e-06
07684,U,43.55,6.95,POINT (6.95 43.55),06,2020,240.0,6.0,40.0,289488478.0,1,8.290485398869657e-07
07684,U,43.55,6.95,POINT (6.95 43.55),06,2021,200.0,10.0,20.0,352477484.0,1,5.674121300752362e-07
07684,U,43.55,6.95,POINT (6.95 43.55),06,2022,189.0,9.0,21.0,335353388.0,1,5.635845849871062e-07
07684,U,43.55,6.95,POINT (6.95 43.55),06,2023,778.0,31.0,25.096774193548388,349936476.0,1,2.2232606583144535e-06
07684,U,43.55,6.95,POINT (6.95 43.55),06,2024,384.0,13.0,29.53846153846154,254503233.0,1,1.5088216973652354e-06
07296,I,47.5917,6.8369,POINT (6.8369 47.5917),90,2011,199080.0,2765.0,72.0,339151320.0,2,0.00029349730969645054
07296,I,47.5917,6.8369,POINT (6.8369 47.5917),90,2012,146400.0,2400.0,61.0,352413954.0,2,0.0002077102769886348
07296,I,47.5917,6.8369,POINT (6.8369 47.5917),90,2013,158275.0,2435.0,65.0,366896248.0,2,0.00021569449246589188
07296,I,47.5917,6.8369,POINT (6.8369 47.5917),90,2014,197580.0,2670.0,74.0,373250696.0,2,0.00026467465716393466
07296,I,47.5917,6.8369,POINT (6.8369 47.5917),90,2015,193460.0,2845.0,68.0,408852959.0,2,0.00023658872430956285
07296,I,47.5917,6.8369,POINT (6.8369 47.5917),90,2016,151450.0,3029.0,50.0,275520198.0,2,0.0002748437339610216
07296,I,47.5917,6.8369,POINT (6.8369 47.5917),90,2017,233600.0,2905.0,80.4130808950086,364705798.0,2,0.0003202581385887372
07296,I,47.5917,6.8369,POINT (6.8369 47.5917),90,2018,182000.0,2800.0,65.0,339560022.0,2,0.00026799385706247834
07296,I,47.5917,6.8369,POINT (6.8369 47.5917),90,2019,232260.0,2940.0,79.0,394072791.0,2,0.0002946917489667537
07296,I,47.5917,6.8369,POINT (6.8369 47.5917),90,2020,222600.0,2650.0,84.0,289488478.0,2,0.0003844712603725804
07296,I,47.5917,6.8369,POINT (6.8369 47.5917),90,2021,183000.0,3000.0,61.0,352477484.0,2,0.0002595910495094206
07296,I,47.5917,6.8369,POINT (6.8369 47.5917),90,2022,180900.0,2700.0,67.0,335353388.0,2,0.0002697154799581151
07296,I,47.5917,6.8369,POINT (6.8369 47.5917),90,2023,195000.0,3000.0,65.0,349936476.0,2,0.00027862199766794246
07296,I,47.5917,6.8369,POINT (6.8369 47.5917),90,2024,137800.0,2600.0,53.0,254503233.0,2,0.0002707234764282935
07116,E,48.75,-4.0167,POINT (-4.0167 48.75),29,2011,2833560.0,55560.0,51.0,339151320.0,7,0.0011935506714651316
07116,E,48.75,-4.0167,POINT (-4.0167 48.75),29,2012,3256800.0,55200.0,59.0,352413954.0,7,0.001320200683248606
07116,E,48.75,-4.0167,POINT (-4.0167 48.75),29,2013,3700000.0,50000.0,74.0,366896248.0,7,0.0014406564020557346
07116,E,48.75,-4.0167,POINT (-4.0167 48.75),29,2014,3811000.0,51500.0,74.0,373250696.0,7,0.0014586136804647014
07116,E,48.75,-4.0167,POINT (-4.0167 48.75),29,2015,3774000.0,51000.0,74.0,408852959.0,7,0.0013186717749616608
07116,E,48.75,-4.0167,POINT (-4.0167 48.75),29,2016,3434000.0,50500.0,68.0,275520198.0,7,0.0017805280053240548
07116,E,48.75,-4.0167,POINT (-4.0167 48.75),29,2017,3767300.0,50500.0,74.6,364705798.0,7,0.001475670848220829
07116,E,48.75,-4.0167,POINT (-4.0167 48.75),29,2018,3536480.0,49600.0,71.3,339560022.0,7,0.001487841311812109
07116,E,48.75,-4.0167,POINT (-4.0167 48.75),29,2019,3800000.0,50300.0,75.54671968190856,394072791.0,7,0.001377555505620135
07116,E,48.75,-4.0167,POINT (-4.0167 48.75),29,2020,3048000.0,43805.0,69.58109804816802,289488478.0,7,0.0015041309223663521
07116,E,48.75,-4.0167,POINT (-4.0167 48.75),29,2021,3504540.0,50115.0,69.92996108949416,352477484.0,7,0.001420370361667049
07116,E,48.75,-4.0167,POINT (-4.0167 48.75),29,2022,3438664.0,49399.0,69.60999210510334,335353388.0,7,0.0014648359964853383
07116,E,48.75,-4.0167,POINT (-4.0167 48.75),29,2023,3416415.0,49016.0,69.69999591969969,349936476.0,7,0.0013947082376010603
07116,E,48.75,-4.0167,POINT (-4.0167 48.75),29,2024,2843160.0,44080.0,64.5,254503233.0,7,0.001595915735521184
07650,U,43.45,5.2333,POINT (5.2333 43.45),13,2011,21450.0,550.0,39.0,339151320.0,6,1.0541017502158034e-05
07650,U,43.45,5.2333,POINT (5.2333 43.45),13,2012,0.0,0.0,,352413954.0,6,0.0
07650,U,43.45,5.2333,POINT (5.2333 43.45),13,2013,54760.0,1369.0,40.0,366896248.0,6,2.4875333875495686e-05
07650,U,43.45,5.2333,POINT (5.2333 43.45),13,2014,50985.0,1545.0,33.0,373250696.0,6,2.2766200012658517e-05
07650,U,43.45,5.2333,POINT (5.2333 43.45),13,2015,62440.0,1561.0,40.0,408852959.0,6,2.5453323591249016e-05
07650,U,43.45,5.2333,POINT (5.2333 43.45),13,2016,39178.0,1002.0,39.0998003992016,275520198.0,6,2.369941192720349e-05
07650,U,43.45,5.2333,POINT (5.2333 43.45),13,2017,37000.0,1000.0,37.0,364705798.0,6,1.6908606061334587e-05
07650,U,43.45,5.2333,POINT (5.2333 43.45),13,2018,38151.0,1003.0,38.03688933200399,339560022.0,6,1.8725702638810644e-05
07650,U,43.45,5.2333,POINT (5.2333 43.45),13,2019,40902.0,1203.0,34.0,394072791.0,6,1.729883451912822e-05
07650,U,43.45,5.2333,POINT (5.2333 43.45),13,2020,42364.0,1190.0,35.6,289488478.0,6,2.4390147460952373e-05
07650,U,43.45,5.2333,POINT (5.2333 43.45),13,2021,71426.0,1775.0,40.24,352477484.0,6,3.377331566896152e-05
07650,U,43.45,5.2333,POINT (5.2333 43.45),13,2022,62616.0,2033.0,30.799803246433843,335353388.0,6,3.1119411264155765e-05
07650,U,43.45,5.2333,POINT (5.2333 43.45),13,2023,47008.0,1794.0,26.202898550724637,349936476.0,6,2.2388825412606218e-05
07650,U,43.45,5.2333,POINT (5.2333 43.45),13,2024,69266.0,1515.0,45.72013201320132,254503233.0,6,4.536026201809913e-05
07497,V,45.6167,6.7667,POINT (6.7667 45.6167),73,2011,52250.0,950.0,55.0,339151320.0,2,7.703051251577025e-05
07497,V,45.6167,6.7667,POINT (6.7667 45.6167),73,2012,66950.0,1030.0,65.0,352413954.0,2,9.49877257130403e-05
07497,V,45.6167,6.7667,POINT (6.7667 45.6167),73,2013,67600.0,1040.0,65.0,366896248.0,2,9.212413641253699e-05
07497,V,45.6167,6.7667,POINT (6.7667 45.6167),73,2014,44400.0,740.0,60.0,373250696.0,2,5.9477451048075205e-05
07497,V,45.6167,6.7667,POINT (6.7667 45.6167),73,2015,48900.0,815.0,60.0,408852959.0,2,5.980145052588454e-05
07497,V,45.6167,6.7667,POINT (6.7667 45.6167),73,2016,63900.0,1065.0,60.0,275520198.0,2,0.00011596246021861526
07497,V,45.6167,6.7667,POINT (6.7667 45.6167),73,2017,64347.0,1010.0,63.70990099009901,364705798.0,2,8.821768169421864e-05
07497,V,45.6167,6.7667,POINT (6.7667 45.6167),73,2018,61110.0,970.0,63.0,339560022.0,2,8.998409123674754e-05
07497,V,45.6167,6.7667,POINT (6.7667 45.6167),73,2019,61425.0,945.0,65.0,394072791.0,2,7.793610901697601e-05
07497,V,45.6167,6.7667,POINT (6.7667 45.6167),73,2020,51870.0,910.0,57.0,289488478.0,2,8.958905784153523e-05
07497,V,45.6167,6.7667,POINT (6.7667 45.6167),73,2021,83200.0,1280.0,65.0,352477484.0,2,0.00011802172305564914
07497,V,45.6167,6.7667,POINT (6.7667 45.6167),73,2022,66080.0,1120.0,59.0,335353388.0,2,9.852293485700523e-05
07497,V,45.6167,6.7667,POINT (6.7667 45.6167),73,2023,78120.0,1260.0,62.0,349936476.0,2,0.00011162025875804957
07497,V,45.6167,6.7667,POINT (6.7667 45.6167),73,2024,60480.0,1080.0,56.0,254503233.0,2,0.00011881970866751229
LFRV0,E,47.7233,-2.7186,POINT (-2.7186 47.7233),56,2011,3994900.0,57070.0,70.0,339151320.0,4,0.0029447769803756033
LFRV0,E,47.7233,-2.7186,POINT (-2.7186 47.7233),56,2012,4009590.0,58110.0,69.0,352413954.0,4,0.0028443751690944677
LFRV0,E,47.7233,-2.7186,POINT (-2.7186 47.7233),56,2013,4282500.0,57100.0,75.0,366896248.0,4,0.0029180592765287697
LFRV0,E,47.7233,-2.7186,POINT (-2.7186 47.7233),56,2014,4629008.0,60908.0,76.0,373250696.0,4,0.0031004684315444654
LFRV0,E,47.7233,-2.7186,POINT (-2.7186 47.7233),56,2015,4898000.0,62000.0,79.0,408852959.0,4,0.0029949642604885736
LFRV0,E,47.7233,-2.7186,POINT (-2.7186 47.7233),56,2016,4297600.0,63200.0,68.0,275520198.0,4,0.003899532621561197
LFRV0,E,47.7233,-2.7186,POINT (-2.7186 47.7233),56,2017,4818700.0,62500.0,77.0992,364705798.0,4,0.0033031418930170122
LFRV0,E,47.7233,-2.7186,POINT (-2.7186 47.7233),56,2018,4288000.0,62150.0,68.994368463395,339560022.0,4,0.0031570265359447997
LFRV0,E,47.7233,-2.7186,POINT (-2.7186 47.7233),56,2019,4886000.0,62005.0,78.80009676638981,394072791.0,4,0.0030996811449486754
LFRV0,E,47.7233,-2.7186,POINT (-2.7186 47.7233),56,2020,3282700.0,48375.0,67.8594315245478,289488478.0,4,0.0028349142102988985
LFRV0,E,47.7233,-2.7186,POINT (-2.7186 47.7233),56,2021,4546510.0,61170.0,74.32581330717672,352477484.0,4,0.003224681154385453
LFRV0,E,47.7233,-2.7186,POINT (-2.7186 47.7233),56,2022,4563938.0,61187.0,74.5899946066975,335353388.0,4,0.0034023347931704806
LFRV0,E,47.7233,-2.7186,POINT (-2.7186 47.7233),56,2023,4389708.0,61138.0,71.7999934574242,349936476.0,4,0.0031360749029203804
LFRV0,E,47.7233,-2.7186,POINT (-2.7186 47.7233),56,2024,3623787.0,55554.0,65.22999243978832,254503233.0,4,0.003559666961087288
07628,N,43.4514,1.2619,POINT (1.2619 43.4514),31,2011,1958507.0,40802.0,48.00026959462772,339151320.0,4,0.001443682277279652
07628,N,43.4514,1.2619,POINT (1.2619 43.4514),31,2012,2660301.0,42227.0,63.0,352413954.0,4,0.00188719896715554
07628,N,43.4514,1.2619,POINT (1.2619 43.4514),31,2013,2551432.0,49066.0,52.0,366896248.0,4,0.0017385241835452077
07628,N,43.4514,1.2619,POINT (1.2619 43.4514),31,2014,2756000.0,53000.0,52.0,373250696.0,4,0.0018459443140596314
07628,N,43.4514,1.2619,POINT (1.2619 43.4514),31,2015,2872800.0,50400.0,57.0,408852959.0,4,0.0017566217491897863
07628,N,43.4514,1.2619,POINT (1.2619 43.4514),31,2016,2710200.0,45170.0,60.0,275520198.0,4,0.0024591663512088502
07628,N,43.4514,1.2619,POINT (1.2619 43.4514),31,2017,2478000.0,42000.0,59.0,364705798.0,4,0.0016986294251346123
07628,N,43.4514,1.2619,POINT (1.2619 43.4514),31,2018,1853730.0,43110.0,43.0,339560022.0,4,0.0013648028919022747
07628,N,43.4514,1.2619,POINT (1.2619 43.4514),31,2019,3293640.0,52280.0,63.0,394072791.0,4,0.0020894870663628233
07628,N,43.4514,1.2619,POINT (1.2619 43.4514),31,2020,1597020.0,36800.0,43.397282608695654,289488478.0,4,0.0013791740616357104
07628,N,43.4514,1.2619,POINT (1.2619 43.4514),31,2021,2550000.0,51000.0,50.0,352477484.0,4,0.0018086261646148155
07628,N,43.4514,1.2619,POINT (1.2619 43.4514),31,2022,1918350.0,42630.0,45.0,335353388.0,4,0.001430095884404782
07628,N,43.4514,1.2619,POINT (1.2619 43.4514),31,2023,2788240.0,49790.0,56.0,349936476.0,4,0.001991961535327343
07628,N,43.4514,1.2619,POINT (1.2619 43.4514),31,2024,2362800.0,42960.0,55.0,254503233.0,4,0.002320992126650116
07315,T,46.15,-1.15,POINT (-1.15 46.15),17,2011,4606000.0,94000.0,49.0,339151320.0,1,0.013580958493689484
07315,T,46.15,-1.15,POINT (-1.15 46.15),17,2012,7118800.0,96200.0,74.0,352413954.0,1,0.020200108194353736
07315,T,46.15,-1.15,POINT (-1.15 46.15),17,2013,6673100.0,95330.0,70.0,366896248.0,1,0.01818797558267753
07315,T,46.15,-1.15,POINT (-1.15 46.15),17,2014,6737850.0,97650.0,69.0,373250696.0,1,0.01805180826776007
07315,T,46.15,-1.15,POINT (-1.15 46.15),17,2015,6918480.0,96090.0,72.0,408852959.0,1,0.016921682594450784
07315,T,46.15,-1.15,POINT (-1.15 46.15),17,2016,5929500.0,88500.0,67.0,275520198.0,1,0.021521108227426578
07315,T,46.15,-1.15,POINT (-1.15 46.15),17,2017,5658250.0,87050.0,65.0,364705798.0,1,0.0155145600399805
07315,T,46.15,-1.15,POINT (-1.15 46.15),17,2018,5459200.0,85300.0,64.0,339560022.0,1,0.016077275433796504
07315,T,46.15,-1.15,POINT (-1.15 46.15),17,2019,7118650.0,92450.0,77.0,394072791.0,1,0.018064302236994585
07315,T,46.15,-1.15,POINT (-1.15 46.15),17,2020,3130680.0,55905.0,56.0,289488478.0,1,0.010814523678555524
07315,T,46.15,-1.15,POINT (-1.15 46.15),17,2021,5378065.0,88165.0,61.0,352477484.0,1,0.015257896586665378
07315,T,46.15,-1.15,POINT (-1.15 46.15),17,2022,4554025.0,85925.0,53.0,335353388.0,1,0.013579779310295801
07315,T,46.15,-1.15,POINT (-1.15 46.15),17,2023,5957959.0,88925.0,66.99982007309531,349936476.0,1,0.017025830139525095
07315,T,46.15,-1.15,POINT (-1.15 46.15),17,2024,3422000.0,58000.0,59.0,254503233.0,1,0.013445801688499572
07646,K,43.75,4.4167,POINT (4.4167 43.75),30,2011,55800.0,1550.0,36.0,339151320.0,4,4.1132082281148134e-05
07646,K,43.75,4.4167,POINT (4.4167 43.75),30,2012,80660.0,2180.0,37.0,352413954.0,4,5.721964119502487e-05
07646,K,43.75,4.4167,POINT (4.4167 43.75),30,2013,171350.0,3725.0,46.0,366896248.0,4,0.00011675644063822642
07646,K,43.75,4.4167,POINT (4.4167 43.75),30,2014,136400.0,4400.0,31.0,373250696.0,4,9.135950814141282e-05
07646,K,43.75,4.4167,POINT (4.4167 43.75),30,2015,125580.0,2990.0,42.0,408852959.0,4,7.678799751575235e-05
07646,K,43.75,4.4167,POINT (4.4167 43.75),30,2016,123840.0,2580.0,48.0,275520198.0,4,0.00011236925722592578
07646,K,43.75,4.4167,POINT (4.4167 43.75),30,2017,107310.0,2190.0,49.0,364705798.0,4,7.355929120710058e-05
07646,K,43.75,4.4167,POINT (4.4167 43.75),30,2018,78255.0,2115.0,37.0,339560022.0,4,5.761499803413253e-05
07646,K,43.75,4.4167,POINT (4.4167 43.75),30,2019,90200.0,2200.0,41.0,394072791.0,4,5.722293067424693e-05
07646,K,43.75,4.4167,POINT (4.4167 43.75),30,2020,66980.0,1970.0,34.0,289488478.0,4,5.784340750169684e-05
07646,K,43.75,4.4167,POINT (4.4167 43.75),30,2021,95940.0,2340.0,41.0,352477484.0,4,6.80468996992727e-05
07646,K,43.75,4.4167,POINT (4.4167 43.75),30,2022,89880.0,2140.0,42.0,335353388.0,4,6.700394510402263e-05
07646,K,43.75,4.4167,POINT (4.4167 43.75),30,2023,74520.0,2070.0,36.0,349936476.0,4,5.323823401593608e-05
07646,K,43.75,4.4167,POINT (4.4167 43.75),30,2024,82320.0,1680.0,49.0,254503233.0,4,8.086341284316809e-05
07632,N,43.9167,2.1167,POINT (2.1167 43.9167),81,2011,1749171.0,38025.0,46.000552268244576,339151320.0,1,0.005157494300774061
07632,N,43.9167,2.1167,POINT (2.1167 43.9167),81,2012,2339580.0,38993.0,60.0,352413954.0,1,0.006638726910342489
07632,N,43.9167,2.1167,POINT (2.1167 43.9167),81,2013,2298230.0,41786.0,55.0,366896248.0,1,0.006263977929804286
07632,N,43.9167,2.1167,POINT (2.1167 43.9167),81,2014,2321800.0,44650.0,52.0,373250696.0,1,0.006220484047000947
07632,N,43.9167,2.1167,POINT (2.1167 43.9167),81,2015,2420280.0,44820.0,54.0,408852959.0,1,0.005919683217946332
07632,N,43.9167,2.1167,POINT (2.1167 43.9167),81,2016,2183070.0,41190.0,53.0,275520198.0,1,0.007923448138637008
07632,N,43.9167,2.1167,POINT (2.1167 43.9167),81,2017,2194500.0,38500.0,57.0,364705798.0,1,0.006017178811070067
07632,N,43.9167,2.1167,POINT (2.1167 43.9167),81,2018,1788940.0,38890.0,46.0,339560022.0,1,0.005268405831355494
07632,N,43.9167,2.1167,POINT (2.1167 43.9167),81,2019,2602760.0,41980.0,62.0,394072791.0,1,0.0066047696249092215
07632,N,43.9167,2.1167,POINT (2.1167 43.9167),81,2020,1699320.0,34680.0,49.0,289488478.0,1,0.0058700781866696606
07632,N,43.9167,2.1167,POINT (2.1167 43.9167),81,2021,2184750.0,43695.0,50.0,352477484.0,1,0.006198268255909362
07632,N,43.9167,2.1167,POINT (2.1167 43.9167),81,2022,1616800.0,37600.0,43.0,335353388.0,1,0.0048211828413076896
07632,N,43.9167,2.1167,POINT (2.1167 43.9167),81,2023,2324685.0,42267.0,55.0,349936476.0,1,0.006643162857935393
07632,N,43.9167,2.1167,POINT (2.1167 43.9167),81,2024,1992120.0,38310.0,52.0,254503233.0,1,0.007827484061862585
07361,L,46.1756,1.9503,POINT (1.9503 46.1756),23,2011,552900.0,9700.0,57.0,339151320.0,2,0.0008151228778941507
07361,L,46.1756,1.9503,POINT (1.9503 46.1756),23,2012,572880.0,10230.0,56.0,352413954.0,2,0.000812794149462084
07361,L,46.1756,1.9503,POINT (1.9503 46.1756),23,2013,560560.0,10780.0,52.0,366896248.0,2,0.0007639216850208836
07361,L,46.1756,1.9503,POINT (1.9503 46.1756),23,2014,636000.0,10600.0,60.0,373250696.0,2,0.000851974298796753
07361,L,46.1756,1.9503,POINT (1.9503 46.1756),23,2015,720000.0,12000.0,60.0,408852959.0,2,0.0008805121549823491
07361,L,46.1756,1.9503,POINT (1.9503 46.1756),23,2016,507400.0,12685.0,40.0,275520198.0,2,0.0009208036356013362
07361,L,46.1756,1.9503,POINT (1.9503 46.1756),23,2017,630700.0,11900.0,53.0,364705798.0,2,0.00086466955482841
07361,L,46.1756,1.9503,POINT (1.9503 46.1756),23,2018,580800.0,12100.0,48.0,339560022.0,2,0.0008552243526477331
07361,L,46.1756,1.9503,POINT (1.9503 46.1756),23,2019,621000.0,11500.0,54.0,394072791.0,2,0.0007879254977540431
07361,L,46.1756,1.9503,POINT (1.9503 46.1756),23,2020,492075.0,10935.0,45.0,289488478.0,2,0.0008499042922184972
07361,L,46.1756,1.9503,POINT (1.9503 46.1756),23,2021,586180.0,11060.0,53.0,352477484.0,2,0.000831514106018755
07361,L,46.1756,1.9503,POINT (1.9503 46.1756),23,2022,575500.0,11510.0,50.0,335353388.0,2,0.0008580500758203165
07361,L,46.1756,1.9503,POINT (1.9503 46.1756),23,2023,677040.0,12090.0,56.0,349936476.0,2,0.0009673755759030962
07361,L,46.1756,1.9503,POINT (1.9503 46.1756),23,2024,446000.0,11150.0,40.0,254503233.0,2,0.0008762167669594987
07106,E,48.5167,-4.15,POINT (-4.15 48.5167),29,2011,2833560.0,55560.0,51.0,339151320.0,7,0.0011935506714651316
07106,E,48.5167,-4.15,POINT (-4.15 48.5167),29,2012,3256800.0,55200.0,59.0,352413954.0,7,0.001320200683248606
07106,E,48.5167,-4.15,POINT (-4.15 48.5167),29,2013,3700000.0,50000.0,74.0,366896248.0,7,0.0014406564020557346
07106,E,48.5167,-4.15,POINT (-4.15 48.5167),29,2014,3811000.0,51500.0,74.0,373250696.0,7,0.0014586136804647014
07106,E,48.5167,-4.15,POINT (-4.15 48.5167),29,2015,3774000.0,51000.0,74.0,408852959.0,7,0.0013186717749616608
07106,E,48.5167,-4.15,POINT (-4.15 48.5167),29,2016,3434000.0,50500.0,68.0,275520198.0,7,0.0017805280053240548
07106,E,48.5167,-4.15,POINT (-4.15 48.5167),29,2017,3767300.0,50500.0,74.6,364705798.0,7,0.001475670848220829
07106,E,48.5167,-4.15,POINT (-4.15 48.5167),29,2018,3536480.0,49600.0,71.3,339560022.0,7,0.001487841311812109
07106,E,48.5167,-4.15,POINT (-4.15 48.5167),29,2019,3800000.0,50300.0,75.54671968190856,394072791.0,7,0.001377555505620135
07106,E,48.5167,-4.15,POINT (-4.15 48.5167),29,2020,3048000.0,43805.0,69.58109804816802,289488478.0,7,0.0015041309223663521
07106,E,48.5167,-4.15,POINT (-4.15 48.5167),29,2021,3504540.0,50115.0,69.92996108949416,352477484.0,7,0.001420370361667049
07106,E,48.5167,-4.15,POINT (-4.15 48.5167),29,2022,3438664.0,49399.0,69.60999210510334,335353388.0,7,0.0014648359964853383
07106,E,48.5167,-4.15,POINT (-4.15 48.5167),29,2023,3416415.0,49016.0,69.69999591969969,349936476.0,7,0.0013947082376010603
07106,E,48.5167,-4.15,POINT (-4.15 48.5167),29,2024,2843160.0,44080.0,64.5,254503233.0,7,0.001595915735521184
07306,R,46.7,-1.3833,POINT (-1.3833 46.7),85,2011,4758000.0,78000.0,61.0,339151320.0,2,0.007014568010526983
07306,R,46.7,-1.3833,POINT (-1.3833 46.7),85,2012,5792948.0,76223.0,76.0,352413954.0,2,0.008218953781835778
07306,R,46.7,-1.3833,POINT (-1.3833 46.7),85,2013,4658175.0,69525.0,67.0,366896248.0,2,0.006348082087773217
07306,R,46.7,-1.3833,POINT (-1.3833 46.7),85,2014,5857713.0,82503.0,71.0,373250696.0,2,0.007846888247999409
07306,R,46.7,-1.3833,POINT (-1.3833 46.7),85,2015,6026112.0,83696.0,72.0,408852959.0,2,0.007369534532340269
07306,R,46.7,-1.3833,POINT (-1.3833 46.7),85,2016,5101980.0,82290.0,62.0,275520198.0,2,0.00925881303264743
07306,R,46.7,-1.3833,POINT (-1.3833 46.7),85,2017,5750858.0,80998.0,71.0,364705798.0,2,0.007884242630000635
07306,R,46.7,-1.3833,POINT (-1.3833 46.7),85,2018,4545351.0,79743.0,57.0,339560022.0,2,0.006693000803257104
07306,R,46.7,-1.3833,POINT (-1.3833 46.7),85,2019,6113002.0,82164.0,74.40000486831215,394072791.0,2,0.007756183806153722
07306,R,46.7,-1.3833,POINT (-1.3833 46.7),85,2020,2699508.0,55092.0,49.0,289488478.0,2,0.004662548262110798
07306,R,46.7,-1.3833,POINT (-1.3833 46.7),85,2021,5160675.0,77025.0,67.0,352477484.0,2,0.00732057398594005
07306,R,46.7,-1.3833,POINT (-1.3833 46.7),85,2022,5139792.0,76943.0,66.79999480134646,335353388.0,2,0.007663247463598012
07306,R,46.7,-1.3833,POINT (-1.3833 46.7),85,2023,5288360.0,77770.0,68.0,349936476.0,2,0.007556171423524308
07306,R,46.7,-1.3833,POINT (-1.3833 46.7),85,2024,2356896.0,49102.0,48.0,254503233.0,2,0.004630385186501737
07118,E,48.7553,-3.4686,POINT (-3.4686 48.7553),22,2011,7004400.0,89800.0,78.0,339151320.0,2,0.010326364054841362
07118,E,48.7553,-3.4686,POINT (-3.4686 48.7553),22,2012,6211800.0,91350.0,68.0,352413954.0,2,0.008813215154357934
07118,E,48.7553,-3.4686,POINT (-3.4686 48.7553),22,2013,6628920.0,89580.0,74.0,366896248.0,2,0.00903378003473069
07118,E,48.7553,-3.4686,POINT (-3.4686 48.7553),22,2014,6848250.0,91310.0,75.0,373250696.0,2,0.009173794012161734
07118,E,48.7553,-3.4686,POINT (-3.4686 48.7553),22,2015,6957600.0,89200.0,78.0,408852959.0,2,0.0085086824576461
07118,E,48.7553,-3.4686,POINT (-3.4686 48.7553),22,2016,6415500.0,91000.0,70.5,275520198.0,2,0.0116425221210098
07118,E,48.7553,-3.4686,POINT (-3.4686 48.7553),22,2017,7260090.0,89300.0,81.3,364705798.0,2,0.009953351495662266
07118,E,48.7553,-3.4686,POINT (-3.4686 48.7553),22,2018,6085000.0,90000.0,67.61111111111111,339560022.0,2,0.008960124286951542
07118,E,48.7553,-3.4686,POINT (-3.4686 48.7553),22,2019,7528000.0,94100.0,80.0,394072791.0,2,0.009551534858441927
07118,E,48.7553,-3.4686,POINT (-3.4686 48.7553),22,2020,5151300.0,73960.0,69.64981070849107,289488478.0,2,0.008897245298999431
07118,E,48.7553,-3.4686,POINT (-3.4686 48.7553),22,2021,6286920.0,89570.0,70.19001897956905,352477484.0,2,0.00891818667203151
07118,E,48.7553,-3.4686,POINT (-3.4686 48.7553),22,2022,6966496.0,90427.0,77.03999911530848,335353388.0,2,0.010386798298873904
07118,E,48.7553,-3.4686,POINT (-3.4686 48.7553),22,2023,6562529.0,91273.0,71.90000328684278,349936476.0,2,0.009376743280686177
07118,E,48.7553,-3.4686,POINT (-3.4686 48.7553),22,2024,6074355.0,87150.0,69.7,254503233.0,2,0.01193374820507683
07593,U,44.9167,6.65,POINT (6.65 44.9167),05,2011,86100.0,2460.0,35.0,339151320.0,2,0.0001269344904805324
07593,U,44.9167,6.65,POINT (6.65 44.9167),05,2012,101000.0,2525.0,40.0,352413954.0,2,0.00014329739054543794
07593,U,44.9167,6.65,POINT (6.65 44.9167),05,2013,110080.0,2752.0,40.0,366896248.0,2,0.00015001516177946852
07593,U,44.9167,6.65,POINT (6.65 44.9167),05,2014,127305.0,2829.0,45.0,373250696.0,2,0.0001705355158935859
07593,U,44.9167,6.65,POINT (6.65 44.9167),05,2015,143382.0,3117.0,46.0,408852959.0,2,0.00017534665806344328
07593,U,44.9167,6.65,POINT (6.65 44.9167),05,2016,143740.0,3118.0,46.10006414368185,275520198.0,2,0.0002608520192773671
07593,U,44.9167,6.65,POINT (6.65 44.9167),05,2017,106881.0,2883.0,37.072840790842875,364705798.0,2,0.00014653043711687852
07593,U,44.9167,6.65,POINT (6.65 44.9167),05,2018,69384.0,2141.0,32.407286314806164,339560022.0,2,0.00010216750427704944
07593,U,44.9167,6.65,POINT (6.65 44.9167),05,2019,97879.0,2569.0,38.10003892565201,394072791.0,2,0.000124188985176599
07593,U,44.9167,6.65,POINT (6.65 44.9167),05,2020,88644.0,2490.0,35.6,289488478.0,2,0.0001531045391036254
07593,U,44.9167,6.65,POINT (6.65 44.9167),05,2021,129109.0,2945.0,43.84006791171477,352477484.0,2,0.0001831450317547092
07593,U,44.9167,6.65,POINT (6.65 44.9167),05,2022,89151.0,3339.0,26.69991015274034,335353388.0,2,0.00013292097707985582
07593,U,44.9167,6.65,POINT (6.65 44.9167),05,2023,94436.0,3180.0,29.69685534591195,349936476.0,2,0.00013493306139369135
07593,U,44.9167,6.65,POINT (6.65 44.9167),05,2024,109191.0,2593.0,42.109911299652914,254503233.0,2,0.00021451790358985342
07675,U,43.3833,6.3833,POINT (6.3833 43.3833),83,2011,6156.0,171.0,36.0,339151320.0,4,4.537797464565374e-06
07675,U,43.3833,6.3833,POINT (6.3833 43.3833),83,2012,9614.0,253.0,38.0,352413954.0,4,6.820104518335843e-06
07675,U,43.3833,6.3833,POINT (6.3833 43.3833),83,2013,9462.0,249.0,38.0,366896248.0,4,6.447326765794563e-06
07675,U,43.3833,6.3833,POINT (6.3833 43.3833),83,2014,15580.0,380.0,41.0,373250696.0,4,1.0435345578029411e-05
07675,U,43.3833,6.3833,POINT (6.3833 43.3833),83,2015,10780.0,308.0,35.0,408852959.0,4,6.591611826881752e-06
07675,U,43.3833,6.3833,POINT (6.3833 43.3833),83,2016,16687.0,407.0,41.0,275520198.0,4,1.5141358166416533e-05
07675,U,43.3833,6.3833,POINT (6.3833 43.3833),83,2017,11370.0,308.0,36.91558441558441,364705798.0,4,7.793953415569226e-06
07675,U,43.3833,6.3833,POINT (6.3833 43.3833),83,2018,8946.0,264.0,33.88636363636363,339560022.0,4,6.5864644101124485e-06
07675,U,43.3833,6.3833,POINT (6.3833 43.3833),83,2019,11818.0,311.0,38.0,394072791.0,4,7.497345839337586e-06
07675,U,43.3833,6.3833,POINT (6.3833 43.3833),83,2020,16354.0,442.0,37.0,289488478.0,4,1.412318731386608e-05
07675,U,43.3833,6.3833,POINT (6.3833 43.3833),83,2021,23797.0,556.0,42.80035971223022,352477484.0,4,1.6878383074250496e-05
07675,U,43.3833,6.3833,POINT (6.3833 43.3833),83,2022,10730.0,436.0,24.610091743119266,335353388.0,4,7.999024599089483e-06
07675,U,43.3833,6.3833,POINT (6.3833 43.3833),83,2023,11892.0,456.0,26.07894736842105,349936476.0,4,8.495827682736338e-06
07675,U,43.3833,6.3833,POINT (6.3833 43.3833),83,2024,15720.0,396.0,39.696969696969695,254503233.0,4,1.544184705897233e-05
LFSG0,M,48.3167,6.0667,POINT (6.0667 48.3167),88,2011,1560000.0,24000.0,65.0,339151320.0,2,0.002299858364107207
LFSG0,M,48.3167,6.0667,POINT (6.0667 48.3167),88,2012,750000.0,15000.0,50.0,352413954.0,2,0.001064089533753252
LFSG0,M,48.3167,6.0667,POINT (6.0667 48.3167),88,2013,1560000.0,24900.0,62.65060240963855,366896248.0,2,0.0021259416095200843
LFSG0,M,48.3167,6.0667,POINT (6.0667 48.3167),88,2014,1239000.0,21000.0,59.0,373250696.0,2,0.0016597423839766932
LFSG0,M,48.3167,6.0667,POINT (6.0667 48.3167),88,2015,1868400.0,25950.0,72.0,408852959.0,2,0.0022849290421791957
LFSG0,M,48.3167,6.0667,POINT (6.0667 48.3167),88,2016,1107700.0,26500.0,41.8,275520198.0,2,0.002010197452021285
LFSG0,M,48.3167,6.0667,POINT (6.0667 48.3167),88,2017,1581000.0,25500.0,62.0,364705798.0,2,0.00216750050132189
LFSG0,M,48.3167,6.0667,POINT (6.0667 48.3167),88,2018,1590625.0,25450.0,62.5,339560022.0,2,0.002342185323571454
LFSG0,M,48.3167,6.0667,POINT (6.0667 48.3167),88,2019,1761200.0,25900.0,68.0,394072791.0,2,0.0022346125388799046
LFSG0,M,48.3167,6.0667,POINT (6.0667 48.3167),88,2020,1638000.0,23400.0,70.0,289488478.0,2,0.0028291281423642707
LFSG0,M,48.3167,6.0667,POINT (6.0667 48.3167),88,2021,1534500.0,24750.0,62.0,352477484.0,2,0.002176734784001125
LFSG0,M,48.3167,6.0667,POINT (6.0667 48.3167),88,2022,1559439.0,24753.0,63.0,335353388.0,2,0.0023250682053643067
LFSG0,M,48.3167,6.0667,POINT (6.0667 48.3167),88,2023,1556100.0,24700.0,63.0,349936476.0,2,0.0022234035413901806
LFSG0,M,48.3167,6.0667,POINT (6.0667 48.3167),88,2024,1284400.0,24700.0,52.0,254503233.0,2,0.002523347119916547
LFAC0,O,50.9667,1.95,POINT (1.95 50.9667),62,2011,16318040.0,177370.0,92.0,339151320.0,3,0.016038111444374347
LFAC0,O,50.9667,1.95,POINT (1.95 50.9667),62,2012,14124410.0,178790.0,79.0,352413954.0,3,0.013359677201279797
LFAC0,O,50.9667,1.95,POINT (1.95 50.9667),62,2013,14833986.0,166674.0,89.0,366896248.0,3,0.01347700344976
LFAC0,O,50.9667,1.95,POINT (1.95 50.9667),62,2014,15597120.0,177240.0,88.0,373250696.0,3,0.013929083202566889
LFAC0,O,50.9667,1.95,POINT (1.95 50.9667),62,2015,17628930.0,178070.0,99.0,408852959.0,3,0.014372673281789797
LFAC0,O,50.9667,1.95,POINT (1.95 50.9667),62,2016,11168000.0,174500.0,64.0,275520198.0,3,0.013511411118638447
LFAC0,O,50.9667,1.95,POINT (1.95 50.9667),62,2017,15594000.0,169500.0,92.0,364705798.0,3,0.01425258394164603
LFAC0,O,50.9667,1.95,POINT (1.95 50.9667),62,2018,15086390.0,169510.0,89.0,339560022.0,3,0.014809743022889387
LFAC0,O,50.9667,1.95,POINT (1.95 50.9667),62,2019,16907940.0,172530.0,98.0,394072791.0,3,0.014301875513145997
LFAC0,O,50.9667,1.95,POINT (1.95 50.9667),62,2020,14510860.0,159460.0,91.0,289488478.0,3,0.0167086212437558
LFAC0,O,50.9667,1.95,POINT (1.95 50.9667),62,2021,13648000.0,170600.0,80.0,352477484.0,3,0.012906734585444708
LFAC0,O,50.9667,1.95,POINT (1.95 50.9667),62,2022,16120472.0,167922.0,95.99976179416633,335353388.0,3,0.01602336776352075
LFAC0,O,50.9667,1.95,POINT (1.95 50.9667),62,2023,15240168.0,165654.0,92.0,349936476.0,3,0.014517080522923253
LFAC0,O,50.9667,1.95,POINT (1.95 50.9667),62,2024,11355022.0,151400.0,75.00014531043593,254503233.0,3,0.014872138513593395
07475,V,45.5333,4.3,POINT (4.3 45.5333),42,2011,434500.0,9875.0,44.0,339151320.0,1,0.001281139050262284
07475,V,45.5333,4.3,POINT (4.3 45.5333),42,2012,599700.0,9995.0,60.0,352413954.0,1,0.0017016919823782007
07475,V,45.5333,4.3,POINT (4.3 45.5333),42,2013,610120.0,10895.0,56.0,366896248.0,1,0.001662922429231274
07475,V,45.5333,4.3,POINT (4.3 45.5333),42,2014,584550.0,11225.0,52.075723830734965,373250696.0,1,0.0015661055860428992
07475,V,45.5333,4.3,POINT (4.3 45.5333),42,2015,542100.0,10425.0,52.0,408852959.0,1,0.0013259045533775872
07475,V,45.5333,4.3,POINT (4.3 45.5333),42,2016,682880.0,10670.0,64.0,275520198.0,1,0.002478511575401815
07475,V,45.5333,4.3,POINT (4.3 45.5333),42,2017,559440.0,9990.0,56.0,364705798.0,1,0.0015339487418842735
07475,V,45.5333,4.3,POINT (4.3 45.5333),42,2018,516750.0,9750.0,53.0,339560022.0,1,0.0015218222597476448
07475,V,45.5333,4.3,POINT (4.3 45.5333),42,2019,487560.0,9560.0,51.0,394072791.0,1,0.0012372333516423872
07475,V,45.5333,4.3,POINT (4.3 45.5333),42,2020,424320.0,8840.0,48.0,289488478.0,1,0.0014657578185201553
07475,V,45.5333,4.3,POINT (4.3 45.5333),42,2021,578550.0,10150.0,57.0,352477484.0,1,0.0016413814392751396
07475,V,45.5333,4.3,POINT (4.3 45.5333),42,2022,459360.0,10440.0,44.0,335353388.0,1,0.0013697789151305667
07475,V,45.5333,4.3,POINT (4.3 45.5333),42,2023,558250.0,10150.0,55.0,349936476.0,1,0.0015952895404936294
07475,V,45.5333,4.3,POINT (4.3 45.5333),42,2024,524160.0,10080.0,52.0,254503233.0,1,0.0020595416169035463
07046,Q,49.5331,0.0917,POINT (0.0917 49.5331),76,2011,10463523.0,112511.0,93.0,339151320.0,4,0.007713019515890429
07046,Q,49.5331,0.0917,POINT (0.0917 49.5331),76,2012,9917304.0,113992.0,87.0,352413954.0,4,0.0070352662596328405
07046,Q,49.5331,0.0917,POINT (0.0917 49.5331),76,2013,10119300.0,113700.0,89.0,366896248.0,4,0.006895205426030958
07046,Q,49.5331,0.0917,POINT (0.0917 49.5331),76,2014,9594800.0,115600.0,83.0,373250696.0,4,0.006426511794099909
07046,Q,49.5331,0.0917,POINT (0.0917 49.5331),76,2015,11376000.0,118500.0,96.0,408852959.0,4,0.006956046024360557
07046,Q,49.5331,0.0917,POINT (0.0917 49.5331),76,2016,7533500.0,115900.0,65.0,275520198.0,4,0.006835705743794508
07046,Q,49.5331,0.0917,POINT (0.0917 49.5331),76,2017,10858500.0,114300.0,95.0,364705798.0,4,0.007443328334473038
07046,Q,49.5331,0.0917,POINT (0.0917 49.5331),76,2018,9810880.0,114080.0,86.0,339560022.0,4,0.007223229594442658
07046,Q,49.5331,0.0917,POINT (0.0917 49.5331),76,2019,11332720.0,115640.0,98.0,394072791.0,4,0.00718948393470789
07046,Q,49.5331,0.0917,POINT (0.0917 49.5331),76,2020,8996400.0,107100.0,84.0,289488478.0,4,0.007769221129415728
07046,Q,49.5331,0.0917,POINT (0.0917 49.5331),76,2021,9480900.0,121550.0,78.0,352477484.0,4,0.006724472080037884
07046,Q,49.5331,0.0917,POINT (0.0917 49.5331),76,2022,11025000.0,112500.0,98.0,335353388.0,4,0.008218941864395299
07046,Q,49.5331,0.0917,POINT (0.0917 49.5331),76,2023,9970670.0,112030.0,89.0,349936476.0,4,0.007123199983302112
07046,Q,49.5331,0.0917,POINT (0.0917 49.5331),76,2024,7327946.0,97706.0,74.99995906085604,254503233.0,4,0.007198283803333846
07168,G,48.3333,4.0167,POINT (4.0167 48.3333),10,2011,8291417.0,111145.0,74.6,339151320.0,1,0.024447544535577806
07168,G,48.3333,4.0167,POINT (4.0167 48.3333),10,2012,7098510.0,94020.0,75.5,352413954.0,1,0.02014253385664746
07168,G,48.3333,4.0167,POINT (4.0167 48.3333),10,2013,8651719.0,112550.0,76.87000444247002,366896248.0,1,0.023580832584583968
07168,G,48.3333,4.0167,POINT (4.0167 48.3333),10,2014,8720810.0,105070.0,83.0,373250696.0,1,0.023364484228583997
07168,G,48.3333,4.0167,POINT (4.0167 48.3333),10,2015,9915773.0,111790.0,88.7,408852959.0,1,0.024252662923738313
07168,G,48.3333,4.0167,POINT (4.0167 48.3333),10,2016,5061053.0,109310.0,46.3,275520198.0,1,0.018369081601777883
07168,G,48.3333,4.0167,POINT (4.0167 48.3333),10,2017,8040750.0,106500.0,75.5,364705798.0,1,0.022047222841244767
07168,G,48.3333,4.0167,POINT (4.0167 48.3333),10,2018,8307000.0,106500.0,78.0,339560022.0,1,0.02446401066613195
07168,G,48.3333,4.0167,POINT (4.0167 48.3333),10,2019,8610000.0,105000.0,82.0,394072791.0,1,0.02184875534834883
07168,G,48.3333,4.0167,POINT (4.0167 48.3333),10,2020,8179600.0,96800.0,84.5,289488478.0,1,0.028255355986914272
07168,G,48.3333,4.0167,POINT (4.0167 48.3333),10,2021,8776900.0,111100.0,79.0,352477484.0,1,0.024900597622286705
07168,G,48.3333,4.0167,POINT (4.0167 48.3333),10,2022,8248149.0,101829.0,81.0,335353388.0,1,0.024595394873422303
07168,G,48.3333,4.0167,POINT (4.0167 48.3333),10,2023,8137000.0,103000.0,79.0,349936476.0,1,0.023252791743836387
07168,G,48.3333,4.0167,POINT (4.0167 48.3333),10,2024,6489000.0,103000.0,63.0,254503233.0,1,0.025496729151570346
LFLP0,V,45.9347,6.1053,POINT (6.1053 45.9347),74,2011,229140.0,3420.0,67.0,339151320.0,2,0.00033781381125097787
LFLP0,V,45.9347,6.1053,POINT (6.1053 45.9347),74,2012,247000.0,3800.0,65.0,352413954.0,2,0.00035044015311607097
LFLP0,V,45.9347,6.1053,POINT (6.1053 45.9347),74,2013,255780.0,4060.0,63.0,366896248.0,2,0.0003485726569763123
LFLP0,V,45.9347,6.1053,POINT (6.1053 45.9347),74,2014,223680.0,3495.0,64.0,373250696.0,2,0.00029963775338814105
LFLP0,V,45.9347,6.1053,POINT (6.1053 45.9347),74,2015,280914.0,4022.0,69.84435604177027,408852959.0,2,0.000343539154867655
LFLP0,V,45.9347,6.1053,POINT (6.1053 45.9347),74,2016,281125.0,4325.0,65.0,275520198.0,2,0.0005101713087473899
LFLP0,V,45.9347,6.1053,POINT (6.1053 45.9347),74,2017,275740.0,4055.0,68.0,364705798.0,2,0.0003780307325961404
LFLP0,V,45.9347,6.1053,POINT (6.1053 45.9347),74,2018,271260.0,4110.0,66.0,339560022.0,2,0.0003994286465207026
LFLP0,V,45.9347,6.1053,POINT (6.1053 45.9347),74,2019,249473.0,3831.0,65.11955103106239,394072791.0,2,0.00031653162270723733
LFLP0,V,45.9347,6.1053,POINT (6.1053 45.9347),74,2020,196650.0,3450.0,57.0,289488478.0,2,0.00033965082368494126
LFLP0,V,45.9347,6.1053,POINT (6.1053 45.9347),74,2021,251550.0,3870.0,65.0,352477484.0,2,0.00035683130330106417
LFLP0,V,45.9347,6.1053,POINT (6.1053 45.9347),74,2022,234980.0,3790.0,62.0,335353388.0,2,0.00035034684068854555
LFLP0,V,45.9347,6.1053,POINT (6.1053 45.9347),74,2023,217200.0,3620.0,60.0,349936476.0,2,0.00031034204047936977
LFLP0,V,45.9347,6.1053,POINT (6.1053 45.9347),74,2024,178410.0,3130.0,57.0,254503233.0,2,0.0003505063528996506
07635,K,43.2167,2.3167,POINT (2.3167 43.2167),11,2011,168750.0,3750.0,45.0,339151320.0,1,0.0004975655114655016
07635,K,43.2167,2.3167,POINT (2.3167 43.2167),11,2012,214890.0,3770.0,57.0,352413954.0,1,0.0006097658664219635
07635,K,43.2167,2.3167,POINT (2.3167 43.2167),11,2013,382800.0,6600.0,58.0,366896248.0,1,0.0010433467283644722
07635,K,43.2167,2.3167,POINT (2.3167 43.2167),11,2014,558000.0,9300.0,60.0,373250696.0,1,0.0014949737695867551
07635,K,43.2167,2.3167,POINT (2.3167 43.2167),11,2015,362960.0,6980.0,52.0,408852959.0,1,0.0008877519215899817
07635,K,43.2167,2.3167,POINT (2.3167 43.2167),11,2016,263940.0,4980.0,53.0,275520198.0,1,0.0009579696948388517
07635,K,43.2167,2.3167,POINT (2.3167 43.2167),11,2017,258110.0,4870.0,53.0,364705798.0,1,0.0007077211314309843
07635,K,43.2167,2.3167,POINT (2.3167 43.2167),11,2018,213360.0,5080.0,42.0,339560022.0,1,0.0006283425202511031
07635,K,43.2167,2.3167,POINT (2.3167 43.2167),11,2019,457325.0,8315.0,55.0,394072791.0,1,0.0011605089476984468
07635,K,43.2167,2.3167,POINT (2.3167 43.2167),11,2020,327500.0,6550.0,50.0,289488478.0,1,0.0011313058200540886
07635,K,43.2167,2.3167,POINT (2.3167 43.2167),11,2021,390570.0,8310.0,47.0,352477484.0,1,0.001108070778217425
07635,K,43.2167,2.3167,POINT (2.3167 43.2167),11,2022,286520.0,7540.0,38.0,335353388.0,1,0.0008543823031243686
07635,K,43.2167,2.3167,POINT (2.3167 43.2167),11,2023,398325.0,8475.0,47.0,349936476.0,1,0.0011382780227803403
07635,K,43.2167,2.3167,POINT (2.3167 43.2167),11,2024,399000.0,7980.0,50.0,254503233.0,1,0.001567760044918565
07622,N,43.6833,0.6,POINT (0.6 43.6833),32,2011,4122733.0,87718.0,46.999851797806606,339151320.0,1,0.012156028170552308
07622,N,43.6833,0.6,POINT (0.6 43.6833),32,2012,5980376.0,92719.0,64.50000539263797,352413954.0,1,0.016969748025357702
07622,N,43.6833,0.6,POINT (0.6 43.6833),32,2013,5515070.0,100274.0,55.0,366896248.0,1,0.01503168819540504
07622,N,43.6833,0.6,POINT (0.6 43.6833),32,2014,5871000.0,103000.0,57.0,373250696.0,1,0.01572937455420043
07622,N,43.6833,0.6,POINT (0.6 43.6833),32,2015,5546475.0,100845.0,55.0,408852959.0,1,0.013565940707793678
07622,N,43.6833,0.6,POINT (0.6 43.6833),32,2016,5758400.0,97600.0,59.0,275520198.0,1,0.020900101124346607
07622,N,43.6833,0.6,POINT (0.6 43.6833),32,2017,5278200.0,92600.0,57.0,364705798.0,1,0.014472487218313979
07622,N,43.6833,0.6,POINT (0.6 43.6833),32,2018,4516800.0,94100.0,48.0,339560022.0,1,0.013301919270107716
07622,N,43.6833,0.6,POINT (0.6 43.6833),32,2019,5958820.0,96110.0,62.0,394072791.0,1,0.015121115022630426
07622,N,43.6833,0.6,POINT (0.6 43.6833),32,2020,3018625.0,72860.0,41.430483118309084,289488478.0,1,0.010427444369651217
07622,N,43.6833,0.6,POINT (0.6 43.6833),32,2021,4129185.0,87855.0,47.0,352477484.0,1,0.011714748281623572
07622,N,43.6833,0.6,POINT (0.6 43.6833),32,2022,3531825.0,78485.0,45.0,335353388.0,1,0.010531651464931674
07622,N,43.6833,0.6,POINT (0.6 43.6833),32,2023,4510890.0,83535.0,54.0,349936476.0,1,0.012890596749336871
07622,N,43.6833,0.6,POINT (0.6 43.6833),32,2024,2787100.0,59300.0,47.0,254503233.0,1,0.010951137897725645
07033,Q,49.8333,0.65,POINT (0.65 49.8333),76,2011,10463523.0,112511.0,93.0,339151320.0,4,0.007713019515890429
07033,Q,49.8333,0.65,POINT (0.65 49.8333),76,2012,9917304.0,113992.0,87.0,352413954.0,4,0.0070352662596328405
07033,Q,49.8333,0.65,POINT (0.65 49.8333),76,2013,10119300.0,113700.0,89.0,366896248.0,4,0.006895205426030958
07033,Q,49.8333,0.65,POINT (0.65 49.8333),76,2014,9594800.0,115600.0,83.0,373250696.0,4,0.006426511794099909
07033,Q,49.8333,0.65,POINT (0.65 49.8333),76,2015,11376000.0,118500.0,96.0,408852959.0,4,0.006956046024360557
07033,Q,49.8333,0.65,POINT (0.65 49.8333),76,2016,7533500.0,115900.0,65.0,275520198.0,4,0.006835705743794508
07033,Q,49.8333,0.65,POINT (0.65 49.8333),76,2017,10858500.0,114300.0,95.0,364705798.0,4,0.007443328334473038
07033,Q,49.8333,0.65,POINT (0.65 49.8333),76,2018,9810880.0,114080.0,86.0,339560022.0,4,0.007223229594442658
07033,Q,49.8333,0.65,POINT (0.65 49.8333),76,2019,11332720.0,115640.0,98.0,394072791.0,4,0.00718948393470789
07033,Q,49.8333,0.65,POINT (0.65 49.8333),76,2020,8996400.0,107100.0,84.0,289488478.0,4,0.007769221129415728
07033,Q,49.8333,0.65,POINT (0.65 49.8333),76,2021,9480900.0,121550.0,78.0,352477484.0,4,0.006724472080037884
07033,Q,49.8333,0.65,POINT (0.65 49.8333),76,2022,11025000.0,112500.0,98.0,335353388.0,4,0.008218941864395299
07033,Q,49.8333,0.65,POINT (0.65 49.8333),76,2023,9970670.0,112030.0,89.0,349936476.0,4,0.007123199983302112
07033,Q,49.8333,0.65,POINT (0.65 49.8333),76,2024,7327946.0,97706.0,74.99995906085604,254503233.0,4,0.007198283803333846
07641,K,43.4,3.6833,POINT (3.6833 43.4),34,2011,31200.0,820.0,38.048780487804876,339151320.0,4,2.2998583641072072e-05
07641,K,43.4,3.6833,POINT (3.6833 43.4),34,2012,36480.0,960.0,38.0,352413954.0,4,2.587865746087909e-05
07641,K,43.4,3.6833,POINT (3.6833 43.4),34,2013,78075.0,1735.0,45.0,366896248.0,4,5.319964460361557e-05
07641,K,43.4,3.6833,POINT (3.6833 43.4),34,2014,39820.0,1810.0,22.0,373250696.0,4,2.6671082215476966e-05
07641,K,43.4,3.6833,POINT (3.6833 43.4),34,2015,74370.0,2010.0,37.0,408852959.0,4,4.5474784004192566e-05
07641,K,43.4,3.6833,POINT (3.6833 43.4),34,2016,50960.0,1820.0,28.0,275520198.0,4,4.6239804168549556e-05
07641,K,43.4,3.6833,POINT (3.6833 43.4),34,2017,98230.0,2090.0,47.0,364705798.0,4,6.733509621911742e-05
07641,K,43.4,3.6833,POINT (3.6833 43.4),34,2018,90650.0,2590.0,35.0,339560022.0,4,6.674077786459797e-05
07641,K,43.4,3.6833,POINT (3.6833 43.4),34,2019,69500.0,2780.0,25.0,394072791.0,4,4.409083904501288e-05
07641,K,43.4,3.6833,POINT (3.6833 43.4),34,2020,122400.0,3600.0,34.0,289488478.0,4,0.00010570368883558813
07641,K,43.4,3.6833,POINT (3.6833 43.4),34,2021,111680.0,3490.0,32.0,352477484.0,4,7.921073335850298e-05
07641,K,43.4,3.6833,POINT (3.6833 43.4),34,2022,111475.0,3185.0,35.0,335353388.0,4,8.310263440666357e-05
07641,K,43.4,3.6833,POINT (3.6833 43.4),34,2023,80000.0,3200.0,25.0,349936476.0,4,5.715323029085999e-05
07641,K,43.4,3.6833,POINT (3.6833 43.4),34,2024,105995.0,2465.0,43.0,254503233.0,4,0.00010411950248191935
07540,N,44.0281,1.3767,POINT (1.3767 44.0281),82,2011,1725307.0,37507.0,45.99960007465273,339151320.0,1,0.005087130428977838
07540,N,44.0281,1.3767,POINT (1.3767 44.0281),82,2012,2580605.0,42305.0,61.0,352413954.0,1,0.0073226527233368295
07540,N,44.0281,1.3767,POINT (1.3767 44.0281),82,2013,2372112.0,43928.0,54.0,366896248.0,1,0.006465348209284495
07540,N,44.0281,1.3767,POINT (1.3767 44.0281),82,2014,2058000.0,42000.0,49.0,373250696.0,1,0.005513720462024269
07540,N,44.0281,1.3767,POINT (1.3767 44.0281),82,2015,2534000.0,45250.0,56.0,408852959.0,1,0.006197827224236868
07540,N,44.0281,1.3767,POINT (1.3767 44.0281),82,2016,2425500.0,44100.0,55.0,275520198.0,1,0.008803347332089243
07540,N,44.0281,1.3767,POINT (1.3767 44.0281),82,2017,2362650.0,41450.0,57.0,364705798.0,1,0.00647823536932089
07540,N,44.0281,1.3767,POINT (1.3767 44.0281),82,2018,1994300.0,40700.0,49.0,339560022.0,1,0.005873188452084621
07540,N,44.0281,1.3767,POINT (1.3767 44.0281),82,2019,2813840.0,41380.0,68.0,394072791.0,1,0.007140406707247139
07540,N,44.0281,1.3767,POINT (1.3767 44.0281),82,2020,1289780.0,28480.0,45.2872191011236,289488478.0,1,0.004455375940730878
07540,N,44.0281,1.3767,POINT (1.3767 44.0281),82,2021,1909920.0,39790.0,48.0,352477484.0,1,0.005418558877366476
07540,N,44.0281,1.3767,POINT (1.3767 44.0281),82,2022,1478900.0,32150.0,46.0,335353388.0,1,0.004409974829298578
07540,N,44.0281,1.3767,POINT (1.3767 44.0281),82,2023,1999080.0,37020.0,54.0,349936476.0,1,0.00571269398049262
07540,N,44.0281,1.3767,POINT (1.3767 44.0281),82,2024,1129050.0,25090.0,45.0,254503233.0,1,0.004436289420339112
07560,K,44.1167,3.5833,POINT (3.5833 44.1167),30,2011,55800.0,1550.0,36.0,339151320.0,4,4.1132082281148134e-05
07560,K,44.1167,3.5833,POINT (3.5833 44.1167),30,2012,80660.0,2180.0,37.0,352413954.0,4,5.721964119502487e-05
07560,K,44.1167,3.5833,POINT (3.5833 44.1167),30,2013,171350.0,3725.0,46.0,366896248.0,4,0.00011675644063822642
07560,K,44.1167,3.5833,POINT (3.5833 44.1167),30,2014,136400.0,4400.0,31.0,373250696.0,4,9.135950814141282e-05
07560,K,44.1167,3.5833,POINT (3.5833 44.1167),30,2015,125580.0,2990.0,42.0,408852959.0,4,7.678799751575235e-05
07560,K,44.1167,3.5833,POINT (3.5833 44.1167),30,2016,123840.0,2580.0,48.0,275520198.0,4,0.00011236925722592578
07560,K,44.1167,3.5833,POINT (3.5833 44.1167),30,2017,107310.0,2190.0,49.0,364705798.0,4,7.355929120710058e-05
07560,K,44.1167,3.5833,POINT (3.5833 44.1167),30,2018,78255.0,2115.0,37.0,339560022.0,4,5.761499803413253e-05
07560,K,44.1167,3.5833,POINT (3.5833 44.1167),30,2019,90200.0,2200.0,41.0,394072791.0,4,5.722293067424693e-05
07560,K,44.1167,3.5833,POINT (3.5833 44.1167),30,2020,66980.0,1970.0,34.0,289488478.0,4,5.784340750169684e-05
07560,K,44.1167,3.5833,POINT (3.5833 44.1167),30,2021,95940.0,2340.0,41.0,352477484.0,4,6.80468996992727e-05
07560,K,44.1167,3.5833,POINT (3.5833 44.1167),30,2022,89880.0,2140.0,42.0,335353388.0,4,6.700394510402263e-05
07560,K,44.1167,3.5833,POINT (3.5833 44.1167),30,2023,74520.0,2070.0,36.0,349936476.0,4,5.323823401593608e-05
07560,K,44.1167,3.5833,POINT (3.5833 44.1167),30,2024,82320.0,1680.0,49.0,254503233.0,4,8.086341284316809e-05
07558,N,44.1167,3.0167,POINT (3.0167 44.1167),12,2011,450576.0,10479.0,42.99799599198397,339151320.0,3,0.0004428465736179355
07558,N,44.1167,3.0167,POINT (3.0167 44.1167),12,2012,571810.0,10688.0,53.5001871257485,352413954.0,3,0.0005408506989292862
07558,N,44.1167,3.0167,POINT (3.0167 44.1167),12,2013,542925.0,12065.0,45.0,366896248.0,3,0.0004932593369011503
07558,N,44.1167,3.0167,POINT (3.0167 44.1167),12,2014,598000.0,13000.0,46.0,373250696.0,3,0.0005340467826839185
07558,N,44.1167,3.0167,POINT (3.0167 44.1167),12,2015,684040.0,13960.0,49.0,408852959.0,3,0.0005576903097167834
07558,N,44.1167,3.0167,POINT (3.0167 44.1167),12,2016,753375.0,15375.0,49.0,275520198.0,3,0.0009114576783223711
07558,N,44.1167,3.0167,POINT (3.0167 44.1167),12,2017,743070.0,15810.0,47.0,364705798.0,3,0.000679150157080859
07558,N,44.1167,3.0167,POINT (3.0167 44.1167),12,2018,645600.0,16140.0,40.0,339560022.0,3,0.0006337612971411575
07558,N,44.1167,3.0167,POINT (3.0167 44.1167),12,2019,816000.0,16000.0,51.0,394072791.0,3,0.0006902278112370362
07558,N,44.1167,3.0167,POINT (3.0167 44.1167),12,2020,634500.0,14100.0,45.0,289488478.0,3,0.0007305990257753885
07558,N,44.1167,3.0167,POINT (3.0167 44.1167),12,2021,757920.0,15790.0,48.0,352477484.0,3,0.0007167550027110384
07558,N,44.1167,3.0167,POINT (3.0167 44.1167),12,2022,599040.0,16640.0,36.0,335353388.0,3,0.0005954315869324094
07558,N,44.1167,3.0167,POINT (3.0167 44.1167),12,2023,765164.0,16634.0,46.0,349936476.0,3,0.0007288599050379265
07558,N,44.1167,3.0167,POINT (3.0167 44.1167),12,2024,649030.0,15830.0,41.0,254503233.0,3,0.0008500612380563879
07147,J,48.7667,2.2,POINT (2.2 48.7667),91,2011,2304264.0,34392.0,67.0,339151320.0,2,0.0033971030984045704
07147,J,48.7667,2.2,POINT (2.2 48.7667),91,2012,2757250.0,33625.0,82.0,352413954.0,2,0.003911947822588206
07147,J,48.7667,2.2,POINT (2.2 48.7667),91,2013,2853540.0,34380.0,83.0,366896248.0,2,0.0038887560387371417
07147,J,48.7667,2.2,POINT (2.2 48.7667),91,2014,2917200.0,34320.0,85.0,373250696.0,2,0.0039078292837262385
07147,J,48.7667,2.2,POINT (2.2 48.7667),91,2015,2858520.0,34440.0,83.0,408852959.0,2,0.0034957800073057562
07147,J,48.7667,2.2,POINT (2.2 48.7667),91,2016,1505925.0,33465.0,45.0,275520198.0,2,0.002732875867053493
07147,J,48.7667,2.2,POINT (2.2 48.7667),91,2017,2428500.0,32380.0,75.0,364705798.0,2,0.0033293959313473813
07147,J,48.7667,2.2,POINT (2.2 48.7667),91,2018,2332500.0,31100.0,75.0,339560022.0,2,0.003434591602188081
07147,J,48.7667,2.2,POINT (2.2 48.7667),91,2019,2645670.0,30410.0,87.0,394072791.0,2,0.003356829068668179
07147,J,48.7667,2.2,POINT (2.2 48.7667),91,2020,1904040.0,26445.0,72.0,289488478.0,2,0.0032886282955966214
07147,J,48.7667,2.2,POINT (2.2 48.7667),91,2021,2419875.0,29875.0,81.0,352477484.0,2,0.0034326660706645307
07147,J,48.7667,2.2,POINT (2.2 48.7667),91,2022,2296140.0,27335.0,84.0,335353388.0,2,0.003423463251249455
07147,J,48.7667,2.2,POINT (2.2 48.7667),91,2023,2193457.0,27765.0,79.00079236448767,349936476.0,2,0.003134078826352472
07147,J,48.7667,2.2,POINT (2.2 48.7667),91,2024,1562709.0,24395.0,64.05857757737242,254503233.0,2,0.0030701162055572
07179,M,48.7833,5.4833,POINT (5.4833 48.7833),55,2011,5273000.0,78700.0,67.0012706480305,339151320.0,1,0.01554763224863757
07179,M,48.7833,5.4833,POINT (5.4833 48.7833),55,2012,2132000.0,35800.0,59.55307262569833,352413954.0,1,0.006049703695898489
07179,M,48.7833,5.4833,POINT (5.4833 48.7833),55,2013,6100000.0,82300.0,74.1190765492102,366896248.0,1,0.01662595361291348
07179,M,48.7833,5.4833,POINT (5.4833 48.7833),55,2014,5205000.0,69400.0,75.0,373250696.0,1,0.013945051022758174
07179,M,48.7833,5.4833,POINT (5.4833 48.7833),55,2015,6520640.0,79520.0,82.0,408852959.0,1,0.015948618828511403
07179,M,48.7833,5.4833,POINT (5.4833 48.7833),55,2016,4072680.0,83800.0,48.6,275520198.0,1,0.014781783802289514
07179,M,48.7833,5.4833,POINT (5.4833 48.7833),55,2017,5301000.0,85500.0,62.0,364705798.0,1,0.014535003361805616
07179,M,48.7833,5.4833,POINT (5.4833 48.7833),55,2018,5390000.0,77000.0,70.0,339560022.0,1,0.01587348230293141
07179,M,48.7833,5.4833,POINT (5.4833 48.7833),55,2019,6183100.0,84700.0,73.0,394072791.0,1,0.015690248454631316
07179,M,48.7833,5.4833,POINT (5.4833 48.7833),55,2020,5502500.0,77500.0,71.0,289488478.0,1,0.01900766496136679
07179,M,48.7833,5.4833,POINT (5.4833 48.7833),55,2021,6486000.0,94000.0,69.0,352477484.0,1,0.01840117537833991
07179,M,48.7833,5.4833,POINT (5.4833 48.7833),55,2022,4901715.0,75411.0,65.0,335353388.0,1,0.0146165662116406
07179,M,48.7833,5.4833,POINT (5.4833 48.7833),55,2023,5200000.0,80000.0,65.0,349936476.0,1,0.014859839875623598
07179,M,48.7833,5.4833,POINT (5.4833 48.7833),55,2024,4317500.0,78500.0,55.0,254503233.0,1,0.016964421037433345
LFBU0,T,45.7333,0.2167,POINT (0.2167 45.7333),16,2011,2647680.0,63040.0,42.0,339151320.0,2,0.003903390380435494
LFBU0,T,45.7333,0.2167,POINT (0.2167 45.7333),16,2012,4387680.0,66480.0,66.0,352413954.0,2,0.006225179153944625
LFBU0,T,45.7333,0.2167,POINT (0.2167 45.7333),16,2013,4164480.0,65070.0,64.0,366896248.0,2,0.005675282893598846
LFBU0,T,45.7333,0.2167,POINT (0.2167 45.7333),16,2014,3751500.0,61500.0,61.0,373250696.0,2,0.005025442738893111
LFBU0,T,45.7333,0.2167,POINT (0.2167 45.7333),16,2015,4181100.0,63350.0,66.0,408852959.0,2,0.005113207459995416
LFBU0,T,45.7333,0.2167,POINT (0.2167 45.7333),16,2016,3696920.0,63740.0,58.0,275520198.0,2,0.006708981822087686
LFBU0,T,45.7333,0.2167,POINT (0.2167 45.7333),16,2017,3702000.0,61700.0,60.0,364705798.0,2,0.00507532375451843
LFBU0,T,45.7333,0.2167,POINT (0.2167 45.7333),16,2018,3612000.0,60200.0,60.0,339560022.0,2,0.005318647317086108
LFBU0,T,45.7333,0.2167,POINT (0.2167 45.7333),16,2019,4362950.0,61450.0,71.0,394072791.0,2,0.0055357158621996815
LFBU0,T,45.7333,0.2167,POINT (0.2167 45.7333),16,2020,2044080.0,40080.0,51.0,289488478.0,2,0.0035305032071086435
LFBU0,T,45.7333,0.2167,POINT (0.2167 45.7333),16,2021,3467430.0,58770.0,59.0,352477484.0,2,0.004918654605466941
LFBU0,T,45.7333,0.2167,POINT (0.2167 45.7333),16,2022,2795310.0,54810.0,51.0,335353388.0,2,0.00416770800597965
LFBU0,T,45.7333,0.2167,POINT (0.2167 45.7333),16,2023,3670065.0,58255.0,63.0,349936476.0,2,0.005243901753185627
LFBU0,T,45.7333,0.2167,POINT (0.2167 45.7333),16,2024,2180100.0,41925.0,52.0,254503233.0,2,0.004283049716700456
07072,G,49.2097,4.1553,POINT (4.1553 49.2097),51,2011,14072012.0,166730.0,84.4,339151320.0,5,0.008298367820004357
07072,G,49.2097,4.1553,POINT (4.1553 49.2097),51,2012,11527672.0,144820.0,79.6,352413954.0,5,0.00654212006599489
07072,G,49.2097,4.1553,POINT (4.1553 49.2097),51,2013,14920073.0,169450.0,88.05000295072293,366896248.0,5,0.008133129232763372
07072,G,49.2097,4.1553,POINT (4.1553 49.2097),51,2014,15313788.0,163260.0,93.8,373250696.0,5,0.008205631316491905
07072,G,49.2097,4.1553,POINT (4.1553 49.2097),51,2015,16161068.0,168520.0,95.9,408852959.0,5,0.007905564895275712
07072,G,49.2097,4.1553,POINT (4.1553 49.2097),51,2016,9481968.0,168120.0,56.4,275520198.0,5,0.006882956726098172
07072,G,49.2097,4.1553,POINT (4.1553 49.2097),51,2017,13486500.0,166500.0,81.0,364705798.0,5,0.007395824291227747
07072,G,49.2097,4.1553,POINT (4.1553 49.2097),51,2018,13407000.0,163500.0,82.0,339560022.0,5,0.007896689322278345
07072,G,49.2097,4.1553,POINT (4.1553 49.2097),51,2019,14859150.0,167900.0,88.5,394072791.0,5,0.007541322486281475
07072,G,49.2097,4.1553,POINT (4.1553 49.2097),51,2020,13923000.0,154700.0,90.0,289488478.0,5,0.00961903568403852
07072,G,49.2097,4.1553,POINT (4.1553 49.2097),51,2021,14624290.0,178345.0,82.0,352477484.0,5,0.008297999539737977
07072,G,49.2097,4.1553,POINT (4.1553 49.2097),51,2022,14007000.0,161000.0,87.0,335353388.0,5,0.008353575959697775
07072,G,49.2097,4.1553,POINT (4.1553 49.2097),51,2023,14390500.0,169300.0,85.0,349936476.0,5,0.008224635605006208
07072,G,49.2097,4.1553,POINT (4.1553 49.2097),51,2024,10496600.0,169300.0,62.0,254503233.0,5,0.00824869678571038
07603,B,43.6833,-1.0667,POINT (-1.0667 43.6833),40,2011,158480.0,2830.0,56.0,339151320.0,4,0.00011682101075118918
07603,B,43.6833,-1.0667,POINT (-1.0667 43.6833),40,2012,185850.0,3150.0,59.0,352413954.0,4,0.00013184069323202792
07603,B,43.6833,-1.0667,POINT (-1.0667 43.6833),40,2013,166380.0,3540.0,47.0,366896248.0,4,0.00011336992467690757
07603,B,43.6833,-1.0667,POINT (-1.0667 43.6833),40,2014,129720.0,2760.0,47.0,373250696.0,4,8.688530349049905e-05
07603,B,43.6833,-1.0667,POINT (-1.0667 43.6833),40,2015,149340.0,2620.0,57.0,408852959.0,4,9.131644807296112e-05
07603,B,43.6833,-1.0667,POINT (-1.0667 43.6833),40,2016,191520.0,3420.0,56.0,275520198.0,4,0.0001737803629191643
07603,B,43.6833,-1.0667,POINT (-1.0667 43.6833),40,2017,195000.0,3000.0,65.0,364705798.0,4,0.00013366938575514503
07603,B,43.6833,-1.0667,POINT (-1.0667 43.6833),40,2018,174500.0,3490.0,50.0,339560022.0,4,0.00012847507708077603
07603,B,43.6833,-1.0667,POINT (-1.0667 43.6833),40,2019,226380.0,2940.0,77.0,394072791.0,4,0.00014361559918000023
07603,B,43.6833,-1.0667,POINT (-1.0667 43.6833),40,2020,56120.0,1220.0,46.0,289488478.0,4,4.846479589422554e-05
07603,B,43.6833,-1.0667,POINT (-1.0667 43.6833),40,2021,144760.0,2585.0,56.0,352477484.0,4,0.000102673224937114
07603,B,43.6833,-1.0667,POINT (-1.0667 43.6833),40,2022,99820.0,2170.0,46.0,335353388.0,4,7.441403872144568e-05
07603,B,43.6833,-1.0667,POINT (-1.0667 43.6833),40,2023,181120.0,2830.0,64.0,349936476.0,4,0.000129394913378507
07603,B,43.6833,-1.0667,POINT (-1.0667 43.6833),40,2024,41580.0,945.0,44.0,254503233.0,4,4.084427485445735e-05
07549,C,44.9,2.4167,POINT (2.4167 44.9),15,2011,211500.0,4500.0,47.0,339151320.0,1,0.000623615441036762
07549,C,44.9,2.4167,POINT (2.4167 44.9),15,2012,252000.0,4500.0,56.0,352413954.0,1,0.0007150681666821853
07549,C,44.9,2.4167,POINT (2.4167 44.9),15,2013,273600.0,4800.0,57.0,366896248.0,1,0.0007457149030316604
07549,C,44.9,2.4167,POINT (2.4167 44.9),15,2014,303000.0,5050.0,60.0,373250696.0,1,0.0008117868318723778
07549,C,44.9,2.4167,POINT (2.4167 44.9),15,2015,295800.0,5100.0,58.0,408852959.0,1,0.0007234874873438301
07549,C,44.9,2.4167,POINT (2.4167 44.9),15,2016,264000.0,4800.0,55.0,275520198.0,1,0.0009581874647171966
07549,C,44.9,2.4167,POINT (2.4167 44.9),15,2017,213670.0,4645.0,46.0,364705798.0,1,0.000585869490344653
07549,C,44.9,2.4167,POINT (2.4167 44.9),15,2018,206775.0,4595.0,45.0,339560022.0,1,0.0006089497779570765
07549,C,44.9,2.4167,POINT (2.4167 44.9),15,2019,220255.0,4495.0,49.0,394072791.0,1,0.0005589195829559316
07549,C,44.9,2.4167,POINT (2.4167 44.9),15,2020,203320.0,3910.0,52.0,289488478.0,1,0.0007023422880409078
07549,C,44.9,2.4167,POINT (2.4167 44.9),15,2021,221850.0,4350.0,51.0,352477484.0,1,0.0006294019052859558
07549,C,44.9,2.4167,POINT (2.4167 44.9),15,2022,237500.0,4750.0,50.0,335353388.0,1,0.0007082081425102525
07549,C,44.9,2.4167,POINT (2.4167 44.9),15,2023,263520.0,4880.0,54.0,349936476.0,1,0.0007530509623123712
07549,C,44.9,2.4167,POINT (2.4167 44.9),15,2024,202400.0,4600.0,44.0,254503233.0,1,0.0007952747696529261
KQIH0,O,50.57,3.08,POINT (3.08 50.57),59,2011,10845380.0,119180.0,91.0,339151320.0,4,0.007994499328500328
KQIH0,O,50.57,3.08,POINT (3.08 50.57),59,2012,9589415.0,121385.0,79.0,352413954.0,4,0.006802664090877627
KQIH0,O,50.57,3.08,POINT (3.08 50.57),59,2013,10331968.0,112304.0,92.0,366896248.0,4,0.0070401156023814125
KQIH0,O,50.57,3.08,POINT (3.08 50.57),59,2014,10307704.0,117133.0,88.0,373250696.0,4,0.006904008559437489
KQIH0,O,50.57,3.08,POINT (3.08 50.57),59,2015,12100000.0,121000.0,100.0,408852959.0,4,0.007398747968948905
KQIH0,O,50.57,3.08,POINT (3.08 50.57),59,2016,7488000.0,117000.0,64.0,275520198.0,4,0.006794420204358303
KQIH0,O,50.57,3.08,POINT (3.08 50.57),59,2017,10305000.0,114500.0,90.0,364705798.0,4,0.007063912924137279
KQIH0,O,50.57,3.08,POINT (3.08 50.57),59,2018,10092720.0,114690.0,88.0,339560022.0,4,0.007430733409482463
KQIH0,O,50.57,3.08,POINT (3.08 50.57),59,2019,11387800.0,117400.0,97.0,394072791.0,4,0.007224426717651765
KQIH0,O,50.57,3.08,POINT (3.08 50.57),59,2020,9834800.0,106900.0,92.0,289488478.0,4,0.008493256854250343
KQIH0,O,50.57,3.08,POINT (3.08 50.57),59,2021,9569400.0,116700.0,82.0,352477484.0,4,0.006787242046927457
KQIH0,O,50.57,3.08,POINT (3.08 50.57),59,2022,10825652.0,112767.0,96.00017735685086,335353388.0,4,0.008070331467770947
KQIH0,O,50.57,3.08,POINT (3.08 50.57),59,2023,10487908.0,113999.0,92.0,349936476.0,4,0.0074927227649169105
KQIH0,O,50.57,3.08,POINT (3.08 50.57),59,2024,7212858.0,96171.0,75.00034313878405,254503233.0,4,0.00708523219428022
LFQA0,G,49.2087,4.1566,POINT (4.1566 49.2087),51,2011,14072012.0,166730.0,84.4,339151320.0,5,0.008298367820004357
LFQA0,G,49.2087,4.1566,POINT (4.1566 49.2087),51,2012,11527672.0,144820.0,79.6,352413954.0,5,0.00654212006599489
LFQA0,G,49.2087,4.1566,POINT (4.1566 49.2087),51,2013,14920073.0,169450.0,88.05000295072293,366896248.0,5,0.008133129232763372
LFQA0,G,49.2087,4.1566,POINT (4.1566 49.2087),51,2014,15313788.0,163260.0,93.8,373250696.0,5,0.008205631316491905
LFQA0,G,49.2087,4.1566,POINT (4.1566 49.2087),51,2015,16161068.0,168520.0,95.9,408852959.0,5,0.007905564895275712
LFQA0,G,49.2087,4.1566,POINT (4.1566 49.2087),51,2016,9481968.0,168120.0,56.4,275520198.0,5,0.006882956726098172
LFQA0,G,49.2087,4.1566,POINT (4.1566 49.2087),51,2017,13486500.0,166500.0,81.0,364705798.0,5,0.007395824291227747
LFQA0,G,49.2087,4.1566,POINT (4.1566 49.2087),51,2018,13407000.0,163500.0,82.0,339560022.0,5,0.007896689322278345
LFQA0,G,49.2087,4.1566,POINT (4.1566 49.2087),51,2019,14859150.0,167900.0,88.5,394072791.0,5,0.007541322486281475
LFQA0,G,49.2087,4.1566,POINT (4.1566 49.2087),51,2020,13923000.0,154700.0,90.0,289488478.0,5,0.00961903568403852
LFQA0,G,49.2087,4.1566,POINT (4.1566 49.2087),51,2021,14624290.0,178345.0,82.0,352477484.0,5,0.008297999539737977
LFQA0,G,49.2087,4.1566,POINT (4.1566 49.2087),51,2022,14007000.0,161000.0,87.0,335353388.0,5,0.008353575959697775
LFQA0,G,49.2087,4.1566,POINT (4.1566 49.2087),51,2023,14390500.0,169300.0,85.0,349936476.0,5,0.008224635605006208
LFQA0,G,49.2087,4.1566,POINT (4.1566 49.2087),51,2024,10496600.0,169300.0,62.0,254503233.0,5,0.00824869678571038
07471,C,45.0833,3.7667,POINT (3.7667 45.0833),43,2011,633360.0,13195.0,48.0,339151320.0,1,0.0018674849916550523
07471,C,45.0833,3.7667,POINT (3.7667 45.0833),43,2012,728730.0,13495.0,54.0,352413954.0,1,0.0020678239091520196
07471,C,45.0833,3.7667,POINT (3.7667 45.0833),43,2013,769725.0,13995.0,55.0,366896248.0,1,0.002097936417163906
07471,C,45.0833,3.7667,POINT (3.7667 45.0833),43,2014,738140.0,14195.0,52.0,373250696.0,1,0.0019775984557038845
07471,C,45.0833,3.7667,POINT (3.7667 45.0833),43,2015,722250.0,14445.0,50.0,408852959.0,1,0.0017665275109333377
07471,C,45.0833,3.7667,POINT (3.7667 45.0833),43,2016,814530.0,14290.0,57.0,275520198.0,1,0.0029563349834700685
07471,C,45.0833,3.7667,POINT (3.7667 45.0833),43,2017,676320.0,14090.0,48.0,364705798.0,1,0.0018544262353624552
07471,C,45.0833,3.7667,POINT (3.7667 45.0833),43,2018,659500.0,13190.0,50.0,339560022.0,1,0.0019422192168429063
07471,C,45.0833,3.7667,POINT (3.7667 45.0833),43,2019,611550.0,13590.0,45.0,394072791.0,1,0.0015518706542720937
07471,C,45.0833,3.7667,POINT (3.7667 45.0833),43,2020,637500.0,12500.0,51.0,289488478.0,1,0.0022021601840747527
07471,C,45.0833,3.7667,POINT (3.7667 45.0833),43,2021,681720.0,13110.0,52.0,352477484.0,1,0.0019340809865744503
07471,C,45.0833,3.7667,POINT (3.7667 45.0833),43,2022,448470.0,13590.0,33.0,335353388.0,1,0.0013373057080908334
07471,C,45.0833,3.7667,POINT (3.7667 45.0833),43,2023,712800.0,13200.0,54.0,349936476.0,1,0.00203694112756625
07471,C,45.0833,3.7667,POINT (3.7667 45.0833),43,2024,674000.0,13480.0,50.0,254503233.0,1,0.0026482964167296058
07020,P,49.7167,-1.9333,POINT (-1.9333 49.7167),50,2011,2849190.0,39030.0,73.0,339151320.0,3,0.0028003134412096643
07020,P,49.7167,-1.9333,POINT (-1.9333 49.7167),50,2012,2838000.0,43000.0,66.0,352413954.0,3,0.002684343197148204
07020,P,49.7167,-1.9333,POINT (-1.9333 49.7167),50,2013,2780700.0,39000.0,71.3,366896248.0,3,0.0025263272793130333
07020,P,49.7167,-1.9333,POINT (-1.9333 49.7167),50,2014,2982000.0,42000.0,71.0,373250696.0,3,0.0026630894748552593
07020,P,49.7167,-1.9333,POINT (-1.9333 49.7167),50,2015,3272500.0,42500.0,77.0,408852959.0,3,0.0026680333584997566
07020,P,49.7167,-1.9333,POINT (-1.9333 49.7167),50,2016,2659800.0,43100.0,61.7122969837587,275520198.0,3,0.003217912902341918
07020,P,49.7167,-1.9333,POINT (-1.9333 49.7167),50,2017,3117750.0,41570.0,75.0,364705798.0,3,0.0028495571106878868
07020,P,49.7167,-1.9333,POINT (-1.9333 49.7167),50,2018,2634440.0,39320.0,67.0,339560022.0,3,0.0025861309040281152
07020,P,49.7167,-1.9333,POINT (-1.9333 49.7167),50,2019,3309210.0,39870.0,83.0,394072791.0,3,0.002799152910813373
07020,P,49.7167,-1.9333,POINT (-1.9333 49.7167),50,2020,2443310.0,33470.0,73.0,289488478.0,3,0.0028133647055433642
07020,P,49.7167,-1.9333,POINT (-1.9333 49.7167),50,2021,2653000.0,37900.0,70.0,352477484.0,3,0.0025089073018160026
07020,P,49.7167,-1.9333,POINT (-1.9333 49.7167),50,2022,3060800.0,38260.0,80.0,335353388.0,3,0.0030423627825900083
07020,P,49.7167,-1.9333,POINT (-1.9333 49.7167),50,2023,2973320.0,40180.0,74.0,349936476.0,3,0.0028322473781403307
07020,P,49.7167,-1.9333,POINT (-1.9333 49.7167),50,2024,2299080.0,33810.0,68.0,254503233.0,3,0.003011199468731307
07139,P,48.45,0.1167,POINT (0.1167 48.45),61,2011,6054480.0,84090.0,72.0,339151320.0,1,0.017851854446563852
07139,P,48.45,0.1167,POINT (0.1167 48.45),61,2012,6035000.0,85000.0,71.0,352413954.0,1,0.017124747563202335
07139,P,48.45,0.1167,POINT (0.1167 48.45),61,2013,5751200.0,79000.0,72.8,366896248.0,1,0.015675276134194754
07139,P,48.45,0.1167,POINT (0.1167 48.45),61,2014,6283500.0,88500.0,71.0,373250696.0,1,0.016834529894620746
07139,P,48.45,0.1167,POINT (0.1167 48.45),61,2015,6901600.0,86270.0,80.0,408852959.0,1,0.0168803963578505
07139,P,48.45,0.1167,POINT (0.1167 48.45),61,2016,4558000.0,86000.0,53.0,275520198.0,1,0.016543251758261296
07139,P,48.45,0.1167,POINT (0.1167 48.45),61,2017,6093750.0,81250.0,75.0,364705798.0,1,0.01670867321939313
07139,P,48.45,0.1167,POINT (0.1167 48.45),61,2018,5377680.0,81480.0,66.0,339560022.0,1,0.015837200057667564
07139,P,48.45,0.1167,POINT (0.1167 48.45),61,2019,6652450.0,80150.0,83.0,394072791.0,1,0.016881272069352284
07139,P,48.45,0.1167,POINT (0.1167 48.45),61,2020,4290560.0,67980.0,63.11503383348044,289488478.0,1,0.014821177097072582
07139,P,48.45,0.1167,POINT (0.1167 48.45),61,2021,5702720.0,80320.0,71.0,352477484.0,1,0.016178962512113256
07139,P,48.45,0.1167,POINT (0.1167 48.45),61,2022,5881200.0,75400.0,78.0,335353388.0,1,0.01753732095886862
07139,P,48.45,0.1167,POINT (0.1167 48.45),61,2023,5868910.0,74290.0,79.0,349936476.0,1,0.016771358239316556
07139,P,48.45,0.1167,POINT (0.1167 48.45),61,2024,4045520.0,66320.0,61.0,254503233.0,1,0.01589575091959637
07385,D,46.3,4.8,POINT (4.8 46.3),71,2011,2337300.0,37100.0,63.0,339151320.0,3,0.0022972046813793915
07385,D,46.3,4.8,POINT (4.8 46.3),71,2012,2438800.0,36400.0,67.0,352413954.0,3,0.002306756937704383
07385,D,46.3,4.8,POINT (4.8 46.3),71,2013,2263000.0,36500.0,62.0,366896248.0,3,0.0020559854112580985
07385,D,46.3,4.8,POINT (4.8 46.3),71,2014,2150400.0,33600.0,64.0,373250696.0,3,0.0019204250860928066
07385,D,46.3,4.8,POINT (4.8 46.3),71,2015,2786400.0,38700.0,72.0,408852959.0,3,0.0022717213598544604
07385,D,46.3,4.8,POINT (4.8 46.3),71,2016,1996560.0,42480.0,47.0,275520198.0,3,0.0024155034906007144
07385,D,46.3,4.8,POINT (4.8 46.3),71,2017,2922000.0,38300.0,76.29242819843343,364705798.0,3,0.0026706457789848464
07385,D,46.3,4.8,POINT (4.8 46.3),71,2018,2470400.0,38600.0,64.0,339560022.0,3,0.0024250989907954085
07385,D,46.3,4.8,POINT (4.8 46.3),71,2019,2948800.0,38800.0,76.0,394072791.0,3,0.0024942938355095247
07385,D,46.3,4.8,POINT (4.8 46.3),71,2020,2307500.0,35500.0,65.0,289488478.0,3,0.0026569854247071854
07385,D,46.3,4.8,POINT (4.8 46.3),71,2021,2622380.0,39140.0,67.0,352477484.0,3,0.0024799503694444966
07385,D,46.3,4.8,POINT (4.8 46.3),71,2022,2435400.0,36900.0,66.0,335353388.0,3,0.0024207299793255707
07385,D,46.3,4.8,POINT (4.8 46.3),71,2023,2648600.0,38950.0,68.0,349936476.0,3,0.002522934095806196
07385,D,46.3,4.8,POINT (4.8 46.3),71,2024,1684800.0,32400.0,52.0,254503233.0,3,0.002206651732396657
07653,U,43.3333,5.05,POINT (5.05 43.3333),13,2011,21450.0,550.0,39.0,339151320.0,6,1.0541017502158034e-05
07653,U,43.3333,5.05,POINT (5.05 43.3333),13,2012,0.0,0.0,,352413954.0,6,0.0
07653,U,43.3333,5.05,POINT (5.05 43.3333),13,2013,54760.0,1369.0,40.0,366896248.0,6,2.4875333875495686e-05
07653,U,43.3333,5.05,POINT (5.05 43.3333),13,2014,50985.0,1545.0,33.0,373250696.0,6,2.2766200012658517e-05
07653,U,43.3333,5.05,POINT (5.05 43.3333),13,2015,62440.0,1561.0,40.0,408852959.0,6,2.5453323591249016e-05
07653,U,43.3333,5.05,POINT (5.05 43.3333),13,2016,39178.0,1002.0,39.0998003992016,275520198.0,6,2.369941192720349e-05
07653,U,43.3333,5.05,POINT (5.05 43.3333),13,2017,37000.0,1000.0,37.0,364705798.0,6,1.6908606061334587e-05
07653,U,43.3333,5.05,POINT (5.05 43.3333),13,2018,38151.0,1003.0,38.03688933200399,339560022.0,6,1.8725702638810644e-05
07653,U,43.3333,5.05,POINT (5.05 43.3333),13,2019,40902.0,1203.0,34.0,394072791.0,6,1.729883451912822e-05
07653,U,43.3333,5.05,POINT (5.05 43.3333),13,2020,42364.0,1190.0,35.6,289488478.0,6,2.4390147460952373e-05
07653,U,43.3333,5.05,POINT (5.05 43.3333),13,2021,71426.0,1775.0,40.24,352477484.0,6,3.377331566896152e-05
07653,U,43.3333,5.05,POINT (5.05 43.3333),13,2022,62616.0,2033.0,30.799803246433843,335353388.0,6,3.1119411264155765e-05
07653,U,43.3333,5.05,POINT (5.05 43.3333),13,2023,47008.0,1794.0,26.202898550724637,349936476.0,6,2.2388825412606218e-05
07653,U,43.3333,5.05,POINT (5.05 43.3333),13,2024,69266.0,1515.0,45.72013201320132,254503233.0,6,4.536026201809913e-05
LFOV0,R,48.0314,-0.743,POINT (-0.743 48.0314),53,2011,5204560.0,77680.0,67.0,339151320.0,1,0.015345834419868984
LFOV0,R,48.0314,-0.743,POINT (-0.743 48.0314),53,2012,5862058.0,79217.0,74.0,352413954.0,1,0.016634012170812056
LFOV0,R,48.0314,-0.743,POINT (-0.743 48.0314),53,2013,5321450.0,74950.0,71.0,366896248.0,1,0.01450396407433417
LFOV0,R,48.0314,-0.743,POINT (-0.743 48.0314),53,2014,6256481.0,81253.0,77.0,373250696.0,1,0.0167621415500321
LFOV0,R,48.0314,-0.743,POINT (-0.743 48.0314),53,2015,6466000.0,80825.0,80.0,408852959.0,1,0.015814976650321857
LFOV0,R,48.0314,-0.743,POINT (-0.743 48.0314),53,2016,5114132.0,82486.0,62.0,275520198.0,1,0.01856173172465563
LFOV0,R,48.0314,-0.743,POINT (-0.743 48.0314),53,2017,5993360.0,78860.0,76.0,364705798.0,1,0.01643341025250166
LFOV0,R,48.0314,-0.743,POINT (-0.743 48.0314),53,2018,5116800.0,79950.0,64.0,339560022.0,1,0.015068911734255924
LFOV0,R,48.0314,-0.743,POINT (-0.743 48.0314),53,2019,6357672.0,79174.0,80.29999747391821,394072791.0,1,0.01613324275412864
LFOV0,R,48.0314,-0.743,POINT (-0.743 48.0314),53,2020,3978664.0,65224.0,61.0,289488478.0,1,0.01374377324958681
LFOV0,R,48.0314,-0.743,POINT (-0.743 48.0314),53,2021,5744735.0,78695.0,73.0,352477484.0,1,0.01629816161533881
LFOV0,R,48.0314,-0.743,POINT (-0.743 48.0314),53,2022,5906475.0,78753.0,75.0,335353388.0,1,0.017612689214876815
LFOV0,R,48.0314,-0.743,POINT (-0.743 48.0314),53,2023,6218316.0,79722.0,78.0,349936476.0,1,0.017769842318466966
LFOV0,R,48.0314,-0.743,POINT (-0.743 48.0314),53,2024,4211700.0,70195.0,60.0,254503233.0,1,0.01654870922602386
LFNB0,K,44.5,3.5333,POINT (3.5333 44.5),48,2011,34500.0,1150.0,30.0,339151320.0,2,5.086225228314016e-05
LFNB0,K,44.5,3.5333,POINT (3.5333 44.5),48,2012,60000.0,1200.0,50.0,352413954.0,2,8.512716270026017e-05
LFNB0,K,44.5,3.5333,POINT (3.5333 44.5),48,2013,64900.0,1180.0,55.0,366896248.0,2,8.84446220883676e-05
LFNB0,K,44.5,3.5333,POINT (3.5333 44.5),48,2014,66000.0,1320.0,50.0,373250696.0,2,8.84124272336253e-05
LFNB0,K,44.5,3.5333,POINT (3.5333 44.5),48,2015,42900.0,1430.0,30.0,408852959.0,2,5.246384923436496e-05
LFNB0,K,44.5,3.5333,POINT (3.5333 44.5),48,2016,76950.0,1710.0,45.0,275520198.0,2,0.00013964493448861414
LFNB0,K,44.5,3.5333,POINT (3.5333 44.5),48,2017,84870.0,1845.0,46.0,364705798.0,2,0.0001163540591696324
LFNB0,K,44.5,3.5333,POINT (3.5333 44.5),48,2018,77785.0,1655.0,47.0,339560022.0,2,0.00011453792401980702
LFNB0,K,44.5,3.5333,POINT (3.5333 44.5),48,2019,80195.0,1865.0,43.0,394072791.0,2,0.00010175150610690094
LFNB0,K,44.5,3.5333,POINT (3.5333 44.5),48,2020,81000.0,1800.0,45.0,289488478.0,2,0.00013990194110592548
LFNB0,K,44.5,3.5333,POINT (3.5333 44.5),48,2021,85580.0,1945.0,44.0,352477484.0,2,0.00012139782522959679
LFNB0,K,44.5,3.5333,POINT (3.5333 44.5),48,2022,46310.0,2105.0,22.0,335353388.0,2,6.904656648347325e-05
LFNB0,K,44.5,3.5333,POINT (3.5333 44.5),48,2023,99640.0,2120.0,47.0,349936476.0,2,0.00014236869665453224
LFNB0,K,44.5,3.5333,POINT (3.5333 44.5),48,2024,81890.0,2155.0,38.0,254503233.0,2,0.00016088204270473845
07491,V,45.65,5.8833,POINT (5.8833 45.65),73,2011,52250.0,950.0,55.0,339151320.0,2,7.703051251577025e-05
07491,V,45.65,5.8833,POINT (5.8833 45.65),73,2012,66950.0,1030.0,65.0,352413954.0,2,9.49877257130403e-05
07491,V,45.65,5.8833,POINT (5.8833 45.65),73,2013,67600.0,1040.0,65.0,366896248.0,2,9.212413641253699e-05
07491,V,45.65,5.8833,POINT (5.8833 45.65),73,2014,44400.0,740.0,60.0,373250696.0,2,5.9477451048075205e-05
07491,V,45.65,5.8833,POINT (5.8833 45.65),73,2015,48900.0,815.0,60.0,408852959.0,2,5.980145052588454e-05
07491,V,45.65,5.8833,POINT (5.8833 45.65),73,2016,63900.0,1065.0,60.0,275520198.0,2,0.00011596246021861526
07491,V,45.65,5.8833,POINT (5.8833 45.65),73,2017,64347.0,1010.0,63.70990099009901,364705798.0,2,8.821768169421864e-05
07491,V,45.65,5.8833,POINT (5.8833 45.65),73,2018,61110.0,970.0,63.0,339560022.0,2,8.998409123674754e-05
07491,V,45.65,5.8833,POINT (5.8833 45.65),73,2019,61425.0,945.0,65.0,394072791.0,2,7.793610901697601e-05
07491,V,45.65,5.8833,POINT (5.8833 45.65),73,2020,51870.0,910.0,57.0,289488478.0,2,8.958905784153523e-05
07491,V,45.65,5.8833,POINT (5.8833 45.65),73,2021,83200.0,1280.0,65.0,352477484.0,2,0.00011802172305564914
07491,V,45.65,5.8833,POINT (5.8833 45.65),73,2022,66080.0,1120.0,59.0,335353388.0,2,9.852293485700523e-05
07491,V,45.65,5.8833,POINT (5.8833 45.65),73,2023,78120.0,1260.0,62.0,349936476.0,2,0.00011162025875804957
07491,V,45.65,5.8833,POINT (5.8833 45.65),73,2024,60480.0,1080.0,56.0,254503233.0,2,0.00011881970866751229
99854,A,48.55,7.76,POINT (7.76 48.55),67,2011,2020050.0,30150.0,67.0,339151320.0,2,0.0029780954412915155
99854,A,48.55,7.76,POINT (7.76 48.55),67,2012,1373600.0,20200.0,68.0,352413954.0,2,0.0019488445114179559
99854,A,48.55,7.76,POINT (7.76 48.55),67,2013,2174400.0,30200.0,72.0,366896248.0,2,0.0029632355357310713
99854,A,48.55,7.76,POINT (7.76 48.55),67,2014,2019477.0,27290.0,74.00062293880542,373250696.0,2,0.0027052555047345443
99854,A,48.55,7.76,POINT (7.76 48.55),67,2015,2510750.0,30250.0,83.0,408852959.0,2,0.003070480407113796
99854,A,48.55,7.76,POINT (7.76 48.55),67,2016,1641823.0,33713.0,48.69999703378519,275520198.0,2,0.002979496624781026
99854,A,48.55,7.76,POINT (7.76 48.55),67,2017,2363400.0,30300.0,78.0,364705798.0,2,0.0032401459107047155
99854,A,48.55,7.76,POINT (7.76 48.55),67,2018,2224800.0,30900.0,72.0,339560022.0,2,0.003276004028530779
99854,A,48.55,7.76,POINT (7.76 48.55),67,2019,2409200.0,31700.0,76.0,394072791.0,2,0.00305679566697108
99854,A,48.55,7.76,POINT (7.76 48.55),67,2020,2427040.0,31520.0,77.0,289488478.0,2,0.0041919457671817945
99854,A,48.55,7.76,POINT (7.76 48.55),67,2021,2397600.0,33300.0,72.0,352477484.0,2,0.003401068307670966
99854,A,48.55,7.76,POINT (7.76 48.55),67,2022,2270232.0,31531.0,72.0,335353388.0,2,0.00338483534271018
99854,A,48.55,7.76,POINT (7.76 48.55),67,2023,2427887.0,31531.0,77.0,349936476.0,2,0.0034690396207796297
99854,A,48.55,7.76,POINT (7.76 48.55),67,2024,1950000.0,30000.0,65.0,254503233.0,2,0.0038309925909664182
LFLU0,V,44.9167,4.9667,POINT (4.9667 44.9167),26,2011,1231190.0,23230.0,53.0,339151320.0,2,0.0018151042431443286
LFLU0,V,44.9167,4.9667,POINT (4.9667 44.9167),26,2012,1449000.0,23000.0,63.0,352413954.0,2,0.0020558209792112827
LFLU0,V,44.9167,4.9667,POINT (4.9667 44.9167),26,2013,1431600.0,23860.0,60.0,366896248.0,2,0.0019509602616595851
LFLU0,V,44.9167,4.9667,POINT (4.9667 44.9167),26,2014,1196210.0,22570.0,53.0,373250696.0,2,0.0016024216603202262
LFLU0,V,44.9167,4.9667,POINT (4.9667 44.9167),26,2015,1312540.0,22630.0,58.0,408852959.0,2,0.0016051491998618505
LFLU0,V,44.9167,4.9667,POINT (4.9667 44.9167),26,2016,1349400.0,22490.0,60.0,275520198.0,2,0.0024488222819874714
LFLU0,V,44.9167,4.9667,POINT (4.9667 44.9167),26,2017,1113600.0,19200.0,58.0,364705798.0,2,0.0015267100305326102
LFLU0,V,44.9167,4.9667,POINT (4.9667 44.9167),26,2018,935340.0,18340.0,51.0,339560022.0,2,0.0013772822761803213
LFLU0,V,44.9167,4.9667,POINT (4.9667 44.9167),26,2019,945464.0,18182.0,52.0,394072791.0,2,0.0011996057855209801
LFLU0,V,44.9167,4.9667,POINT (4.9667 44.9167),26,2020,920700.0,17050.0,54.0,289488478.0,2,0.0015902187305706862
LFLU0,V,44.9167,4.9667,POINT (4.9667 44.9167),26,2021,1083150.0,18675.0,58.0,352477484.0,2,0.0015364811217274802
LFLU0,V,44.9167,4.9667,POINT (4.9667 44.9167),26,2022,851520.0,17740.0,48.0,335353388.0,2,0.001269586100021748
LFLU0,V,44.9167,4.9667,POINT (4.9667 44.9167),26,2023,911600.0,17200.0,53.0,349936476.0,2,0.0013025221183286992
LFLU0,V,44.9167,4.9667,POINT (4.9667 44.9167),26,2024,865280.0,16640.0,52.0,254503233.0,2,0.001699939112364832
LFAQ0,S,49.9715,2.6977,POINT (2.6977 49.9715),80,2011,16525740.0,196735.0,84.0,339151320.0,3,0.016242248445325232
LFAQ0,S,49.9715,2.6977,POINT (2.6977 49.9715),80,2012,16825580.0,197748.0,85.08596799967636,352413954.0,3,0.015914598735402703
LFAQ0,S,49.9715,2.6977,POINT (2.6977 49.9715),80,2013,18316443.0,196951.0,93.0,366896248.0,3,0.016640892441069605
LFAQ0,S,49.9715,2.6977,POINT (2.6977 49.9715),80,2014,18109000.0,199492.0,90.77556994766708,373250696.0,3,0.016172329745189097
LFAQ0,S,49.9715,2.6977,POINT (2.6977 49.9715),80,2015,20049282.0,202518.0,99.0,408852959.0,3,0.016345959721915576
LFAQ0,S,49.9715,2.6977,POINT (2.6977 49.9715),80,2016,11587600.0,196400.0,59.0,275520198.0,3,0.014019056901713366
LFAQ0,S,49.9715,2.6977,POINT (2.6977 49.9715),80,2017,16843200.0,191400.0,88.0,364705798.0,3,0.01539432614120382
LFAQ0,S,49.9715,2.6977,POINT (2.6977 49.9715),80,2018,15897000.0,189250.0,84.0,339560022.0,3,0.015605488445868931
LFAQ0,S,49.9715,2.6977,POINT (2.6977 49.9715),80,2019,18287500.0,192500.0,95.0,394072791.0,3,0.015468800365192768
LFAQ0,S,49.9715,2.6977,POINT (2.6977 49.9715),80,2020,16753100.0,184100.0,91.0,289488478.0,3,0.019290462629972676
LFAQ0,S,49.9715,2.6977,POINT (2.6977 49.9715),80,2021,16193300.0,195100.0,83.0,352477484.0,3,0.015313791409912203
LFAQ0,S,49.9715,2.6977,POINT (2.6977 49.9715),80,2022,17464572.0,189832.0,92.00014749884107,335353388.0,3,0.017359371362605704
LFAQ0,S,49.9715,2.6977,POINT (2.6977 49.9715),80,2023,16790028.0,188652.0,89.0,349936476.0,3,0.015993405614566455
LFAQ0,S,49.9715,2.6977,POINT (2.6977 49.9715),80,2024,13064431.0,174192.0,75.00017796454487,254503233.0,3,0.01711102166365538
07481,V,45.7333,5.0833,POINT (5.0833 45.7333),69,2011,559625.0,10175.0,55.0,339151320.0,3,0.0005500248876126051
07481,V,45.7333,5.0833,POINT (5.0833 45.7333),69,2012,661850.0,10850.0,61.0,352413954.0,3,0.0006260156959240799
07481,V,45.7333,5.0833,POINT (5.0833 45.7333),69,2013,640500.0,10675.0,60.0,366896248.0,3,0.0005819083764519718
07481,V,45.7333,5.0833,POINT (5.0833 45.7333),69,2014,570640.0,10190.0,56.0,373250696.0,3,0.0005096128027938984
07481,V,45.7333,5.0833,POINT (5.0833 45.7333),69,2015,576800.0,10300.0,56.0,408852959.0,3,0.0004702587138831657
07481,V,45.7333,5.0833,POINT (5.0833 45.7333),69,2016,659100.0,10985.0,60.0,275520198.0,3,0.000797400704539273
07481,V,45.7333,5.0833,POINT (5.0833 45.7333),69,2017,660960.0,9720.0,68.0,364705798.0,3,0.000604103365529714
07481,V,45.7333,5.0833,POINT (5.0833 45.7333),69,2018,624650.0,10075.0,62.0,339560022.0,3,0.0006131954681834326
07481,V,45.7333,5.0833,POINT (5.0833 45.7333),69,2019,641860.0,9715.0,66.06896551724138,394072791.0,3,0.0005429284594615245
07481,V,45.7333,5.0833,POINT (5.0833 45.7333),69,2020,497370.0,8430.0,59.0,289488478.0,3,0.0005726998226160835
07481,V,45.7333,5.0833,POINT (5.0833 45.7333),69,2021,677160.0,10260.0,66.0,352477484.0,3,0.0006403813300029116
07481,V,45.7333,5.0833,POINT (5.0833 45.7333),69,2022,524150.0,9530.0,55.0,335353388.0,3,0.0005209926988024546
07481,V,45.7333,5.0833,POINT (5.0833 45.7333),69,2023,640200.0,9700.0,66.0,349936476.0,3,0.0006098249672034761
07481,V,45.7333,5.0833,POINT (5.0833 45.7333),69,2024,519100.0,8950.0,58.0,254503233.0,3,0.0006798865825540743
07093,M,48.9833,6.25,POINT (6.25 48.9833),57,2011,4538000.0,73200.0,61.994535519125684,339151320.0,3,0.004460152673640388
07093,M,48.9833,6.25,POINT (6.25 48.9833),57,2012,3090000.0,51100.0,60.46966731898239,352413954.0,3,0.0029226992527089323
07093,M,48.9833,6.25,POINT (6.25 48.9833),57,2013,5440000.0,77300.0,70.3751617076326,366896248.0,3,0.00494235998110652
07093,M,48.9833,6.25,POINT (6.25 48.9833),57,2014,3724800.0,58200.0,64.0,373250696.0,3,0.0033264505955536115
07093,M,48.9833,6.25,POINT (6.25 48.9833),57,2015,5483400.0,74100.0,74.0,408852959.0,3,0.0044705558802131595
07093,M,48.9833,6.25,POINT (6.25 48.9833),57,2016,3505905.0,76050.0,46.1,275520198.0,3,0.0042415583629915946
07093,M,48.9833,6.25,POINT (6.25 48.9833),57,2017,4671000.0,77850.0,60.0,364705798.0,3,0.004269194535810478
07093,M,48.9833,6.25,POINT (6.25 48.9833),57,2018,4369200.0,66200.0,66.0,339560022.0,3,0.004289079707975752
07093,M,48.9833,6.25,POINT (6.25 48.9833),57,2019,5278500.0,76500.0,69.0,394072791.0,3,0.0044649111539395775
07093,M,48.9833,6.25,POINT (6.25 48.9833),57,2020,4629200.0,65200.0,71.0,289488478.0,3,0.00533032152895103
07093,M,48.9833,6.25,POINT (6.25 48.9833),57,2021,4992900.0,75650.0,66.0,352477484.0,3,0.004721720040421078
07093,M,48.9833,6.25,POINT (6.25 48.9833),57,2022,4479150.0,68910.0,65.0,335353388.0,3,0.004452169124947084
07093,M,48.9833,6.25,POINT (6.25 48.9833),57,2023,4355000.0,67000.0,65.0,349936476.0,3,0.0041483719652782546
07093,M,48.9833,6.25,POINT (6.25 48.9833),57,2024,3575000.0,65000.0,55.0,254503233.0,3,0.004682324277847844
07680,U,43.4167,6.75,POINT (6.75 43.4167),83,2011,6156.0,171.0,36.0,339151320.0,4,4.537797464565374e-06
07680,U,43.4167,6.75,POINT (6.75 43.4167),83,2012,9614.0,253.0,38.0,352413954.0,4,6.820104518335843e-06
07680,U,43.4167,6.75,POINT (6.75 43.4167),83,2013,9462.0,249.0,38.0,366896248.0,4,6.447326765794563e-06
07680,U,43.4167,6.75,POINT (6.75 43.4167),83,2014,15580.0,380.0,41.0,373250696.0,4,1.0435345578029411e-05
07680,U,43.4167,6.75,POINT (6.75 43.4167),83,2015,10780.0,308.0,35.0,408852959.0,4,6.591611826881752e-06
07680,U,43.4167,6.75,POINT (6.75 43.4167),83,2016,16687.0,407.0,41.0,275520198.0,4,1.5141358166416533e-05
07680,U,43.4167,6.75,POINT (6.75 43.4167),83,2017,11370.0,308.0,36.91558441558441,364705798.0,4,7.793953415569226e-06
07680,U,43.4167,6.75,POINT (6.75 43.4167),83,2018,8946.0,264.0,33.88636363636363,339560022.0,4,6.5864644101124485e-06
07680,U,43.4167,6.75,POINT (6.75 43.4167),83,2019,11818.0,311.0,38.0,394072791.0,4,7.497345839337586e-06
07680,U,43.4167,6.75,POINT (6.75 43.4167),83,2020,16354.0,442.0,37.0,289488478.0,4,1.412318731386608e-05
07680,U,43.4167,6.75,POINT (6.75 43.4167),83,2021,23797.0,556.0,42.80035971223022,352477484.0,4,1.6878383074250496e-05
07680,U,43.4167,6.75,POINT (6.75 43.4167),83,2022,10730.0,436.0,24.610091743119266,335353388.0,4,7.999024599089483e-06
07680,U,43.4167,6.75,POINT (6.75 43.4167),83,2023,11892.0,456.0,26.07894736842105,349936476.0,4,8.495827682736338e-06
07680,U,43.4167,6.75,POINT (6.75 43.4167),83,2024,15720.0,396.0,39.696969696969695,254503233.0,4,1.544184705897233e-05
07482,V,45.9833,5.3333,POINT (5.3333 45.9833),01,2011,2267580.0,32394.0,70.0,339151320.0,1,0.006686042088823361
07482,V,45.9833,5.3333,POINT (5.3333 45.9833),01,2012,2284700.0,34100.0,67.0,352413954.0,1,0.006483000954042813
07482,V,45.9833,5.3333,POINT (5.3333 45.9833),01,2013,2109984.0,34032.0,62.0,366896248.0,1,0.005750901001309776
07482,V,45.9833,5.3333,POINT (5.3333 45.9833),01,2014,2174616.0,30203.0,72.0,373250696.0,1,0.0058261539048811315
07482,V,45.9833,5.3333,POINT (5.3333 45.9833),01,2015,2448432.0,34006.0,72.0,408852959.0,1,0.005988539268465952
07482,V,45.9833,5.3333,POINT (5.3333 45.9833),01,2016,2054250.0,37350.0,55.0,275520198.0,1,0.007455896209830686
07482,V,45.9833,5.3333,POINT (5.3333 45.9833),01,2017,2406776.0,32524.0,74.0,364705798.0,1,0.006599226042466153
07482,V,45.9833,5.3333,POINT (5.3333 45.9833),01,2018,2332538.0,34814.0,67.0,339560022.0,1,0.006869295113898891
07482,V,45.9833,5.3333,POINT (5.3333 45.9833),01,2019,2719022.0,34418.0,79.0,394072791.0,1,0.006899796337372605
07482,V,45.9833,5.3333,POINT (5.3333 45.9833),01,2020,1779200.0,27800.0,64.0,289488478.0,1,0.006146013175695373
07482,V,45.9833,5.3333,POINT (5.3333 45.9833),01,2021,2550000.0,37500.0,68.0,352477484.0,1,0.007234504658459262
07482,V,45.9833,5.3333,POINT (5.3333 45.9833),01,2022,2247300.0,34050.0,66.0,335353388.0,1,0.006701289089108591
07482,V,45.9833,5.3333,POINT (5.3333 45.9833),01,2023,2525600.0,36080.0,70.0,349936476.0,1,0.0072173099211298
07482,V,45.9833,5.3333,POINT (5.3333 45.9833),01,2024,1499900.0,28300.0,53.0,254503233.0,1,0.005893441833015929
07434,HV,45.8667,1.1833,POINT (1.1833 45.8667),87,2011,535600.0,10300.0,52.0,339151320.0,1,0.001579236076686949
07434,HV,45.8667,1.1833,POINT (1.1833 45.8667),87,2012,582400.0,11200.0,52.0,352413954.0,1,0.0016526019852210506
07434,HV,45.8667,1.1833,POINT (1.1833 45.8667),87,2013,605000.0,12100.0,50.0,366896248.0,1,0.001648967530461091
07434,HV,45.8667,1.1833,POINT (1.1833 45.8667),87,2014,707600.0,12200.0,58.0,373250696.0,1,0.0018957767730458566
07434,HV,45.8667,1.1833,POINT (1.1833 45.8667),87,2015,798000.0,13300.0,60.0,408852959.0,1,0.0019518019435442071
07434,HV,45.8667,1.1833,POINT (1.1833 45.8667),87,2016,565305.0,14495.0,39.0,275520198.0,1,0.0020517733512952835
07434,HV,45.8667,1.1833,POINT (1.1833 45.8667),87,2017,710640.0,13160.0,54.0,364705798.0,1,0.0019485294829340771
07434,HV,45.8667,1.1833,POINT (1.1833 45.8667),87,2018,587500.0,12500.0,47.0,339560022.0,1,0.001730180121145121
07434,HV,45.8667,1.1833,POINT (1.1833 45.8667),87,2019,756000.0,12600.0,60.0,394072791.0,1,0.0019184272988794094
07434,HV,45.8667,1.1833,POINT (1.1833 45.8667),87,2020,436076.0,10636.0,41.0,289488478.0,1,0.001506367379498952
07434,HV,45.8667,1.1833,POINT (1.1833 45.8667),87,2021,635000.0,12700.0,50.0,352477484.0,1,0.001801533512988875
07434,HV,45.8667,1.1833,POINT (1.1833 45.8667),87,2022,581400.0,12920.0,45.0,335353388.0,1,0.001733693532865098
07434,HV,45.8667,1.1833,POINT (1.1833 45.8667),87,2023,686460.0,13460.0,51.0,349936476.0,1,0.0019616703232731873
07434,HV,45.8667,1.1833,POINT (1.1833 45.8667),87,2024,297600.0,9300.0,32.0,254503233.0,1,0.0011693368154580574
07031,P,49.3667,0.1667,POINT (0.1667 49.3667),14,2011,6582730.0,85490.0,77.0,339151320.0,3,0.006469806260324546
07031,P,49.3667,0.1667,POINT (0.1667 49.3667),14,2012,6817700.0,86300.0,79.0,352413954.0,3,0.006448571746017374
07031,P,49.3667,0.1667,POINT (0.1667 49.3667),14,2013,6806000.0,82000.0,83.0,366896248.0,3,0.006183401108715254
07031,P,49.3667,0.1667,POINT (0.1667 49.3667),14,2014,7134000.0,87000.0,82.0,373250696.0,3,0.0063710530897442726
07031,P,49.3667,0.1667,POINT (0.1667 49.3667),14,2015,7481140.0,86990.0,86.0,408852959.0,3,0.006099291391782085
07031,P,49.3667,0.1667,POINT (0.1667 49.3667),14,2016,5518800.0,86600.0,63.72748267898383,275520198.0,3,0.006676824470052102
07031,P,49.3667,0.1667,POINT (0.1667 49.3667),14,2017,6781400.0,82700.0,82.0,364705798.0,3,0.006198055196991046
07031,P,49.3667,0.1667,POINT (0.1667 49.3667),14,2018,5978880.0,83040.0,72.0,339560022.0,3,0.005869242168914691
07031,P,49.3667,0.1667,POINT (0.1667 49.3667),14,2019,7168800.0,82400.0,87.0,394072791.0,3,0.006063854329897138
07031,P,49.3667,0.1667,POINT (0.1667 49.3667),14,2020,5580190.0,72470.0,77.0,289488478.0,3,0.006425344960822011
07031,P,49.3667,0.1667,POINT (0.1667 49.3667),14,2021,6154610.0,79930.0,77.0,352477484.0,3,0.0058203339498039165
07031,P,49.3667,0.1667,POINT (0.1667 49.3667),14,2022,6622000.0,77000.0,86.0,335353388.0,3,0.006582111325898796
07031,P,49.3667,0.1667,POINT (0.1667 49.3667),14,2023,6209600.0,77620.0,80.0,349936476.0,3,0.005914978313568737
07031,P,49.3667,0.1667,POINT (0.1667 49.3667),14,2024,5447750.0,70750.0,77.0,254503233.0,3,0.0071351418418589075
07061,S,49.8167,3.2,POINT (3.2 49.8167),02,2011,15270554.0,186277.0,81.97766766696908,339151320.0,1,0.04502578377109073
07061,S,49.8167,3.2,POINT (3.2 49.8167),02,2012,14796245.0,182158.0,81.22753324037375,352413954.0,1,0.041985411848930364
07061,S,49.8167,3.2,POINT (3.2 49.8167),02,2013,16853746.0,185278.0,90.9646369239737,366896248.0,1,0.04593599986882395
07061,S,49.8167,3.2,POINT (3.2 49.8167),02,2014,17469810.0,187926.0,92.96111235273459,373250696.0,1,0.046804494103341206
07061,S,49.8167,3.2,POINT (3.2 49.8167),02,2015,17903875.0,188525.0,94.96817398223047,408852959.0,1,0.04379049877440168
07061,S,49.8167,3.2,POINT (3.2 49.8167),02,2016,9844200.0,185770.0,52.99133336922,275520198.0,1,0.03572950394003419
07061,S,49.8167,3.2,POINT (3.2 49.8167),02,2017,15265075.0,181765.0,83.98247737463208,364705798.0,1,0.041855860487307085
07061,S,49.8167,3.2,POINT (3.2 49.8167),02,2018,14641350.0,178584.0,81.98578820051068,339560022.0,1,0.04311859185826063
07061,S,49.8167,3.2,POINT (3.2 49.8167),02,2019,16991720.0,184748.0,91.97241648082795,394072791.0,1,0.043118226855707986
07061,S,49.8167,3.2,POINT (3.2 49.8167),02,2020,14156520.0,168572.0,83.97907125738557,289488478.0,1,0.04890184264950262
07061,S,49.8167,3.2,POINT (3.2 49.8167),02,2021,15660235.0,190999.0,81.99118843554155,352477484.0,1,0.044429036494143835
07061,S,49.8167,3.2,POINT (3.2 49.8167),02,2022,15142238.0,176093.0,85.99000528130023,335353388.0,1,0.04515307893653962
07061,S,49.8167,3.2,POINT (3.2 49.8167),02,2023,15405464.0,179167.0,85.98382514637181,349936476.0,1,0.044023601586477654
07061,S,49.8167,3.2,POINT (3.2 49.8167),02,2024,10092644.0,162800.0,61.99412776412776,254503233.0,1,0.03965625065360172
07145,J,48.7667,2.0167,POINT (2.0167 48.7667),78,2011,2614617.0,37893.0,69.0,339151320.0,1,0.007709293303060121
07145,J,48.7667,2.0167,POINT (2.0167 48.7667),78,2012,3079620.0,38020.0,81.0,352413954.0,1,0.008738643759832507
07145,J,48.7667,2.0167,POINT (2.0167 48.7667),78,2013,2954800.0,35600.0,83.0,366896248.0,1,0.008053502907448648
07145,J,48.7667,2.0167,POINT (2.0167 48.7667),78,2014,3209610.0,38670.0,83.0,373250696.0,1,0.008599073047676245
07145,J,48.7667,2.0167,POINT (2.0167 48.7667),78,2015,3249015.0,37345.0,87.0,408852959.0,1,0.007946658886722158
07145,J,48.7667,2.0167,POINT (2.0167 48.7667),78,2016,1827500.0,36550.0,50.0,275520198.0,1,0.006632907544585897
07145,J,48.7667,2.0167,POINT (2.0167 48.7667),78,2017,2770800.0,34635.0,80.0,364705798.0,1,0.007597356595904735
07145,J,48.7667,2.0167,POINT (2.0167 48.7667),78,2018,2595400.0,34150.0,76.0,339560022.0,1,0.007643420402417102
07145,J,48.7667,2.0167,POINT (2.0167 48.7667),78,2019,2950605.0,33915.0,87.0,394072791.0,1,0.007487461878584761
07145,J,48.7667,2.0167,POINT (2.0167 48.7667),78,2020,2158920.0,29985.0,72.0,289488478.0,1,0.0074577061405532
07145,J,48.7667,2.0167,POINT (2.0167 48.7667),78,2021,2667200.0,33340.0,80.0,352477484.0,1,0.00756700816668335
07145,J,48.7667,2.0167,POINT (2.0167 48.7667),78,2022,2629855.0,31685.0,83.0,335353388.0,1,0.007842040945773895
07145,J,48.7667,2.0167,POINT (2.0167 48.7667),78,2023,2377869.0,30881.0,77.00103623587319,349936476.0,1,0.0067951447279248475
07145,J,48.7667,2.0167,POINT (2.0167 48.7667),78,2024,1712205.0,27616.0,62.000470741599074,254503233.0,1,0.0067276355581699036
07374,C,46.1667,3.4,POINT (3.4 46.1667),03,2011,2449660.0,46220.0,53.0,339151320.0,1,0.007222911590024182
07374,C,46.1667,3.4,POINT (3.4 46.1667),03,2012,3125850.0,48090.0,65.0,352413954.0,1,0.008869824717553607
07374,C,46.1667,3.4,POINT (3.4 46.1667),03,2013,3120000.0,48750.0,64.0,366896248.0,1,0.008503766438080337
07374,C,46.1667,3.4,POINT (3.4 46.1667),03,2014,3105050.0,47770.0,65.0,373250696.0,1,0.008318939611568736
07374,C,46.1667,3.4,POINT (3.4 46.1667),03,2015,3059080.0,49340.0,62.0,408852959.0,1,0.007482103119620567
07374,C,46.1667,3.4,POINT (3.4 46.1667),03,2016,2837380.0,54565.0,52.0,275520198.0,1,0.010298264956966965
07374,C,46.1667,3.4,POINT (3.4 46.1667),03,2017,3023185.0,49970.0,60.5,364705798.0,1,0.008289380143059858
07374,C,46.1667,3.4,POINT (3.4 46.1667),03,2018,2901600.0,48360.0,60.0,339560022.0,1,0.008545175556620738
07374,C,46.1667,3.4,POINT (3.4 46.1667),03,2019,2827200.0,49600.0,57.0,394072791.0,1,0.007174309073269664
07374,C,46.1667,3.4,POINT (3.4 46.1667),03,2020,2350000.0,47000.0,50.0,289488478.0,1,0.008117766953059873
07374,C,46.1667,3.4,POINT (3.4 46.1667),03,2021,2856500.0,49250.0,58.0,352477484.0,1,0.008104063747799562
07374,C,46.1667,3.4,POINT (3.4 46.1667),03,2022,2042400.0,44400.0,46.0,335353388.0,1,0.006090291832686062
07374,C,46.1667,3.4,POINT (3.4 46.1667),03,2023,2946000.0,49100.0,60.0,349936476.0,1,0.008418670821843676
07374,C,46.1667,3.4,POINT (3.4 46.1667),03,2024,2172170.0,44330.0,49.0,254503233.0,1,0.00853494069366105
07510,B,44.8333,-0.7,POINT (-0.7 44.8333),33,2011,293800.0,5650.0,52.0,339151320.0,2,0.0004331399919068574
07510,B,44.8333,-0.7,POINT (-0.7 44.8333),33,2012,467870.0,7670.0,61.0,352413954.0,2,0.0006638074268761787
07510,B,44.8333,-0.7,POINT (-0.7 44.8333),33,2013,336500.0,6730.0,50.0,366896248.0,2,0.0004585765074381464
07510,B,44.8333,-0.7,POINT (-0.7 44.8333),33,2014,285200.0,6200.0,46.0,373250696.0,2,0.00038204885222772634
07510,B,44.8333,-0.7,POINT (-0.7 44.8333),33,2015,375200.0,6700.0,56.0,408852959.0,2,0.0004588446674296908
07510,B,44.8333,-0.7,POINT (-0.7 44.8333),33,2016,385840.0,7280.0,53.0,275520198.0,2,0.0007002027488380362
07510,B,44.8333,-0.7,POINT (-0.7 44.8333),33,2017,373320.0,6120.0,61.0,364705798.0,2,0.0005118097957960077
07510,B,44.8333,-0.7,POINT (-0.7 44.8333),33,2018,332800.0,6400.0,52.0,339560022.0,2,0.0004900459100571033
07510,B,44.8333,-0.7,POINT (-0.7 44.8333),33,2019,397120.0,5840.0,68.0,394072791.0,2,0.0005038663022030364
07510,B,44.8333,-0.7,POINT (-0.7 44.8333),33,2020,108450.0,2410.0,45.0,289488478.0,2,0.00018731315448071133
07510,B,44.8333,-0.7,POINT (-0.7 44.8333),33,2021,279760.0,5380.0,52.0,352477484.0,2,0.0003968480437746202
07510,B,44.8333,-0.7,POINT (-0.7 44.8333),33,2022,251040.0,5230.0,48.0,335353388.0,2,0.0003742917307279448
07510,B,44.8333,-0.7,POINT (-0.7 44.8333),33,2023,357120.0,5580.0,64.0,349936476.0,2,0.000510264040036798
07510,B,44.8333,-0.7,POINT (-0.7 44.8333),33,2024,96000.0,2000.0,48.0,254503233.0,2,0.00018860271217065443
07638,K,43.3219,3.3528,POINT (3.3528 43.3219),34,2011,31200.0,820.0,38.048780487804876,339151320.0,4,2.2998583641072072e-05
07638,K,43.3219,3.3528,POINT (3.3528 43.3219),34,2012,36480.0,960.0,38.0,352413954.0,4,2.587865746087909e-05
07638,K,43.3219,3.3528,POINT (3.3528 43.3219),34,2013,78075.0,1735.0,45.0,366896248.0,4,5.319964460361557e-05
07638,K,43.3219,3.3528,POINT (3.3528 43.3219),34,2014,39820.0,1810.0,22.0,373250696.0,4,2.6671082215476966e-05
07638,K,43.3219,3.3528,POINT (3.3528 43.3219),34,2015,74370.0,2010.0,37.0,408852959.0,4,4.5474784004192566e-05
07638,K,43.3219,3.3528,POINT (3.3528 43.3219),34,2016,50960.0,1820.0,28.0,275520198.0,4,4.6239804168549556e-05
07638,K,43.3219,3.3528,POINT (3.3528 43.3219),34,2017,98230.0,2090.0,47.0,364705798.0,4,6.733509621911742e-05
07638,K,43.3219,3.3528,POINT (3.3528 43.3219),34,2018,90650.0,2590.0,35.0,339560022.0,4,6.674077786459797e-05
07638,K,43.3219,3.3528,POINT (3.3528 43.3219),34,2019,69500.0,2780.0,25.0,394072791.0,4,4.409083904501288e-05
07638,K,43.3219,3.3528,POINT (3.3528 43.3219),34,2020,122400.0,3600.0,34.0,289488478.0,4,0.00010570368883558813
07638,K,43.3219,3.3528,POINT (3.3528 43.3219),34,2021,111680.0,3490.0,32.0,352477484.0,4,7.921073335850298e-05
07638,K,43.3219,3.3528,POINT (3.3528 43.3219),34,2022,111475.0,3185.0,35.0,335353388.0,4,8.310263440666357e-05
07638,K,43.3219,3.3528,POINT (3.3528 43.3219),34,2023,80000.0,3200.0,25.0,349936476.0,4,5.715323029085999e-05
07638,K,43.3219,3.3528,POINT (3.3528 43.3219),34,2024,105995.0,2465.0,43.0,254503233.0,4,0.00010411950248191935
07150,J,48.9667,2.45,POINT (2.45 48.9667),95,2011,1899506.0,25669.0,74.0,339151320.0,4,0.0014001906287730208
07150,J,48.9667,2.45,POINT (2.45 48.9667),95,2012,2105350.0,25675.0,82.0,352413954.0,4,0.0014935205999249395
07150,J,48.9667,2.45,POINT (2.45 48.9667),95,2013,2087600.0,24560.0,85.0,366896248.0,4,0.0014224729820622205
07150,J,48.9667,2.45,POINT (2.45 48.9667),95,2014,2114840.0,25480.0,83.0,373250696.0,4,0.0014165010425057586
07150,J,48.9667,2.45,POINT (2.45 48.9667),95,2015,2293655.0,25205.0,91.0,408852959.0,4,0.0014024938241916944
07150,J,48.9667,2.45,POINT (2.45 48.9667),95,2016,1235000.0,24700.0,50.0,275520198.0,4,0.001120607498982706
07150,J,48.9667,2.45,POINT (2.45 48.9667),95,2017,1990140.0,24270.0,82.0,364705798.0,4,0.0013642091864961247
07150,J,48.9667,2.45,POINT (2.45 48.9667),95,2018,1772155.0,23015.0,77.0,339560022.0,4,0.001304743554292737
07150,J,48.9667,2.45,POINT (2.45 48.9667),95,2019,2064040.0,23455.0,88.0,394072791.0,4,0.0013094281355750846
07150,J,48.9667,2.45,POINT (2.45 48.9667),95,2020,1652040.0,21180.0,78.0,289488478.0,4,0.0014266889060779821
07150,J,48.9667,2.45,POINT (2.45 48.9667),95,2021,1980795.0,23865.0,83.0,352477484.0,4,0.001404908887740472
07150,J,48.9667,2.45,POINT (2.45 48.9667),95,2022,1898450.0,22075.0,86.0,335353388.0,4,0.0014152607875248303
07150,J,48.9667,2.45,POINT (2.45 48.9667),95,2023,1904677.0,22675.0,83.99898566703418,349936476.0,4,0.001360730540133804
07150,J,48.9667,2.45,POINT (2.45 48.9667),95,2024,1292113.0,19646.0,65.76977501781533,254503233.0,4,0.0012692500845362543
07038,EU,49.0167,1.2167,POINT (1.2167 49.0167),27,2011,12629539.0,159868.0,78.99979357970325,339151320.0,2,0.018619327502543703
07038,EU,49.0167,1.2167,POINT (1.2167 49.0167),27,2012,13741737.0,157951.0,87.0,352413954.0,2,0.01949658468971975
07038,EU,49.0167,1.2167,POINT (1.2167 49.0167),27,2013,13115000.0,152500.0,86.0,366896248.0,2,0.01787290013388199
07038,EU,49.0167,1.2167,POINT (1.2167 49.0167),27,2014,13545000.0,157500.0,86.0,373250696.0,2,0.018144641316355375
07038,EU,49.0167,1.2167,POINT (1.2167 49.0167),27,2015,14446620.0,155340.0,93.0,408852959.0,2,0.01766725626168209
07038,EU,49.0167,1.2167,POINT (1.2167 49.0167),27,2016,10107620.0,150860.0,67.0,275520198.0,2,0.018342793147963693
07038,EU,49.0167,1.2167,POINT (1.2167 49.0167),27,2017,12622500.0,148500.0,85.0,364705798.0,2,0.017305044325069928
07038,EU,49.0167,1.2167,POINT (1.2167 49.0167),27,2018,12032680.0,146740.0,82.0,339560022.0,2,0.017718045736255725
07038,EU,49.0167,1.2167,POINT (1.2167 49.0167),27,2019,13338000.0,148200.0,90.0,394072791.0,2,0.01692326938654336
07038,EU,49.0167,1.2167,POINT (1.2167 49.0167),27,2020,10642170.0,138210.0,77.0,289488478.0,2,0.018380990624435146
07038,EU,49.0167,1.2167,POINT (1.2167 49.0167),27,2021,12345100.0,150550.0,82.0,352477484.0,2,0.017511898717479497
07038,EU,49.0167,1.2167,POINT (1.2167 49.0167),27,2022,12223200.0,138900.0,88.0,335353388.0,2,0.01822435740532909
07038,EU,49.0167,1.2167,POINT (1.2167 49.0167),27,2023,12077120.0,137240.0,88.0,349936476.0,2,0.017256160515258776
07038,EU,49.0167,1.2167,POINT (1.2167 49.0167),27,2024,9372100.0,126650.0,74.0,254503233.0,2,0.018412536236818648
07249,F,47.9833,1.75,POINT (1.75 47.9833),45,2011,6850800.0,103800.0,66.0,339151320.0,2,0.010099916462067728
07249,F,47.9833,1.75,POINT (1.75 47.9833),45,2012,7866000.0,103500.0,76.0,352413954.0,2,0.011160171030004107
07249,F,47.9833,1.75,POINT (1.75 47.9833),45,2013,7524000.0,104500.0,72.0,366896248.0,2,0.010253579916685329
07249,F,47.9833,1.75,POINT (1.75 47.9833),45,2014,7548000.0,102000.0,74.0,373250696.0,2,0.010111166678172785
07249,F,47.9833,1.75,POINT (1.75 47.9833),45,2015,8039584.0,105784.0,76.0,408852959.0,2,0.00983187699028002
07249,F,47.9833,1.75,POINT (1.75 47.9833),45,2016,3677400.0,102150.0,36.0,275520198.0,2,0.006673557921876929
07249,F,47.9833,1.75,POINT (1.75 47.9833),45,2017,6723360.0,97440.0,69.0,364705798.0,2,0.009217511809340634
07249,F,47.9833,1.75,POINT (1.75 47.9833),45,2018,6553965.0,94985.0,69.0,339560022.0,2,0.009650672304409262
07249,F,47.9833,1.75,POINT (1.75 47.9833),45,2019,7431593.0,97145.0,76.50000514694528,394072791.0,2,0.009429213548519264
07249,F,47.9833,1.75,POINT (1.75 47.9833),45,2020,4999560.0,81960.0,61.0,289488478.0,2,0.008635162329327662
07249,F,47.9833,1.75,POINT (1.75 47.9833),45,2021,6824040.0,93480.0,73.0,352477484.0,2,0.009680107680296538
07249,F,47.9833,1.75,POINT (1.75 47.9833),45,2022,6108120.0,86640.0,70.5,335353388.0,2,0.009106990146167839
07249,F,47.9833,1.75,POINT (1.75 47.9833),45,2023,5984025.0,86725.0,69.0,349936476.0,2,0.008550158972281586
07249,F,47.9833,1.75,POINT (1.75 47.9833),45,2024,4888485.0,77595.0,63.0,254503233.0,2,0.009603974264641267
07125,E,48.5833,-2.0667,POINT (-2.0667 48.5833),35,2011,7434530.0,94070.0,79.0318911448921,339151320.0,2,0.010960491028016639
07125,E,48.5833,-2.0667,POINT (-2.0667 48.5833),35,2012,7113000.0,94840.0,75.0,352413954.0,2,0.010091825138115842
07125,E,48.5833,-2.0667,POINT (-2.0667 48.5833),35,2013,7315000.0,95000.0,77.0,366896248.0,2,0.00996875825233296
07125,E,48.5833,-2.0667,POINT (-2.0667 48.5833),35,2014,7324196.0,96371.0,76.0,373250696.0,2,0.009811362816588023
07125,E,48.5833,-2.0667,POINT (-2.0667 48.5833),35,2015,7792000.0,97400.0,80.0,408852959.0,2,0.009529098210586754
07125,E,48.5833,-2.0667,POINT (-2.0667 48.5833),35,2016,6762000.0,98000.0,69.0,275520198.0,2,0.01227133264473046
07125,E,48.5833,-2.0667,POINT (-2.0667 48.5833),35,2017,7596380.0,94600.0,80.3,364705798.0,2,0.010414394344232499
07125,E,48.5833,-2.0667,POINT (-2.0667 48.5833),35,2018,6279525.0,94500.0,66.45,339560022.0,2,0.009246561127858568
07125,E,48.5833,-2.0667,POINT (-2.0667 48.5833),35,2019,7815150.0,94500.0,82.7,394072791.0,2,0.009915871101082947
07125,E,48.5833,-2.0667,POINT (-2.0667 48.5833),35,2020,4445200.0,68865.0,64.54948086836565,289488478.0,2,0.007677680353136542
07125,E,48.5833,-2.0667,POINT (-2.0667 48.5833),35,2021,7031800.0,93910.0,74.87807475242253,352477484.0,2,0.009974821540657616
07125,E,48.5833,-2.0667,POINT (-2.0667 48.5833),35,2022,7179199.0,92171.0,77.8899979386141,335353388.0,2,0.010703930923160973
07125,E,48.5833,-2.0667,POINT (-2.0667 48.5833),35,2023,7390760.0,93200.0,79.3,349936476.0,2,0.01056014520761191
07125,E,48.5833,-2.0667,POINT (-2.0667 48.5833),35,2024,5255013.0,85129.0,61.729998003030694,254503233.0,2,0.010324059419708825
07631,N,43.5333,1.3667,POINT (1.3667 43.5333),31,2011,1958507.0,40802.0,48.00026959462772,339151320.0,4,0.001443682277279652
07631,N,43.5333,1.3667,POINT (1.3667 43.5333),31,2012,2660301.0,42227.0,63.0,352413954.0,4,0.00188719896715554
07631,N,43.5333,1.3667,POINT (1.3667 43.5333),31,2013,2551432.0,49066.0,52.0,366896248.0,4,0.0017385241835452077
07631,N,43.5333,1.3667,POINT (1.3667 43.5333),31,2014,2756000.0,53000.0,52.0,373250696.0,4,0.0018459443140596314
07631,N,43.5333,1.3667,POINT (1.3667 43.5333),31,2015,2872800.0,50400.0,57.0,408852959.0,4,0.0017566217491897863
07631,N,43.5333,1.3667,POINT (1.3667 43.5333),31,2016,2710200.0,45170.0,60.0,275520198.0,4,0.0024591663512088502
07631,N,43.5333,1.3667,POINT (1.3667 43.5333),31,2017,2478000.0,42000.0,59.0,364705798.0,4,0.0016986294251346123
07631,N,43.5333,1.3667,POINT (1.3667 43.5333),31,2018,1853730.0,43110.0,43.0,339560022.0,4,0.0013648028919022747
07631,N,43.5333,1.3667,POINT (1.3667 43.5333),31,2019,3293640.0,52280.0,63.0,394072791.0,4,0.0020894870663628233
07631,N,43.5333,1.3667,POINT (1.3667 43.5333),31,2020,1597020.0,36800.0,43.397282608695654,289488478.0,4,0.0013791740616357104
07631,N,43.5333,1.3667,POINT (1.3667 43.5333),31,2021,2550000.0,51000.0,50.0,352477484.0,4,0.0018086261646148155
07631,N,43.5333,1.3667,POINT (1.3667 43.5333),31,2022,1918350.0,42630.0,45.0,335353388.0,4,0.001430095884404782
07631,N,43.5333,1.3667,POINT (1.3667 43.5333),31,2023,2788240.0,49790.0,56.0,349936476.0,4,0.001991961535327343
07631,N,43.5333,1.3667,POINT (1.3667 43.5333),31,2024,2362800.0,42960.0,55.0,254503233.0,4,0.002320992126650116
07059,S,49.9719,2.7039,POINT (2.7039 49.9719),80,2011,16525740.0,196735.0,84.0,339151320.0,3,0.016242248445325232
07059,S,49.9719,2.7039,POINT (2.7039 49.9719),80,2012,16825580.0,197748.0,85.08596799967636,352413954.0,3,0.015914598735402703
07059,S,49.9719,2.7039,POINT (2.7039 49.9719),80,2013,18316443.0,196951.0,93.0,366896248.0,3,0.016640892441069605
07059,S,49.9719,2.7039,POINT (2.7039 49.9719),80,2014,18109000.0,199492.0,90.77556994766708,373250696.0,3,0.016172329745189097
07059,S,49.9719,2.7039,POINT (2.7039 49.9719),80,2015,20049282.0,202518.0,99.0,408852959.0,3,0.016345959721915576
07059,S,49.9719,2.7039,POINT (2.7039 49.9719),80,2016,11587600.0,196400.0,59.0,275520198.0,3,0.014019056901713366
07059,S,49.9719,2.7039,POINT (2.7039 49.9719),80,2017,16843200.0,191400.0,88.0,364705798.0,3,0.01539432614120382
07059,S,49.9719,2.7039,POINT (2.7039 49.9719),80,2018,15897000.0,189250.0,84.0,339560022.0,3,0.015605488445868931
07059,S,49.9719,2.7039,POINT (2.7039 49.9719),80,2019,18287500.0,192500.0,95.0,394072791.0,3,0.015468800365192768
07059,S,49.9719,2.7039,POINT (2.7039 49.9719),80,2020,16753100.0,184100.0,91.0,289488478.0,3,0.019290462629972676
07059,S,49.9719,2.7039,POINT (2.7039 49.9719),80,2021,16193300.0,195100.0,83.0,352477484.0,3,0.015313791409912203
07059,S,49.9719,2.7039,POINT (2.7039 49.9719),80,2022,17464572.0,189832.0,92.00014749884107,335353388.0,3,0.017359371362605704
07059,S,49.9719,2.7039,POINT (2.7039 49.9719),80,2023,16790028.0,188652.0,89.0,349936476.0,3,0.015993405614566455
07059,S,49.9719,2.7039,POINT (2.7039 49.9719),80,2024,13064431.0,174192.0,75.00017796454487,254503233.0,3,0.01711102166365538
07589,K,44.0,4.75,POINT (4.75 44),30,2011,55800.0,1550.0,36.0,339151320.0,4,4.1132082281148134e-05
07589,K,44.0,4.75,POINT (4.75 44),30,2012,80660.0,2180.0,37.0,352413954.0,4,5.721964119502487e-05
07589,K,44.0,4.75,POINT (4.75 44),30,2013,171350.0,3725.0,46.0,366896248.0,4,0.00011675644063822642
07589,K,44.0,4.75,POINT (4.75 44),30,2014,136400.0,4400.0,31.0,373250696.0,4,9.135950814141282e-05
07589,K,44.0,4.75,POINT (4.75 44),30,2015,125580.0,2990.0,42.0,408852959.0,4,7.678799751575235e-05
07589,K,44.0,4.75,POINT (4.75 44),30,2016,123840.0,2580.0,48.0,275520198.0,4,0.00011236925722592578
07589,K,44.0,4.75,POINT (4.75 44),30,2017,107310.0,2190.0,49.0,364705798.0,4,7.355929120710058e-05
07589,K,44.0,4.75,POINT (4.75 44),30,2018,78255.0,2115.0,37.0,339560022.0,4,5.761499803413253e-05
07589,K,44.0,4.75,POINT (4.75 44),30,2019,90200.0,2200.0,41.0,394072791.0,4,5.722293067424693e-05
07589,K,44.0,4.75,POINT (4.75 44),30,2020,66980.0,1970.0,34.0,289488478.0,4,5.784340750169684e-05
07589,K,44.0,4.75,POINT (4.75 44),30,2021,95940.0,2340.0,41.0,352477484.0,4,6.80468996992727e-05
07589,K,44.0,4.75,POINT (4.75 44),30,2022,89880.0,2140.0,42.0,335353388.0,4,6.700394510402263e-05
07589,K,44.0,4.75,POINT (4.75 44),30,2023,74520.0,2070.0,36.0,349936476.0,4,5.323823401593608e-05
07589,K,44.0,4.75,POINT (4.75 44),30,2024,82320.0,1680.0,49.0,254503233.0,4,8.086341284316809e-05
07657,U,44.05,5.4833,POINT (5.4833 44.05),84,2011,61598.0,1621.0,38.0,339151320.0,5,3.632478859289122e-05
07657,U,44.05,5.4833,POINT (5.4833 44.05),84,2012,66707.0,1627.0,41.0,352413954.0,5,3.78571842816417e-05
07657,U,44.05,5.4833,POINT (5.4833 44.05),84,2013,103630.0,2410.0,43.0,366896248.0,5,5.649008435758111e-05
07657,U,44.05,5.4833,POINT (5.4833 44.05),84,2014,105552.0,2932.0,36.0,373250696.0,5,5.65582334506886e-05
07657,U,44.05,5.4833,POINT (5.4833 44.05),84,2015,92736.0,2576.0,36.0,408852959.0,5,4.5363986224690624e-05
07657,U,44.05,5.4833,POINT (5.4833 44.05),84,2016,93520.0,2338.0,40.0,275520198.0,5,6.788613007602441e-05
07657,U,44.05,5.4833,POINT (5.4833 44.05),84,2017,53700.0,1852.0,28.995680345572353,364705798.0,5,2.9448393907902722e-05
07657,U,44.05,5.4833,POINT (5.4833 44.05),84,2018,56268.0,1905.0,29.53700787401575,339560022.0,5,3.31417106575638e-05
07657,U,44.05,5.4833,POINT (5.4833 44.05),84,2019,55902.0,2082.0,26.85014409221902,394072791.0,5,2.8371408164538823e-05
07657,U,44.05,5.4833,POINT (5.4833 44.05),84,2020,51000.0,1700.0,30.0,289488478.0,5,3.523456294519604e-05
07657,U,44.05,5.4833,POINT (5.4833 44.05),84,2021,77797.0,2189.0,35.53997259022385,352477484.0,5,4.414296148346315e-05
07657,U,44.05,5.4833,POINT (5.4833 44.05),84,2022,44973.0,2197.0,20.470186618115612,335353388.0,5,2.682125877314828e-05
07657,U,44.05,5.4833,POINT (5.4833 44.05),84,2023,45896.0,2049.0,22.39921913128355,349936476.0,5,2.62310465742931e-05
07657,U,44.05,5.4833,POINT (5.4833 44.05),84,2024,62141.0,2013.0,30.86984600099354,254503233.0,5,4.8833171404152656e-05
07480,V,45.7167,4.95,POINT (4.95 45.7167),69,2011,559625.0,10175.0,55.0,339151320.0,3,0.0005500248876126051
07480,V,45.7167,4.95,POINT (4.95 45.7167),69,2012,661850.0,10850.0,61.0,352413954.0,3,0.0006260156959240799
07480,V,45.7167,4.95,POINT (4.95 45.7167),69,2013,640500.0,10675.0,60.0,366896248.0,3,0.0005819083764519718
07480,V,45.7167,4.95,POINT (4.95 45.7167),69,2014,570640.0,10190.0,56.0,373250696.0,3,0.0005096128027938984
07480,V,45.7167,4.95,POINT (4.95 45.7167),69,2015,576800.0,10300.0,56.0,408852959.0,3,0.0004702587138831657
07480,V,45.7167,4.95,POINT (4.95 45.7167),69,2016,659100.0,10985.0,60.0,275520198.0,3,0.000797400704539273
07480,V,45.7167,4.95,POINT (4.95 45.7167),69,2017,660960.0,9720.0,68.0,364705798.0,3,0.000604103365529714
07480,V,45.7167,4.95,POINT (4.95 45.7167),69,2018,624650.0,10075.0,62.0,339560022.0,3,0.0006131954681834326
07480,V,45.7167,4.95,POINT (4.95 45.7167),69,2019,641860.0,9715.0,66.06896551724138,394072791.0,3,0.0005429284594615245
07480,V,45.7167,4.95,POINT (4.95 45.7167),69,2020,497370.0,8430.0,59.0,289488478.0,3,0.0005726998226160835
07480,V,45.7167,4.95,POINT (4.95 45.7167),69,2021,677160.0,10260.0,66.0,352477484.0,3,0.0006403813300029116
07480,V,45.7167,4.95,POINT (4.95 45.7167),69,2022,524150.0,9530.0,55.0,335353388.0,3,0.0005209926988024546
07480,V,45.7167,4.95,POINT (4.95 45.7167),69,2023,640200.0,9700.0,66.0,349936476.0,3,0.0006098249672034761
07480,V,45.7167,4.95,POINT (4.95 45.7167),69,2024,519100.0,8950.0,58.0,254503233.0,3,0.0006798865825540743
07503,B,44.4333,-1.25,POINT (-1.25 44.4333),40,2011,158480.0,2830.0,56.0,339151320.0,4,0.00011682101075118918
07503,B,44.4333,-1.25,POINT (-1.25 44.4333),40,2012,185850.0,3150.0,59.0,352413954.0,4,0.00013184069323202792
07503,B,44.4333,-1.25,POINT (-1.25 44.4333),40,2013,166380.0,3540.0,47.0,366896248.0,4,0.00011336992467690757
07503,B,44.4333,-1.25,POINT (-1.25 44.4333),40,2014,129720.0,2760.0,47.0,373250696.0,4,8.688530349049905e-05
07503,B,44.4333,-1.25,POINT (-1.25 44.4333),40,2015,149340.0,2620.0,57.0,408852959.0,4,9.131644807296112e-05
07503,B,44.4333,-1.25,POINT (-1.25 44.4333),40,2016,191520.0,3420.0,56.0,275520198.0,4,0.0001737803629191643
07503,B,44.4333,-1.25,POINT (-1.25 44.4333),40,2017,195000.0,3000.0,65.0,364705798.0,4,0.00013366938575514503
07503,B,44.4333,-1.25,POINT (-1.25 44.4333),40,2018,174500.0,3490.0,50.0,339560022.0,4,0.00012847507708077603
07503,B,44.4333,-1.25,POINT (-1.25 44.4333),40,2019,226380.0,2940.0,77.0,394072791.0,4,0.00014361559918000023
07503,B,44.4333,-1.25,POINT (-1.25 44.4333),40,2020,56120.0,1220.0,46.0,289488478.0,4,4.846479589422554e-05
07503,B,44.4333,-1.25,POINT (-1.25 44.4333),40,2021,144760.0,2585.0,56.0,352477484.0,4,0.000102673224937114
07503,B,44.4333,-1.25,POINT (-1.25 44.4333),40,2022,99820.0,2170.0,46.0,335353388.0,4,7.441403872144568e-05
07503,B,44.4333,-1.25,POINT (-1.25 44.4333),40,2023,181120.0,2830.0,64.0,349936476.0,4,0.000129394913378507
07503,B,44.4333,-1.25,POINT (-1.25 44.4333),40,2024,41580.0,945.0,44.0,254503233.0,4,4.084427485445735e-05
07588,U,44.0667,6.0,POINT (6 44.0667),04,2011,90756.0,2521.0,36.0,339151320.0,1,0.0002675973662729663
07588,U,44.0667,6.0,POINT (6 44.0667),04,2012,98760.0,2469.0,40.0,352413954.0,1,0.00028023861960925646
07588,U,44.0667,6.0,POINT (6 44.0667),04,2013,108800.0,2720.0,40.0,366896248.0,1,0.00029654159886639126
07588,U,44.0667,6.0,POINT (6 44.0667),04,2014,102306.0,3009.0,34.0,373250696.0,1,0.0002740945994110082
07588,U,44.0667,6.0,POINT (6 44.0667),04,2015,86478.0,2982.0,29.0,408852959.0,1,0.0002115136948293433
07588,U,44.0667,6.0,POINT (6 44.0667),04,2016,90306.0,2269.0,39.79991185544293,275520198.0,1,0.00032776544389678466
07588,U,44.0667,6.0,POINT (6 44.0667),04,2017,72200.0,2005.0,36.00997506234414,364705798.0,1,0.00019796778772351737
07588,U,44.0667,6.0,POINT (6 44.0667),04,2018,51884.0,1533.0,33.84474885844749,339560022.0,1,0.00015279772834977612
07588,U,44.0667,6.0,POINT (6 44.0667),04,2019,75341.0,2039.0,36.949975478175574,394072791.0,1,0.00019118549090591742
07588,U,44.0667,6.0,POINT (6 44.0667),04,2020,81540.0,2265.0,36.0,289488478.0,1,0.0002816692414265966
07588,U,44.0667,6.0,POINT (6 44.0667),04,2021,127804.0,2863.0,44.639888229130285,352477484.0,1,0.0003625876993606775
07588,U,44.0667,6.0,POINT (6 44.0667),04,2022,88973.0,3189.0,27.89996864220759,335353388.0,1,0.0002653111707939566
07588,U,44.0667,6.0,POINT (6 44.0667),04,2023,106147.0,3526.0,30.10408394781622,349936476.0,1,0.0003033321967841958
07588,U,44.0667,6.0,POINT (6 44.0667),04,2024,128696.0,3129.0,41.130073505912435,254503233.0,1,0.0005056753051148863
07217,R,47.3167,-2.1667,POINT (-2.1667 47.3167),44,2011,2837360.0,48920.0,58.0,339151320.0,2,0.004183029569220016
07217,R,47.3167,-2.1667,POINT (-2.1667 47.3167),44,2012,3485860.0,49798.0,70.0,352413954.0,2,0.004945689522838814
07217,R,47.3167,-2.1667,POINT (-2.1667 47.3167),44,2013,2689470.0,42690.0,63.0,366896248.0,2,0.003665164218305116
07217,R,47.3167,-2.1667,POINT (-2.1667 47.3167),44,2014,3633920.0,53440.0,68.0,373250696.0,2,0.004867934660194177
07217,R,47.3167,-2.1667,POINT (-2.1667 47.3167),44,2015,4202537.0,57569.0,73.0,408852959.0,2,0.005139423486476467
07217,R,47.3167,-2.1667,POINT (-2.1667 47.3167),44,2016,3584360.0,58760.0,61.0,275520198.0,2,0.006504713676200247
07217,R,47.3167,-2.1667,POINT (-2.1667 47.3167),44,2017,3980757.0,56067.0,71.0,364705798.0,2,0.005457490697748655
07217,R,47.3167,-2.1667,POINT (-2.1667 47.3167),44,2018,3390868.0,55588.0,61.0,339560022.0,2,0.004993031835767757
07217,R,47.3167,-2.1667,POINT (-2.1667 47.3167),44,2019,4192520.0,54237.0,77.2999981562402,394072791.0,2,0.005319474086704961
07217,R,47.3167,-2.1667,POINT (-2.1667 47.3167),44,2020,2134330.0,38806.0,55.0,289488478.0,2,0.003686381604451974
07217,R,47.3167,-2.1667,POINT (-2.1667 47.3167),44,2021,3784032.0,52556.0,72.0,352477484.0,2,0.005367764143482141
07217,R,47.3167,-2.1667,POINT (-2.1667 47.3167),44,2022,3693030.0,51149.0,72.20141156229839,335353388.0,2,0.005506176666388711
07217,R,47.3167,-2.1667,POINT (-2.1667 47.3167),44,2023,3687456.0,51936.0,71.0,349936476.0,2,0.005268750548885336
07217,R,47.3167,-2.1667,POINT (-2.1667 47.3167),44,2024,1880718.0,38382.0,49.0,254503233.0,2,0.003694880371126759
LFFS0,G,49.15,4.5333,POINT (4.5333 49.15),51,2011,14072012.0,166730.0,84.4,339151320.0,5,0.008298367820004357
LFFS0,G,49.15,4.5333,POINT (4.5333 49.15),51,2012,11527672.0,144820.0,79.6,352413954.0,5,0.00654212006599489
LFFS0,G,49.15,4.5333,POINT (4.5333 49.15),51,2013,14920073.0,169450.0,88.05000295072293,366896248.0,5,0.008133129232763372
LFFS0,G,49.15,4.5333,POINT (4.5333 49.15),51,2014,15313788.0,163260.0,93.8,373250696.0,5,0.008205631316491905
LFFS0,G,49.15,4.5333,POINT (4.5333 49.15),51,2015,16161068.0,168520.0,95.9,408852959.0,5,0.007905564895275712
LFFS0,G,49.15,4.5333,POINT (4.5333 49.15),51,2016,9481968.0,168120.0,56.4,275520198.0,5,0.006882956726098172
LFFS0,G,49.15,4.5333,POINT (4.5333 49.15),51,2017,13486500.0,166500.0,81.0,364705798.0,5,0.007395824291227747
LFFS0,G,49.15,4.5333,POINT (4.5333 49.15),51,2018,13407000.0,163500.0,82.0,339560022.0,5,0.007896689322278345
LFFS0,G,49.15,4.5333,POINT (4.5333 49.15),51,2019,14859150.0,167900.0,88.5,394072791.0,5,0.007541322486281475
LFFS0,G,49.15,4.5333,POINT (4.5333 49.15),51,2020,13923000.0,154700.0,90.0,289488478.0,5,0.00961903568403852
LFFS0,G,49.15,4.5333,POINT (4.5333 49.15),51,2021,14624290.0,178345.0,82.0,352477484.0,5,0.008297999539737977
LFFS0,G,49.15,4.5333,POINT (4.5333 49.15),51,2022,14007000.0,161000.0,87.0,335353388.0,5,0.008353575959697775
LFFS0,G,49.15,4.5333,POINT (4.5333 49.15),51,2023,14390500.0,169300.0,85.0,349936476.0,5,0.008224635605006208
LFFS0,G,49.15,4.5333,POINT (4.5333 49.15),51,2024,10496600.0,169300.0,62.0,254503233.0,5,0.00824869678571038
07024,P,49.65,-1.4667,POINT (-1.4667 49.65),50,2011,2849190.0,39030.0,73.0,339151320.0,3,0.0028003134412096643
07024,P,49.65,-1.4667,POINT (-1.4667 49.65),50,2012,2838000.0,43000.0,66.0,352413954.0,3,0.002684343197148204
07024,P,49.65,-1.4667,POINT (-1.4667 49.65),50,2013,2780700.0,39000.0,71.3,366896248.0,3,0.0025263272793130333
07024,P,49.65,-1.4667,POINT (-1.4667 49.65),50,2014,2982000.0,42000.0,71.0,373250696.0,3,0.0026630894748552593
07024,P,49.65,-1.4667,POINT (-1.4667 49.65),50,2015,3272500.0,42500.0,77.0,408852959.0,3,0.0026680333584997566
07024,P,49.65,-1.4667,POINT (-1.4667 49.65),50,2016,2659800.0,43100.0,61.7122969837587,275520198.0,3,0.003217912902341918
07024,P,49.65,-1.4667,POINT (-1.4667 49.65),50,2017,3117750.0,41570.0,75.0,364705798.0,3,0.0028495571106878868
07024,P,49.65,-1.4667,POINT (-1.4667 49.65),50,2018,2634440.0,39320.0,67.0,339560022.0,3,0.0025861309040281152
07024,P,49.65,-1.4667,POINT (-1.4667 49.65),50,2019,3309210.0,39870.0,83.0,394072791.0,3,0.002799152910813373
07024,P,49.65,-1.4667,POINT (-1.4667 49.65),50,2020,2443310.0,33470.0,73.0,289488478.0,3,0.0028133647055433642
07024,P,49.65,-1.4667,POINT (-1.4667 49.65),50,2021,2653000.0,37900.0,70.0,352477484.0,3,0.0025089073018160026
07024,P,49.65,-1.4667,POINT (-1.4667 49.65),50,2022,3060800.0,38260.0,80.0,335353388.0,3,0.0030423627825900083
07024,P,49.65,-1.4667,POINT (-1.4667 49.65),50,2023,2973320.0,40180.0,74.0,349936476.0,3,0.0028322473781403307
07024,P,49.65,-1.4667,POINT (-1.4667 49.65),50,2024,2299080.0,33810.0,68.0,254503233.0,3,0.003011199468731307
LFBR0,N,43.45,1.2667,POINT (1.2667 43.45),31,2011,1958507.0,40802.0,48.00026959462772,339151320.0,4,0.001443682277279652
LFBR0,N,43.45,1.2667,POINT (1.2667 43.45),31,2012,2660301.0,42227.0,63.0,352413954.0,4,0.00188719896715554
LFBR0,N,43.45,1.2667,POINT (1.2667 43.45),31,2013,2551432.0,49066.0,52.0,366896248.0,4,0.0017385241835452077
LFBR0,N,43.45,1.2667,POINT (1.2667 43.45),31,2014,2756000.0,53000.0,52.0,373250696.0,4,0.0018459443140596314
LFBR0,N,43.45,1.2667,POINT (1.2667 43.45),31,2015,2872800.0,50400.0,57.0,408852959.0,4,0.0017566217491897863
LFBR0,N,43.45,1.2667,POINT (1.2667 43.45),31,2016,2710200.0,45170.0,60.0,275520198.0,4,0.0024591663512088502
LFBR0,N,43.45,1.2667,POINT (1.2667 43.45),31,2017,2478000.0,42000.0,59.0,364705798.0,4,0.0016986294251346123
LFBR0,N,43.45,1.2667,POINT (1.2667 43.45),31,2018,1853730.0,43110.0,43.0,339560022.0,4,0.0013648028919022747
LFBR0,N,43.45,1.2667,POINT (1.2667 43.45),31,2019,3293640.0,52280.0,63.0,394072791.0,4,0.0020894870663628233
LFBR0,N,43.45,1.2667,POINT (1.2667 43.45),31,2020,1597020.0,36800.0,43.397282608695654,289488478.0,4,0.0013791740616357104
LFBR0,N,43.45,1.2667,POINT (1.2667 43.45),31,2021,2550000.0,51000.0,50.0,352477484.0,4,0.0018086261646148155
LFBR0,N,43.45,1.2667,POINT (1.2667 43.45),31,2022,1918350.0,42630.0,45.0,335353388.0,4,0.001430095884404782
LFBR0,N,43.45,1.2667,POINT (1.2667 43.45),31,2023,2788240.0,49790.0,56.0,349936476.0,4,0.001991961535327343
LFBR0,N,43.45,1.2667,POINT (1.2667 43.45),31,2024,2362800.0,42960.0,55.0,254503233.0,4,0.002320992126650116
07109,E,48.2833,-4.4333,POINT (-4.4333 48.2833),29,2011,2833560.0,55560.0,51.0,339151320.0,7,0.0011935506714651316
07109,E,48.2833,-4.4333,POINT (-4.4333 48.2833),29,2012,3256800.0,55200.0,59.0,352413954.0,7,0.001320200683248606
07109,E,48.2833,-4.4333,POINT (-4.4333 48.2833),29,2013,3700000.0,50000.0,74.0,366896248.0,7,0.0014406564020557346
07109,E,48.2833,-4.4333,POINT (-4.4333 48.2833),29,2014,3811000.0,51500.0,74.0,373250696.0,7,0.0014586136804647014
07109,E,48.2833,-4.4333,POINT (-4.4333 48.2833),29,2015,3774000.0,51000.0,74.0,408852959.0,7,0.0013186717749616608
07109,E,48.2833,-4.4333,POINT (-4.4333 48.2833),29,2016,3434000.0,50500.0,68.0,275520198.0,7,0.0017805280053240548
07109,E,48.2833,-4.4333,POINT (-4.4333 48.2833),29,2017,3767300.0,50500.0,74.6,364705798.0,7,0.001475670848220829
07109,E,48.2833,-4.4333,POINT (-4.4333 48.2833),29,2018,3536480.0,49600.0,71.3,339560022.0,7,0.001487841311812109
07109,E,48.2833,-4.4333,POINT (-4.4333 48.2833),29,2019,3800000.0,50300.0,75.54671968190856,394072791.0,7,0.001377555505620135
07109,E,48.2833,-4.4333,POINT (-4.4333 48.2833),29,2020,3048000.0,43805.0,69.58109804816802,289488478.0,7,0.0015041309223663521
07109,E,48.2833,-4.4333,POINT (-4.4333 48.2833),29,2021,3504540.0,50115.0,69.92996108949416,352477484.0,7,0.001420370361667049
07109,E,48.2833,-4.4333,POINT (-4.4333 48.2833),29,2022,3438664.0,49399.0,69.60999210510334,335353388.0,7,0.0014648359964853383
07109,E,48.2833,-4.4333,POINT (-4.4333 48.2833),29,2023,3416415.0,49016.0,69.69999591969969,349936476.0,7,0.0013947082376010603
07109,E,48.2833,-4.4333,POINT (-4.4333 48.2833),29,2024,2843160.0,44080.0,64.5,254503233.0,7,0.001595915735521184
LFJR0,R,47.55,-0.3,POINT (-0.3 47.55),49,2011,5134500.0,81500.0,63.0,339151320.0,2,0.007569629981095164
LFJR0,R,47.55,-0.3,POINT (-0.3 47.55),49,2012,6147000.0,81960.0,75.0,352413954.0,2,0.008721277818641654
LFJR0,R,47.55,-0.3,POINT (-0.3 47.55),49,2013,4930530.0,74705.0,66.0,366896248.0,2,0.00671924287435068
LFJR0,R,47.55,-0.3,POINT (-0.3 47.55),49,2014,6225408.0,86464.0,72.0,373250696.0,2,0.008339445936358013
LFJR0,R,47.55,-0.3,POINT (-0.3 47.55),49,2015,6724425.0,89659.0,75.0,408852959.0,2,0.00822352492745442
LFJR0,R,47.55,-0.3,POINT (-0.3 47.55),49,2016,5089701.0,89293.0,57.0,275520198.0,2,0.009236529729845795
LFJR0,R,47.55,-0.3,POINT (-0.3 47.55),49,2017,5983950.0,85485.0,70.0,364705798.0,2,0.008203804316815385
LFJR0,R,47.55,-0.3,POINT (-0.3 47.55),49,2018,5343488.0,83492.0,64.0,339560022.0,2,0.00786825252355532
LFJR0,R,47.55,-0.3,POINT (-0.3 47.55),49,2019,6452772.0,83477.0,77.29999880206523,394072791.0,2,0.008187284363918442
LFJR0,R,47.55,-0.3,POINT (-0.3 47.55),49,2020,4091784.0,70548.0,58.0,289488478.0,2,0.007067265730693433
LFJR0,R,47.55,-0.3,POINT (-0.3 47.55),49,2021,5668042.0,80972.0,70.00002469989626,352477484.0,2,0.008040289461439755
LFJR0,R,47.55,-0.3,POINT (-0.3 47.55),49,2022,5281568.0,79782.0,66.19999498633777,335353388.0,2,0.007874630448045452
LFJR0,R,47.55,-0.3,POINT (-0.3 47.55),49,2023,5974350.0,79658.0,75.0,349936476.0,2,0.008536335034704984
LFJR0,R,47.55,-0.3,POINT (-0.3 47.55),49,2024,3591448.0,64133.0,56.0,254503233.0,2,0.007055800348123672
07207,E,47.3,-3.2167,POINT (-3.2167 47.3),56,2011,3994900.0,57070.0,70.0,339151320.0,4,0.0029447769803756033
07207,E,47.3,-3.2167,POINT (-3.2167 47.3),56,2012,4009590.0,58110.0,69.0,352413954.0,4,0.0028443751690944677
07207,E,47.3,-3.2167,POINT (-3.2167 47.3),56,2013,4282500.0,57100.0,75.0,366896248.0,4,0.0029180592765287697
07207,E,47.3,-3.2167,POINT (-3.2167 47.3),56,2014,4629008.0,60908.0,76.0,373250696.0,4,0.0031004684315444654
07207,E,47.3,-3.2167,POINT (-3.2167 47.3),56,2015,4898000.0,62000.0,79.0,408852959.0,4,0.0029949642604885736
07207,E,47.3,-3.2167,POINT (-3.2167 47.3),56,2016,4297600.0,63200.0,68.0,275520198.0,4,0.003899532621561197
07207,E,47.3,-3.2167,POINT (-3.2167 47.3),56,2017,4818700.0,62500.0,77.0992,364705798.0,4,0.0033031418930170122
07207,E,47.3,-3.2167,POINT (-3.2167 47.3),56,2018,4288000.0,62150.0,68.994368463395,339560022.0,4,0.0031570265359447997
07207,E,47.3,-3.2167,POINT (-3.2167 47.3),56,2019,4886000.0,62005.0,78.80009676638981,394072791.0,4,0.0030996811449486754
07207,E,47.3,-3.2167,POINT (-3.2167 47.3),56,2020,3282700.0,48375.0,67.8594315245478,289488478.0,4,0.0028349142102988985
07207,E,47.3,-3.2167,POINT (-3.2167 47.3),56,2021,4546510.0,61170.0,74.32581330717672,352477484.0,4,0.003224681154385453
07207,E,47.3,-3.2167,POINT (-3.2167 47.3),56,2022,4563938.0,61187.0,74.5899946066975,335353388.0,4,0.0034023347931704806
07207,E,47.3,-3.2167,POINT (-3.2167 47.3),56,2023,4389708.0,61138.0,71.7999934574242,349936476.0,4,0.0031360749029203804
07207,E,47.3,-3.2167,POINT (-3.2167 47.3),56,2024,3623787.0,55554.0,65.22999243978832,254503233.0,4,0.003559666961087288
07555,N,44.1833,2.5167,POINT (2.5167 44.1833),12,2011,450576.0,10479.0,42.99799599198397,339151320.0,3,0.0004428465736179355
07555,N,44.1833,2.5167,POINT (2.5167 44.1833),12,2012,571810.0,10688.0,53.5001871257485,352413954.0,3,0.0005408506989292862
07555,N,44.1833,2.5167,POINT (2.5167 44.1833),12,2013,542925.0,12065.0,45.0,366896248.0,3,0.0004932593369011503
07555,N,44.1833,2.5167,POINT (2.5167 44.1833),12,2014,598000.0,13000.0,46.0,373250696.0,3,0.0005340467826839185
07555,N,44.1833,2.5167,POINT (2.5167 44.1833),12,2015,684040.0,13960.0,49.0,408852959.0,3,0.0005576903097167834
07555,N,44.1833,2.5167,POINT (2.5167 44.1833),12,2016,753375.0,15375.0,49.0,275520198.0,3,0.0009114576783223711
07555,N,44.1833,2.5167,POINT (2.5167 44.1833),12,2017,743070.0,15810.0,47.0,364705798.0,3,0.000679150157080859
07555,N,44.1833,2.5167,POINT (2.5167 44.1833),12,2018,645600.0,16140.0,40.0,339560022.0,3,0.0006337612971411575
07555,N,44.1833,2.5167,POINT (2.5167 44.1833),12,2019,816000.0,16000.0,51.0,394072791.0,3,0.0006902278112370362
07555,N,44.1833,2.5167,POINT (2.5167 44.1833),12,2020,634500.0,14100.0,45.0,289488478.0,3,0.0007305990257753885
07555,N,44.1833,2.5167,POINT (2.5167 44.1833),12,2021,757920.0,15790.0,48.0,352477484.0,3,0.0007167550027110384
07555,N,44.1833,2.5167,POINT (2.5167 44.1833),12,2022,599040.0,16640.0,36.0,335353388.0,3,0.0005954315869324094
07555,N,44.1833,2.5167,POINT (2.5167 44.1833),12,2023,765164.0,16634.0,46.0,349936476.0,3,0.0007288599050379265
07555,N,44.1833,2.5167,POINT (2.5167 44.1833),12,2024,649030.0,15830.0,41.0,254503233.0,3,0.0008500612380563879
07156,J,48.8167,2.3333,POINT (2.3333 48.8167),94,2011,33299.0,497.0,67.0,339151320.0,2,4.9091656196414034e-05
07156,J,48.8167,2.3333,POINT (2.3333 48.8167),94,2012,36490.0,445.0,82.0,352413954.0,2,5.1771502782208224e-05
07156,J,48.8167,2.3333,POINT (2.3333 48.8167),94,2013,44239.0,533.0,83.0,366896248.0,2,6.0288160809973725e-05
07156,J,48.8167,2.3333,POINT (2.3333 48.8167),94,2014,45475.0,535.0,85.0,373250696.0,2,6.091750194619865e-05
07156,J,48.8167,2.3333,POINT (2.3333 48.8167),94,2015,39840.0,480.0,83.0,408852959.0,2,4.872167257568998e-05
07156,J,48.8167,2.3333,POINT (2.3333 48.8167),94,2016,20925.0,465.0,45.0,275520198.0,2,3.7973622536377534e-05
07156,J,48.8167,2.3333,POINT (2.3333 48.8167),94,2017,32250.0,430.0,75.0,364705798.0,2,4.421371990362489e-05
07156,J,48.8167,2.3333,POINT (2.3333 48.8167),94,2018,29250.0,390.0,75.0,339560022.0,2,4.307044131361259e-05
07156,J,48.8167,2.3333,POINT (2.3333 48.8167),94,2019,40020.0,460.0,87.0,394072791.0,2,5.0777420966371664e-05
07156,J,48.8167,2.3333,POINT (2.3333 48.8167),94,2020,20520.0,285.0,72.0,289488478.0,2,3.5441825080167784e-05
07156,J,48.8167,2.3333,POINT (2.3333 48.8167),94,2021,34830.0,430.0,81.0,352477484.0,2,4.94074112263012e-05
07156,J,48.8167,2.3333,POINT (2.3333 48.8167),94,2022,27300.0,325.0,84.0,335353388.0,2,4.070333113795767e-05
07156,J,48.8167,2.3333,POINT (2.3333 48.8167),94,2023,23885.0,302.0,79.08940397350993,349936476.0,2,3.4127622637429774e-05
07156,J,48.8167,2.3333,POINT (2.3333 48.8167),94,2024,14195.0,222.0,63.94144144144144,254503233.0,2,2.7887661450650412e-05
07169,G,48.6333,4.9,POINT (4.9 48.6333),52,2011,4142505.0,64525.0,64.2,339151320.0,3,0.004071442210515353
07169,G,48.6333,4.9,POINT (4.9 48.6333),52,2012,2770025.0,44750.0,61.9,352413954.0,3,0.0026200485428754237
07169,G,48.6333,4.9,POINT (4.9 48.6333),52,2013,4410288.0,64800.0,68.06,366896248.0,3,0.004006843918447484
07169,G,48.6333,4.9,POINT (4.9 48.6333),52,2014,3382288.0,56560.0,59.8,373250696.0,3,0.0030205686028602434
07169,G,48.6333,4.9,POINT (4.9 48.6333),52,2015,4812173.0,65830.0,73.1,408852959.0,3,0.003923311868868403
07169,G,48.6333,4.9,POINT (4.9 48.6333),52,2016,2967657.0,66990.0,44.3,275520198.0,3,0.003590368354773032
07169,G,48.6333,4.9,POINT (4.9 48.6333),52,2017,3997500.0,65000.0,61.5,364705798.0,3,0.003653629877307298
07169,G,48.6333,4.9,POINT (4.9 48.6333),52,2018,4270500.0,65700.0,65.0,339560022.0,3,0.004192189621191626
07169,G,48.6333,4.9,POINT (4.9 48.6333),52,2019,4488000.0,66000.0,68.0,394072791.0,3,0.0037962529618036987
07169,G,48.6333,4.9,POINT (4.9 48.6333),52,2020,3835000.0,59000.0,65.0,289488478.0,3,0.004415834931203491
07169,G,48.6333,4.9,POINT (4.9 48.6333),52,2021,4296500.0,66100.0,65.0,352477484.0,3,0.004063143694780421
07169,G,48.6333,4.9,POINT (4.9 48.6333),52,2022,3803411.0,62351.0,61.0,335353388.0,3,0.003780500546684999
07169,G,48.6333,4.9,POINT (4.9 48.6333),52,2023,3844000.0,62000.0,62.0,349936476.0,3,0.0036616169539677636
07169,G,48.6333,4.9,POINT (4.9 48.6333),52,2024,3628800.0,63000.0,57.6,254503233.0,3,0.004752788346700491
07300,R,46.7,-2.3333,POINT (-2.3333 46.7),85,2011,4758000.0,78000.0,61.0,339151320.0,2,0.007014568010526983
07300,R,46.7,-2.3333,POINT (-2.3333 46.7),85,2012,5792948.0,76223.0,76.0,352413954.0,2,0.008218953781835778
07300,R,46.7,-2.3333,POINT (-2.3333 46.7),85,2013,4658175.0,69525.0,67.0,366896248.0,2,0.006348082087773217
07300,R,46.7,-2.3333,POINT (-2.3333 46.7),85,2014,5857713.0,82503.0,71.0,373250696.0,2,0.007846888247999409
07300,R,46.7,-2.3333,POINT (-2.3333 46.7),85,2015,6026112.0,83696.0,72.0,408852959.0,2,0.007369534532340269
07300,R,46.7,-2.3333,POINT (-2.3333 46.7),85,2016,5101980.0,82290.0,62.0,275520198.0,2,0.00925881303264743
07300,R,46.7,-2.3333,POINT (-2.3333 46.7),85,2017,5750858.0,80998.0,71.0,364705798.0,2,0.007884242630000635
07300,R,46.7,-2.3333,POINT (-2.3333 46.7),85,2018,4545351.0,79743.0,57.0,339560022.0,2,0.006693000803257104
07300,R,46.7,-2.3333,POINT (-2.3333 46.7),85,2019,6113002.0,82164.0,74.40000486831215,394072791.0,2,0.007756183806153722
07300,R,46.7,-2.3333,POINT (-2.3333 46.7),85,2020,2699508.0,55092.0,49.0,289488478.0,2,0.004662548262110798
07300,R,46.7,-2.3333,POINT (-2.3333 46.7),85,2021,5160675.0,77025.0,67.0,352477484.0,2,0.00732057398594005
07300,R,46.7,-2.3333,POINT (-2.3333 46.7),85,2022,5139792.0,76943.0,66.79999480134646,335353388.0,2,0.007663247463598012
07300,R,46.7,-2.3333,POINT (-2.3333 46.7),85,2023,5288360.0,77770.0,68.0,349936476.0,2,0.007556171423524308
07300,R,46.7,-2.3333,POINT (-2.3333 46.7),85,2024,2356896.0,49102.0,48.0,254503233.0,2,0.004630385186501737
07667,U,43.1,6.15,POINT (6.15 43.1),83,2011,6156.0,171.0,36.0,339151320.0,4,4.537797464565374e-06
07667,U,43.1,6.15,POINT (6.15 43.1),83,2012,9614.0,253.0,38.0,352413954.0,4,6.820104518335843e-06
07667,U,43.1,6.15,POINT (6.15 43.1),83,2013,9462.0,249.0,38.0,366896248.0,4,6.447326765794563e-06
07667,U,43.1,6.15,POINT (6.15 43.1),83,2014,15580.0,380.0,41.0,373250696.0,4,1.0435345578029411e-05
07667,U,43.1,6.15,POINT (6.15 43.1),83,2015,10780.0,308.0,35.0,408852959.0,4,6.591611826881752e-06
07667,U,43.1,6.15,POINT (6.15 43.1),83,2016,16687.0,407.0,41.0,275520198.0,4,1.5141358166416533e-05
07667,U,43.1,6.15,POINT (6.15 43.1),83,2017,11370.0,308.0,36.91558441558441,364705798.0,4,7.793953415569226e-06
07667,U,43.1,6.15,POINT (6.15 43.1),83,2018,8946.0,264.0,33.88636363636363,339560022.0,4,6.5864644101124485e-06
07667,U,43.1,6.15,POINT (6.15 43.1),83,2019,11818.0,311.0,38.0,394072791.0,4,7.497345839337586e-06
07667,U,43.1,6.15,POINT (6.15 43.1),83,2020,16354.0,442.0,37.0,289488478.0,4,1.412318731386608e-05
07667,U,43.1,6.15,POINT (6.15 43.1),83,2021,23797.0,556.0,42.80035971223022,352477484.0,4,1.6878383074250496e-05
07667,U,43.1,6.15,POINT (6.15 43.1),83,2022,10730.0,436.0,24.610091743119266,335353388.0,4,7.999024599089483e-06
07667,U,43.1,6.15,POINT (6.15 43.1),83,2023,11892.0,456.0,26.07894736842105,349936476.0,4,8.495827682736338e-06
07667,U,43.1,6.15,POINT (6.15 43.1),83,2024,15720.0,396.0,39.696969696969695,254503233.0,4,1.544184705897233e-05
07276,D,47.85,4.55,POINT (4.55 47.85),21,2011,6350400.0,100800.0,63.0,339151320.0,2,0.009362192663734878
07276,D,47.85,4.55,POINT (4.55 47.85),21,2012,5824000.0,89600.0,65.0,352413954.0,2,0.008263009926105253
07276,D,47.85,4.55,POINT (4.55 47.85),21,2013,6712200.0,101700.0,66.0,366896248.0,2,0.009147272609885071
07276,D,47.85,4.55,POINT (4.55 47.85),21,2014,5631600.0,98800.0,57.0,373250696.0,2,0.007543991291043701
07276,D,47.85,4.55,POINT (4.55 47.85),21,2015,7224000.0,103200.0,70.0,408852959.0,2,0.008834471954989568
07276,D,47.85,4.55,POINT (4.55 47.85),21,2016,4784690.0,104015.0,46.0,275520198.0,2,0.008683011326813869
07276,D,47.85,4.55,POINT (4.55 47.85),21,2017,6672600.0,100300.0,66.52642073778664,364705798.0,2,0.009147921470664417
07276,D,47.85,4.55,POINT (4.55 47.85),21,2018,6580200.0,99700.0,66.0,339560022.0,2,0.009689303177156702
07276,D,47.85,4.55,POINT (4.55 47.85),21,2019,6807200.0,101600.0,67.0,394072791.0,2,0.008636983008552854
07276,D,47.85,4.55,POINT (4.55 47.85),21,2020,5475200.0,92800.0,59.0,289488478.0,2,0.009456680344977323
07276,D,47.85,4.55,POINT (4.55 47.85),21,2021,6470100.0,102700.0,63.0,352477484.0,2,0.009178033056999465
07276,D,47.85,4.55,POINT (4.55 47.85),21,2022,5598740.0,96530.0,58.0,335353388.0,2,0.00834752264378495
07276,D,47.85,4.55,POINT (4.55 47.85),21,2023,5375100.0,94300.0,57.0,349936476.0,2,0.0076801082034100385
07276,D,47.85,4.55,POINT (4.55 47.85),21,2024,4679900.0,88300.0,53.0,254503233.0,2,0.009194185757160892
07563,U,43.9114,4.9025,POINT (4.9025 43.9114),84,2011,61598.0,1621.0,38.0,339151320.0,5,3.632478859289122e-05
07563,U,43.9114,4.9025,POINT (4.9025 43.9114),84,2012,66707.0,1627.0,41.0,352413954.0,5,3.78571842816417e-05
07563,U,43.9114,4.9025,POINT (4.9025 43.9114),84,2013,103630.0,2410.0,43.0,366896248.0,5,5.649008435758111e-05
07563,U,43.9114,4.9025,POINT (4.9025 43.9114),84,2014,105552.0,2932.0,36.0,373250696.0,5,5.65582334506886e-05
07563,U,43.9114,4.9025,POINT (4.9025 43.9114),84,2015,92736.0,2576.0,36.0,408852959.0,5,4.5363986224690624e-05
07563,U,43.9114,4.9025,POINT (4.9025 43.9114),84,2016,93520.0,2338.0,40.0,275520198.0,5,6.788613007602441e-05
07563,U,43.9114,4.9025,POINT (4.9025 43.9114),84,2017,53700.0,1852.0,28.995680345572353,364705798.0,5,2.9448393907902722e-05
07563,U,43.9114,4.9025,POINT (4.9025 43.9114),84,2018,56268.0,1905.0,29.53700787401575,339560022.0,5,3.31417106575638e-05
07563,U,43.9114,4.9025,POINT (4.9025 43.9114),84,2019,55902.0,2082.0,26.85014409221902,394072791.0,5,2.8371408164538823e-05
07563,U,43.9114,4.9025,POINT (4.9025 43.9114),84,2020,51000.0,1700.0,30.0,289488478.0,5,3.523456294519604e-05
07563,U,43.9114,4.9025,POINT (4.9025 43.9114),84,2021,77797.0,2189.0,35.53997259022385,352477484.0,5,4.414296148346315e-05
07563,U,43.9114,4.9025,POINT (4.9025 43.9114),84,2022,44973.0,2197.0,20.470186618115612,335353388.0,5,2.682125877314828e-05
07563,U,43.9114,4.9025,POINT (4.9025 43.9114),84,2023,45896.0,2049.0,22.39921913128355,349936476.0,5,2.62310465742931e-05
07563,U,43.9114,4.9025,POINT (4.9025 43.9114),84,2024,62141.0,2013.0,30.86984600099354,254503233.0,5,4.8833171404152656e-05
07280,D,47.2667,5.0833,POINT (5.0833 47.2667),21,2011,6350400.0,100800.0,63.0,339151320.0,2,0.009362192663734878
07280,D,47.2667,5.0833,POINT (5.0833 47.2667),21,2012,5824000.0,89600.0,65.0,352413954.0,2,0.008263009926105253
07280,D,47.2667,5.0833,POINT (5.0833 47.2667),21,2013,6712200.0,101700.0,66.0,366896248.0,2,0.009147272609885071
07280,D,47.2667,5.0833,POINT (5.0833 47.2667),21,2014,5631600.0,98800.0,57.0,373250696.0,2,0.007543991291043701
07280,D,47.2667,5.0833,POINT (5.0833 47.2667),21,2015,7224000.0,103200.0,70.0,408852959.0,2,0.008834471954989568
07280,D,47.2667,5.0833,POINT (5.0833 47.2667),21,2016,4784690.0,104015.0,46.0,275520198.0,2,0.008683011326813869
07280,D,47.2667,5.0833,POINT (5.0833 47.2667),21,2017,6672600.0,100300.0,66.52642073778664,364705798.0,2,0.009147921470664417
07280,D,47.2667,5.0833,POINT (5.0833 47.2667),21,2018,6580200.0,99700.0,66.0,339560022.0,2,0.009689303177156702
07280,D,47.2667,5.0833,POINT (5.0833 47.2667),21,2019,6807200.0,101600.0,67.0,394072791.0,2,0.008636983008552854
07280,D,47.2667,5.0833,POINT (5.0833 47.2667),21,2020,5475200.0,92800.0,59.0,289488478.0,2,0.009456680344977323
07280,D,47.2667,5.0833,POINT (5.0833 47.2667),21,2021,6470100.0,102700.0,63.0,352477484.0,2,0.009178033056999465
07280,D,47.2667,5.0833,POINT (5.0833 47.2667),21,2022,5598740.0,96530.0,58.0,335353388.0,2,0.00834752264378495
07280,D,47.2667,5.0833,POINT (5.0833 47.2667),21,2023,5375100.0,94300.0,57.0,349936476.0,2,0.0076801082034100385
07280,D,47.2667,5.0833,POINT (5.0833 47.2667),21,2024,4679900.0,88300.0,53.0,254503233.0,2,0.009194185757160892
07110,E,48.45,-4.4167,POINT (-4.4167 48.45),29,2011,2833560.0,55560.0,51.0,339151320.0,7,0.0011935506714651316
07110,E,48.45,-4.4167,POINT (-4.4167 48.45),29,2012,3256800.0,55200.0,59.0,352413954.0,7,0.001320200683248606
07110,E,48.45,-4.4167,POINT (-4.4167 48.45),29,2013,3700000.0,50000.0,74.0,366896248.0,7,0.0014406564020557346
07110,E,48.45,-4.4167,POINT (-4.4167 48.45),29,2014,3811000.0,51500.0,74.0,373250696.0,7,0.0014586136804647014
07110,E,48.45,-4.4167,POINT (-4.4167 48.45),29,2015,3774000.0,51000.0,74.0,408852959.0,7,0.0013186717749616608
07110,E,48.45,-4.4167,POINT (-4.4167 48.45),29,2016,3434000.0,50500.0,68.0,275520198.0,7,0.0017805280053240548
07110,E,48.45,-4.4167,POINT (-4.4167 48.45),29,2017,3767300.0,50500.0,74.6,364705798.0,7,0.001475670848220829
07110,E,48.45,-4.4167,POINT (-4.4167 48.45),29,2018,3536480.0,49600.0,71.3,339560022.0,7,0.001487841311812109
07110,E,48.45,-4.4167,POINT (-4.4167 48.45),29,2019,3800000.0,50300.0,75.54671968190856,394072791.0,7,0.001377555505620135
07110,E,48.45,-4.4167,POINT (-4.4167 48.45),29,2020,3048000.0,43805.0,69.58109804816802,289488478.0,7,0.0015041309223663521
07110,E,48.45,-4.4167,POINT (-4.4167 48.45),29,2021,3504540.0,50115.0,69.92996108949416,352477484.0,7,0.001420370361667049
07110,E,48.45,-4.4167,POINT (-4.4167 48.45),29,2022,3438664.0,49399.0,69.60999210510334,335353388.0,7,0.0014648359964853383
07110,E,48.45,-4.4167,POINT (-4.4167 48.45),29,2023,3416415.0,49016.0,69.69999591969969,349936476.0,7,0.0013947082376010603
07110,E,48.45,-4.4167,POINT (-4.4167 48.45),29,2024,2843160.0,44080.0,64.5,254503233.0,7,0.001595915735521184
07053,J,49.0833,2.0333,POINT (2.0333 49.0833),95,2011,1899506.0,25669.0,74.0,339151320.0,4,0.0014001906287730208
07053,J,49.0833,2.0333,POINT (2.0333 49.0833),95,2012,2105350.0,25675.0,82.0,352413954.0,4,0.0014935205999249395
07053,J,49.0833,2.0333,POINT (2.0333 49.0833),95,2013,2087600.0,24560.0,85.0,366896248.0,4,0.0014224729820622205
07053,J,49.0833,2.0333,POINT (2.0333 49.0833),95,2014,2114840.0,25480.0,83.0,373250696.0,4,0.0014165010425057586
07053,J,49.0833,2.0333,POINT (2.0333 49.0833),95,2015,2293655.0,25205.0,91.0,408852959.0,4,0.0014024938241916944
07053,J,49.0833,2.0333,POINT (2.0333 49.0833),95,2016,1235000.0,24700.0,50.0,275520198.0,4,0.001120607498982706
07053,J,49.0833,2.0333,POINT (2.0333 49.0833),95,2017,1990140.0,24270.0,82.0,364705798.0,4,0.0013642091864961247
07053,J,49.0833,2.0333,POINT (2.0333 49.0833),95,2018,1772155.0,23015.0,77.0,339560022.0,4,0.001304743554292737
07053,J,49.0833,2.0333,POINT (2.0333 49.0833),95,2019,2064040.0,23455.0,88.0,394072791.0,4,0.0013094281355750846
07053,J,49.0833,2.0333,POINT (2.0333 49.0833),95,2020,1652040.0,21180.0,78.0,289488478.0,4,0.0014266889060779821
07053,J,49.0833,2.0333,POINT (2.0333 49.0833),95,2021,1980795.0,23865.0,83.0,352477484.0,4,0.001404908887740472
07053,J,49.0833,2.0333,POINT (2.0333 49.0833),95,2022,1898450.0,22075.0,86.0,335353388.0,4,0.0014152607875248303
07053,J,49.0833,2.0333,POINT (2.0333 49.0833),95,2023,1904677.0,22675.0,83.99898566703418,349936476.0,4,0.001360730540133804
07053,J,49.0833,2.0333,POINT (2.0333 49.0833),95,2024,1292113.0,19646.0,65.76977501781533,254503233.0,4,0.0012692500845362543
07535,LO,44.75,1.4,POINT (1.4 44.75),46,2011,363295.0,9082.0,40.001651618586216,339151320.0,1,0.0010711885184465741
07535,LO,44.75,1.4,POINT (1.4 44.75),46,2012,558525.0,10155.0,55.0,352413954.0,1,0.0015848549515720936
07535,LO,44.75,1.4,POINT (1.4 44.75),46,2013,522546.0,10246.0,51.0,366896248.0,1,0.0014242336978054896
07535,LO,44.75,1.4,POINT (1.4 44.75),46,2014,476736.0,9932.0,48.0,373250696.0,1,0.0012772541487772605
07535,LO,44.75,1.4,POINT (1.4 44.75),46,2015,540500.0,10810.0,50.0,408852959.0,1,0.0013219911660221101
07535,LO,44.75,1.4,POINT (1.4 44.75),46,2016,529200.0,10800.0,49.0,275520198.0,1,0.0019207303270012894
07535,LO,44.75,1.4,POINT (1.4 44.75),46,2017,470400.0,9800.0,48.0,364705798.0,1,0.0012898067499327226
07535,LO,44.75,1.4,POINT (1.4 44.75),46,2018,412860.0,9830.0,42.0,339560022.0,1,0.0012158675145803825
07535,LO,44.75,1.4,POINT (1.4 44.75),46,2019,498680.0,9590.0,52.0,394072791.0,1,0.0012654514886311955
07535,LO,44.75,1.4,POINT (1.4 44.75),46,2020,321640.0,7640.0,42.09947643979058,289488478.0,1,0.0011110632182051818
07535,LO,44.75,1.4,POINT (1.4 44.75),46,2021,428684.0,9090.0,47.15995599559956,352477484.0,1,0.0012162025078458628
07535,LO,44.75,1.4,POINT (1.4 44.75),46,2022,395600.0,8600.0,46.0,335353388.0,1,0.0011796511207454985
07535,LO,44.75,1.4,POINT (1.4 44.75),46,2023,440850.0,8817.0,50.0,349936476.0,1,0.0012598000786862814
07535,LO,44.75,1.4,POINT (1.4 44.75),46,2024,300840.0,6540.0,46.0,254503233.0,1,0.0011820674985295765
07180,M,48.6833,6.2167,POINT (6.2167 48.6833),54,2011,4262400.0,66600.0,64.0,339151320.0,2,0.006283920699468308
07180,M,48.6833,6.2167,POINT (6.2167 48.6833),54,2012,2183000.0,39900.0,54.711779448621556,352413954.0,2,0.0030972099362444657
07180,M,48.6833,6.2167,POINT (6.2167 48.6833),54,2013,4800000.0,70500.0,68.08510638297872,366896248.0,2,0.006541358798523337
07180,M,48.6833,6.2167,POINT (6.2167 48.6833),54,2014,3577200.0,54200.0,66.0,373250696.0,2,0.004791953556062492
07180,M,48.6833,6.2167,POINT (6.2167 48.6833),54,2015,5104160.0,69920.0,73.0,408852959.0,2,0.006242048501353759
07180,M,48.6833,6.2167,POINT (6.2167 48.6833),54,2016,3214575.0,70150.0,45.824305060584464,275520198.0,2,0.005833646722335761
07180,M,48.6833,6.2167,POINT (6.2167 48.6833),54,2017,4007800.0,69100.0,58.0,364705798.0,2,0.005494565786968926
07180,M,48.6833,6.2167,POINT (6.2167 48.6833),54,2018,4176250.0,64250.0,65.0,339560022.0,2,0.006149501898665798
07180,M,48.6833,6.2167,POINT (6.2167 48.6833),54,2019,4521000.0,68500.0,66.0,394072791.0,2,0.005736249879784266
07180,M,48.6833,6.2167,POINT (6.2167 48.6833),54,2020,4256000.0,60800.0,70.0,289488478.0,2,0.007350897053664429
07180,M,48.6833,6.2167,POINT (6.2167 48.6833),54,2021,4426240.0,69160.0,64.0,352477484.0,2,0.006278755666560534
07180,M,48.6833,6.2167,POINT (6.2167 48.6833),54,2022,3793260.0,63221.0,60.0,335353388.0,2,0.005655616039280927
07180,M,48.6833,6.2167,POINT (6.2167 48.6833),54,2023,3822000.0,63700.0,60.0,349936476.0,2,0.005460991154291672
07180,M,48.6833,6.2167,POINT (6.2167 48.6833),54,2024,3402000.0,63000.0,54.0,254503233.0,2,0.006683608612547566
07630,N,43.6333,1.3667,POINT (1.3667 43.6333),31,2011,1958507.0,40802.0,48.00026959462772,339151320.0,4,0.001443682277279652
07630,N,43.6333,1.3667,POINT (1.3667 43.6333),31,2012,2660301.0,42227.0,63.0,352413954.0,4,0.00188719896715554
07630,N,43.6333,1.3667,POINT (1.3667 43.6333),31,2013,2551432.0,49066.0,52.0,366896248.0,4,0.0017385241835452077
07630,N,43.6333,1.3667,POINT (1.3667 43.6333),31,2014,2756000.0,53000.0,52.0,373250696.0,4,0.0018459443140596314
07630,N,43.6333,1.3667,POINT (1.3667 43.6333),31,2015,2872800.0,50400.0,57.0,408852959.0,4,0.0017566217491897863
07630,N,43.6333,1.3667,POINT (1.3667 43.6333),31,2016,2710200.0,45170.0,60.0,275520198.0,4,0.0024591663512088502
07630,N,43.6333,1.3667,POINT (1.3667 43.6333),31,2017,2478000.0,42000.0,59.0,364705798.0,4,0.0016986294251346123
07630,N,43.6333,1.3667,POINT (1.3667 43.6333),31,2018,1853730.0,43110.0,43.0,339560022.0,4,0.0013648028919022747
07630,N,43.6333,1.3667,POINT (1.3667 43.6333),31,2019,3293640.0,52280.0,63.0,394072791.0,4,0.0020894870663628233
07630,N,43.6333,1.3667,POINT (1.3667 43.6333),31,2020,1597020.0,36800.0,43.397282608695654,289488478.0,4,0.0013791740616357104
07630,N,43.6333,1.3667,POINT (1.3667 43.6333),31,2021,2550000.0,51000.0,50.0,352477484.0,4,0.0018086261646148155
07630,N,43.6333,1.3667,POINT (1.3667 43.6333),31,2022,1918350.0,42630.0,45.0,335353388.0,4,0.001430095884404782
07630,N,43.6333,1.3667,POINT (1.3667 43.6333),31,2023,2788240.0,49790.0,56.0,349936476.0,4,0.001991961535327343
07630,N,43.6333,1.3667,POINT (1.3667 43.6333),31,2024,2362800.0,42960.0,55.0,254503233.0,4,0.002320992126650116
07649,U,43.5,5.3667,POINT (5.3667 43.5),13,2011,21450.0,550.0,39.0,339151320.0,6,1.0541017502158034e-05
07649,U,43.5,5.3667,POINT (5.3667 43.5),13,2012,0.0,0.0,,352413954.0,6,0.0
07649,U,43.5,5.3667,POINT (5.3667 43.5),13,2013,54760.0,1369.0,40.0,366896248.0,6,2.4875333875495686e-05
07649,U,43.5,5.3667,POINT (5.3667 43.5),13,2014,50985.0,1545.0,33.0,373250696.0,6,2.2766200012658517e-05
07649,U,43.5,5.3667,POINT (5.3667 43.5),13,2015,62440.0,1561.0,40.0,408852959.0,6,2.5453323591249016e-05
07649,U,43.5,5.3667,POINT (5.3667 43.5),13,2016,39178.0,1002.0,39.0998003992016,275520198.0,6,2.369941192720349e-05
07649,U,43.5,5.3667,POINT (5.3667 43.5),13,2017,37000.0,1000.0,37.0,364705798.0,6,1.6908606061334587e-05
07649,U,43.5,5.3667,POINT (5.3667 43.5),13,2018,38151.0,1003.0,38.03688933200399,339560022.0,6,1.8725702638810644e-05
07649,U,43.5,5.3667,POINT (5.3667 43.5),13,2019,40902.0,1203.0,34.0,394072791.0,6,1.729883451912822e-05
07649,U,43.5,5.3667,POINT (5.3667 43.5),13,2020,42364.0,1190.0,35.6,289488478.0,6,2.4390147460952373e-05
07649,U,43.5,5.3667,POINT (5.3667 43.5),13,2021,71426.0,1775.0,40.24,352477484.0,6,3.377331566896152e-05
07649,U,43.5,5.3667,POINT (5.3667 43.5),13,2022,62616.0,2033.0,30.799803246433843,335353388.0,6,3.1119411264155765e-05
07649,U,43.5,5.3667,POINT (5.3667 43.5),13,2023,47008.0,1794.0,26.202898550724637,349936476.0,6,2.2388825412606218e-05
07649,U,43.5,5.3667,POINT (5.3667 43.5),13,2024,69266.0,1515.0,45.72013201320132,254503233.0,6,4.536026201809913e-05
07517,B,44.1833,-0.2833,POINT (-0.2833 44.1833),40,2011,158480.0,2830.0,56.0,339151320.0,4,0.00011682101075118918
07517,B,44.1833,-0.2833,POINT (-0.2833 44.1833),40,2012,185850.0,3150.0,59.0,352413954.0,4,0.00013184069323202792
07517,B,44.1833,-0.2833,POINT (-0.2833 44.1833),40,2013,166380.0,3540.0,47.0,366896248.0,4,0.00011336992467690757
07517,B,44.1833,-0.2833,POINT (-0.2833 44.1833),40,2014,129720.0,2760.0,47.0,373250696.0,4,8.688530349049905e-05
07517,B,44.1833,-0.2833,POINT (-0.2833 44.1833),40,2015,149340.0,2620.0,57.0,408852959.0,4,9.131644807296112e-05
07517,B,44.1833,-0.2833,POINT (-0.2833 44.1833),40,2016,191520.0,3420.0,56.0,275520198.0,4,0.0001737803629191643
07517,B,44.1833,-0.2833,POINT (-0.2833 44.1833),40,2017,195000.0,3000.0,65.0,364705798.0,4,0.00013366938575514503
07517,B,44.1833,-0.2833,POINT (-0.2833 44.1833),40,2018,174500.0,3490.0,50.0,339560022.0,4,0.00012847507708077603
07517,B,44.1833,-0.2833,POINT (-0.2833 44.1833),40,2019,226380.0,2940.0,77.0,394072791.0,4,0.00014361559918000023
07517,B,44.1833,-0.2833,POINT (-0.2833 44.1833),40,2020,56120.0,1220.0,46.0,289488478.0,4,4.846479589422554e-05
07517,B,44.1833,-0.2833,POINT (-0.2833 44.1833),40,2021,144760.0,2585.0,56.0,352477484.0,4,0.000102673224937114
07517,B,44.1833,-0.2833,POINT (-0.2833 44.1833),40,2022,99820.0,2170.0,46.0,335353388.0,4,7.441403872144568e-05
07517,B,44.1833,-0.2833,POINT (-0.2833 44.1833),40,2023,181120.0,2830.0,64.0,349936476.0,4,0.000129394913378507
07517,B,44.1833,-0.2833,POINT (-0.2833 44.1833),40,2024,41580.0,945.0,44.0,254503233.0,4,4.084427485445735e-05
07621,N,43.1833,0.0,POINT (0 43.1833),65,2011,232272.0,4839.0,48.0,339151320.0,1,0.0006848624383947555
07621,N,43.1833,0.0,POINT (0 43.1833),65,2012,351780.0,5412.0,65.0,352413954.0,1,0.0009982011098232507
07621,N,43.1833,0.0,POINT (0 43.1833),65,2013,285950.0,5719.0,50.0,366896248.0,1,0.000779375645182395
07621,N,43.1833,0.0,POINT (0 43.1833),65,2014,262701.0,5151.0,51.0,373250696.0,1,0.0007038191832333515
07621,N,43.1833,0.0,POINT (0 43.1833),65,2015,280000.0,5600.0,50.0,408852959.0,1,0.0006848427872084937
07621,N,43.1833,0.0,POINT (0 43.1833),65,2016,354000.0,6000.0,59.0,275520198.0,1,0.0012848422822344227
07621,N,43.1833,0.0,POINT (0 43.1833),65,2017,338550.0,5550.0,61.0,364705798.0,1,0.0009282824727672687
07621,N,43.1833,0.0,POINT (0 43.1833),65,2018,261010.0,6070.0,43.0,339560022.0,1,0.0007686711717788733
07621,N,43.1833,0.0,POINT (0 43.1833),65,2019,382260.0,5540.0,69.0,394072791.0,1,0.0009700238350127553
07621,N,43.1833,0.0,POINT (0 43.1833),65,2020,110600.0,3160.0,35.0,289488478.0,1,0.00038205320213124337
07621,N,43.1833,0.0,POINT (0 43.1833),65,2021,304790.0,5255.0,58.0,352477484.0,1,0.0008647077156281563
07621,N,43.1833,0.0,POINT (0 43.1833),65,2022,191925.0,4265.0,45.0,335353388.0,1,0.0005723067273738114
07621,N,43.1833,0.0,POINT (0 43.1833),65,2023,305577.0,5361.0,57.0,349936476.0,1,0.0008732356326295062
07621,N,43.1833,0.0,POINT (0 43.1833),65,2024,158400.0,3300.0,48.0,254503233.0,1,0.0006223889501631596
