region,oos_year,model,win_label,win_start,win_end,win_corr,instrument,n_win_days,K,yield_r2,yield_c,cdd_mean,cdd_std,rev_mean,rev_std,N_var,V_var,HE_var_sd,N_sv,V_sv,HE_sd,HE_var5,HE_var10,HE_es5,HE_es10,HE_sv,actual_cCDD,actual_payoff
11,2015,HBA,Mar–Jun,60,181,-0.743,call,122,409.3,0.636,-8.22558e-07,475.95,59.11,1295.11,81.02,0.05546,1399.6721,0.5278,0.05266,1399.6721,0.3118,0.3232,0.1736,0.435,0.3584,0.4712,446.56,745.4
11,2015,Alaton,Mar–Jun,60,181,-0.743,call,122,409.3,0.636,-8.22558e-07,484.56,59.45,1286.1,81.98,0.05511,1552.9925,0.5395,0.05222,1552.9925,0.3203,0.3471,0.1971,0.437,0.371,0.4792,446.56,745.4
11,2015,Benth,Mar–Jun,60,181,-0.743,call,122,409.3,0.636,-8.22558e-07,493.27,59.49,1278.84,83.09,0.05623,1711.3068,0.5691,0.05401,1711.3068,0.3429,0.3457,0.2251,0.4418,0.3776,0.5087,446.56,745.4
11,2015,XGB,Mar–Jun,60,181,-0.743,call,122,409.3,0.636,-8.22558e-07,481.78,58.7,1288.94,81.65,0.05539,1500.7558,0.5296,0.05267,1500.7558,0.3132,0.3291,0.1801,0.4363,0.3622,0.4692,446.56,745.4
11,2015,WaveletFNN,Mar–Jun,60,181,-0.743,call,122,409.3,0.636,-8.22558e-07,558.79,66.24,1207.8,89.97,0.0561,2979.3162,0.6716,0.05415,2979.3162,0.4262,0.4471,0.3077,0.5312,0.4686,0.6245,446.56,745.4
11,2015,LSTM,Mar–Jun,60,181,-0.743,call,122,409.3,0.636,-8.22558e-07,521.23,51.94,1249.58,77.19,0.05434,2232.5819,0.522,0.05216,2232.5819,0.308,0.3237,0.1566,0.4319,0.3529,0.4511,446.56,745.4
11,2015,FeedForwardNN,Mar–Jun,60,181,-0.743,call,122,409.3,0.636,-8.22558e-07,541.06,53.0,1228.57,77.94,0.05503,2624.2563,0.5546,0.05281,2624.2563,0.3319,0.3429,0.1856,0.4492,0.3745,0.4884,446.56,745.4
11,2016,HBA,Mar–Jun,60,181,-0.635,call,122,410.1,0.626,-8.1363e-07,487.59,57.39,1318.28,84.97,0.05526,1586.0135,0.4817,0.05262,1586.0135,0.2793,0.3206,0.2141,0.4346,0.3639,0.4482,354.65,0.0
11,2016,Alaton,Mar–Jun,60,181,-0.635,call,122,410.1,0.626,-8.1363e-07,497.54,58.35,1307.75,86.12,0.05506,1771.8407,0.4998,0.05211,1771.8407,0.2917,0.3416,0.2299,0.4395,0.3744,0.4588,354.65,0.0
11,2016,Benth,Mar–Jun,60,181,-0.635,call,122,410.1,0.626,-8.1363e-07,504.75,58.68,1298.53,87.1,0.05588,1909.2402,0.5174,0.05304,1909.2402,0.3044,0.3657,0.2513,0.4562,0.3915,0.4822,354.65,0.0
11,2016,XGB,Mar–Jun,60,181,-0.635,call,122,410.1,0.626,-8.1363e-07,498.41,57.15,1307.13,84.93,0.0546,1784.2214,0.4912,0.05195,1784.2214,0.2859,0.3351,0.2118,0.4479,0.3746,0.4544,354.65,0.0
11,2016,WaveletFNN,Mar–Jun,60,181,-0.635,call,122,410.1,0.626,-8.1363e-07,459.32,63.31,1345.91,89.47,0.05926,1131.9739,0.4834,0.05587,1131.9739,0.2802,0.3331,0.2115,0.4332,0.3669,0.4579,354.65,0.0
11,2016,LSTM,Mar–Jun,60,181,-0.635,call,122,410.1,0.626,-8.1363e-07,334.81,45.91,1460.2,76.88,0.14685,19.6425,0.0468,0.13626,19.6425,0.0235,0.0155,0.0043,0.0523,0.0344,0.0472,354.65,0.0
11,2016,FeedForwardNN,Mar–Jun,60,181,-0.635,call,122,410.1,0.626,-8.1363e-07,373.82,49.21,1427.18,78.54,0.09038,134.7305,0.1541,0.086,134.7305,0.0801,0.0988,0.0244,0.1729,0.1213,0.1469,354.65,0.0
11,2017,HBA,May–Jun,121,181,-0.475,call,61,347.3,0.075,-1.146464e-06,387.45,46.44,1172.14,143.23,0.06264,893.1396,0.1196,0.05674,893.1396,0.0611,-0.0335,0.0705,0.0083,0.0441,0.074,468.58,2425.04
11,2017,Alaton,May–Jun,121,181,-0.475,call,61,347.3,0.075,-1.146464e-06,381.44,45.52,1175.74,142.49,0.0615,796.281,0.1036,0.05166,796.281,0.0518,-0.0591,0.0307,0.0036,0.0382,0.0573,468.58,2425.04
11,2017,Benth,May–Jun,121,181,-0.475,call,61,347.3,0.075,-1.146464e-06,386.81,46.45,1171.87,140.2,0.05832,884.3274,0.1064,0.05066,884.3274,0.0537,-0.066,0.0048,0.0017,0.0425,0.0618,468.58,2425.04
11,2017,XGB,May–Jun,121,181,-0.475,call,61,347.3,0.075,-1.146464e-06,379.61,46.49,1180.0,144.2,0.06323,772.7805,0.109,0.05753,772.7805,0.0556,-0.0326,0.0588,0.0086,0.043,0.0692,468.58,2425.04
11,2017,WaveletFNN,May–Jun,121,181,-0.475,call,61,347.3,0.075,-1.146464e-06,421.37,51.01,1133.34,144.1,0.056,1499.7019,0.1427,0.04937,1499.7019,0.073,-0.067,0.117,0.0085,0.054,0.0827,468.58,2425.04
11,2017,LSTM,May–Jun,121,181,-0.475,call,61,347.3,0.075,-1.146464e-06,433.95,43.2,1121.8,137.54,0.05636,1728.794,0.1221,0.0496,1728.794,0.0621,-0.0589,0.0432,0.0089,0.0426,0.067,468.58,2425.04
11,2017,FeedForwardNN,May–Jun,121,181,-0.475,call,61,347.3,0.075,-1.146464e-06,453.2,44.67,1097.71,137.84,0.05966,2108.1858,0.1483,0.05736,2108.1858,0.077,-0.0373,0.1323,0.0178,0.0611,0.0957,468.58,2425.04
11,2018,HBA,Mar–Jun,60,181,-0.43,call,122,411.5,0.015,-1.99487e-07,466.0,56.04,1237.52,139.87,0.01147,1181.0549,0.0063,0.0092,1181.0549,0.003,-0.0215,-0.0623,0.0015,0.0031,0.0022,580.07,3370.7
11,2018,Alaton,Mar–Jun,60,181,-0.43,call,122,411.5,0.015,-1.99487e-07,476.89,57.86,1231.67,143.03,0.01495,1375.2583,0.0117,0.01668,1375.2583,0.0058,0.0049,-0.023,0.0021,0.0042,0.0079,580.07,3370.7
11,2018,Benth,Mar–Jun,60,181,-0.43,call,122,411.5,0.015,-1.99487e-07,484.1,57.24,1231.68,140.97,0.01454,1495.9981,0.0118,0.0155,1495.9981,0.0059,0.0012,-0.034,0.0023,0.0048,0.0071,580.07,3370.7
11,2018,XGB,Mar–Jun,60,181,-0.43,call,122,411.5,0.015,-1.99487e-07,462.36,55.07,1238.4,137.78,0.01312,1113.8319,0.0081,0.01229,1113.8319,0.0041,-0.0145,-0.077,0.0012,0.001,0.0039,580.07,3370.7
11,2018,WaveletFNN,Mar–Jun,60,181,-0.43,call,122,411.5,0.015,-1.99487e-07,494.45,63.52,1230.44,140.98,0.01219,1700.0275,0.0105,0.00951,1700.0275,0.005,-0.0234,-0.0665,0.0022,0.0035,0.0035,580.07,3370.7
11,2018,LSTM,Mar–Jun,60,181,-0.43,call,122,411.5,0.015,-1.99487e-07,613.59,50.69,1198.83,135.71,0.01631,4021.2465,0.0148,0.01507,4021.2465,0.0074,-0.0117,-0.0703,0.0011,0.0039,0.0069,580.07,3370.7
11,2018,FeedForwardNN,Mar–Jun,60,181,-0.43,call,122,411.5,0.015,-1.99487e-07,591.54,54.57,1204.26,134.72,0.0143,3582.5091,0.0134,0.01223,3582.5091,0.0066,-0.0262,-0.0788,0.0013,0.0049,0.0054,580.07,3370.7
11,2019,HBA,Mar–Jun,60,181,-0.447,call,122,415.0,0.015,-1.63728e-07,482.28,58.78,1235.34,137.79,0.01243,1405.612,0.0093,0.01055,1405.612,0.0045,-0.006,-0.0552,0.0013,0.0022,0.0036,459.04,881.29
11,2019,Alaton,Mar–Jun,60,181,-0.447,call,122,415.0,0.015,-1.63728e-07,497.59,59.03,1235.17,134.75,0.01022,1685.5344,0.007,0.00866,1685.5344,0.0034,-0.0328,-0.0864,0.0001,0.0012,0.0026,459.04,881.29
11,2019,Benth,Mar–Jun,60,181,-0.447,call,122,415.0,0.015,-1.63728e-07,498.24,58.8,1233.97,134.23,0.01066,1696.2804,0.0077,0.00971,1696.2804,0.0038,0.1205,-0.0895,-0.0002,0.0015,0.0034,459.04,881.29
11,2019,XGB,Mar–Jun,60,181,-0.447,call,122,415.0,0.015,-1.63728e-07,482.44,57.25,1239.74,133.01,0.01086,1407.0453,0.0071,0.00968,1407.0453,0.0035,0.0802,0.2132,0.002,0.0021,0.003,459.04,881.29
11,2019,WaveletFNN,Mar–Jun,60,181,-0.447,call,122,415.0,0.015,-1.63728e-07,463.63,61.72,1239.89,134.93,0.01292,1108.8661,0.0099,0.01494,1108.8661,0.0048,0.1035,-0.0242,0.0035,0.0033,0.0066,459.04,881.29
11,2019,LSTM,Mar–Jun,60,181,-0.447,call,122,415.0,0.015,-1.63728e-07,466.38,50.26,1240.27,137.55,0.00792,1099.2202,0.0026,0.00418,1099.2202,0.001,-0.0103,-0.0275,0.0005,0.0,0.0004,459.04,881.29
11,2019,FeedForwardNN,Mar–Jun,60,181,-0.447,call,122,415.0,0.015,-1.63728e-07,456.08,51.3,1242.52,135.03,0.00672,938.4751,0.0018,0.00198,938.4751,0.0005,-0.0042,-0.0112,-0.0002,-0.0003,0.0001,459.04,881.29
11,2020,HBA,Mar–May,60,151,-0.505,call,92,195.8,0.011,-5.21671e-07,221.21,42.83,1270.8,138.44,0.01765,649.2953,0.0074,0.01356,649.2953,0.0035,-0.0189,-0.0521,-0.0008,-0.0003,0.0022,288.82,1861.18
11,2020,Alaton,Mar–May,60,151,-0.505,call,92,195.8,0.011,-5.21671e-07,238.0,45.76,1266.06,135.92,0.01752,925.8484,0.0103,0.01236,925.8484,0.0047,0.0968,0.1286,0.0006,0.0016,0.0025,288.82,1861.18
11,2020,Benth,Mar–May,60,151,-0.505,call,92,195.8,0.011,-5.21671e-07,237.17,44.8,1264.6,139.34,0.01622,908.5751,0.008,0.01115,908.5751,0.0036,-0.0218,-0.0599,-0.0005,-0.0001,0.0019,288.82,1861.18
11,2020,XGB,Mar–May,60,151,-0.505,call,92,195.8,0.011,-5.21671e-07,220.73,42.63,1269.91,140.46,0.01734,640.5183,0.0068,0.01238,640.5183,0.0031,-0.0169,-0.0471,-0.0005,-0.0003,0.0018,288.82,1861.18
11,2020,WaveletFNN,Mar–May,60,151,-0.505,call,92,195.8,0.011,-5.21671e-07,258.04,48.77,1259.22,136.84,0.02083,1279.5622,0.0191,0.02274,1279.5622,0.0095,0.095,-0.0681,0.006,0.0034,0.012,288.82,1861.18
11,2020,LSTM,Mar–May,60,151,-0.505,call,92,195.8,0.011,-5.21671e-07,249.87,42.07,1262.75,136.7,0.01741,1113.2334,0.0098,0.01412,1113.2334,0.0048,0.1236,0.1777,0.0,0.0016,0.0034,288.82,1861.18
11,2020,FeedForwardNN,Mar–May,60,151,-0.505,call,92,195.8,0.011,-5.21671e-07,227.88,39.76,1268.6,136.26,0.01778,731.147,0.0075,0.01382,731.147,0.0036,0.0916,-0.0597,0.0012,0.0002,0.0023,288.82,1861.18
11,2021,HBA,Mar–May,60,151,-0.517,call,92,197.6,0.011,-5.09651e-07,240.95,43.54,1267.35,133.73,0.01474,930.1174,0.0072,0.01113,930.1174,0.0034,0.0617,0.0981,0.0009,0.0025,0.0021,110.89,0.0
11,2021,Alaton,Mar–May,60,151,-0.517,call,92,197.6,0.011,-5.09651e-07,260.93,45.44,1258.04,134.47,0.01954,1291.7991,0.0154,0.01839,1291.7991,0.0077,0.0776,0.1709,0.004,0.0024,0.0073,110.89,0.0
11,2021,Benth,Mar–May,60,151,-0.517,call,92,197.6,0.011,-5.09651e-07,255.99,44.72,1259.89,135.17,0.02007,1198.8923,0.0152,0.01877,1198.8923,0.0076,0.1013,0.1899,0.003,0.0025,0.0073,110.89,0.0
11,2021,XGB,Mar–May,60,151,-0.517,call,92,197.6,0.011,-5.09651e-07,239.09,42.79,1266.79,133.98,0.01729,895.4494,0.0094,0.01446,895.4494,0.0046,0.0867,0.1375,0.0018,0.0031,0.0035,110.89,0.0
11,2021,WaveletFNN,Mar–May,60,151,-0.517,call,92,197.6,0.011,-5.09651e-07,271.1,50.05,1256.08,133.43,0.01931,1489.4285,0.0191,0.01824,1489.4285,0.0095,0.0912,0.171,0.004,0.0069,0.0096,110.89,0.0
11,2021,LSTM,Mar–May,60,151,-0.517,call,92,197.6,0.011,-5.09651e-07,154.01,34.31,1285.99,140.0,0.03889,36.0551,0.0016,0.03308,36.0551,0.0008,-0.0006,0.0497,-0.0,0.0005,0.0006,110.89,0.0
11,2021,FeedForwardNN,Mar–May,60,151,-0.517,call,92,197.6,0.011,-5.09651e-07,142.69,33.56,1288.02,138.37,0.0137,17.9703,0.0001,-0.0032,17.9703,-0.0,-0.0088,-0.0079,-0.0,-0.0,0.0,110.89,0.0
11,2022,HBA,Mar–May,60,151,-0.534,call,92,195.9,0.017,-5.83128e-07,223.26,44.28,1279.65,129.09,0.02105,683.3551,0.0133,0.02112,683.3551,0.0067,0.0319,0.0371,0.0068,0.0066,0.007,274.67,1575.08
11,2022,Alaton,Mar–May,60,151,-0.534,call,92,195.9,0.017,-5.83128e-07,242.82,46.86,1270.39,132.4,0.0224,1005.2587,0.0196,0.02233,1005.2587,0.0099,0.0795,0.0835,0.0059,0.0083,0.0095,274.67,1575.08
11,2022,Benth,Mar–May,60,151,-0.534,call,92,195.9,0.017,-5.83128e-07,239.77,46.52,1273.69,128.41,0.02183,954.8756,0.0189,0.02001,954.8756,0.0094,0.0559,0.0697,0.0075,0.0094,0.0084,274.67,1575.08
11,2022,XGB,Mar–May,60,151,-0.534,call,92,195.9,0.017,-5.83128e-07,230.04,45.19,1273.29,133.53,0.02321,791.8847,0.017,0.02488,791.8847,0.0085,0.0756,0.1015,0.0059,0.005,0.0097,274.67,1575.08
11,2022,WaveletFNN,Mar–May,60,151,-0.534,call,92,195.9,0.017,-5.83128e-07,236.13,50.26,1274.7,132.54,0.02189,911.7894,0.0198,0.02233,911.7894,0.0099,0.0726,0.0786,0.0062,0.0084,0.0103,274.67,1575.08
11,2022,LSTM,Mar–May,60,151,-0.534,call,92,195.9,0.017,-5.83128e-07,317.44,45.81,1241.2,127.2,0.0217,2421.1416,0.0243,0.01819,2421.1416,0.0119,0.0871,0.1181,0.0055,0.0089,0.0085,274.67,1575.08
11,2022,FeedForwardNN,Mar–May,60,151,-0.534,call,92,195.9,0.017,-5.83128e-07,252.24,42.54,1264.22,135.33,0.02233,1153.5976,0.0172,0.02136,1153.5976,0.0086,0.2044,0.1545,0.0014,0.0041,0.0078,274.67,1575.08
11,2023,HBA,Mar–May,60,151,-0.45,call,92,197.4,0.015,-4.51085e-07,232.31,45.81,1294.13,134.42,0.01709,805.7693,0.0094,0.01731,805.7693,0.0047,0.0579,0.0641,0.0037,0.0055,0.0051,204.18,135.45
11,2023,Alaton,Mar–May,60,151,-0.45,call,92,197.4,0.015,-4.51085e-07,254.61,47.3,1291.04,130.47,0.01521,1187.8107,0.0102,0.0127,1187.8107,0.005,0.0412,0.0717,0.0055,0.0044,0.0037,204.18,135.45
11,2023,Benth,Mar–May,60,151,-0.45,call,92,197.4,0.015,-4.51085e-07,249.21,47.4,1291.44,129.42,0.01593,1094.5922,0.0109,0.01546,1094.5922,0.0054,0.0406,0.053,0.0065,0.0074,0.0054,204.18,135.45
11,2023,XGB,Mar–May,60,151,-0.45,call,92,197.4,0.015,-4.51085e-07,228.55,45.24,1298.35,130.13,0.01922,748.7293,0.0117,0.02123,748.7293,0.0058,0.0179,0.0065,0.0066,0.0051,0.0074,204.18,135.45
11,2023,WaveletFNN,Mar–May,60,151,-0.45,call,92,197.4,0.015,-4.51085e-07,250.96,51.14,1290.72,130.41,0.01462,1135.6209,0.0105,0.01038,1135.6209,0.0048,0.0413,0.0608,0.0042,0.0038,0.0028,204.18,135.45
11,2023,LSTM,Mar–May,60,151,-0.45,call,92,197.4,0.015,-4.51085e-07,252.45,41.26,1290.22,131.22,0.01625,1128.9758,0.009,0.01331,1128.9758,0.0044,0.0507,0.0638,0.005,0.0046,0.0033,204.18,135.45
11,2023,FeedForwardNN,Mar–May,60,151,-0.45,call,92,197.4,0.015,-4.51085e-07,273.66,43.37,1283.19,132.35,0.01751,1530.4373,0.0124,0.01664,1530.4373,0.0062,0.0484,0.068,0.0043,0.006,0.0058,204.18,135.45
11,2024,HBA,Mar–May,60,151,-0.472,call,92,197.5,0.022,-4.72929e-07,224.45,43.43,1307.97,130.88,0.01723,672.3084,0.0083,0.01748,672.3084,0.0042,0.0309,0.0247,0.0051,0.0047,0.0042,249.74,1044.28
11,2024,Alaton,Mar–May,60,151,-0.472,call,92,197.5,0.022,-4.72929e-07,251.36,46.29,1300.15,130.98,0.01765,1124.2896,0.0128,0.01659,1124.2896,0.0064,0.0434,0.0357,0.0059,0.0058,0.0057,249.74,1044.28
11,2024,Benth,Mar–May,60,151,-0.472,call,92,197.5,0.022,-4.72929e-07,242.43,45.1,1303.06,129.82,0.0182,966.0946,0.0123,0.01722,966.0946,0.0062,0.0286,0.0267,0.0057,0.0061,0.0057,249.74,1044.28
11,2024,XGB,Mar–May,60,151,-0.472,call,92,197.5,0.022,-4.72929e-07,242.02,44.45,1303.13,129.22,0.01856,954.2291,0.0127,0.01762,954.2291,0.0063,0.024,0.0365,0.0066,0.0061,0.0061,249.74,1044.28
11,2024,WaveletFNN,Mar–May,60,151,-0.472,call,92,197.5,0.022,-4.72929e-07,178.92,41.8,1317.87,131.32,0.02291,184.2677,0.0042,0.01897,184.2677,0.0021,0.0137,-0.0103,0.0026,0.0025,0.0016,249.74,1044.28
11,2024,LSTM,Mar–May,60,151,-0.472,call,92,197.5,0.022,-4.72929e-07,189.73,38.57,1317.07,130.99,0.01844,239.3076,0.0033,0.01268,239.3076,0.0015,0.0189,-0.0244,0.0027,0.0022,0.0008,249.74,1044.28
11,2024,FeedForwardNN,Mar–May,60,151,-0.472,call,92,197.5,0.022,-4.72929e-07,252.69,44.5,1298.02,130.64,0.01786,1139.4785,0.0125,0.01794,1139.4785,0.0063,0.0301,0.0577,0.0056,0.006,0.0064,249.74,1044.28
24,2015,HBA,Mar–Jul,60,212,-0.8,call,153,694.5,0.672,-5.09529e-07,786.01,66.43,1080.14,74.94,0.04594,1867.9609,0.5786,0.04388,1867.9609,0.35,0.3011,0.4386,0.4047,0.4076,0.5826,803.34,2177.13
24,2015,Alaton,Mar–Jul,60,212,-0.8,call,153,694.5,0.672,-5.09529e-07,788.85,69.89,1077.99,76.76,0.04539,1929.3006,0.5916,0.04296,1929.3006,0.3596,0.3015,0.4441,0.4075,0.414,0.5882,803.34,2177.13
24,2015,Benth,Mar–Jul,60,212,-0.8,call,153,694.5,0.672,-5.09529e-07,799.67,69.16,1068.22,76.36,0.04516,2126.257,0.6054,0.04343,2126.257,0.3712,0.3345,0.4683,0.4244,0.4328,0.6079,803.34,2177.13
24,2015,XGB,Mar–Jul,60,212,-0.8,call,153,694.5,0.672,-5.09529e-07,799.06,67.16,1069.34,74.63,0.0445,2109.4831,0.5854,0.04244,2109.4831,0.3552,0.2879,0.456,0.3971,0.4055,0.5814,803.34,2177.13
24,2015,WaveletFNN,Mar–Jul,60,212,-0.8,call,153,694.5,0.672,-5.09529e-07,962.97,81.52,922.75,83.85,0.04475,5338.6951,0.7568,0.0429,5338.6951,0.5055,0.4536,0.5961,0.5455,0.5399,0.7544,803.34,2177.13
24,2015,LSTM,Mar–Jul,60,212,-0.8,call,153,694.5,0.672,-5.09529e-07,839.96,53.97,1032.45,66.07,0.04368,2893.7505,0.5065,0.04179,2893.7505,0.2968,0.2285,0.4293,0.3635,0.3588,0.5078,803.34,2177.13
24,2015,FeedForwardNN,Mar–Jul,60,212,-0.8,call,153,694.5,0.672,-5.09529e-07,782.03,55.9,1083.84,68.35,0.04501,1764.1361,0.4985,0.04312,1764.1361,0.2912,0.216,0.3968,0.342,0.3456,0.4971,803.34,2177.13
24,2016,HBA,Mar–Jul,60,212,-0.668,call,153,696.8,0.569,-4.50155e-07,812.0,65.8,1102.06,77.85,0.04111,2306.5078,0.457,0.03922,2306.5078,0.2625,0.3922,0.3255,0.4821,0.4314,0.4756,627.85,0.0
24,2016,Alaton,Mar–Jul,60,212,-0.668,call,153,696.8,0.569,-4.50155e-07,815.53,68.2,1098.96,79.38,0.04164,2381.1831,0.4781,0.0396,2381.1831,0.2768,0.4079,0.3371,0.4897,0.4404,0.4935,627.85,0.0
24,2016,Benth,Mar–Jul,60,212,-0.668,call,153,696.8,0.569,-4.50155e-07,822.42,67.86,1093.52,78.64,0.04117,2514.2064,0.4764,0.03909,2514.2064,0.2755,0.3896,0.332,0.4893,0.4391,0.4911,627.85,0.0
24,2016,XGB,Mar–Jul,60,212,-0.668,call,153,696.8,0.569,-4.50155e-07,773.46,65.44,1132.58,78.24,0.0428,1595.6205,0.4212,0.04047,1595.6205,0.2384,0.376,0.2852,0.4567,0.4037,0.4388,627.85,0.0
24,2016,WaveletFNN,Mar–Jul,60,212,-0.668,call,153,696.8,0.569,-4.50155e-07,811.73,77.61,1101.77,84.15,0.04135,2325.132,0.5247,0.03918,2325.132,0.3095,0.4368,0.3615,0.5307,0.4783,0.5491,627.85,0.0
24,2016,LSTM,Mar–Jul,60,212,-0.668,call,153,696.8,0.569,-4.50155e-07,643.55,50.7,1230.65,73.6,0.08693,80.7325,0.1014,0.08386,80.7325,0.052,0.089,0.0335,0.1617,0.1174,0.1217,627.85,0.0
24,2016,FeedForwardNN,Mar–Jul,60,212,-0.668,call,153,696.8,0.569,-4.50155e-07,643.79,53.74,1229.63,73.76,0.07937,97.8071,0.104,0.07413,97.8071,0.0532,0.0932,0.0352,0.1587,0.1179,0.1179,627.85,0.0
24,2017,HBA,May–Jun,121,181,-0.419,call,61,341.5,0.07,-5.00458e-07,385.19,49.2,981.17,140.07,0.02027,963.2375,0.0151,0.01635,963.2375,0.0073,-0.0162,-0.0592,0.0019,0.0071,0.0064,444.36,2058.12
24,2017,Alaton,May–Jun,121,181,-0.419,call,61,341.5,0.07,-5.00458e-07,378.93,48.58,984.45,140.81,0.02069,862.5637,0.0141,0.01655,862.5637,0.0068,-0.0173,-0.0684,0.0019,0.0058,0.006,444.36,2058.12
24,2017,Benth,May–Jun,121,181,-0.419,call,61,341.5,0.07,-5.00458e-07,384.75,49.22,982.75,139.63,0.02344,959.0728,0.0201,0.01996,959.0728,0.0099,-0.0077,-0.0503,0.0004,0.0073,0.0097,444.36,2058.12
24,2017,XGB,May–Jun,121,181,-0.419,call,61,341.5,0.07,-5.00458e-07,392.46,48.79,979.01,140.05,0.01893,1083.8715,0.0138,0.0156,1083.8715,0.0067,-0.0165,-0.0807,0.0042,0.0049,0.006,444.36,2058.12
24,2017,WaveletFNN,May–Jun,121,181,-0.419,call,61,341.5,0.07,-5.00458e-07,372.4,54.44,985.7,143.36,0.02095,800.8019,0.0157,0.01932,800.8019,0.0079,-0.0104,-0.0552,0.0022,0.0066,0.009,444.36,2058.12
24,2017,LSTM,May–Jun,121,181,-0.419,call,61,341.5,0.07,-5.00458e-07,452.27,35.8,954.6,137.24,0.02205,2205.5015,0.0132,0.02058,2205.5015,0.0066,-0.0069,-0.0392,0.0028,0.0091,0.0071,444.36,2058.12
24,2017,FeedForwardNN,May–Jun,121,181,-0.419,call,61,341.5,0.07,-5.00458e-07,443.05,37.29,957.55,138.43,0.0239,2022.9363,0.0164,0.02391,2022.9363,0.0083,0.0012,-0.0207,0.0021,0.0081,0.0098,444.36,2058.12
24,2018,HBA,Mar–May,60,151,-0.319,call,92,182.4,0.046,-9.8165e-08,206.58,41.68,1015.04,144.49,0.00203,621.0185,0.0001,0.00152,621.0185,0.0,-0.002,-0.0051,0.0005,0.0004,0.0,279.59,1943.98
24,2018,Alaton,Mar–May,60,151,-0.319,call,92,182.4,0.046,-9.8165e-08,222.47,43.96,1015.85,140.9,0.00129,879.9233,0.0,-0.00082,879.9233,-0.0,0.0016,0.0036,-0.0001,-0.0002,0.0,279.59,1943.98
24,2018,Benth,Mar–May,60,151,-0.319,call,92,182.4,0.046,-9.8165e-08,227.68,44.59,1018.76,138.83,0.003,971.2575,0.0003,0.00249,971.2575,0.0001,-0.0004,-0.0071,-0.0,0.0004,0.0001,279.59,1943.98
24,2018,XGB,Mar–May,60,151,-0.319,call,92,182.4,0.046,-9.8165e-08,188.4,39.54,1016.58,142.77,-0.00048,378.6151,0.0,-0.00601,378.6151,-0.0002,0.0051,0.0122,-0.0004,-0.0006,0.0003,279.59,1943.98
24,2018,WaveletFNN,Mar–May,60,151,-0.319,call,92,182.4,0.046,-9.8165e-08,137.19,37.46,1019.95,142.81,0.00461,51.2276,0.0,0.00995,51.2276,-0.0,-0.0007,-0.0018,-0.0006,-0.0001,0.0001,279.59,1943.98
24,2018,LSTM,Mar–May,60,151,-0.319,call,92,182.4,0.046,-9.8165e-08,276.38,36.81,1013.53,142.03,0.00226,1872.8962,0.0001,-0.00124,1872.8962,-0.0001,0.0025,0.0035,-0.0003,-0.0004,0.0,279.59,1943.98
24,2018,FeedForwardNN,Mar–May,60,151,-0.319,call,92,182.4,0.046,-9.8165e-08,279.79,38.79,1012.78,141.58,-0.00137,1940.9272,0.0001,-0.00328,1940.9272,-0.0,0.0068,0.0103,-0.0011,-0.0009,0.0002,279.59,1943.98
24,2019,HBA,Mar–May,60,151,-0.311,call,92,184.4,0.035,2.67718e-07,219.23,42.96,1034.89,142.37,-0.0066,787.4315,0.0011,-0.00594,787.4315,0.0006,-0.0039,-0.0327,0.0009,0.0011,0.0005,151.65,0.0
24,2019,Alaton,Mar–May,60,151,-0.311,call,92,184.4,0.035,2.67718e-07,235.91,45.3,1032.78,142.14,-0.00499,1081.3517,0.0008,-0.00444,1081.3517,0.0004,-0.0086,-0.0241,0.0015,0.0011,0.0003,151.65,0.0
24,2019,Benth,Mar–May,60,151,-0.311,call,92,184.4,0.035,2.67718e-07,237.37,44.4,1034.37,140.27,-0.00645,1103.7581,0.0014,-0.00451,1103.7581,0.0006,-0.0123,-0.0197,0.0005,0.0014,0.0004,151.65,0.0
24,2019,XGB,Mar–May,60,151,-0.311,call,92,184.4,0.035,2.67718e-07,228.32,43.92,1033.87,140.75,-0.00954,942.0961,0.0028,-0.01057,942.0961,0.0014,0.0026,-0.0023,0.0016,0.0017,0.0018,151.65,0.0
24,2019,WaveletFNN,Mar–May,60,151,-0.311,call,92,184.4,0.035,2.67718e-07,177.37,44.38,1028.92,138.87,-0.01317,292.2816,0.0022,-0.01459,292.2816,0.0011,-0.0029,-0.0027,0.0009,0.0017,0.0015,151.65,0.0
24,2019,LSTM,Mar–May,60,151,-0.311,call,92,184.4,0.035,2.67718e-07,178.4,34.3,1029.11,138.83,-0.01183,219.3358,0.001,-0.01428,219.3358,0.0005,-0.0013,-0.006,0.0006,0.0011,0.0009,151.65,0.0
24,2019,FeedForwardNN,Mar–May,60,151,-0.311,call,92,184.4,0.035,2.67718e-07,171.03,34.32,1028.63,137.47,-0.00518,163.1822,0.0001,0.00213,163.1822,-0.0001,0.007,0.0057,0.0001,-0.0002,0.0,151.65,0.0
24,2020,HBA,Mar–May,60,151,-0.411,call,92,183.7,0.01,-6.2441e-08,206.42,42.05,1063.89,139.46,0.00125,603.836,0.0,0.00136,603.836,0.0,0.0092,0.0249,0.0002,0.0001,0.0,284.4,2013.75
24,2020,Alaton,Mar–May,60,151,-0.411,call,92,183.7,0.01,-6.2441e-08,227.98,44.26,1063.38,141.03,0.00123,950.4058,0.0,-0.00014,950.4058,-0.0,-0.0016,0.0007,-0.0,-0.0,0.0,284.4,2013.75
24,2020,Benth,Mar–May,60,151,-0.411,call,92,183.7,0.01,-6.2441e-08,227.16,44.6,1065.07,138.74,0.00151,938.9212,0.0001,0.00075,938.9212,0.0,0.0054,0.0095,0.0001,0.0001,0.0,284.4,2013.75
24,2020,XGB,Mar–May,60,151,-0.411,call,92,183.7,0.01,-6.2441e-08,220.4,42.59,1061.73,142.59,-0.00091,814.7781,0.0,-0.00212,814.7781,-0.0,0.0035,0.0093,-0.0001,-0.0002,0.0001,284.4,2013.75
24,2020,WaveletFNN,Mar–May,60,151,-0.411,call,92,183.7,0.01,-6.2441e-08,227.36,48.86,1064.31,139.8,0.00275,954.3048,0.0003,0.00272,954.3048,0.0001,0.0148,0.009,0.0,0.0005,0.0001,284.4,2013.75
24,2020,LSTM,Mar–May,60,151,-0.411,call,92,183.7,0.01,-6.2441e-08,262.15,39.48,1061.68,140.29,0.0018,1566.0782,0.0001,0.00129,1566.0782,0.0,0.0127,-0.0085,0.0001,0.0001,0.0,284.4,2013.75
24,2020,FeedForwardNN,Mar–May,60,151,-0.411,call,92,183.7,0.01,-6.2441e-08,253.86,38.02,1060.56,142.22,0.00356,1404.3368,0.0003,0.00615,1404.3368,0.0001,0.0125,0.0268,0.0,0.0002,0.0005,284.4,2013.75
24,2021,HBA,Mar–May,60,151,-0.439,call,92,185.7,0.023,-2.89074e-07,225.52,42.66,1043.53,136.51,0.00669,866.577,0.0013,0.00471,866.577,0.0006,0.037,0.0545,0.0004,0.0008,0.0004,115.78,0.0
24,2021,Alaton,Mar–May,60,151,-0.439,call,92,185.7,0.023,-2.89074e-07,249.32,44.43,1041.44,135.52,0.00784,1294.9394,0.0023,0.00654,1294.9394,0.0011,0.0446,0.0668,0.0011,0.0021,0.0009,115.78,0.0
24,2021,Benth,Mar–May,60,151,-0.439,call,92,185.7,0.023,-2.89074e-07,245.61,44.43,1040.71,136.39,0.00875,1227.8596,0.0028,0.0068,1227.8596,0.0013,0.0469,0.087,0.0011,0.001,0.0009,115.78,0.0
24,2021,XGB,Mar–May,60,151,-0.439,call,92,185.7,0.023,-2.89074e-07,239.95,42.53,1042.27,133.37,0.00704,1117.1708,0.0017,0.00679,1117.1708,0.0009,0.0279,0.0619,0.002,0.002,0.0009,115.78,0.0
24,2021,WaveletFNN,Mar–May,60,151,-0.439,call,92,185.7,0.023,-2.89074e-07,265.34,49.51,1039.86,133.61,0.00962,1603.1745,0.0047,0.00933,1603.1745,0.0024,0.027,0.0644,0.0022,0.0034,0.0026,115.78,0.0
24,2021,LSTM,Mar–May,60,151,-0.439,call,92,185.7,0.023,-2.89074e-07,126.84,27.99,1053.8,136.0,0.04912,6.0308,0.0004,0.04719,6.0308,0.0002,-0.0009,-0.0013,0.0003,0.0001,0.0002,115.78,0.0
24,2021,FeedForwardNN,Mar–May,60,151,-0.439,call,92,185.7,0.023,-2.89074e-07,139.58,29.69,1051.27,137.17,0.00566,19.2627,0.0,-0.0038,19.2627,-0.0,-0.0026,0.0009,-0.0001,-0.0001,0.0,115.78,0.0
24,2022,HBA,Mar–May,60,151,-0.479,call,92,184.3,0.016,-5.51435e-07,207.03,42.02,1059.21,136.98,0.0174,602.7116,0.0069,0.01905,602.7116,0.0034,0.0549,0.1594,0.0031,0.0018,0.0041,282.26,1958.35
24,2022,Alaton,Mar–May,60,151,-0.479,call,92,184.3,0.016,-5.51435e-07,229.76,44.8,1058.53,131.48,0.01234,973.1625,0.0055,0.00804,973.1625,0.0024,0.0312,0.0788,0.0026,0.0038,0.0012,282.26,1958.35
24,2022,Benth,Mar–May,60,151,-0.479,call,92,184.3,0.016,-5.51435e-07,228.11,45.11,1056.7,132.25,0.01706,946.0595,0.0104,0.01702,946.0595,0.0052,0.0376,0.126,0.0041,0.0054,0.0053,282.26,1958.35
24,2022,XGB,Mar–May,60,151,-0.479,call,92,184.3,0.016,-5.51435e-07,198.81,40.41,1064.27,137.61,0.01785,483.1373,0.0057,0.02205,483.1373,0.0027,0.0532,0.0616,0.0026,0.0043,0.0043,282.26,1958.35
24,2022,WaveletFNN,Mar–May,60,151,-0.479,call,92,184.3,0.016,-5.51435e-07,213.69,46.85,1060.86,131.83,0.01682,728.7797,0.0092,0.01643,728.7797,0.0046,0.0276,0.1322,0.0051,0.0051,0.0047,282.26,1958.35
24,2022,LSTM,Mar–May,60,151,-0.479,call,92,184.3,0.016,-5.51435e-07,274.61,36.29,1043.11,132.78,0.01752,1798.7433,0.0091,0.01745,1798.7433,0.0046,0.0494,0.1241,0.003,0.0055,0.0046,282.26,1958.35
24,2022,FeedForwardNN,Mar–May,60,151,-0.479,call,92,184.3,0.016,-5.51435e-07,304.24,38.7,1033.13,132.12,0.01768,2388.1743,0.0107,0.01606,2388.1743,0.0053,0.071,0.1612,0.0036,0.0046,0.0046,282.26,1958.35
24,2023,HBA,Mar–May,60,151,-0.465,call,92,186.2,0.007,-3.2609e-07,217.08,43.88,1073.44,132.8,0.00832,733.144,0.002,0.00756,733.144,0.001,0.0235,0.0252,0.0028,0.0025,0.0008,214.72,570.5
24,2023,Alaton,Mar–May,60,151,-0.465,call,92,186.2,0.007,-3.2609e-07,243.17,46.37,1068.17,135.15,0.00878,1178.4642,0.0031,0.00746,1178.4642,0.0015,0.0446,0.044,0.0025,0.0023,0.0011,214.72,570.5
24,2023,Benth,Mar–May,60,151,-0.465,call,92,186.2,0.007,-3.2609e-07,237.69,46.3,1070.26,132.2,0.00745,1081.1131,0.0022,0.00408,1081.1131,0.0009,0.0174,0.0127,0.0014,0.0013,0.0003,214.72,570.5
24,2023,XGB,Mar–May,60,151,-0.465,call,92,186.2,0.007,-3.2609e-07,231.62,45.57,1072.5,131.56,0.00616,973.7127,0.0014,0.00203,973.7127,0.0004,0.0082,0.0072,0.0007,0.0007,0.0001,214.72,570.5
24,2023,WaveletFNN,Mar–May,60,151,-0.465,call,92,186.2,0.007,-3.2609e-07,258.58,52.05,1066.24,132.31,0.01022,1471.5019,0.0058,0.01178,1471.5019,0.0028,0.022,0.0375,0.0034,0.0041,0.0036,214.72,570.5
24,2023,LSTM,Mar–May,60,151,-0.465,call,92,186.2,0.007,-3.2609e-07,226.09,36.31,1073.88,132.66,0.00535,837.5251,0.0007,0.00184,837.5251,0.0002,0.0056,0.0022,0.0005,0.0005,0.0,214.72,570.5
24,2023,FeedForwardNN,Mar–May,60,151,-0.465,call,92,186.2,0.007,-3.2609e-07,215.5,35.58,1074.83,134.18,0.00847,659.5831,0.0015,0.00928,659.5831,0.0007,0.0161,0.0162,0.0018,0.0018,0.0008,214.72,570.5
24,2024,HBA,Mar–May,60,151,-0.485,call,92,186.7,0.006,-3.28576e-07,212.5,42.0,1078.32,130.81,0.01062,645.4593,0.003,0.01002,645.4593,0.0015,0.0173,0.0077,0.0025,0.0029,0.0012,237.81,1021.74
24,2024,Alaton,Mar–May,60,151,-0.485,call,92,186.7,0.006,-3.28576e-07,242.55,44.13,1074.82,129.15,0.0075,1151.6454,0.0022,0.00342,1151.6454,0.0008,0.01,0.0037,0.0012,0.0012,0.0002,237.81,1021.74
24,2024,Benth,Mar–May,60,151,-0.485,call,92,186.7,0.006,-3.28576e-07,233.87,43.99,1077.88,126.0,0.0093,999.9917,0.0033,0.00833,999.9917,0.0016,0.0118,-0.002,0.004,0.0036,0.0012,237.81,1021.74
24,2024,XGB,Mar–May,60,151,-0.485,call,92,186.7,0.006,-3.28576e-07,211.17,41.15,1079.79,129.49,0.00709,622.7431,0.0013,0.00244,622.7431,0.0004,0.0048,0.0009,0.0008,0.0007,0.0001,237.81,1021.74
24,2024,WaveletFNN,Mar–May,60,151,-0.485,call,92,186.7,0.006,-3.28576e-07,285.13,50.38,1067.99,127.38,0.01011,1965.5059,0.0062,0.00831,1965.5059,0.003,0.0273,-0.0119,0.0043,0.0048,0.002,237.81,1021.74
24,2024,LSTM,Mar–May,60,151,-0.485,call,92,186.7,0.006,-3.28576e-07,225.48,37.93,1076.28,132.41,0.01386,825.0893,0.005,0.01818,825.0893,0.0023,-0.0109,-0.0286,0.0019,0.0026,0.0039,237.81,1021.74
24,2024,FeedForwardNN,Mar–May,60,151,-0.485,call,92,186.7,0.006,-3.28576e-07,244.36,38.7,1073.25,129.64,0.0119,1166.3806,0.0046,0.01239,1166.3806,0.0023,0.0004,0.0086,0.0018,0.0017,0.0022,237.81,1021.74
27,2015,HBA,May–Jul,121,212,-0.621,call,92,539.2,0.503,-6.38441e-07,744.19,59.34,1005.66,89.51,0.04679,4076.2147,0.3848,0.04358,4076.2147,0.2145,0.2695,0.1562,0.3896,0.3152,0.3443,806.22,5340.6
27,2015,Alaton,May–Jul,121,212,-0.621,call,92,539.2,0.503,-6.38441e-07,819.29,127.43,931.13,138.46,0.0484,5582.8842,0.7724,0.04533,5582.8842,0.5197,0.5716,0.4887,0.6293,0.5882,0.7557,806.22,5340.6
27,2015,Benth,May–Jul,121,212,-0.621,call,92,539.2,0.503,-6.38441e-07,739.58,61.47,1009.13,91.33,0.04716,3984.7452,0.4028,0.0436,3984.7452,0.2257,0.2827,0.1726,0.3942,0.3233,0.3583,806.22,5340.6
27,2015,XGB,May–Jul,121,212,-0.621,call,92,539.2,0.503,-6.38441e-07,726.92,59.88,1021.53,91.24,0.04732,3732.8356,0.3855,0.04482,3732.8356,0.2154,0.2897,0.1711,0.3926,0.3243,0.3538,806.22,5340.6
27,2015,WaveletFNN,May–Jul,121,212,-0.621,call,92,539.2,0.503,-6.38441e-07,518.3,74.29,1203.88,103.43,0.06729,408.2703,0.2434,0.06221,408.2703,0.1294,0.1587,0.0897,0.2535,0.1963,0.2409,806.22,5340.6
27,2015,LSTM,May–Jul,121,212,-0.621,call,92,539.2,0.503,-6.38441e-07,820.76,48.36,931.13,79.65,0.04732,5598.7693,0.33,0.04443,5598.7693,0.1807,0.2388,0.137,0.3608,0.2884,0.2968,806.22,5340.6
27,2015,FeedForwardNN,May–Jul,121,212,-0.621,call,92,539.2,0.503,-6.38441e-07,813.48,54.65,939.43,85.04,0.04869,5453.9919,0.3917,0.04494,5453.9919,0.2186,0.2715,0.1623,0.3827,0.3131,0.3453,806.22,5340.6
27,2016,HBA,May–Jul,121,212,-0.588,call,92,545.4,0.419,-5.28581e-07,770.37,62.05,1025.89,90.87,0.04136,4473.4075,0.319,0.03792,4473.4075,0.1734,0.2182,0.0909,0.3287,0.2536,0.2523,630.8,1708.01
27,2016,Alaton,May–Jul,121,212,-0.588,call,92,545.4,0.419,-5.28581e-07,830.02,126.8,974.31,127.67,0.04217,5671.0742,0.6852,0.03863,5671.0742,0.4346,0.4707,0.3569,0.5487,0.4927,0.6393,630.8,1708.01
27,2016,Benth,May–Jul,121,212,-0.588,call,92,545.4,0.419,-5.28581e-07,764.84,62.87,1030.7,91.45,0.04124,4363.5213,0.3214,0.03813,4363.5213,0.1751,0.2188,0.0904,0.3246,0.2504,0.2602,630.8,1708.01
27,2016,XGB,May–Jul,121,212,-0.588,call,92,545.4,0.419,-5.28581e-07,764.35,61.89,1032.41,91.58,0.04188,4353.7739,0.3202,0.03885,4353.7739,0.1745,0.2134,0.0948,0.3175,0.247,0.2536,630.8,1708.01
27,2016,WaveletFNN,May–Jul,121,212,-0.588,call,92,545.4,0.419,-5.28581e-07,845.62,86.75,961.58,101.74,0.04236,5969.654,0.5216,0.03902,5969.654,0.306,0.349,0.2177,0.4554,0.3829,0.4662,630.8,1708.01
27,2016,LSTM,May–Jul,121,212,-0.588,call,92,545.4,0.419,-5.28581e-07,623.18,50.92,1143.78,92.02,0.03975,1570.7971,0.1762,0.03702,1570.7971,0.0919,0.1286,0.0279,0.2161,0.1526,0.1351,630.8,1708.01
27,2016,FeedForwardNN,May–Jul,121,212,-0.588,call,92,545.4,0.419,-5.28581e-07,610.38,56.27,1154.28,94.05,0.04088,1353.9402,0.1977,0.03808,1353.9402,0.1038,0.1296,0.0263,0.2233,0.157,0.1486,630.8,1708.01
27,2017,HBA,May–Jul,121,212,-0.373,call,92,547.3,0.197,-4.26688e-07,750.6,61.69,976.15,103.79,0.03129,4041.7405,0.1383,0.02877,4041.7405,0.0713,-0.1118,0.0544,0.0274,0.0531,0.0935,775.38,4560.83
27,2017,Alaton,May–Jul,121,212,-0.373,call,92,547.3,0.197,-4.26688e-07,792.79,128.98,945.27,125.93,0.03278,4912.8951,0.4249,0.02971,4912.8951,0.2392,0.0089,0.2695,0.1316,0.1675,0.3407,775.38,4560.83
27,2017,Benth,May–Jul,121,212,-0.373,call,92,547.3,0.197,-4.26688e-07,743.71,63.55,978.98,104.51,0.03183,3904.7996,0.1496,0.03027,3904.7996,0.0776,-0.0964,0.0696,0.0316,0.0609,0.1047,775.38,4560.83
27,2017,XGB,May–Jul,121,212,-0.373,call,92,547.3,0.197,-4.26688e-07,731.97,61.19,986.55,103.62,0.03126,3671.3237,0.1363,0.0284,3671.3237,0.07,-0.1377,0.0301,0.0174,0.0574,0.0921,775.38,4560.83
27,2017,WaveletFNN,May–Jul,121,212,-0.373,call,92,547.3,0.197,-4.26688e-07,777.96,87.3,958.81,109.5,0.03191,4586.2585,0.2584,0.02949,4586.2585,0.138,-0.0923,0.1386,0.0562,0.1087,0.1971,775.38,4560.83
27,2017,LSTM,May–Jul,121,212,-0.373,call,92,547.3,0.197,-4.26688e-07,746.88,49.91,976.91,101.35,0.03164,3967.7631,0.0971,0.02868,3967.7631,0.0493,-0.0938,0.0057,0.0253,0.0383,0.0611,775.38,4560.83
27,2017,FeedForwardNN,May–Jul,121,212,-0.373,call,92,547.3,0.197,-4.26688e-07,780.24,57.17,956.51,100.41,0.03216,4631.0696,0.134,0.02975,4631.0696,0.069,-0.105,0.0291,0.0298,0.057,0.0918,775.38,4560.83
27,2018,HBA,Jul–Aug,182,243,-0.292,call,62,498.2,0.153,-4.97124e-07,663.51,46.85,1050.52,116.93,0.03488,3284.4703,0.0781,0.03113,3284.4703,0.0394,0.2453,-0.0424,0.0011,0.0337,0.0562,751.13,5058.78
27,2018,Alaton,Jul–Aug,182,243,-0.292,call,62,498.2,0.153,-4.97124e-07,683.21,48.18,1034.14,116.32,0.03522,3675.7643,0.0851,0.03213,3675.7643,0.0432,-0.121,0.0001,0.0141,0.0395,0.0622,751.13,5058.78
27,2018,Benth,Jul–Aug,182,243,-0.292,call,62,498.2,0.153,-4.97124e-07,668.15,46.98,1043.79,117.45,0.03339,3376.6108,0.0713,0.03035,3376.6108,0.036,-0.1165,-0.0275,0.0168,0.0386,0.0542,751.13,5058.78
27,2018,XGB,Jul–Aug,182,243,-0.292,call,62,498.2,0.153,-4.97124e-07,657.61,46.37,1053.98,118.83,0.03363,3167.1496,0.0689,0.03025,3167.1496,0.0347,-0.1162,-0.0305,0.0052,0.0304,0.05,751.13,5058.78
27,2018,WaveletFNN,Jul–Aug,182,243,-0.292,call,62,498.2,0.153,-4.97124e-07,721.89,74.0,1006.74,121.25,0.03624,4444.6438,0.1952,0.03314,4444.6438,0.1021,-0.1184,0.0796,0.0342,0.075,0.1509,751.13,5058.78
27,2018,LSTM,Jul–Aug,182,243,-0.292,call,62,498.2,0.153,-4.97124e-07,715.27,39.44,1013.36,113.68,0.03741,4312.8827,0.0674,0.03353,4312.8827,0.0339,-0.1158,-0.026,0.0073,0.0266,0.0473,751.13,5058.78
27,2018,FeedForwardNN,Jul–Aug,182,243,-0.292,call,62,498.2,0.153,-4.97124e-07,776.27,46.91,967.46,110.71,0.03471,5524.7881,0.0865,0.03002,5524.7881,0.0434,-0.1425,0.0046,0.0115,0.0347,0.0577,751.13,5058.78
27,2019,HBA,Jul–Aug,182,243,-0.304,call,62,503.7,0.145,-4.54478e-07,676.8,49.2,1054.3,116.2,0.03057,3439.2908,0.067,0.02607,3439.2908,0.0333,-0.1137,-0.0005,0.0144,0.0314,0.0414,711.41,4154.5
27,2019,Alaton,Jul–Aug,182,243,-0.304,call,62,503.7,0.145,-4.54478e-07,688.48,51.07,1048.12,114.47,0.03195,3671.2758,0.0813,0.02884,3671.2758,0.0411,-0.1441,-0.0104,0.0046,0.0397,0.0551,711.41,4154.5
27,2019,Benth,Jul–Aug,182,243,-0.304,call,62,503.7,0.145,-4.54478e-07,679.72,48.6,1053.31,115.37,0.03115,3497.3145,0.0688,0.02764,3497.3145,0.0346,-0.117,-0.0138,0.0149,0.0377,0.0451,711.41,4154.5
27,2019,XGB,Jul–Aug,182,243,-0.304,call,62,503.7,0.145,-4.54478e-07,676.78,48.57,1055.46,114.45,0.03172,3438.9753,0.0724,0.02867,3438.9753,0.0365,-0.1519,0.0552,0.0007,0.0344,0.0492,711.41,4154.5
27,2019,WaveletFNN,Jul–Aug,182,243,-0.304,call,62,503.7,0.145,-4.54478e-07,654.28,72.95,1068.88,123.19,0.03318,3001.8849,0.1494,0.03012,3001.8849,0.077,-0.1188,0.0644,0.0192,0.0614,0.1055,711.41,4154.5
27,2019,LSTM,Jul–Aug,182,243,-0.304,call,62,503.7,0.145,-4.54478e-07,728.28,40.73,1023.46,111.64,0.03359,4462.0632,0.0601,0.03015,4462.0632,0.0302,-0.1771,-0.0154,-0.0018,0.0347,0.0401,711.41,4154.5
27,2019,FeedForwardNN,Jul–Aug,182,243,-0.304,call,62,503.7,0.145,-4.54478e-07,701.74,47.17,1039.94,114.16,0.03321,3934.8178,0.0753,0.02883,3934.8178,0.0377,-0.1298,-0.0061,0.0069,0.0389,0.0456,711.41,4154.5
27,2020,HBA,Apr–May,91,151,-0.256,call,61,148.9,0.033,-5.58907e-07,186.58,45.2,1109.13,127.35,0.01505,846.448,0.0083,0.01319,846.448,0.0041,-0.021,-0.0317,-0.0007,0.0006,0.0058,257.25,2167.21
27,2020,Alaton,Apr–May,91,151,-0.256,call,61,148.9,0.033,-5.58907e-07,189.39,65.6,1105.65,127.66,0.01715,1000.6556,0.0209,0.01437,1000.6556,0.0102,-0.0232,-0.0436,0.0011,0.0007,0.0139,257.25,2167.21
27,2020,Benth,Apr–May,91,151,-0.256,call,61,148.9,0.033,-5.58907e-07,187.82,44.68,1108.02,125.99,0.00911,859.8321,0.0031,0.00725,859.8321,0.0015,-0.0211,-0.0271,-0.0003,-0.0009,0.0018,257.25,2167.21
27,2020,XGB,Apr–May,91,151,-0.256,call,61,148.9,0.033,-5.58907e-07,181.77,44.56,1109.32,127.06,0.01393,766.4476,0.0066,0.0155,766.4476,0.0033,-0.0081,-0.0185,0.0027,0.0022,0.0072,257.25,2167.21
27,2020,WaveletFNN,Apr–May,91,151,-0.256,call,61,148.9,0.033,-5.58907e-07,224.82,61.47,1096.15,127.27,0.01503,1559.7147,0.0185,0.01438,1559.7147,0.0093,-0.0362,-0.0468,0.0011,0.0045,0.0151,257.25,2167.21
27,2020,LSTM,Apr–May,91,151,-0.256,call,61,148.9,0.033,-5.58907e-07,201.03,40.83,1106.27,125.81,0.01513,1072.156,0.0083,0.01478,1072.156,0.0042,-0.0182,0.1189,0.0041,0.0021,0.0073,257.25,2167.21
27,2020,FeedForwardNN,Apr–May,91,151,-0.256,call,61,148.9,0.033,-5.58907e-07,237.5,48.87,1094.68,125.95,0.01659,1776.1456,0.0158,0.01538,1776.1456,0.0079,-0.0262,-0.0619,0.0043,0.0019,0.0123,257.25,2167.21
27,2021,HBA,Jul–Aug,182,243,-0.204,call,62,511.8,0.147,-3.74933e-07,697.47,44.84,1143.93,131.12,0.02982,3688.1866,0.0416,0.02626,3688.1866,0.0207,0.194,0.0377,0.0074,0.0351,0.0313,531.65,396.47
27,2021,Alaton,Jul–Aug,182,243,-0.204,call,62,511.8,0.147,-3.74933e-07,698.15,47.5,1143.36,133.24,0.02998,3701.8058,0.0457,0.02651,3701.8058,0.0228,0.2175,0.0495,0.0084,0.0386,0.0331,531.65,396.47
27,2021,Benth,Jul–Aug,182,243,-0.204,call,62,511.8,0.147,-3.74933e-07,699.04,44.44,1143.82,131.44,0.0295,3719.3976,0.0398,0.02724,3719.3976,0.02,0.1925,0.0237,0.013,0.0356,0.0327,531.65,396.47
27,2021,XGB,Jul–Aug,182,243,-0.204,call,62,511.8,0.147,-3.74933e-07,705.06,43.88,1138.8,132.67,0.0289,3839.0174,0.0365,0.0261,3839.0174,0.0183,0.2554,0.0437,-0.0009,0.0318,0.0273,531.65,396.47
27,2021,WaveletFNN,Jul–Aug,182,243,-0.204,call,62,511.8,0.147,-3.74933e-07,732.23,69.62,1122.17,133.81,0.02974,4379.2148,0.0956,0.02692,4379.2148,0.0485,0.2985,0.0636,0.004,0.0562,0.072,531.65,396.47
27,2021,LSTM,Jul–Aug,182,243,-0.204,call,62,511.8,0.147,-3.74933e-07,598.4,39.94,1201.63,137.22,0.02927,1723.8545,0.0283,0.02695,1723.8545,0.0142,0.122,0.0119,0.0104,0.0247,0.0224,531.65,396.47
27,2021,FeedForwardNN,Jul–Aug,182,243,-0.204,call,62,511.8,0.147,-3.74933e-07,548.78,46.67,1225.18,140.36,0.0292,853.074,0.0243,0.02413,853.074,0.0119,0.145,0.0276,0.0036,0.0237,0.016,531.65,396.47
27,2022,HBA,Jun–Jul,152,212,-0.123,call,61,456.1,0.073,-2.79051e-07,611.93,48.07,1121.55,133.57,0.01912,3099.3271,0.0189,0.01822,3099.3271,0.0095,0.0919,0.0552,0.0094,0.0085,0.0134,672.79,4334.59
27,2022,Alaton,Jun–Jul,152,212,-0.123,call,61,456.1,0.073,-2.79051e-07,590.87,65.41,1128.24,136.01,0.01918,2691.2909,0.0327,0.01719,2691.2909,0.0163,0.142,0.0593,0.0077,0.0139,0.0211,672.79,4334.59
27,2022,Benth,Jun–Jul,152,212,-0.123,call,61,456.1,0.073,-2.79051e-07,608.61,49.16,1122.62,134.12,0.01807,3033.4914,0.0175,0.01511,3033.4914,0.0086,0.0994,0.0578,0.0047,0.0066,0.01,672.79,4334.59
27,2022,XGB,Jun–Jul,152,212,-0.123,call,61,456.1,0.073,-2.79051e-07,613.46,48.62,1123.92,133.75,0.02011,3129.8209,0.0214,0.0178,3129.8209,0.0106,0.0673,0.0438,0.0106,0.012,0.0136,672.79,4334.59
27,2022,WaveletFNN,Jun–Jul,152,212,-0.123,call,61,456.1,0.073,-2.79051e-07,624.81,69.99,1115.1,134.74,0.01889,3356.3093,0.0384,0.01629,3356.3093,0.019,0.1749,0.0723,0.0053,0.0186,0.0247,672.79,4334.59
27,2022,LSTM,Jun–Jul,152,212,-0.123,call,61,456.1,0.073,-2.79051e-07,704.95,41.66,1082.93,127.35,0.02074,4948.9446,0.0184,0.01752,4948.9446,0.009,0.076,0.0561,0.0084,0.0065,0.0102,672.79,4334.59
27,2022,FeedForwardNN,Jun–Jul,152,212,-0.123,call,61,456.1,0.073,-2.79051e-07,656.85,46.61,1103.12,132.07,0.02023,3992.5725,0.0204,0.01795,3992.5725,0.0101,0.1125,0.0623,0.008,0.0085,0.0132,672.79,4334.59
27,2023,HBA,Apr,91,120,0.108,put,30,39.3,0.03,3.38882e-07,68.64,28.57,1126.36,132.91,0.01287,40.9822,0.0001,0.01175,40.9822,0.0001,-0.0,-0.0007,-0.0002,-0.0,0.0001,27.65,232.99
27,2023,Alaton,Apr,91,120,0.108,put,30,39.3,0.03,3.38882e-07,65.23,29.43,1122.23,134.42,0.00052,52.3584,0.0,0.00323,52.3584,-0.0,0.001,0.0004,0.0,0.0001,0.0,27.65,232.99
27,2023,Benth,Apr,91,120,0.108,put,30,39.3,0.03,3.38882e-07,67.16,27.53,1126.33,132.31,-0.00907,41.5677,0.0001,-0.00637,41.5677,0.0,0.001,0.0019,-0.0006,-0.0002,0.0,27.65,232.99
27,2023,XGB,Apr,91,120,0.108,put,30,39.3,0.03,3.38882e-07,67.84,28.06,1122.73,133.85,0.00277,41.3467,0.0,0.00713,41.3467,-0.0,0.0002,0.0005,0.0001,0.0001,0.0,27.65,232.99
27,2023,WaveletFNN,Apr,91,120,0.108,put,30,39.3,0.03,3.38882e-07,83.82,38.03,1126.18,133.48,0.04126,28.0552,0.0009,0.04853,28.0552,0.0004,-0.0036,-0.0053,0.0003,0.0005,0.0012,27.65,232.99
27,2023,LSTM,Apr,91,120,0.108,put,30,39.3,0.03,3.38882e-07,74.67,24.75,1124.82,132.63,0.00217,17.9852,0.0,0.02448,17.9852,-0.0001,-0.0004,-0.0016,0.0,0.0002,0.0002,27.65,232.99
27,2023,FeedForwardNN,Apr,91,120,0.108,put,30,39.3,0.03,3.38882e-07,104.53,27.85,1127.14,132.34,0.02088,2.3495,0.0,-0.00529,2.3495,-0.0,0.0,0.0001,-0.0,-0.0,0.0,27.65,232.99
27,2024,HBA,Apr,91,120,0.167,put,30,39.1,0.022,7.99912e-07,62.08,27.21,1116.39,129.8,0.01197,55.7484,0.0002,0.00775,55.7484,0.0001,0.001,0.0025,0.0002,0.0004,0.0001,67.27,0.0
27,2024,Alaton,Apr,91,120,0.167,put,30,39.1,0.022,7.99912e-07,62.23,30.43,1115.1,133.03,0.01514,66.8792,0.0003,0.01945,66.8792,0.0001,-0.0012,-0.0008,0.0006,0.0002,0.0005,67.27,0.0
27,2024,Benth,Apr,91,120,0.167,put,30,39.1,0.022,7.99912e-07,60.96,26.56,1116.3,130.37,-0.00175,57.3913,0.0,0.00118,57.3913,-0.0,-0.0003,-0.0003,0.0001,0.0002,0.0,67.27,0.0
27,2024,XGB,Apr,91,120,0.167,put,30,39.1,0.022,7.99912e-07,66.16,28.52,1113.94,131.09,0.02214,45.5426,0.0004,0.03143,45.5426,0.0002,-0.002,-0.0024,0.0002,0.0007,0.0008,67.27,0.0
27,2024,WaveletFNN,Apr,91,120,0.167,put,30,39.1,0.022,7.99912e-07,105.22,41.06,1121.29,131.39,0.06921,6.0523,0.0005,0.04157,6.0523,0.0002,-0.0003,0.0015,-0.0001,0.0,0.0002,67.27,0.0
27,2024,LSTM,Apr,91,120,0.167,put,30,39.1,0.022,7.99912e-07,72.11,25.63,1117.44,131.83,0.00833,23.2893,0.0,-0.00031,23.2893,-0.0,0.0,0.0001,-0.0,-0.0,0.0,67.27,0.0
27,2024,FeedForwardNN,Apr,91,120,0.167,put,30,39.1,0.022,7.99912e-07,76.26,26.07,1115.75,129.02,0.02718,18.637,0.0003,0.01959,18.637,0.0001,-0.0003,0.0012,-0.0,0.0002,0.0002,67.27,0.0
28,2015,HBA,Apr–Jul,91,212,-0.436,call,122,479.6,0.478,-4.60488e-07,581.42,53.73,1404.96,95.96,0.03943,2035.5732,0.1868,0.03792,2035.5732,0.0981,-0.0934,0.2491,0.0589,0.0993,0.1643,538.55,1179.92
28,2015,Alaton,Apr–Jul,91,212,-0.436,call,122,479.6,0.478,-4.60488e-07,567.64,54.73,1416.1,96.33,0.0396,1774.3008,0.1859,0.0388,1774.3008,0.0977,-0.0991,0.2275,0.0625,0.1051,0.1709,538.55,1179.92
28,2015,Benth,Apr–Jul,91,212,-0.436,call,122,479.6,0.478,-4.60488e-07,575.44,55.03,1411.65,95.3,0.03734,1922.3043,0.1748,0.03572,1922.3043,0.0914,-0.1366,0.224,0.0458,0.0984,0.1525,538.55,1179.92
28,2015,XGB,Apr–Jul,91,212,-0.436,call,122,479.6,0.478,-4.60488e-07,573.81,53.01,1410.94,95.44,0.03851,1885.915,0.1745,0.03683,1885.915,0.0912,-0.1142,0.2379,0.0516,0.0949,0.156,538.55,1179.92
28,2015,WaveletFNN,Apr–Jul,91,212,-0.436,call,122,479.6,0.478,-4.60488e-07,592.37,59.99,1396.13,98.38,0.03839,2255.3487,0.2093,0.03683,2255.3487,0.1106,-0.0928,0.3066,0.0711,0.1046,0.1857,538.55,1179.92
28,2015,LSTM,Apr–Jul,91,212,-0.436,call,122,479.6,0.478,-4.60488e-07,553.19,42.14,1426.83,94.97,0.03915,1476.1518,0.1136,0.03735,1476.1518,0.0584,-0.0632,0.1906,0.0488,0.0646,0.0989,538.55,1179.92
28,2015,FeedForwardNN,Apr–Jul,91,212,-0.436,call,122,479.6,0.478,-4.60488e-07,522.6,46.16,1449.39,96.49,0.04183,939.6989,0.1185,0.03951,939.6989,0.0609,-0.0708,0.1611,0.045,0.0616,0.1012,538.55,1179.92
28,2016,HBA,Apr–Jul,91,212,-0.418,call,122,480.8,0.545,-4.4127e-07,590.31,53.31,1442.28,97.8,0.03889,2182.9545,0.1748,0.03777,2182.9545,0.0915,-0.1116,0.101,0.0549,0.0723,0.144,510.95,602.31
28,2016,Alaton,Apr–Jul,91,212,-0.418,call,122,480.8,0.545,-4.4127e-07,577.56,54.66,1450.52,97.41,0.03735,1939.5564,0.1644,0.03496,1939.5564,0.0855,-0.12,0.0964,0.0405,0.0654,0.1276,510.95,602.31
28,2016,Benth,Apr–Jul,91,212,-0.418,call,122,480.8,0.545,-4.4127e-07,584.33,54.93,1445.62,97.56,0.03826,2069.2496,0.177,0.03631,2069.2496,0.0926,-0.1229,0.1113,0.0487,0.069,0.1426,510.95,602.31
28,2016,XGB,Apr–Jul,91,212,-0.418,call,122,480.8,0.545,-4.4127e-07,585.4,52.92,1445.75,98.22,0.03922,2087.3563,0.1722,0.037,2087.3563,0.0898,-0.1001,0.1121,0.0505,0.0631,0.1333,510.95,602.31
28,2016,WaveletFNN,Apr–Jul,91,212,-0.418,call,122,480.8,0.545,-4.4127e-07,614.33,60.2,1423.56,98.47,0.03882,2658.6928,0.2212,0.03692,2658.6928,0.1172,-0.1414,0.1525,0.0491,0.087,0.1821,510.95,602.31
28,2016,LSTM,Apr–Jul,91,212,-0.418,call,122,480.8,0.545,-4.4127e-07,484.08,39.88,1514.99,96.79,0.04852,348.6118,0.0623,0.04692,348.6118,0.0316,-0.0466,0.0138,0.0199,0.028,0.0549,510.95,602.31
28,2016,FeedForwardNN,Apr–Jul,91,212,-0.418,call,122,480.8,0.545,-4.4127e-07,512.68,44.88,1497.47,97.3,0.04015,756.3289,0.0899,0.03755,756.3289,0.0458,-0.087,0.0264,0.022,0.0359,0.0706,510.95,602.31
28,2017,HBA,May–Aug,121,243,-0.39,call,123,692.2,0.156,-2.81129e-07,807.82,50.07,1334.6,128.04,0.03127,2300.2509,0.0591,0.0283,2300.2509,0.0297,-0.0545,-0.0432,0.0136,0.0182,0.0328,854.54,3247.77
28,2017,Alaton,May–Aug,121,243,-0.39,call,123,692.2,0.156,-2.81129e-07,799.84,53.63,1338.59,127.42,0.02906,2145.9884,0.0581,0.02508,2145.9884,0.0289,-0.0723,-0.0658,0.0145,0.0165,0.0302,854.54,3247.77
28,2017,Benth,May–Aug,121,243,-0.39,call,123,692.2,0.156,-2.81129e-07,808.03,53.31,1334.69,127.47,0.03016,2306.2307,0.0624,0.0273,2306.2307,0.0314,-0.0781,-0.0634,0.0165,0.0185,0.0349,854.54,3247.77
28,2017,XGB,May–Aug,121,243,-0.39,call,123,692.2,0.156,-2.81129e-07,801.7,49.85,1340.49,127.81,0.03215,2180.3248,0.0616,0.02999,2180.3248,0.0312,-0.0476,-0.0533,0.0181,0.0171,0.0349,854.54,3247.77
28,2017,WaveletFNN,May–Aug,121,243,-0.39,call,123,692.2,0.156,-2.81129e-07,886.94,57.18,1285.34,125.93,0.03169,3869.9619,0.0828,0.02825,3869.9619,0.0418,-0.0759,-0.0429,0.0284,0.0225,0.0451,854.54,3247.77
28,2017,LSTM,May–Aug,121,243,-0.39,call,123,692.2,0.156,-2.81129e-07,828.88,39.32,1322.65,125.0,0.03078,2716.3945,0.0375,0.02891,2716.3945,0.0189,-0.0401,-0.0461,0.0179,0.014,0.0212,854.54,3247.77
28,2017,FeedForwardNN,May–Aug,121,243,-0.39,call,123,692.2,0.156,-2.81129e-07,858.46,43.18,1302.67,124.77,0.03362,3304.0366,0.0541,0.03187,3304.0366,0.0274,-0.0433,-0.0201,0.0174,0.0166,0.0327,854.54,3247.77
28,2018,HBA,Mar–Apr,60,120,0.259,put,61,29.7,0.174,1.8935e-06,48.54,20.4,1434.73,132.52,0.05024,29.8962,0.001,0.05662,29.8962,0.0005,0.0054,0.0074,-0.0002,-0.0,0.0008,70.76,0.0
28,2018,Alaton,Mar–Apr,60,120,0.259,put,61,29.7,0.174,1.8935e-06,52.33,20.3,1438.24,130.65,0.00295,20.5597,0.0,-0.0194,20.5597,-0.0001,0.0011,0.0018,0.0002,0.0003,0.0001,70.76,0.0
28,2018,Benth,Mar–Apr,60,120,0.259,put,61,29.7,0.174,1.8935e-06,53.45,20.71,1432.9,134.45,0.06101,20.1409,0.0009,0.07966,20.1409,0.0004,0.0052,-0.0015,-0.0003,0.0006,0.0011,70.76,0.0
28,2018,XGB,Mar–Apr,60,120,0.259,put,61,29.7,0.174,1.8935e-06,49.74,20.07,1434.79,133.06,0.01628,27.0767,0.0001,0.00535,27.0767,0.0,-0.0004,-0.0006,0.0,0.0,0.0,70.76,0.0
28,2018,WaveletFNN,Mar–Apr,60,120,0.259,put,61,29.7,0.174,1.8935e-06,52.82,20.87,1433.87,134.53,0.01097,20.4461,0.0,0.00019,20.4461,0.0,-0.0,-0.0,-0.0,0.0,0.0,70.76,0.0
28,2018,LSTM,Mar–Apr,60,120,0.259,put,61,29.7,0.174,1.8935e-06,61.29,20.14,1440.03,133.34,0.08782,5.1385,0.0004,0.14722,5.1385,0.0001,0.002,0.0017,-0.0004,0.0003,0.0008,70.76,0.0
28,2018,FeedForwardNN,Mar–Apr,60,120,0.259,put,61,29.7,0.174,1.8935e-06,102.3,27.92,1456.45,136.76,0.13976,0.1838,0.0,0.04424,0.1838,0.0,-0.0,-0.0,-0.0,-0.0,0.0,70.76,0.0
28,2019,HBA,May–Aug,121,243,-0.267,call,123,700.0,0.189,-1.09267e-07,822.02,51.57,1420.4,130.33,0.01394,2425.3337,0.012,0.01383,2425.3337,0.006,-0.0162,-0.0413,0.0058,0.0033,0.0074,820.71,2413.25
28,2019,Alaton,May–Aug,121,243,-0.267,call,123,700.0,0.189,-1.09267e-07,818.34,52.22,1422.59,129.84,0.01302,2353.104,0.0108,0.01105,2353.104,0.0053,-0.0291,-0.0551,0.0031,0.0035,0.0049,820.71,2413.25
28,2019,Benth,May–Aug,121,243,-0.267,call,123,700.0,0.189,-1.09267e-07,822.34,52.44,1423.11,127.36,0.01189,2431.7888,0.0095,0.00943,2431.7888,0.0045,-0.0615,-0.0594,0.0002,0.0014,0.0036,820.71,2413.25
28,2019,XGB,May–Aug,121,243,-0.267,call,123,700.0,0.189,-1.09267e-07,822.93,50.97,1422.9,127.69,0.01565,2442.9166,0.0155,0.01672,2442.9166,0.0077,-0.0195,-0.0272,0.0045,0.0046,0.0109,820.71,2413.25
28,2019,WaveletFNN,May–Aug,121,243,-0.267,call,123,700.0,0.189,-1.09267e-07,747.32,55.47,1439.34,131.46,0.01033,1058.8535,0.0053,0.00836,1058.8535,0.0026,-0.0249,-0.0402,0.0024,0.0015,0.0021,820.71,2413.25
28,2019,LSTM,May–Aug,121,243,-0.267,call,123,700.0,0.189,-1.09267e-07,836.97,38.52,1419.7,126.58,0.01482,2720.3957,0.0081,0.01517,2720.3957,0.0041,0.0478,-0.0331,0.0003,0.0024,0.0053,820.71,2413.25
28,2019,FeedForwardNN,May–Aug,121,243,-0.267,call,123,700.0,0.189,-1.09267e-07,793.32,42.34,1429.5,130.83,0.01472,1857.2364,0.0089,0.01549,1857.2364,0.0044,-0.0093,-0.0177,0.0029,0.0039,0.0062,820.71,2413.25
28,2020,HBA,May–Aug,121,243,-0.247,call,123,702.5,0.252,-8.4963e-08,824.64,50.56,1465.96,131.66,0.01234,2429.0053,0.0089,0.01353,2429.0053,0.0044,-0.0043,-0.0436,0.0028,0.0022,0.0062,801.23,1975.52
28,2020,Alaton,May–Aug,121,243,-0.247,call,123,702.5,0.252,-8.4963e-08,826.29,52.99,1465.39,129.79,0.01082,2463.0698,0.0077,0.01031,2463.0698,0.0038,0.0529,0.1792,0.0014,0.0006,0.0039,801.23,1975.52
28,2020,Benth,May–Aug,121,243,-0.247,call,123,702.5,0.252,-8.4963e-08,824.11,52.45,1465.17,130.74,0.00985,2418.736,0.0062,0.00872,2418.736,0.0031,0.0982,0.1824,-0.0003,-0.0005,0.0029,801.23,1975.52
28,2020,XGB,May–Aug,121,243,-0.247,call,123,702.5,0.252,-8.4963e-08,830.54,50.38,1463.93,131.27,0.00922,2545.4757,0.005,0.00799,2545.4757,0.0024,-0.031,0.1568,0.0018,-0.0,0.0022,801.23,1975.52
28,2020,WaveletFNN,May–Aug,121,243,-0.247,call,123,702.5,0.252,-8.4963e-08,784.62,57.63,1472.67,131.07,0.00987,1669.1904,0.0067,0.00939,1669.1904,0.0033,0.0961,0.1927,0.0,0.0014,0.0036,801.23,1975.52
28,2020,LSTM,May–Aug,121,243,-0.247,call,123,702.5,0.252,-8.4963e-08,825.06,38.24,1465.9,129.19,0.00877,2435.8019,0.0027,0.0062,2435.8019,0.0012,0.0334,0.0948,0.001,-0.0001,0.0008,801.23,1975.52
28,2020,FeedForwardNN,May–Aug,121,243,-0.247,call,123,702.5,0.252,-8.4963e-08,906.0,41.33,1449.65,128.27,0.00986,4043.7502,0.004,0.00956,4043.7502,0.002,0.0532,0.1371,0.0023,0.001,0.0021,801.23,1975.52
28,2021,HBA,Mar–May,60,151,-0.24,call,92,114.0,0.224,-5.55074e-07,158.98,33.45,1458.91,130.99,0.01326,919.081,0.004,0.01119,919.081,0.002,0.0575,0.0925,0.0019,0.001,0.0021,72.93,0.0
28,2021,Alaton,Mar–May,60,151,-0.24,call,92,114.0,0.224,-5.55074e-07,170.36,33.99,1456.4,131.54,0.0165,1132.9461,0.0068,0.01687,1132.9461,0.0034,0.0352,0.123,0.0024,0.0022,0.0054,72.93,0.0
28,2021,Benth,Mar–May,60,151,-0.24,call,92,114.0,0.224,-5.55074e-07,168.77,34.49,1458.81,130.3,0.01349,1103.6175,0.0047,0.01297,1103.6175,0.0024,0.0551,0.0729,0.0024,0.0039,0.0032,72.93,0.0
28,2021,XGB,Mar–May,60,151,-0.24,call,92,114.0,0.224,-5.55074e-07,149.73,32.05,1461.16,133.58,0.01541,749.0585,0.0045,0.01555,749.0585,0.0023,-0.0081,0.0925,0.0008,0.002,0.0034,72.93,0.0
28,2021,WaveletFNN,Mar–May,60,151,-0.24,call,92,114.0,0.224,-5.55074e-07,163.36,34.68,1456.7,132.7,0.01162,1003.0617,0.0033,0.00954,1003.0617,0.0016,0.0716,-0.0484,-0.0012,-0.0006,0.0017,72.93,0.0
28,2021,LSTM,Mar–May,60,151,-0.24,call,92,114.0,0.224,-5.55074e-07,84.4,22.52,1477.05,130.81,0.02094,24.9919,0.0003,0.02404,24.9919,0.0001,0.0019,-0.0012,0.0008,0.0004,0.0003,72.93,0.0
28,2021,FeedForwardNN,Mar–May,60,151,-0.24,call,92,114.0,0.224,-5.55074e-07,70.69,23.3,1475.39,133.79,0.05301,10.3149,0.0008,0.04622,10.3149,0.0004,0.0058,0.0143,0.0004,0.0002,0.0005,72.93,0.0
28,2022,HBA,Mar–Apr,60,120,0.224,put,61,31.6,0.154,1.100956e-06,52.75,22.63,1435.51,134.39,0.03045,32.2676,0.0004,0.02926,32.2676,0.0002,0.0002,0.0003,0.0002,0.0001,0.0003,46.95,0.0
28,2022,Alaton,Mar–Apr,60,120,0.224,put,61,31.6,0.154,1.100956e-06,57.1,22.36,1437.87,133.21,-0.00984,21.201,0.0,-0.02478,21.201,-0.0,0.0023,0.0029,-0.0004,-0.0002,0.0001,46.95,0.0
28,2022,Benth,Mar–Apr,60,120,0.224,put,61,31.6,0.154,1.100956e-06,56.81,22.35,1437.16,134.42,0.0093,21.4596,0.0,-0.01045,21.4596,-0.0,0.001,0.0013,-0.0003,-0.0002,0.0,46.95,0.0
28,2022,XGB,Mar–Apr,60,120,0.224,put,61,31.6,0.154,1.100956e-06,53.07,21.77,1434.89,136.42,0.03347,29.1409,0.0004,0.02531,29.1409,0.0002,0.0008,0.0008,0.0002,0.0,0.0002,46.95,0.0
28,2022,WaveletFNN,Mar–Apr,60,120,0.224,put,61,31.6,0.154,1.100956e-06,51.03,21.31,1433.77,135.03,0.04045,33.5277,0.0007,0.03729,33.5277,0.0004,-0.0003,-0.0022,0.0004,0.0005,0.0005,46.95,0.0
28,2022,LSTM,Mar–Apr,60,120,0.224,put,61,31.6,0.154,1.100956e-06,59.56,22.36,1437.13,134.21,0.02395,12.4087,0.0001,0.01415,12.4087,0.0,0.0007,0.0011,0.0001,0.0001,0.0,46.95,0.0
28,2022,FeedForwardNN,Mar–Apr,60,120,0.224,put,61,31.6,0.154,1.100956e-06,74.79,26.61,1437.52,137.21,0.07067,4.6171,0.0002,0.08269,4.6171,0.0001,0.0014,-0.0003,0.0001,0.0002,0.0003,46.95,0.0
28,2023,HBA,Mar–Apr,60,120,0.196,put,61,31.9,0.211,7.61211e-07,53.44,22.36,1470.88,134.66,0.03003,30.4542,0.0004,0.03832,30.4542,0.0002,-0.0022,-0.001,-0.0001,-0.0001,0.0005,41.95,0.0
28,2023,Alaton,Mar–Apr,60,120,0.196,put,61,31.9,0.211,7.61211e-07,60.04,22.26,1468.27,137.48,0.02586,16.0336,0.0001,0.01484,16.0336,0.0001,0.0012,-0.0004,0.0002,0.0002,0.0,41.95,0.0
28,2023,Benth,Mar–Apr,60,120,0.196,put,61,31.9,0.211,7.61211e-07,57.9,21.73,1467.46,136.76,0.00821,18.8482,0.0,0.00991,18.8482,0.0,0.001,0.0005,0.0001,0.0001,0.0,41.95,0.0
28,2023,XGB,Mar–Apr,60,120,0.196,put,61,31.9,0.211,7.61211e-07,55.53,22.03,1469.82,134.66,0.02717,24.5026,0.0002,0.03319,24.5026,0.0001,-0.0008,-0.0013,0.0003,0.0002,0.0003,41.95,0.0
28,2023,WaveletFNN,Mar–Apr,60,120,0.196,put,61,31.9,0.211,7.61211e-07,63.99,23.78,1468.93,136.2,0.01954,12.7583,0.0001,0.0258,12.7583,0.0,0.0016,0.0001,-0.0001,0.0002,0.0001,41.95,0.0
28,2023,LSTM,Mar–Apr,60,120,0.196,put,61,31.9,0.211,7.61211e-07,59.69,22.09,1469.95,135.84,-0.00704,12.8357,0.0,-0.01908,12.8357,-0.0,0.0011,0.0012,-0.0005,-0.0002,0.0,41.95,0.0
28,2023,FeedForwardNN,Mar–Apr,60,120,0.196,put,61,31.9,0.211,7.61211e-07,61.0,23.66,1469.6,135.9,0.0361,14.4304,0.0002,0.04747,14.4304,0.0001,-0.0013,-0.0007,0.0002,-0.0,0.0003,41.95,0.0
28,2024,HBA,Apr,91,120,0.218,put,30,24.7,0.222,-2.402922e-06,43.51,22.37,1469.74,134.86,-0.05052,41.8135,0.0013,-0.05198,41.8135,0.0007,0.0022,-0.0015,0.0007,0.0008,0.0011,47.77,0.0
28,2024,Alaton,Apr,91,120,0.218,put,30,24.7,0.222,-2.402922e-06,45.78,22.76,1467.08,135.96,-0.04729,36.1091,0.001,-0.04072,36.1091,0.0005,0.0034,-0.0018,0.001,0.0005,0.0006,47.77,0.0
28,2024,Benth,Apr,91,120,0.218,put,30,24.7,0.222,-2.402922e-06,42.85,22.18,1469.65,135.46,-0.03549,42.3958,0.0006,-0.04124,42.3958,0.0003,0.0042,-0.0011,0.0008,0.0008,0.0007,47.77,0.0
28,2024,XGB,Apr,91,120,0.218,put,30,24.7,0.222,-2.402922e-06,44.67,22.6,1471.15,134.6,-0.02471,39.3295,0.0003,-0.00952,39.3295,0.0001,0.0017,0.0011,-0.0,0.0001,0.0,47.77,0.0
28,2024,WaveletFNN,Apr,91,120,0.218,put,30,24.7,0.222,-2.402922e-06,51.75,25.67,1468.54,132.62,-0.05834,28.3791,0.0013,-0.06804,28.3791,0.0006,0.0035,-0.002,0.0011,0.001,0.0015,47.77,0.0
28,2024,LSTM,Apr,91,120,0.218,put,30,24.7,0.222,-2.402922e-06,48.67,19.01,1467.81,134.07,-0.04027,13.122,0.0002,-0.02749,13.122,0.0001,0.0017,-0.001,0.0,0.0001,0.0001,47.77,0.0
28,2024,FeedForwardNN,Apr,91,120,0.218,put,30,24.7,0.222,-2.402922e-06,55.37,22.1,1466.22,134.72,-0.08564,7.4416,0.0005,-0.05804,7.4416,0.0002,0.002,-0.0013,0.0,0.0002,0.0002,47.77,0.0
32,2015,HBA,Jun,152,181,-0.532,call,30,137.9,0.35,-2.954077e-06,211.83,31.53,1361.75,82.63,0.08497,1472.5322,0.4171,0.08172,1472.5322,0.2361,-0.0049,0.4192,0.1585,0.208,0.367,180.19,846.1
32,2015,Alaton,Jun,152,181,-0.532,call,30,137.9,0.35,-2.954077e-06,191.35,32.28,1394.79,81.61,0.07972,1077.3544,0.3634,0.07579,1077.3544,0.2016,-0.0459,0.3723,0.1325,0.1749,0.311,180.19,846.1
32,2015,Benth,Jun,152,181,-0.532,call,30,137.9,0.35,-2.954077e-06,210.66,31.23,1363.39,82.85,0.0859,1449.2157,0.4159,0.08285,1449.2157,0.2354,-0.0209,0.4086,0.1609,0.2037,0.363,180.19,846.1
32,2015,XGB,Jun,152,181,-0.532,call,30,137.9,0.35,-2.954077e-06,207.56,31.15,1369.04,82.67,0.08401,1388.2249,0.3956,0.08034,1388.2249,0.2221,-0.022,0.4007,0.1503,0.1855,0.339,180.19,846.1
32,2015,WaveletFNN,Jun,152,181,-0.532,call,30,137.9,0.35,-2.954077e-06,188.69,39.21,1397.51,89.24,0.08318,1040.3979,0.4681,0.07919,1040.3979,0.2699,0.033,0.4312,0.1927,0.2459,0.4285,180.19,846.1
32,2015,LSTM,Jun,152,181,-0.532,call,30,137.9,0.35,-2.954077e-06,207.3,29.28,1369.07,81.73,0.08658,1381.9034,0.3826,0.08338,1381.9034,0.2139,-0.0213,0.4048,0.1463,0.1746,0.3337,180.19,846.1
32,2015,FeedForwardNN,Jun,152,181,-0.532,call,30,137.9,0.35,-2.954077e-06,224.88,35.64,1337.97,89.18,0.08965,1732.5346,0.5084,0.08639,1732.5346,0.2984,0.0712,0.4539,0.2201,0.2538,0.4551,180.19,846.1
32,2016,HBA,Aug,213,243,0.55,put,31,206.3,0.462,1.775691e-06,275.86,29.65,1535.65,87.51,0.56719,0.1852,0.0012,0.41108,0.1852,0.0005,-0.0005,-0.0004,0.0,0.0,0.0008,274.87,0.0
32,2016,Alaton,Aug,213,243,0.55,put,31,206.3,0.462,1.775691e-06,265.79,29.13,1522.36,85.36,0.51019,0.582,0.003,0.53964,0.582,0.0015,0.003,0.0046,0.0011,0.001,0.0027,274.87,0.0
32,2016,Benth,Aug,213,243,0.55,put,31,206.3,0.462,1.775691e-06,277.57,29.19,1539.86,86.72,1.07824,0.0828,0.0013,0.72961,0.0828,0.0006,0.0002,0.0003,0.0001,-0.0,0.0011,274.87,0.0
32,2016,XGB,Aug,213,243,0.55,put,31,206.3,0.462,1.775691e-06,275.33,28.29,1535.93,86.13,0.55323,0.0483,0.0002,0.14683,0.0483,0.0,-0.0,-0.0001,-0.0,-0.0,0.0,274.87,0.0
32,2016,WaveletFNN,Aug,213,243,0.55,put,31,206.3,0.462,1.775691e-06,313.84,31.74,1601.22,95.93,0.0,0.0,0.0,5.0,0.0,0.0,0.0,0.0,0.0,0.0,0.0,274.87,0.0
32,2016,LSTM,Aug,213,243,0.55,put,31,206.3,0.462,1.775691e-06,280.83,26.89,1543.03,85.58,0.79617,0.0208,0.0002,0.62379,0.0208,0.0001,-0.0001,0.0008,-0.0001,-0.0001,0.0001,274.87,0.0
32,2016,FeedForwardNN,Aug,213,243,0.55,put,31,206.3,0.462,1.775691e-06,298.78,28.96,1572.46,92.86,0.0,0.0,0.0,5.0,0.0,0.0,0.0,0.0,0.0,0.0,0.0,274.87,0.0
32,2017,HBA,May–Jun,121,181,-0.561,call,61,224.5,0.11,-1.999088e-06,303.04,40.72,1270.64,141.04,0.07962,1567.8831,0.2052,0.07351,1567.8831,0.1078,-0.0729,0.266,0.0295,0.0898,0.1581,399.87,3506.9
32,2017,Alaton,May–Jun,121,181,-0.561,call,61,224.5,0.11,-1.999088e-06,283.97,43.25,1301.71,139.43,0.07743,1212.9485,0.2027,0.07212,1212.9485,0.1066,-0.116,0.2087,0.0158,0.0976,0.1607,399.87,3506.9
32,2017,Benth,May–Jun,121,181,-0.561,call,61,224.5,0.11,-1.999088e-06,301.58,40.4,1275.71,138.95,0.08272,1538.654,0.225,0.07926,1538.654,0.1194,-0.0653,0.2529,0.0277,0.1071,0.1863,399.87,3506.9
32,2017,XGB,May–Jun,121,181,-0.561,call,61,224.5,0.11,-1.999088e-06,297.44,39.85,1281.18,136.39,0.07653,1457.6119,0.193,0.07337,1457.6119,0.1015,-0.105,0.2137,0.0174,0.0965,0.1595,399.87,3506.9
32,2017,WaveletFNN,May–Jun,121,181,-0.561,call,61,224.5,0.11,-1.999088e-06,287.32,51.25,1295.18,146.27,0.07946,1300.0565,0.2602,0.07355,1300.0565,0.139,-0.1078,0.2934,0.0257,0.1172,0.2117,399.87,3506.9
32,2017,LSTM,May–Jun,121,181,-0.561,call,61,224.5,0.11,-1.999088e-06,349.13,38.23,1198.75,132.87,0.08192,2479.6859,0.2222,0.07453,2479.6859,0.117,-0.121,0.2582,0.017,0.0954,0.1655,399.87,3506.9
32,2017,FeedForwardNN,May–Jun,121,181,-0.561,call,61,224.5,0.11,-1.999088e-06,397.19,44.79,1115.04,135.45,0.08796,3436.2504,0.3384,0.08166,3436.2504,0.1856,-0.1237,0.4042,0.0377,0.1379,0.2701,399.87,3506.9
32,2018,HBA,May–Jun,121,181,-0.447,call,61,228.4,0.02,-5.78326e-07,314.4,43.77,1347.19,132.8,0.02373,1715.8112,0.0239,0.02246,1715.8112,0.012,-0.0287,-0.1106,0.003,0.0087,0.0162,357.94,2590.41
32,2018,Alaton,May–Jun,121,181,-0.447,call,61,228.4,0.02,-5.78326e-07,300.58,47.27,1351.12,133.86,0.02242,1456.7235,0.023,0.01957,1456.7235,0.0114,-0.0383,-0.0887,0.0059,0.0075,0.0129,357.94,2590.41
32,2018,Benth,May–Jun,121,181,-0.447,call,61,228.4,0.02,-5.78326e-07,310.87,42.59,1349.7,131.99,0.02264,1646.4513,0.0207,0.02049,1646.4513,0.0103,-0.0377,-0.1449,0.0028,0.0032,0.0127,357.94,2590.41
32,2018,XGB,May–Jun,121,181,-0.447,call,61,228.4,0.02,-5.78326e-07,310.84,42.06,1349.79,128.96,0.02413,1644.415,0.0242,0.02343,1644.415,0.0122,-0.0352,-0.119,0.0004,0.0094,0.0181,357.94,2590.41
32,2018,WaveletFNN,May–Jun,121,181,-0.447,call,61,228.4,0.02,-5.78326e-07,284.01,52.15,1361.66,132.12,0.02361,1177.4591,0.0276,0.02184,1177.4591,0.0138,-0.039,-0.115,0.0009,0.0081,0.0184,357.94,2590.41
32,2018,LSTM,May–Jun,121,181,-0.447,call,61,228.4,0.02,-5.78326e-07,418.79,38.77,1287.33,128.12,0.03189,3788.6226,0.0372,0.02973,3788.6226,0.0187,-0.027,-0.118,0.0075,0.0117,0.0242,357.94,2590.41
32,2018,FeedForwardNN,May–Jun,121,181,-0.447,call,61,228.4,0.02,-5.78326e-07,431.21,43.14,1278.97,127.93,0.03328,4035.6464,0.0504,0.03396,4035.6464,0.0255,-0.0211,-0.0845,0.01,0.0204,0.0404,357.94,2590.41
32,2019,HBA,May–Jun,121,181,-0.425,call,61,231.2,0.019,-5.30646e-07,325.27,43.46,1347.46,127.3,0.02256,1873.477,0.0234,0.022,1873.477,0.0118,-0.0412,-0.1328,-0.0004,0.0091,0.017,299.53,1365.77
32,2019,Alaton,May–Jun,121,181,-0.425,call,61,231.2,0.019,-5.30646e-07,320.23,47.37,1349.64,128.65,0.02384,1778.7947,0.0297,0.0212,1778.7947,0.0148,-0.0415,-0.1637,0.0011,0.005,0.0175,299.53,1365.77
32,2019,Benth,May–Jun,121,181,-0.425,call,61,231.2,0.019,-5.30646e-07,322.58,43.11,1350.44,126.43,0.02076,1820.5842,0.0197,0.01923,1820.5842,0.0099,0.2212,-0.1951,-0.0027,0.0024,0.0126,299.53,1365.77
32,2019,XGB,May–Jun,121,181,-0.425,call,61,231.2,0.019,-5.30646e-07,324.54,42.55,1347.65,127.14,0.02443,1858.9723,0.0264,0.02252,1858.9723,0.0132,-0.0304,-0.1875,0.0017,0.0029,0.0167,299.53,1365.77
32,2019,WaveletFNN,May–Jun,121,181,-0.425,call,61,231.2,0.019,-5.30646e-07,340.14,54.93,1341.48,124.31,0.02405,2175.1513,0.0437,0.02252,2175.1513,0.022,0.1797,-0.2805,0.0078,0.0013,0.0298,299.53,1365.77
32,2019,LSTM,May–Jun,121,181,-0.425,call,61,231.2,0.019,-5.30646e-07,316.93,38.56,1350.38,128.63,0.02337,1707.5518,0.0194,0.02141,1707.5518,0.0097,-0.0276,-0.1198,0.0028,0.0045,0.0118,299.53,1365.77
32,2019,FeedForwardNN,May–Jun,121,181,-0.425,call,61,231.2,0.019,-5.30646e-07,247.39,39.24,1379.43,130.87,0.02123,498.0401,0.0085,0.01736,498.0401,0.0041,-0.0209,-0.0614,0.0002,0.0002,0.0043,299.53,1365.77
32,2020,HBA,May–Jun,121,181,-0.438,call,61,232.7,0.027,-5.50905e-07,322.24,44.39,1380.77,131.3,0.02634,1785.8493,0.0311,0.0256,1785.8493,0.0157,-0.0278,0.3577,0.0023,0.0041,0.0219,313.49,1615.91
32,2020,Alaton,May–Jun,121,181,-0.438,call,61,232.7,0.027,-5.50905e-07,326.21,48.24,1378.41,128.43,0.02499,1867.5462,0.0342,0.02195,1867.5462,0.017,0.1975,0.3073,0.0017,0.0034,0.0196,313.49,1615.91
32,2020,Benth,May–Jun,121,181,-0.438,call,61,232.7,0.027,-5.50905e-07,321.37,43.13,1381.88,126.45,0.024,1767.6896,0.0264,0.02325,1767.6896,0.0133,0.1266,0.3116,0.006,0.0024,0.0186,313.49,1615.91
32,2020,XGB,May–Jun,121,181,-0.438,call,61,232.7,0.027,-5.50905e-07,325.58,43.21,1379.2,128.05,0.02458,1850.8699,0.0272,0.02246,1850.8699,0.0136,0.1616,0.3492,0.002,0.0021,0.0174,313.49,1615.91
32,2020,WaveletFNN,May–Jun,121,181,-0.438,call,61,232.7,0.027,-5.50905e-07,347.67,55.62,1365.41,131.1,0.02601,2294.6297,0.0474,0.02379,2294.6297,0.0238,-0.0641,-0.2531,0.0008,0.0015,0.0285,313.49,1615.91
32,2020,LSTM,May–Jun,121,181,-0.438,call,61,232.7,0.027,-5.50905e-07,322.59,39.21,1378.57,127.98,0.02606,1790.3928,0.0253,0.02439,1790.3928,0.0127,0.1804,0.3129,0.0018,0.0032,0.0165,313.49,1615.91
32,2020,FeedForwardNN,May–Jun,121,181,-0.438,call,61,232.7,0.027,-5.50905e-07,298.59,43.81,1391.96,130.42,0.02356,1334.4787,0.0226,0.02147,1334.4787,0.0113,0.2059,0.3501,0.0002,-0.001,0.0141,313.49,1615.91
32,2021,HBA,May–Jun,121,181,-0.409,call,61,234.4,0.036,-5.33015e-07,326.96,43.42,1393.37,129.91,0.02612,1844.8906,0.0301,0.02427,1844.8906,0.0151,0.2368,0.373,0.0011,0.0028,0.0183,269.67,705.85
32,2021,Alaton,May–Jun,121,181,-0.409,call,61,234.4,0.036,-5.33015e-07,341.64,46.57,1387.24,128.85,0.02568,2136.1287,0.0342,0.02568,2136.1287,0.0172,0.1899,0.326,0.0044,0.0072,0.0233,269.67,705.85
32,2021,Benth,May–Jun,121,181,-0.409,call,61,234.4,0.036,-5.33015e-07,325.72,42.35,1393.65,129.86,0.02443,1819.8458,0.0251,0.0239,1819.8458,0.0126,0.2699,-0.1963,-0.0009,0.0045,0.0165,269.67,705.85
32,2021,XGB,May–Jun,121,181,-0.409,call,61,234.4,0.036,-5.33015e-07,317.32,42.13,1397.98,130.36,0.02311,1655.1487,0.0218,0.02206,1655.1487,0.0109,-0.0556,0.3437,-0.0005,0.0026,0.0141,269.67,705.85
32,2021,WaveletFNN,May–Jun,121,181,-0.409,call,61,234.4,0.036,-5.33015e-07,344.66,54.68,1383.76,130.6,0.02759,2202.0592,0.0517,0.02657,2202.0592,0.0262,-0.0465,0.3698,0.0029,0.0072,0.033,269.67,705.85
32,2021,LSTM,May–Jun,121,181,-0.409,call,61,234.4,0.036,-5.33015e-07,248.27,36.49,1427.95,131.72,0.0215,445.0451,0.0076,0.01709,445.0451,0.0037,-0.0171,0.1624,-0.0018,0.002,0.0034,269.67,705.85
32,2021,FeedForwardNN,May–Jun,121,181,-0.409,call,61,234.4,0.036,-5.33015e-07,263.28,41.04,1420.83,131.68,0.02285,689.6888,0.0133,0.02014,689.6888,0.0066,0.2096,-0.1038,-0.0008,-0.0005,0.0073,269.67,705.85
32,2022,HBA,May–Jun,121,181,-0.333,call,61,235.1,0.024,-4.57943e-07,317.64,43.82,1386.28,127.05,0.01889,1648.4588,0.0165,0.01706,1648.4588,0.0082,0.1159,0.2221,0.0033,0.0039,0.0103,355.29,2403.85
32,2022,Alaton,May–Jun,121,181,-0.333,call,61,235.1,0.024,-4.57943e-07,332.69,48.63,1381.54,127.8,0.0214,1947.8645,0.0258,0.01896,1947.8645,0.0128,0.1389,0.2494,0.0037,0.0083,0.0154,355.29,2403.85
32,2022,Benth,May–Jun,121,181,-0.333,call,61,235.1,0.024,-4.57943e-07,315.16,42.74,1389.21,126.22,0.02007,1599.2863,0.0179,0.01784,1599.2863,0.0089,0.1034,0.2093,0.0058,0.0055,0.0107,355.29,2403.85
32,2022,XGB,May–Jun,121,181,-0.333,call,61,235.1,0.024,-4.57943e-07,320.81,42.23,1386.83,125.25,0.0198,1709.4107,0.0175,0.01853,1709.4107,0.0087,0.0898,0.1899,0.0066,0.0074,0.0118,355.29,2403.85
32,2022,WaveletFNN,May–Jun,121,181,-0.333,call,61,235.1,0.024,-4.57943e-07,299.25,53.6,1394.04,128.01,0.02199,1332.2164,0.0282,0.02173,1332.2164,0.0142,0.1175,0.2337,0.0082,0.0111,0.0219,355.29,2403.85
32,2022,LSTM,May–Jun,121,181,-0.333,call,61,235.1,0.024,-4.57943e-07,347.36,38.76,1375.78,124.29,0.02322,2234.2853,0.021,0.02263,2234.2853,0.0105,0.0871,0.1815,0.0085,0.0096,0.0157,355.29,2403.85
32,2022,FeedForwardNN,May–Jun,121,181,-0.333,call,61,235.1,0.024,-4.57943e-07,345.26,43.59,1375.62,125.75,0.02433,2193.0512,0.0283,0.02233,2193.0512,0.0142,0.1029,0.2046,0.0066,0.0105,0.0184,355.29,2403.85
32,2023,HBA,Aug,213,243,0.315,put,31,216.4,0.04,7.21872e-07,280.75,31.79,1416.37,123.81,0.11249,1.3259,0.0002,0.05932,1.3259,0.0001,-0.0005,0.0059,-0.0,0.0003,0.0001,255.37,0.0
32,2023,Alaton,Aug,213,243,0.315,put,31,216.4,0.04,7.21872e-07,296.3,30.6,1422.61,128.25,0.83807,0.0025,0.0,-2.60396,0.0025,-0.0,0.0,0.0001,0.0,0.0,0.0,255.37,0.0
32,2023,Benth,Aug,213,243,0.315,put,31,216.4,0.04,7.21872e-07,283.42,31.3,1416.36,128.29,0.04897,0.5352,0.0,-0.00407,0.5352,-0.0,0.0,0.0,0.0,-0.0,0.0,255.37,0.0
32,2023,XGB,Aug,213,243,0.315,put,31,216.4,0.04,7.21872e-07,287.14,30.55,1420.58,125.45,0.08315,0.1971,0.0,-0.04874,0.1971,-0.0,0.0001,0.0001,0.0,-0.0,0.0,255.37,0.0
32,2023,WaveletFNN,Aug,213,243,0.315,put,31,216.4,0.04,7.21872e-07,224.31,34.19,1385.43,124.85,0.03989,196.2381,0.0106,0.03471,196.2381,0.0052,0.0423,0.0462,0.0025,0.0033,0.0056,255.37,0.0
32,2023,LSTM,Aug,213,243,0.315,put,31,216.4,0.04,7.21872e-07,309.17,28.08,1432.69,126.85,0.0,0.0,0.0,5.0,0.0,0.0,0.0,0.0,0.0,0.0,0.0,255.37,0.0
32,2023,FeedForwardNN,Aug,213,243,0.315,put,31,216.4,0.04,7.21872e-07,318.34,30.58,1437.54,128.63,1.69825,0.0095,0.0001,0.81878,0.0095,0.0,-0.0,0.0003,-0.0,0.0001,0.0,255.37,0.0
32,2024,HBA,Aug,213,243,0.312,put,31,217.2,0.045,6.97458e-07,279.26,31.71,1421.05,127.37,0.11389,1.4881,0.0002,0.0428,1.4881,0.0001,-0.0004,0.0023,0.0,0.0001,0.0,295.19,0.0
32,2024,Alaton,Aug,213,243,0.312,put,31,217.2,0.045,6.97458e-07,299.75,30.56,1432.19,127.17,0.0,0.0,0.0,5.0,0.0,0.0,0.0,0.0,0.0,0.0,0.0,295.19,0.0
32,2024,Benth,Aug,213,243,0.312,put,31,217.2,0.045,6.97458e-07,282.61,31.52,1423.05,124.73,0.01062,0.5557,0.0,-0.09238,0.5557,-0.0,0.0003,0.0001,0.0001,-0.0001,0.0,295.19,0.0
32,2024,XGB,Aug,213,243,0.312,put,31,217.2,0.045,6.97458e-07,288.03,30.59,1428.23,121.46,0.35813,0.1113,0.0001,0.30494,0.1113,0.0,0.0004,0.0011,0.0,0.0002,0.0001,295.19,0.0
32,2024,WaveletFNN,Aug,213,243,0.312,put,31,217.2,0.045,6.97458e-07,304.01,35.86,1437.03,124.96,0.04138,0.7755,0.0,-0.01164,0.7755,-0.0,0.0001,-0.0022,0.0,-0.0,0.0,295.19,0.0
32,2024,LSTM,Aug,213,243,0.312,put,31,217.2,0.045,6.97458e-07,283.64,28.72,1422.45,125.85,0.11344,0.3956,0.0,-0.02767,0.3956,-0.0,0.0001,0.0001,0.0,-0.0,0.0,295.19,0.0
32,2024,FeedForwardNN,Aug,213,243,0.312,put,31,217.2,0.045,6.97458e-07,286.89,32.21,1425.38,126.11,0.10608,1.4211,0.0003,0.16957,1.4211,0.0001,-0.0002,0.0015,0.0004,0.0007,0.0004,295.19,0.0
44,2015,HBA,Mar,60,90,-0.352,call,31,10.4,0.55,-0.00024784811,9.85,6.28,950.75,93.32,0.46644,46.367,0.1473,0.42641,46.367,0.076,0.0822,-0.0106,0.224,0.1409,0.1976,1.52,0.0
44,2015,Alaton,Mar,60,90,-0.352,call,31,10.4,0.55,-0.00024784811,8.93,5.66,957.16,90.88,0.44975,33.7917,0.097,0.42354,33.7917,0.0496,0.0498,-0.0327,0.1565,0.0889,0.1364,1.52,0.0
44,2015,Benth,Mar,60,90,-0.352,call,31,10.4,0.55,-0.00024784811,9.87,6.2,951.2,91.54,0.45533,45.65,0.1463,0.42473,45.65,0.0757,0.0858,-0.0195,0.2216,0.1366,0.2001,1.52,0.0
44,2015,XGB,Mar,60,90,-0.352,call,31,10.4,0.55,-0.00024784811,8.88,5.6,957.99,90.85,0.44544,33.2189,0.0923,0.41141,33.2189,0.047,0.04,-0.0343,0.1543,0.0837,0.1275,1.52,0.0
44,2015,WaveletFNN,Mar,60,90,-0.352,call,31,10.4,0.55,-0.00024784811,15.26,9.51,910.42,112.17,0.49114,130.8496,0.4639,0.46889,130.8496,0.2672,0.3828,0.2416,0.5012,0.4299,0.5765,1.52,0.0
44,2015,LSTM,Mar,60,90,-0.352,call,31,10.4,0.55,-0.00024784811,7.83,9.42,950.24,109.63,0.50968,52.9882,0.3886,0.48777,52.9882,0.2176,0.3187,0.0066,0.5297,0.4015,0.5321,1.52,0.0
44,2015,FeedForwardNN,Mar,60,90,-0.352,call,31,10.4,0.55,-0.00024784811,8.83,10.61,943.08,121.19,0.53344,66.4227,0.498,0.50509,66.4227,0.2905,0.4563,0.1087,0.5978,0.4977,0.644,1.52,0.0
44,2016,HBA,Mar,60,90,-0.349,call,31,10.2,0.478,-0.000282139534,9.91,6.25,971.67,100.08,0.49611,48.1667,0.1516,0.45807,48.1667,0.0784,0.0634,0.1261,0.1841,0.1471,0.198,0.4,0.0
44,2016,Alaton,Mar,60,90,-0.349,call,31,10.2,0.478,-0.000282139534,9.45,5.73,973.86,97.89,0.49922,40.2299,0.122,0.47242,40.2299,0.0628,0.0392,0.1338,0.1673,0.1309,0.1719,0.4,0.0
44,2016,Benth,Mar,60,90,-0.349,call,31,10.2,0.478,-0.000282139534,10.22,6.19,968.92,99.6,0.4966,50.3655,0.161,0.46999,50.3655,0.0838,0.0837,0.1263,0.22,0.1774,0.2248,0.4,0.0
44,2016,XGB,Mar,60,90,-0.349,call,31,10.2,0.478,-0.000282139534,9.54,5.85,974.31,98.46,0.49802,41.7324,0.1294,0.4706,41.7324,0.0667,0.0471,0.1287,0.1754,0.1393,0.1803,0.4,0.0
44,2016,WaveletFNN,Mar,60,90,-0.349,call,31,10.2,0.478,-0.000282139534,19.55,11.37,880.83,144.74,0.57963,207.2696,0.6634,0.54706,207.2696,0.418,0.5713,0.519,0.6203,0.5874,0.7627,0.4,0.0
44,2016,LSTM,Mar,60,90,-0.349,call,31,10.2,0.478,-0.000282139534,6.85,8.68,976.98,115.63,0.57937,45.0203,0.3494,0.54347,45.0203,0.1926,0.2325,0.1365,0.4777,0.3776,0.4853,0.4,0.0
44,2016,FeedForwardNN,Mar,60,90,-0.349,call,31,10.2,0.478,-0.000282139534,3.5,6.09,995.29,99.93,0.54363,19.4805,0.1164,0.49872,19.4805,0.0596,-0.054,0.1785,0.1651,0.1705,0.1679,0.4,0.0
44,2017,HBA,Apr,91,120,0.365,put,30,38.8,0.439,7.166041e-06,59.62,29.07,886.57,114.48,0.07347,73.8136,0.0101,0.05873,73.8136,0.0049,-0.0211,0.0141,0.0023,0.0061,0.0073,16.73,441.97
44,2017,Alaton,Apr,91,120,0.365,put,30,38.8,0.439,7.166041e-06,55.97,27.52,884.06,113.76,0.05651,85.7586,0.0071,0.0456,85.7586,0.0034,-0.0198,0.0092,0.0026,0.0043,0.0051,16.73,441.97
44,2017,Benth,Apr,91,120,0.365,put,30,38.8,0.439,7.166041e-06,57.08,27.79,887.3,115.43,0.05927,79.6604,0.0068,0.04278,79.6604,0.0031,-0.0171,0.0048,0.001,0.0033,0.004,16.73,441.97
44,2017,XGB,Apr,91,120,0.365,put,30,38.8,0.439,7.166041e-06,56.06,27.29,886.25,114.49,0.07462,82.599,0.0117,0.06279,82.599,0.0057,-0.0266,0.0089,0.0041,0.0053,0.0092,16.73,441.97
44,2017,WaveletFNN,Apr,91,120,0.365,put,30,38.8,0.439,7.166041e-06,65.67,34.38,895.35,119.61,0.10749,66.1266,0.0179,0.08086,66.1266,0.0084,0.0012,0.0107,0.004,0.007,0.0119,16.73,441.97
44,2017,LSTM,Apr,91,120,0.365,put,30,38.8,0.439,7.166041e-06,34.33,17.24,868.69,111.46,0.03016,190.8491,0.0032,0.02054,190.8491,0.0014,-0.0118,-0.0049,0.0032,0.0023,0.0015,16.73,441.97
44,2017,FeedForwardNN,Apr,91,120,0.365,put,30,38.8,0.439,7.166041e-06,31.56,17.14,866.04,110.3,0.01752,227.7749,0.0012,0.01956,227.7749,0.0006,-0.0122,-0.0042,0.0042,0.0028,0.0015,16.73,441.97
44,2018,HBA,Apr–Jul,91,212,0.352,put,122,675.2,0.406,1.30719e-07,733.87,66.35,893.06,109.99,0.01801,128.6998,0.0034,0.01401,128.6998,0.0016,-0.0072,-0.0034,0.0003,0.0031,0.0019,934.84,0.0
44,2018,Alaton,Apr–Jul,91,212,0.352,put,122,675.2,0.406,1.30719e-07,716.85,67.16,890.54,109.9,0.01405,213.8627,0.0038,0.01174,213.8627,0.0019,-0.011,0.0,0.0004,0.0042,0.0025,934.84,0.0
44,2018,Benth,Apr–Jul,91,212,0.352,put,122,675.2,0.406,1.30719e-07,727.56,67.17,892.43,112.59,0.02,163.3288,0.0054,0.01601,163.3288,0.0026,-0.0087,-0.0012,0.0005,0.0035,0.0032,934.84,0.0
44,2018,XGB,Apr–Jul,91,212,0.352,put,122,675.2,0.406,1.30719e-07,720.16,66.29,890.38,111.24,0.01406,190.7666,0.0034,0.01319,190.7666,0.0017,-0.01,0.002,-0.0,0.0044,0.0025,934.84,0.0
44,2018,WaveletFNN,Apr–Jul,91,212,0.352,put,122,675.2,0.406,1.30719e-07,799.78,72.88,904.22,113.71,0.03086,19.0324,0.0013,0.03723,19.0324,0.0006,-0.0015,0.0007,0.0002,0.0011,0.0016,934.84,0.0
44,2018,LSTM,Apr–Jul,91,212,0.352,put,122,675.2,0.406,1.30719e-07,901.33,53.01,927.44,114.9,0.0,0.0,0.0,5.0,0.0,0.0,0.0,0.0,0.0,0.0,0.0,934.84,0.0
44,2018,FeedForwardNN,Apr–Jul,91,212,0.352,put,122,675.2,0.406,1.30719e-07,931.59,54.53,930.36,117.94,0.0,0.0,0.0,5.0,0.0,0.0,0.0,0.0,0.0,0.0,0.0,934.84,0.0
44,2019,HBA,Apr–Jul,91,212,0.377,put,122,680.5,0.405,2.05565e-07,760.39,66.23,894.57,109.24,0.03437,68.5804,0.007,0.02962,68.5804,0.0034,0.0279,-0.0014,0.0013,0.0031,0.0049,761.65,0.0
44,2019,Alaton,Apr–Jul,91,212,0.377,put,122,680.5,0.405,2.05565e-07,749.05,67.38,891.39,108.87,0.02685,105.9958,0.0068,0.02098,105.9958,0.0032,-0.0054,0.0038,0.001,0.0025,0.0041,761.65,0.0
44,2019,Benth,Apr–Jul,91,212,0.377,put,122,680.5,0.405,2.05565e-07,751.88,66.13,891.36,108.89,0.03071,93.2117,0.0078,0.02585,93.2117,0.0038,0.0281,-0.0004,0.003,0.0035,0.005,761.65,0.0
44,2019,XGB,Apr–Jul,91,212,0.377,put,122,680.5,0.405,2.05565e-07,750.62,66.18,893.12,108.91,0.02931,96.035,0.0071,0.0251,96.035,0.0035,0.024,0.0016,0.0018,0.0029,0.0051,761.65,0.0
44,2019,WaveletFNN,Apr–Jul,91,212,0.377,put,122,680.5,0.405,2.05565e-07,734.98,69.46,888.09,109.24,0.02692,162.8633,0.011,0.0255,162.8633,0.0055,0.0145,0.0068,0.0035,0.0052,0.0083,761.65,0.0
44,2019,LSTM,Apr–Jul,91,212,0.377,put,122,680.5,0.405,2.05565e-07,752.89,46.39,890.81,109.03,0.05904,21.2875,0.0038,0.05719,21.2875,0.0019,-0.0027,0.0061,-0.0004,0.0012,0.0028,761.65,0.0
44,2019,FeedForwardNN,Apr–Jul,91,212,0.377,put,122,680.5,0.405,2.05565e-07,775.25,47.87,898.2,110.5,0.06129,7.0772,0.0012,0.07471,7.0772,0.0006,0.0008,0.0007,-0.0001,0.0008,0.0013,761.65,0.0
44,2020,HBA,Apr–Jul,91,212,0.403,put,122,682.1,0.339,2.08996e-07,762.31,68.69,914.1,114.33,0.0356,76.5626,0.0075,0.03314,76.5626,0.0037,-0.0028,-0.0054,0.0028,0.0038,0.0063,734.69,0.0
44,2020,Alaton,Apr–Jul,91,212,0.403,put,122,682.1,0.339,2.08996e-07,756.13,69.11,912.11,114.78,0.0295,96.7814,0.0071,0.02594,96.7814,0.0035,-0.0107,-0.0062,0.0003,0.004,0.0053,734.69,0.0
44,2020,Benth,Apr–Jul,91,212,0.403,put,122,682.1,0.339,2.08996e-07,755.11,68.86,915.19,113.36,0.03646,98.8109,0.0108,0.03398,98.8109,0.0054,0.0357,-0.0032,0.0031,0.0043,0.0092,734.69,0.0
44,2020,XGB,Apr–Jul,91,212,0.403,put,122,682.1,0.339,2.08996e-07,761.95,68.17,914.13,114.52,0.03836,76.796,0.009,0.03588,76.796,0.0045,0.0095,-0.0064,0.0019,0.0046,0.0071,734.69,0.0
44,2020,WaveletFNN,Apr–Jul,91,212,0.403,put,122,682.1,0.339,2.08996e-07,792.32,72.8,923.03,116.86,0.04234,34.6825,0.0047,0.03423,34.6825,0.0022,0.0092,-0.0048,-0.0001,0.0017,0.0032,734.69,0.0
44,2020,LSTM,Apr–Jul,91,212,0.403,put,122,682.1,0.339,2.08996e-07,727.88,52.78,904.65,111.32,0.02857,110.2067,0.0061,0.03218,110.2067,0.003,0.0465,0.0007,0.0006,0.0046,0.0067,734.69,0.0
44,2020,FeedForwardNN,Apr–Jul,91,212,0.403,put,122,682.1,0.339,2.08996e-07,771.82,54.9,916.28,114.49,0.04044,20.5913,0.0019,0.02666,20.5913,0.0008,-0.0023,-0.0025,-0.0005,0.0006,0.0008,734.69,0.0
44,2021,HBA,Mar–Aug,60,243,0.322,put,184,976.6,0.25,5.4197e-08,1110.92,74.15,944.62,118.32,0.02617,18.3721,0.0008,0.02963,18.3721,0.0004,0.0003,0.0025,0.0003,0.0003,0.0009,853.28,2467.28
44,2021,Alaton,Mar–Aug,60,243,0.322,put,184,976.6,0.25,5.4197e-08,1135.06,77.91,944.91,119.2,0.03268,12.5687,0.0009,0.04782,12.5687,0.0004,0.0018,0.0011,0.0013,0.0007,0.0013,853.28,2467.28
44,2021,Benth,Mar–Aug,60,243,0.322,put,184,976.6,0.25,5.4197e-08,1122.78,76.71,945.22,117.23,0.01012,15.928,0.0001,0.00855,15.928,0.0001,0.0001,-0.0007,0.0002,0.0001,0.0001,853.28,2467.28
44,2021,XGB,Mar–Aug,60,243,0.322,put,184,976.6,0.25,5.4197e-08,1122.83,73.32,940.59,120.05,0.01938,10.4602,0.0002,0.02805,10.4602,0.0001,0.005,0.0116,0.0004,0.0,0.0004,853.28,2467.28
44,2021,WaveletFNN,Mar–Aug,60,243,0.322,put,184,976.6,0.25,5.4197e-08,1073.84,83.07,937.16,118.95,0.01326,92.5177,0.0015,0.01285,92.5177,0.0007,0.0217,0.0175,0.0006,0.0005,0.0011,853.28,2467.28
44,2021,LSTM,Mar–Aug,60,243,0.322,put,184,976.6,0.25,5.4197e-08,865.16,55.49,916.24,115.05,0.00415,2225.6637,0.0015,0.0036,2225.6637,0.0007,0.0219,0.0299,0.0016,0.0009,0.0009,853.28,2467.28
44,2021,FeedForwardNN,Mar–Aug,60,243,0.322,put,184,976.6,0.25,5.4197e-08,855.44,56.29,915.47,116.13,0.00397,2417.2701,0.0014,0.00343,2417.2701,0.0007,0.0248,0.0406,0.0012,0.0002,0.0008,853.28,2467.28
44,2022,HBA,Mar–Aug,60,243,0.25,put,184,974.3,0.247,3.084e-08,1067.47,76.54,938.04,114.41,0.00423,79.0378,0.0001,0.00623,79.0378,0.0,0.0018,-0.0011,0.0006,0.0003,0.0002,1245.06,0.0
44,2022,Alaton,Mar–Aug,60,243,0.25,put,184,974.3,0.247,3.084e-08,1083.71,79.93,937.59,116.37,0.01037,59.3641,0.0006,0.00267,59.3641,0.0001,0.0029,-0.0,0.0003,0.0001,0.0,1245.06,0.0
44,2022,Benth,Mar–Aug,60,243,0.25,put,184,974.3,0.247,3.084e-08,1082.02,79.05,940.39,113.54,0.01144,60.9052,0.0007,0.01342,60.9052,0.0003,-0.0,0.0009,0.0011,0.0005,0.0007,1245.06,0.0
44,2022,XGB,Mar–Aug,60,243,0.25,put,184,974.3,0.247,3.084e-08,1071.03,76.52,940.42,114.29,0.01379,71.1997,0.0012,0.01714,71.1997,0.0006,-0.0024,-0.0026,0.0014,0.0008,0.0013,1245.06,0.0
44,2022,WaveletFNN,Mar–Aug,60,243,0.25,put,184,974.3,0.247,3.084e-08,1112.45,84.95,941.52,116.45,0.01267,29.8571,0.0004,0.01255,29.8571,0.0002,0.0034,0.0003,0.0003,0.0002,0.0003,1245.06,0.0
44,2022,LSTM,Mar–Aug,60,243,0.25,put,184,974.3,0.247,3.084e-08,1197.91,59.2,944.29,118.08,0.0,0.0,0.0,5.0,0.0,0.0,0.0,0.0,0.0,0.0,0.0,1245.06,0.0
44,2022,FeedForwardNN,Mar–Aug,60,243,0.25,put,184,974.3,0.247,3.084e-08,1275.52,62.36,952.96,117.52,0.0,0.0,0.0,5.0,0.0,0.0,0.0,0.0,0.0,0.0,0.0,1245.06,0.0
44,2023,HBA,Mar–Aug,60,243,0.264,put,184,979.4,0.245,4.9417e-08,1081.68,76.98,936.82,112.51,0.00903,63.2753,0.0005,0.00604,63.2753,0.0002,0.001,-0.0002,0.0007,0.0003,0.0002,1126.7,0.0
44,2023,Alaton,Mar–Aug,60,243,0.264,put,184,979.4,0.245,4.9417e-08,1110.01,81.15,941.51,114.5,0.01235,35.521,0.0005,0.00567,35.521,0.0002,-0.0004,-0.0012,0.0004,0.0002,0.0001,1126.7,0.0
44,2023,Benth,Mar–Aug,60,243,0.264,put,184,979.4,0.245,4.9417e-08,1096.32,80.57,939.44,114.19,0.01848,51.712,0.0016,0.01498,51.712,0.0008,0.0021,-0.0013,0.0005,0.0005,0.0009,1126.7,0.0
44,2023,XGB,Mar–Aug,60,243,0.264,put,184,979.4,0.245,4.9417e-08,1097.25,75.67,939.25,114.18,0.0169,39.7349,0.001,0.01281,39.7349,0.0005,0.0,0.0024,0.0007,0.0003,0.0005,1126.7,0.0
44,2023,WaveletFNN,Mar–Aug,60,243,0.264,put,184,979.4,0.245,4.9417e-08,1089.96,83.91,940.43,113.18,0.00899,72.215,0.0006,0.00293,72.215,0.0002,-0.0009,-0.0012,0.0003,0.0001,0.0,1126.7,0.0
44,2023,LSTM,Mar–Aug,60,243,0.264,put,184,979.4,0.245,4.9417e-08,1153.55,60.43,945.99,113.95,-0.07294,0.5167,0.0001,-0.08087,0.5167,0.0001,0.0002,0.0002,0.0001,0.0,0.0001,1126.7,0.0
44,2023,FeedForwardNN,Mar–Aug,60,243,0.264,put,184,979.4,0.245,4.9417e-08,1169.06,62.41,949.36,113.03,0.02407,0.0834,0.0,-0.07033,0.0834,-0.0,0.0,0.0,0.0,0.0,0.0,1126.7,0.0
44,2024,HBA,Mar–Aug,60,243,0.3,put,184,982.1,0.24,5.4399e-08,1085.9,76.4,941.57,110.92,0.01442,59.7099,0.0011,0.01353,59.7099,0.0006,0.0005,-0.0016,0.0004,0.0005,0.0007,1109.1,0.0
44,2024,Alaton,Mar–Aug,60,243,0.3,put,184,982.1,0.24,5.4399e-08,1125.66,78.08,944.15,112.74,0.00917,16.8086,0.0001,-0.00192,16.8086,-0.0,0.0001,0.0002,-0.0,0.0,0.0,1109.1,0.0
44,2024,Benth,Mar–Aug,60,243,0.3,put,184,982.1,0.24,5.4399e-08,1099.82,78.21,943.28,110.53,0.02316,43.2538,0.0021,0.02058,43.2538,0.001,0.0005,-0.0002,0.0004,0.0002,0.0013,1109.1,0.0
44,2024,XGB,Mar–Aug,60,243,0.3,put,184,982.1,0.24,5.4399e-08,1112.88,76.0,942.21,111.36,0.02739,25.6438,0.0017,0.0292,25.6438,0.0008,-0.0012,-0.0023,0.0013,0.0008,0.0012,1109.1,0.0
44,2024,WaveletFNN,Mar–Aug,60,243,0.3,put,184,982.1,0.24,5.4399e-08,962.86,79.02,930.19,107.93,0.00794,838.7281,0.0058,0.00695,838.7281,0.0029,0.0046,-0.0024,0.0027,0.0022,0.0031,1109.1,0.0
44,2024,LSTM,Mar–Aug,60,243,0.3,put,184,982.1,0.24,5.4399e-08,1137.22,62.01,947.34,111.15,-0.0221,1.3735,0.0,-0.05484,1.3735,-0.0,0.0003,0.0004,0.0,0.0001,0.0002,1109.1,0.0
44,2024,FeedForwardNN,Mar–Aug,60,243,0.3,put,184,982.1,0.24,5.4399e-08,1110.45,64.77,943.79,109.71,0.03329,8.3217,0.0006,0.06836,8.3217,-0.0,-0.0006,-0.0029,0.0018,0.0009,0.0012,1109.1,0.0
52,2015,HBA,Mar–Jun,60,181,-0.643,call,122,415.4,0.274,-7.43652e-07,484.8,54.63,1068.14,87.55,0.04131,1430.8453,0.2246,0.03834,1430.8453,0.1188,0.027,0.0957,0.1334,0.1154,0.1862,456.61,823.76
52,2015,Alaton,Mar–Jun,60,181,-0.643,call,122,415.4,0.274,-7.43652e-07,489.62,55.41,1065.57,87.05,0.04048,1520.5706,0.2288,0.03694,1520.5706,0.1208,-0.0021,0.0842,0.1294,0.1021,0.1792,456.61,823.76
52,2015,Benth,Mar–Jun,60,181,-0.643,call,122,415.4,0.274,-7.43652e-07,497.27,55.29,1058.1,88.5,0.04103,1658.0685,0.2368,0.03826,1658.0685,0.1258,0.033,0.1163,0.1545,0.1234,0.1906,456.61,823.76
52,2015,XGB,Mar–Jun,60,181,-0.643,call,122,415.4,0.274,-7.43652e-07,487.06,54.66,1066.19,87.62,0.04173,1473.2829,0.2299,0.03945,1473.2829,0.1221,0.0406,0.1043,0.1494,0.1247,0.1943,456.61,823.76
52,2015,WaveletFNN,Mar–Jun,60,181,-0.643,call,122,415.4,0.274,-7.43652e-07,652.29,65.76,927.11,88.34,0.04376,4713.8541,0.4242,0.04052,4713.8541,0.2397,0.1201,0.1821,0.2566,0.2199,0.3654,456.61,823.76
52,2015,LSTM,Mar–Jun,60,181,-0.643,call,122,415.4,0.274,-7.43652e-07,484.33,47.98,1069.76,85.06,0.03903,1402.9232,0.1702,0.03587,1402.9232,0.0885,-0.0222,0.0862,0.1095,0.0888,0.1331,456.61,823.76
52,2015,FeedForwardNN,Mar–Jun,60,181,-0.643,call,122,415.4,0.274,-7.43652e-07,476.33,48.18,1076.33,85.65,0.0412,1259.0651,0.1794,0.03785,1259.0651,0.0935,-0.0039,0.0742,0.1048,0.0926,0.1413,456.61,823.76
52,2016,HBA,Mar–Jun,60,181,-0.579,call,122,416.3,0.286,-7.12557e-07,496.56,53.96,1079.91,86.79,0.04037,1627.2685,0.2254,0.03754,1627.2685,0.1193,0.0462,0.052,0.154,0.1245,0.1775,358.21,0.0
52,2016,Alaton,Mar–Jun,60,181,-0.579,call,122,416.3,0.286,-7.12557e-07,501.02,54.5,1076.69,86.86,0.04044,1711.6775,0.2335,0.03745,1711.6775,0.1238,0.049,0.0497,0.1643,0.126,0.1805,358.21,0.0
52,2016,Benth,Mar–Jun,60,181,-0.579,call,122,416.3,0.286,-7.12557e-07,508.38,54.82,1070.49,86.93,0.04017,1852.7813,0.2367,0.03774,1852.7813,0.1258,0.0532,0.0677,0.1613,0.1276,0.1857,358.21,0.0
52,2016,XGB,Mar–Jun,60,181,-0.579,call,122,416.3,0.286,-7.12557e-07,490.46,53.31,1082.43,87.3,0.04103,1511.2683,0.2211,0.03846,1511.2683,0.117,0.0536,0.0647,0.1588,0.1213,0.178,358.21,0.0
52,2016,WaveletFNN,Mar–Jun,60,181,-0.579,call,122,416.3,0.286,-7.12557e-07,503.48,62.62,1074.98,90.1,0.04076,1778.2325,0.2808,0.03889,1778.2325,0.1516,0.0911,0.0844,0.1968,0.1591,0.2369,358.21,0.0
52,2016,LSTM,Mar–Jun,60,181,-0.579,call,122,416.3,0.286,-7.12557e-07,373.87,44.59,1165.8,86.14,0.07378,85.835,0.048,0.0705,85.835,0.0242,0.0169,-0.0081,0.0401,0.0246,0.0404,358.21,0.0
52,2016,FeedForwardNN,Mar–Jun,60,181,-0.579,call,122,416.3,0.286,-7.12557e-07,412.08,47.42,1139.49,86.85,0.05433,336.7377,0.1102,0.04978,336.7377,0.0563,0.0496,0.0024,0.0823,0.0612,0.0896,358.21,0.0
52,2017,HBA,Mar–Jun,60,181,-0.395,call,122,415.1,0.149,-5.54628e-07,473.51,52.81,1068.87,87.96,0.0309,1228.6294,0.1113,0.02897,1228.6294,0.0571,0.019,0.0144,0.1018,0.0693,0.0932,534.04,2379.07
52,2017,Alaton,Mar–Jun,60,181,-0.395,call,122,415.1,0.149,-5.54628e-07,477.88,52.63,1066.07,87.67,0.03109,1306.0683,0.115,0.0289,1306.0683,0.0589,0.0134,0.0021,0.0969,0.0698,0.093,534.04,2379.07
52,2017,Benth,Mar–Jun,60,181,-0.395,call,122,415.1,0.149,-5.54628e-07,485.03,53.5,1061.55,86.8,0.03012,1436.5886,0.1181,0.02799,1436.5886,0.0606,0.0031,0.0008,0.0978,0.0685,0.0977,534.04,2379.07
52,2017,XGB,Mar–Jun,60,181,-0.395,call,122,415.1,0.149,-5.54628e-07,452.81,51.9,1079.29,87.88,0.03381,887.9717,0.1063,0.03149,887.9717,0.0544,0.036,0.0056,0.0916,0.0666,0.0898,534.04,2379.07
52,2017,WaveletFNN,Mar–Jun,60,181,-0.395,call,122,415.1,0.149,-5.54628e-07,426.3,57.26,1093.88,89.04,0.03753,575.9883,0.1026,0.03483,575.9883,0.0524,0.056,0.0048,0.0885,0.0621,0.089,534.04,2379.07
52,2017,LSTM,Mar–Jun,60,181,-0.395,call,122,415.1,0.149,-5.54628e-07,521.31,47.79,1042.02,83.95,0.02964,2117.022,0.1121,0.02791,2117.022,0.0575,-0.0074,-0.0156,0.0889,0.0679,0.0923,534.04,2379.07
52,2017,FeedForwardNN,Mar–Jun,60,181,-0.395,call,122,415.1,0.149,-5.54628e-07,614.22,53.8,981.94,83.67,0.03334,3963.0262,0.1838,0.03065,3963.0262,0.0959,0.0224,0.0141,0.1423,0.105,0.1487,534.04,2379.07
52,2018,HBA,Apr–May,91,151,-0.358,call,61,178.0,0.282,-2.11972e-06,204.84,40.76,1099.95,85.62,0.05887,653.5573,0.205,0.05576,653.5573,0.108,0.0359,-0.1275,0.1484,0.0652,0.1801,264.24,1724.58
52,2018,Alaton,Apr–May,91,151,-0.358,call,61,178.0,0.282,-2.11972e-06,200.31,40.4,1102.42,86.13,0.05931,587.1185,0.1877,0.05488,587.1185,0.0981,0.0248,-0.1115,0.1393,0.0604,0.1622,264.24,1724.58
52,2018,Benth,Apr–May,91,151,-0.358,call,61,178.0,0.282,-2.11972e-06,203.79,40.43,1100.84,85.37,0.0575,638.6737,0.1888,0.05395,638.6737,0.0989,0.0151,-0.13,0.1407,0.0502,0.1652,264.24,1724.58
52,2018,XGB,Apr–May,91,151,-0.358,call,61,178.0,0.282,-2.11972e-06,203.03,40.98,1101.9,85.72,0.05996,629.8818,0.2063,0.05523,629.8818,0.1084,0.0152,-0.0903,0.1412,0.056,0.1771,264.24,1724.58
52,2018,WaveletFNN,Apr–May,91,151,-0.358,call,61,178.0,0.282,-2.11972e-06,98.16,29.9,1177.71,82.96,0.21476,2.3427,0.0071,0.21499,2.3427,0.0036,-0.0014,-0.001,0.006,0.0023,0.0076,264.24,1724.58
52,2018,LSTM,Apr–May,91,151,-0.358,call,61,178.0,0.282,-2.11972e-06,242.57,35.96,1062.71,83.23,0.05552,1293.8857,0.2192,0.05226,1293.8857,0.116,0.033,-0.1796,0.1574,0.0617,0.1863,264.24,1724.58
52,2018,FeedForwardNN,Apr–May,91,151,-0.358,call,61,178.0,0.282,-2.11972e-06,237.28,37.77,1068.23,85.14,0.05632,1196.7261,0.2289,0.05295,1196.7261,0.1214,0.0445,-0.1589,0.1759,0.0804,0.1953,264.24,1724.58
52,2019,HBA,Mar–Jun,60,181,-0.507,call,122,420.3,0.165,-6.05852e-07,493.35,53.36,1051.18,91.33,0.03358,1492.441,0.134,0.03119,1492.441,0.0691,0.0177,0.0388,0.1128,0.0948,0.1128,428.52,164.22
52,2019,Alaton,Mar–Jun,60,181,-0.507,call,122,420.3,0.165,-6.05852e-07,503.53,54.47,1046.27,91.13,0.03383,1686.3873,0.1458,0.03153,1686.3873,0.0754,0.0266,0.0379,0.1087,0.0937,0.1183,428.52,164.22
52,2019,Benth,Mar–Jun,60,181,-0.507,call,122,420.3,0.165,-6.05852e-07,504.42,54.35,1047.73,90.37,0.03318,1700.7693,0.1439,0.03072,1700.7693,0.0743,0.0044,0.002,0.1103,0.0892,0.1166,428.52,164.22
52,2019,XGB,Mar–Jun,60,181,-0.507,call,122,420.3,0.165,-6.05852e-07,499.0,54.23,1049.22,90.98,0.03345,1598.6981,0.1413,0.03106,1598.6981,0.0729,0.0087,0.0228,0.1134,0.0924,0.1174,428.52,164.22
52,2019,WaveletFNN,Mar–Jun,60,181,-0.507,call,122,420.3,0.165,-6.05852e-07,455.86,59.87,1074.67,92.6,0.03606,905.3171,0.1338,0.03327,905.3171,0.0689,0.0887,0.0385,0.1125,0.0909,0.1138,428.52,164.22
52,2019,LSTM,Mar–Jun,60,181,-0.507,call,122,420.3,0.165,-6.05852e-07,455.54,47.64,1075.68,90.72,0.035,824.6012,0.09,0.03262,824.6012,0.0459,0.0232,0.0308,0.0766,0.067,0.0742,428.52,164.22
52,2019,FeedForwardNN,Mar–Jun,60,181,-0.507,call,122,420.3,0.165,-6.05852e-07,475.54,49.68,1065.14,89.64,0.03363,1162.5058,0.111,0.0307,1162.5058,0.0567,0.0923,0.0408,0.0896,0.0721,0.0899,428.52,164.22
52,2020,HBA,Mar–Jun,60,181,-0.525,call,122,420.5,0.188,-6.35596e-07,481.63,52.88,1077.86,93.55,0.03741,1274.8425,0.148,0.03427,1274.8425,0.0764,0.0559,-0.0158,0.1425,0.0839,0.1143,498.41,1558.78
52,2020,Alaton,Mar–Jun,60,181,-0.525,call,122,420.5,0.188,-6.35596e-07,495.08,53.67,1070.66,92.62,0.0363,1523.3,0.1543,0.03385,1523.3,0.08,0.0677,0.0395,0.1526,0.0904,0.1153,498.41,1558.78
52,2020,Benth,Mar–Jun,60,181,-0.525,call,122,420.5,0.188,-6.35596e-07,494.7,52.92,1070.78,92.22,0.03655,1511.8928,0.1551,0.03423,1511.8928,0.0805,0.0606,0.045,0.1453,0.0871,0.1196,498.41,1558.78
52,2020,XGB,Mar–Jun,60,181,-0.525,call,122,420.5,0.188,-6.35596e-07,464.07,51.8,1090.38,92.9,0.03704,978.9937,0.1213,0.0344,978.9937,0.0623,0.0443,0.0396,0.1327,0.0777,0.0936,498.41,1558.78
52,2020,WaveletFNN,Mar–Jun,60,181,-0.525,call,122,420.5,0.188,-6.35596e-07,524.99,61.71,1048.37,93.99,0.03599,2099.9774,0.2085,0.03283,2099.9774,0.1094,0.0846,0.0132,0.1936,0.1188,0.1596,498.41,1558.78
52,2020,LSTM,Mar–Jun,60,181,-0.525,call,122,420.5,0.188,-6.35596e-07,523.6,50.9,1050.65,90.48,0.03535,2058.8293,0.1534,0.03272,2058.8293,0.0794,0.0572,0.0752,0.1474,0.0893,0.1151,498.41,1558.78
52,2020,FeedForwardNN,Mar–Jun,60,181,-0.525,call,122,420.5,0.188,-6.35596e-07,448.78,51.16,1100.34,93.78,0.04025,744.1481,0.1146,0.03692,744.1481,0.0586,0.0369,0.0326,0.1134,0.0703,0.0859,498.41,1558.78
52,2021,HBA,Apr–May,91,151,-0.557,call,61,181.6,0.465,-3.57605e-06,225.89,39.82,1020.75,103.36,0.08952,930.9536,0.3855,0.08191,930.9536,0.2144,0.1453,0.0366,0.2597,0.1903,0.3301,131.77,0.0
52,2021,Alaton,Apr–May,91,151,-0.557,call,61,181.6,0.465,-3.57605e-06,226.65,40.4,1020.35,103.61,0.09048,945.8891,0.4066,0.08432,945.8891,0.2285,0.1589,0.0447,0.2633,0.1944,0.3531,131.77,0.0
52,2021,Benth,Apr–May,91,151,-0.557,call,61,181.6,0.465,-3.57605e-06,224.34,40.03,1023.62,102.53,0.08918,905.4341,0.3868,0.08242,905.4341,0.2155,0.1475,0.0231,0.2693,0.194,0.3366,131.77,0.0
52,2021,XGB,Apr–May,91,151,-0.557,call,61,181.6,0.465,-3.57605e-06,229.08,40.44,1015.42,105.36,0.09108,988.0028,0.4082,0.08477,988.0028,0.2294,0.1767,0.0613,0.2763,0.2104,0.3542,131.77,0.0
52,2021,WaveletFNN,Apr–May,91,151,-0.557,call,61,181.6,0.465,-3.57605e-06,177.14,42.38,1094.57,105.41,0.11059,296.2864,0.2668,0.09979,296.2864,0.1422,0.0827,0.0278,0.1817,0.1243,0.2394,131.77,0.0
52,2021,LSTM,Apr–May,91,151,-0.557,call,61,181.6,0.465,-3.57605e-06,156.56,33.79,1120.65,97.16,0.13512,93.7921,0.1068,0.12254,93.7921,0.0544,0.0151,-0.0101,0.0802,0.0401,0.0891,131.77,0.0
52,2021,FeedForwardNN,Apr–May,91,151,-0.557,call,61,181.6,0.465,-3.57605e-06,145.56,34.28,1135.09,98.98,0.16384,56.9693,0.0935,0.15064,56.9693,0.0476,0.0089,-0.0063,0.0624,0.0357,0.0841,131.77,0.0
52,2022,HBA,Apr–May,91,151,-0.537,call,61,180.6,0.45,-3.384163e-06,204.4,39.86,1040.95,100.57,0.08965,604.1583,0.3128,0.08221,604.1583,0.1697,0.0965,0.0406,0.2005,0.1427,0.2828,277.52,1937.64
52,2022,Alaton,Apr–May,91,151,-0.537,call,61,180.6,0.45,-3.384163e-06,204.34,40.76,1041.56,101.27,0.09119,608.0048,0.3351,0.08425,608.0048,0.1834,0.1212,0.0666,0.2074,0.1606,0.3106,277.52,1937.64
52,2022,Benth,Apr–May,91,151,-0.537,call,61,180.6,0.45,-3.384163e-06,204.12,40.86,1040.4,100.56,0.08999,605.5959,0.3294,0.08245,605.5959,0.1797,0.1015,0.0721,0.2019,0.1516,0.3072,277.52,1937.64
52,2022,XGB,Apr–May,91,151,-0.537,call,61,180.6,0.45,-3.384163e-06,206.22,40.83,1037.19,100.74,0.08787,634.91,0.3266,0.08059,634.91,0.178,0.1071,0.0476,0.1985,0.1456,0.2992,277.52,1937.64
52,2022,WaveletFNN,Apr–May,91,151,-0.537,call,61,180.6,0.45,-3.384163e-06,270.72,49.21,933.99,111.41,0.086,1800.6008,0.5614,0.08054,1800.6008,0.3361,0.2631,0.2338,0.3754,0.3234,0.5431,277.52,1937.64
52,2022,LSTM,Apr–May,91,151,-0.537,call,61,180.6,0.45,-3.384163e-06,246.45,38.8,977.8,99.02,0.08319,1320.6039,0.4031,0.07782,1320.6039,0.2264,0.1577,0.1104,0.2397,0.1909,0.3634,277.52,1937.64
52,2022,FeedForwardNN,Apr–May,91,151,-0.537,call,61,180.6,0.45,-3.384163e-06,228.73,40.17,1005.25,99.93,0.08274,996.0699,0.3757,0.07635,996.0699,0.2084,0.1328,0.1055,0.2286,0.1784,0.3426,277.52,1937.64
52,2023,HBA,Apr–May,91,151,-0.518,call,61,182.5,0.387,-3.006654e-06,215.89,43.13,1048.87,102.55,0.07887,768.0904,0.3061,0.0725,768.0904,0.1658,0.0658,0.0525,0.1755,0.1192,0.2638,222.82,807.08
52,2023,Alaton,Apr–May,91,151,-0.518,call,61,182.5,0.387,-3.006654e-06,219.18,43.24,1043.84,102.69,0.07834,823.5099,0.3105,0.07114,823.5099,0.1681,0.0626,0.0592,0.1759,0.1179,0.2596,222.82,807.08
52,2023,Benth,Apr–May,91,151,-0.518,call,61,182.5,0.387,-3.006654e-06,214.83,43.55,1049.86,103.09,0.08066,755.6276,0.3154,0.07569,755.6276,0.1719,0.0851,0.0631,0.1858,0.1348,0.2759,222.82,807.08
52,2023,XGB,Apr–May,91,151,-0.518,call,61,182.5,0.387,-3.006654e-06,220.77,43.62,1040.84,102.56,0.07763,848.7832,0.3194,0.07014,848.7832,0.1732,0.0755,0.0774,0.1861,0.1329,0.2728,222.82,807.08
52,2023,WaveletFNN,Apr–May,91,151,-0.518,call,61,182.5,0.387,-3.006654e-06,230.99,45.26,1026.13,104.32,0.07749,1022.1414,0.3693,0.07124,1022.1414,0.2043,0.1057,0.0972,0.225,0.1656,0.3268,222.82,807.08
52,2023,LSTM,Apr–May,91,151,-0.518,call,61,182.5,0.387,-3.006654e-06,280.78,39.62,952.72,98.63,0.07872,1959.4835,0.3961,0.07317,1959.4835,0.2216,0.123,0.1326,0.2287,0.1727,0.3412,222.82,807.08
52,2023,FeedForwardNN,Apr–May,91,151,-0.518,call,61,182.5,0.387,-3.006654e-06,278.31,42.23,957.46,102.07,0.07964,1911.076,0.4283,0.07402,1911.076,0.2425,0.1305,0.1457,0.2441,0.1891,0.3735,222.82,807.08
52,2024,HBA,Apr–May,91,151,-0.49,call,61,183.2,0.382,-3.007105e-06,217.61,40.89,1055.12,100.88,0.08063,771.3797,0.3076,0.07468,771.3797,0.1669,0.0792,0.0576,0.1595,0.1163,0.2541,207.96,494.88
52,2024,Alaton,Apr–May,91,151,-0.49,call,61,183.2,0.382,-3.007105e-06,224.84,41.67,1045.64,101.45,0.08024,894.1892,0.3362,0.07483,894.1892,0.1843,0.1013,0.0551,0.1784,0.1322,0.2803,207.96,494.88
52,2024,Benth,Apr–May,91,151,-0.49,call,61,183.2,0.382,-3.007105e-06,217.2,40.75,1056.26,100.27,0.07944,764.7915,0.2972,0.07148,764.7915,0.1599,0.0828,0.0533,0.1385,0.1048,0.2374,207.96,494.88
52,2024,XGB,Apr–May,91,151,-0.49,call,61,183.2,0.382,-3.007105e-06,227.37,42.53,1040.62,102.83,0.0806,940.7111,0.3502,0.0762,940.7111,0.1932,0.1015,0.0781,0.1952,0.1477,0.2987,207.96,494.88
52,2024,WaveletFNN,Apr–May,91,151,-0.49,call,61,183.2,0.382,-3.007105e-06,292.49,47.03,940.27,107.98,0.08281,2177.2857,0.5176,0.07696,2177.2857,0.3036,0.2231,0.1698,0.3111,0.258,0.465,207.96,494.88
52,2024,LSTM,Apr–May,91,151,-0.49,call,61,183.2,0.382,-3.007105e-06,199.81,37.41,1079.8,97.56,0.0855,489.2467,0.2373,0.07861,489.2467,0.1258,0.0366,0.0078,0.1245,0.0815,0.1923,207.96,494.88
52,2024,FeedForwardNN,Apr–May,91,151,-0.49,call,61,183.2,0.382,-3.007105e-06,225.95,40.69,1042.66,101.24,0.079,905.7667,0.3238,0.07328,905.7667,0.1767,0.0916,0.0505,0.1723,0.1295,0.266,207.96,494.88
53,2015,HBA,Mar–May,60,151,-0.389,call,92,142.6,0.245,-2.628246e-06,168.43,31.31,1143.08,78.6,0.06132,583.8616,0.1673,0.05775,583.8616,0.0872,-0.0701,0.1548,0.0487,0.0653,0.1038,153.92,225.47
53,2015,Alaton,Mar–May,60,151,-0.389,call,92,142.6,0.245,-2.628246e-06,177.59,32.65,1134.16,78.79,0.0576,740.7283,0.1806,0.0523,740.7283,0.0939,-0.0998,0.1588,0.0552,0.0658,0.1041,153.92,225.47
53,2015,Benth,Mar–May,60,151,-0.389,call,92,142.6,0.245,-2.628246e-06,178.51,32.56,1134.35,77.91,0.05862,756.0633,0.1926,0.05358,756.0633,0.1007,-0.098,0.1448,0.0388,0.0719,0.1116,153.92,225.47
53,2015,XGB,Mar–May,60,151,-0.389,call,92,142.6,0.245,-2.628246e-06,161.71,30.69,1149.97,77.71,0.05976,479.8611,0.1358,0.05402,479.8611,0.0697,-0.0866,0.1185,0.0346,0.0512,0.0748,153.92,225.47
53,2015,WaveletFNN,Mar–May,60,151,-0.389,call,92,142.6,0.245,-2.628246e-06,163.24,31.79,1148.29,78.08,0.06032,505.164,0.1553,0.05595,505.164,0.0805,-0.0896,0.1352,0.0366,0.0597,0.0944,153.92,225.47
53,2015,LSTM,Mar–May,60,151,-0.389,call,92,142.6,0.245,-2.628246e-06,151.32,28.61,1160.05,77.7,0.06638,321.278,0.1201,0.06372,321.278,0.0619,-0.0537,0.0933,0.0314,0.0465,0.0745,153.92,225.47
53,2015,FeedForwardNN,Mar–May,60,151,-0.389,call,92,142.6,0.245,-2.628246e-06,112.67,24.78,1191.59,78.01,0.10484,32.6748,0.0281,0.1042,32.6748,0.0141,-0.0105,0.0274,0.009,0.0136,0.018,153.92,225.47
53,2016,HBA,May,121,151,-0.403,call,31,99.1,0.163,-2.693879e-06,108.13,23.4,1178.76,81.83,0.04509,289.5089,0.0342,0.04334,289.5089,0.0172,-0.0302,-0.0227,0.0122,0.0147,0.0188,106.84,154.59
53,2016,Alaton,May,121,151,-0.403,call,31,99.1,0.163,-2.693879e-06,107.28,23.32,1182.03,78.9,0.04626,280.1659,0.0362,0.0448,280.1659,0.0182,-0.0378,-0.0522,0.007,0.013,0.0205,106.84,154.59
53,2016,Benth,May,121,151,-0.403,call,31,99.1,0.163,-2.693879e-06,108.26,23.21,1179.71,80.69,0.04133,290.0452,0.029,0.03305,290.0452,0.014,-0.042,-0.0764,0.0058,0.01,0.0122,106.84,154.59
53,2016,XGB,May,121,151,-0.403,call,31,99.1,0.163,-2.693879e-06,110.17,23.28,1178.7,81.22,0.04645,316.828,0.0387,0.04537,316.828,0.0195,-0.0288,-0.0301,0.0124,0.0178,0.0227,106.84,154.59
53,2016,WaveletFNN,May,121,151,-0.403,call,31,99.1,0.163,-2.693879e-06,116.11,23.28,1173.23,81.12,0.04743,402.7971,0.0474,0.04581,402.7971,0.0239,-0.0319,0.0069,0.0121,0.0218,0.0276,106.84,154.59
53,2016,LSTM,May,121,151,-0.403,call,31,99.1,0.163,-2.693879e-06,99.2,15.85,1187.61,78.81,0.04646,128.304,0.0121,0.03674,128.304,0.0058,-0.0202,-0.055,0.0004,0.0051,0.0049,106.84,154.59
53,2016,FeedForwardNN,May,121,151,-0.403,call,31,99.1,0.163,-2.693879e-06,101.81,17.11,1185.42,79.05,0.04831,164.6109,0.0189,0.04105,164.6109,0.0093,-0.0256,-0.045,0.0022,0.0102,0.0086,106.84,154.59
53,2017,HBA,May,121,151,-0.505,call,31,99.3,0.125,-3.707416e-06,105.91,22.5,1161.63,82.23,0.06536,253.1411,0.0607,0.06484,253.1411,0.0308,-0.0331,0.0573,0.0155,0.0352,0.0424,136.85,751.65
53,2017,Alaton,May,121,151,-0.505,call,31,99.3,0.125,-3.707416e-06,104.05,22.41,1163.16,81.53,0.06584,230.6638,0.057,0.05951,230.6638,0.0286,-0.0461,0.0511,0.009,0.0331,0.036,136.85,751.65
53,2017,Benth,May,121,151,-0.505,call,31,99.3,0.125,-3.707416e-06,103.98,22.49,1162.21,81.87,0.06531,232.1263,0.055,0.06332,232.1263,0.0279,-0.0432,0.0727,0.0118,0.0336,0.0373,136.85,751.65
53,2017,XGB,May,121,151,-0.505,call,31,99.3,0.125,-3.707416e-06,100.32,21.89,1166.72,81.52,0.07069,186.3847,0.0534,0.0724,186.3847,0.0271,-0.0286,0.0417,0.0136,0.0336,0.0399,136.85,751.65
53,2017,WaveletFNN,May,121,151,-0.505,call,31,99.3,0.125,-3.707416e-06,104.5,21.18,1162.0,81.71,0.06102,226.1788,0.0449,0.0518,226.1788,0.0222,-0.0523,0.0279,0.0058,0.0258,0.0252,136.85,751.65
53,2017,LSTM,May,121,151,-0.505,call,31,99.3,0.125,-3.707416e-06,121.54,16.53,1147.74,79.02,0.05623,455.8472,0.0482,0.05492,455.8472,0.0244,-0.0423,0.025,0.0134,0.0316,0.0319,136.85,751.65
53,2017,FeedForwardNN,May,121,151,-0.505,call,31,99.3,0.125,-3.707416e-06,148.61,17.24,1115.89,78.28,0.06131,982.7023,0.0729,0.05715,982.7023,0.037,-0.0747,0.0654,0.0148,0.0438,0.0467,136.85,751.65
53,2018,HBA,May,121,151,-0.377,call,31,100.1,0.145,-1.522719e-06,108.83,23.2,1190.69,81.62,0.02308,286.1672,0.0086,0.01819,286.1672,0.0041,-0.0224,-0.0225,0.0025,0.0063,0.003,120.77,414.35
53,2018,Alaton,May,121,151,-0.377,call,31,100.1,0.145,-1.522719e-06,106.67,22.94,1191.12,81.05,0.0278,257.28,0.0113,0.02933,257.28,0.0057,-0.018,-0.0103,0.0037,0.0094,0.0075,120.77,414.35
53,2018,Benth,May,121,151,-0.377,call,31,100.1,0.145,-1.522719e-06,107.25,22.89,1190.3,81.99,0.02998,263.4348,0.0132,0.02555,263.4348,0.0065,-0.0212,-0.0173,0.0025,0.0076,0.0059,120.77,414.35
53,2018,XGB,May,121,151,-0.377,call,31,100.1,0.145,-1.522719e-06,110.26,23.07,1192.16,79.51,0.02558,303.3885,0.0118,0.02451,303.3885,0.0059,-0.0298,-0.0217,0.0021,0.0076,0.0061,120.77,414.35
53,2018,WaveletFNN,May,121,151,-0.377,call,31,100.1,0.145,-1.522719e-06,84.26,21.05,1200.88,79.71,0.03495,56.1945,0.0038,0.03348,56.1945,0.0019,-0.0066,0.0014,-0.0001,0.0026,0.0019,120.77,414.35
53,2018,LSTM,May,121,151,-0.377,call,31,100.1,0.145,-1.522719e-06,110.23,16.17,1192.78,80.23,0.02343,253.9256,0.0056,0.02084,253.9256,0.0028,-0.0224,-0.0427,0.0023,0.0044,0.0025,120.77,414.35
53,2018,FeedForwardNN,May,121,151,-0.377,call,31,100.1,0.145,-1.522719e-06,126.85,17.02,1183.8,79.58,0.02529,539.0915,0.011,0.02836,539.0915,0.0054,-0.0139,-0.0132,0.0046,0.0106,0.0082,120.77,414.35
53,2019,HBA,May,121,151,-0.411,call,31,100.5,0.114,-2.227727e-06,112.26,23.21,1176.83,80.3,0.0388,326.9768,0.0274,0.03787,326.9768,0.0138,-0.0415,0.0246,0.004,0.0273,0.0184,84.44,0.0
53,2019,Alaton,May,121,151,-0.411,call,31,100.5,0.114,-2.227727e-06,110.68,23.1,1177.3,81.53,0.04136,304.5849,0.0285,0.03918,304.5849,0.0143,-0.0325,0.0498,0.0028,0.0288,0.0179,84.44,0.0
53,2019,Benth,May,121,151,-0.411,call,31,100.5,0.114,-2.227727e-06,111.19,22.9,1177.59,80.8,0.03671,309.4842,0.0229,0.03285,309.4842,0.0114,-0.0456,0.0217,0.0015,0.0267,0.0126,84.44,0.0
53,2019,XGB,May,121,151,-0.411,call,31,100.5,0.114,-2.227727e-06,114.81,22.87,1176.28,80.03,0.03624,361.3834,0.0255,0.03388,361.3834,0.0128,-0.0554,0.0158,0.0024,0.0293,0.0152,84.44,0.0
53,2019,WaveletFNN,May,121,151,-0.411,call,31,100.5,0.114,-2.227727e-06,90.76,21.74,1188.88,80.04,0.05278,94.4188,0.0157,0.05013,94.4188,0.0079,-0.0125,-0.0088,0.0008,0.0145,0.0102,84.44,0.0
53,2019,LSTM,May,121,151,-0.411,call,31,100.5,0.114,-2.227727e-06,81.14,15.78,1193.48,80.61,0.06572,18.9142,0.0032,0.0611,18.9142,0.0016,-0.004,-0.0062,0.0004,0.0034,0.0018,84.44,0.0
53,2019,FeedForwardNN,May,121,151,-0.411,call,31,100.5,0.114,-2.227727e-06,65.07,15.02,1200.15,81.24,0.12316,1.4747,0.0006,0.11956,1.4747,0.0003,-0.0003,-0.0003,0.0,0.0005,0.0003,84.44,0.0
53,2020,HBA,May,121,151,-0.456,call,31,100.2,0.176,-2.692064e-06,107.57,22.75,1197.1,81.61,0.04688,264.6172,0.033,0.04299,264.6172,0.0165,-0.0518,0.0244,-0.001,0.0295,0.0185,141.58,828.47
53,2020,Alaton,May,121,151,-0.456,call,31,100.2,0.176,-2.692064e-06,106.96,22.38,1198.23,80.62,0.04348,254.8144,0.0271,0.03522,254.8144,0.0132,0.2473,0.0132,-0.0023,0.0244,0.0118,141.58,828.47
53,2020,Benth,May,121,151,-0.456,call,31,100.2,0.176,-2.692064e-06,107.19,22.62,1197.3,80.85,0.04605,259.7249,0.0312,0.04543,259.7249,0.0157,-0.0542,0.0063,0.0042,0.0278,0.0198,141.58,828.47
53,2020,XGB,May,121,151,-0.456,call,31,100.2,0.176,-2.692064e-06,104.53,22.71,1198.61,81.8,0.04438,228.4771,0.026,0.03667,228.4771,0.0127,-0.0376,0.0064,-0.0009,0.0237,0.0119,141.58,828.47
53,2020,WaveletFNN,May,121,151,-0.456,call,31,100.2,0.176,-2.692064e-06,121.15,22.46,1188.91,79.59,0.042,460.0681,0.0411,0.03627,460.0681,0.0204,0.2544,0.0153,0.0035,0.0344,0.0208,141.58,828.47
53,2020,LSTM,May,121,151,-0.456,call,31,100.2,0.176,-2.692064e-06,134.33,15.47,1177.48,79.85,0.04276,681.0097,0.0272,0.04298,681.0097,0.0137,-0.062,0.0065,0.0065,0.0269,0.0171,141.58,828.47
53,2020,FeedForwardNN,May,121,151,-0.456,call,31,100.2,0.176,-2.692064e-06,114.95,16.16,1192.3,80.48,0.04085,323.4896,0.0204,0.03725,323.4896,0.0102,-0.0542,0.0178,0.0005,0.0227,0.0111,141.58,828.47
53,2021,HBA,May,121,151,-0.506,call,31,101.0,0.159,-4.003495e-06,117.34,19.98,1176.47,82.25,0.06702,371.0119,0.075,0.06391,371.0119,0.0381,0.3708,0.06,0.0033,0.0515,0.0537,54.78,0.0
53,2021,Alaton,May,121,151,-0.506,call,31,101.0,0.159,-4.003495e-06,116.28,20.06,1178.48,81.52,0.06364,354.2761,0.0677,0.05908,354.2761,0.0342,0.345,0.0424,0.005,0.0425,0.0458,54.78,0.0
53,2021,Benth,May,121,151,-0.506,call,31,101.0,0.159,-4.003495e-06,116.06,19.95,1177.11,81.73,0.06784,350.4804,0.0746,0.06476,350.4804,0.0379,0.2872,0.0477,0.0137,0.0517,0.0559,54.78,0.0
53,2021,XGB,May,121,151,-0.506,call,31,101.0,0.159,-4.003495e-06,114.55,20.35,1179.5,81.58,0.07126,330.5086,0.0819,0.06826,330.5086,0.0417,0.3001,0.0678,0.0085,0.0521,0.0606,54.78,0.0
53,2021,WaveletFNN,May,121,151,-0.506,call,31,101.0,0.159,-4.003495e-06,119.44,19.5,1174.92,80.87,0.06597,399.8547,0.078,0.06509,399.8547,0.0398,0.2813,0.0421,0.0217,0.056,0.0609,54.78,0.0
53,2021,LSTM,May,121,151,-0.506,call,31,101.0,0.159,-4.003495e-06,73.45,14.62,1217.5,82.08,0.12614,3.412,0.0015,0.09682,3.412,0.0007,0.013,0.0013,0.0005,0.0006,0.0007,54.78,0.0
53,2021,FeedForwardNN,May,121,151,-0.506,call,31,101.0,0.159,-4.003495e-06,69.97,15.03,1219.26,82.24,0.18516,2.4112,0.0025,0.17753,2.4112,0.0012,0.0624,0.0037,0.0002,0.0018,0.0018,54.78,0.0
53,2022,HBA,May,121,151,-0.459,call,31,100.1,0.167,-3.55904e-06,104.74,21.99,1188.09,79.61,0.06398,225.9635,0.0541,0.05969,225.9635,0.0273,0.2044,0.0308,0.0146,0.0366,0.0396,136.19,722.2
53,2022,Alaton,May,121,151,-0.459,call,31,100.1,0.167,-3.55904e-06,103.33,22.12,1188.91,79.3,0.06701,211.1038,0.0568,0.06256,211.1038,0.0287,0.1872,0.0317,0.0162,0.0402,0.0421,136.19,722.2
53,2022,Benth,May,121,151,-0.459,call,31,100.1,0.167,-3.55904e-06,104.58,21.82,1190.01,79.61,0.06323,222.4222,0.0524,0.06075,222.4222,0.0265,0.1878,0.0264,0.0174,0.0379,0.0398,136.19,722.2
53,2022,XGB,May,121,151,-0.459,call,31,100.1,0.167,-3.55904e-06,103.42,21.54,1187.55,80.76,0.06318,207.0256,0.0472,0.05947,207.0256,0.0238,0.3144,0.0229,0.0039,0.0331,0.0339,136.19,722.2
53,2022,WaveletFNN,May,121,151,-0.459,call,31,100.1,0.167,-3.55904e-06,139.78,23.7,1153.17,79.0,0.06022,798.5904,0.1219,0.05659,798.5904,0.0627,0.2992,0.126,0.0298,0.0777,0.0909,136.19,722.2
53,2022,LSTM,May,121,151,-0.459,call,31,100.1,0.167,-3.55904e-06,145.9,17.1,1146.22,77.78,0.05669,912.7544,0.062,0.05198,912.7544,0.0313,0.2713,0.0697,0.0064,0.0419,0.0426,136.19,722.2
53,2022,FeedForwardNN,May,121,151,-0.459,call,31,100.1,0.167,-3.55904e-06,166.18,17.49,1120.55,77.47,0.0688,1316.4846,0.0965,0.06658,1316.4846,0.0494,0.3199,0.1015,0.0165,0.0631,0.0731,136.19,722.2
53,2023,HBA,May,121,151,-0.453,call,31,100.8,0.176,-3.182321e-06,109.62,23.55,1194.59,80.04,0.06226,290.0852,0.0676,0.05894,290.0852,0.0343,0.2455,0.0637,0.0135,0.0483,0.0473,125.69,498.63
53,2023,Alaton,May,121,151,-0.453,call,31,100.8,0.176,-3.182321e-06,110.01,23.48,1195.59,77.66,0.05663,293.9298,0.06,0.05135,293.9298,0.0302,0.1913,0.0239,0.0254,0.0444,0.0395,125.69,498.63
53,2023,Benth,May,121,151,-0.453,call,31,100.8,0.176,-3.182321e-06,109.27,23.78,1196.01,78.63,0.05722,287.0278,0.0594,0.05413,287.0278,0.0301,0.1932,0.0333,0.0211,0.0437,0.0414,125.69,498.63
53,2023,XGB,May,121,151,-0.453,call,31,100.8,0.176,-3.182321e-06,110.43,23.53,1195.13,77.92,0.05494,300.5133,0.0572,0.04922,300.5133,0.0287,0.1891,0.0299,0.0232,0.045,0.0366,125.69,498.63
53,2023,WaveletFNN,May,121,151,-0.453,call,31,100.8,0.176,-3.182321e-06,112.66,22.94,1192.99,79.57,0.05794,324.4452,0.0635,0.05396,324.4452,0.0321,0.2352,0.0404,0.0173,0.0456,0.0429,125.69,498.63
53,2023,LSTM,May,121,151,-0.453,call,31,100.8,0.176,-3.182321e-06,131.77,16.32,1177.03,76.37,0.05153,620.7933,0.0463,0.04853,620.7933,0.0234,0.1666,0.0151,0.018,0.0351,0.0302,125.69,498.63
53,2023,FeedForwardNN,May,121,151,-0.453,call,31,100.8,0.176,-3.182321e-06,132.87,17.19,1174.72,77.29,0.05196,641.8457,0.0519,0.04935,641.8457,0.0262,0.2139,0.0292,0.0195,0.0436,0.0352,125.69,498.63
53,2024,HBA,May,121,151,-0.432,call,31,101.2,0.172,-3.334845e-06,107.93,23.26,1195.04,79.1,0.06056,259.9815,0.0603,0.05734,259.9815,0.0305,0.2279,0.0478,0.0118,0.0407,0.044,122.11,417.8
53,2024,Alaton,May,121,151,-0.432,call,31,101.2,0.172,-3.334845e-06,109.94,23.14,1193.93,78.56,0.06016,284.4487,0.0632,0.0572,284.4487,0.032,0.2004,0.0222,0.0228,0.0468,0.0468,122.11,417.8
53,2024,Benth,May,121,151,-0.432,call,31,101.2,0.172,-3.334845e-06,107.35,23.19,1196.24,78.31,0.06128,252.2039,0.0612,0.05722,252.2039,0.031,0.2045,0.0251,0.0193,0.0414,0.0435,122.11,417.8
53,2024,XGB,May,121,151,-0.432,call,31,101.2,0.172,-3.334845e-06,111.57,23.19,1190.42,79.07,0.05743,305.0013,0.0621,0.05173,305.0013,0.0312,0.2434,0.0503,0.0099,0.0429,0.042,122.11,417.8
53,2024,WaveletFNN,May,121,151,-0.432,call,31,101.2,0.172,-3.334845e-06,83.34,20.11,1216.09,76.48,0.07361,43.5817,0.0153,0.05906,43.5817,0.0074,0.0584,0.0108,0.0102,0.0111,0.0089,122.11,417.8
53,2024,LSTM,May,121,151,-0.432,call,31,101.2,0.172,-3.334845e-06,108.28,16.18,1196.67,76.67,0.06289,210.1587,0.0389,0.05963,210.1587,0.0196,0.1246,-0.0046,0.0166,0.0254,0.028,122.11,417.8
53,2024,FeedForwardNN,May,121,151,-0.432,call,31,101.2,0.172,-3.334845e-06,115.18,17.28,1190.01,76.71,0.04979,315.5766,0.0366,0.04577,315.5766,0.0183,0.1851,0.0034,0.0134,0.0277,0.0247,122.11,417.8
